order_id,line_number,order_date,ship_date,customer_id,product_id,plant_id,quantity,unit_price,discount_pct,currency,status
SO-100033,1,2025-01-01,2025-01-16,C-0072,P-FAB-009,PL-04,4,1988.34,0,USD,Shipped
SO-100103,1,2025-01-01,2025-01-20,C-0018,P-STR-005,PL-02,2,346.06,10,USD,Shipped
SO-100103,2,2025-01-01,2025-01-05,C-0018,P-MET-010,PL-04,7,97.77,10,USD,Shipped
SO-100116,1,2025-01-01,2025-01-04,C-0012,P-FAS-010,PL-02,11,18.44,8,USD,Shipped
SO-100116,2,2025-01-01,2025-01-04,C-0012,P-FAS-007,PL-03,2,17.65,0,USD,Shipped
SO-100116,3,2025-01-01,2025-01-06,C-0012,P-MET-012,PL-03,2,65.66,8,USD,Shipped
SO-100029,1,2025-01-02,2025-01-21,C-0058,P-STR-002,PL-02,7,648.52,5,USD,Shipped
SO-100029,2,2025-01-02,2025-01-05,C-0058,P-MET-010,PL-01,3,96.41,2,USD,Shipped
SO-100064,1,2025-01-02,2025-01-06,C-0041,P-FAS-007,PL-01,9,17.04,5,USD,Shipped
SO-100122,1,2025-01-02,2025-01-17,C-0007,P-FAS-012,PL-04,7,24.66,2,USD,Shipped
SO-100122,2,2025-01-02,,C-0007,P-FAS-003,PL-01,6,11.56,0,USD,Cancelled
SO-100028,1,2025-01-03,2025-01-18,C-0057,P-MET-006,PL-03,3,84.50,8,USD,Shipped
SO-100028,2,2025-01-03,2025-01-10,C-0057,P-STR-002,PL-03,3,651.69,0,USD,Shipped
SO-100115,1,2025-01-03,2025-01-05,C-0093,P-MET-009,PL-02,1,134.08,8,USD,Shipped
SO-100047,1,2025-01-04,2025-01-06,C-0018,P-FAB-003,PL-02,5,1798.53,2,USD,Shipped
SO-100047,2,2025-01-04,2025-01-07,C-0018,P-FAB-002,PL-04,5,1070.67,0,USD,Shipped
SO-100047,3,2025-01-04,2025-01-08,C-0018,P-STR-005,PL-02,2,338.33,5,USD,Shipped
SO-100069,1,2025-01-04,2025-01-18,C-0002,P-MET-004,PL-03,6,91.63,0,USD,Shipped
SO-100102,1,2025-01-04,2025-01-15,C-0115,P-MET-007,PL-02,1,132.67,0,USD,Shipped
SO-100102,2,2025-01-04,2025-01-22,C-0115,P-MET-011,PL-04,2,106.84,0,USD,Shipped
SO-100017,1,2025-01-05,2025-01-18,C-0053,P-STR-012,PL-03,4,274.17,0,USD,Shipped
SO-100037,1,2025-01-05,2025-01-15,C-0066,P-FAB-006,PL-02,5,1214.72,10,USD,Shipped
SO-100037,2,2025-01-05,2025-01-19,C-0066,P-FAB-004,PL-04,3,1332.29,5,USD,Shipped
SO-100075,1,2025-01-05,2025-01-19,C-0038,P-ENC-001,PL-04,5,162.78,10,USD,Shipped
SO-100075,2,2025-01-05,2025-01-13,C-0038,P-FAS-005,PL-03,11,12.75,5,USD,Shipped
SO-100094,1,2025-01-05,2025-01-10,C-0032,P-FAB-007,PL-03,3,1057.21,5,USD,Shipped
SO-100009,1,2025-01-06,,C-0105,P-STR-007,PL-04,7,395.53,2,USD,Cancelled
SO-100061,1,2025-01-06,2025-01-11,C-0127,P-FAB-006,PL-02,12,1207.13,5,USD,Shipped
SO-100071,1,2025-01-06,2025-01-08,C-0007,P-FAS-001,PL-01,18,25.34,8,USD,Shipped
SO-100080,1,2025-01-06,2025-01-14,C-0090,P-ENC-009,PL-01,3,193.01,5,USD,Shipped
SO-100010,1,2025-01-07,2025-01-11,C-0008,P-FAS-002,PL-01,3,20.79,0,USD,Shipped
SO-100010,1,2025-01-07,2025-01-11,C-0008,P-FAS-002,PL-01,3,20.79,0,USD,Shipped
SO-100015,1,2025-01-07,2025-01-11,C-0039,P-FAS-008,PL-03,4,28.24,0,USD,Shipped
SO-100091,1,2025-01-07,2025-01-25,C-0122,P-FAS-002,PL-01,19,20.21,0,USD,Shipped
SO-100093,1,2025-01-07,2025-01-10,C-0029,P-FAS-005,PL-04,9,12.93,5,USD,Shipped
SO-100093,2,2025-01-07,2025-01-11,C-0029,P-FAS-009,PL-04,21,28.15,5,USD,Shipped
SO-100093,3,2025-01-07,2025-01-15,C-0029,P-FAS-002,PL-01,8,19.96,5,USD,Shipped
SO-100096,1,2025-01-07,2025-01-20,C-0115,P-FAS-012,PL-01,6,23.49,0,USD,Shipped
SO-100118,1,2025-01-07,2025-01-17,C-0122,P-ENC-009,PL-01,2,191.03,10,USD,Shipped
SO-100008,1,2025-01-08,2025-01-11,C-0070,P-MET-004,PL-02,2,87.76,10,USD,Shipped
SO-100012,1,2025-01-08,2025-01-27,C-0053,P-FAS-008,PL-04,13,27.80,2,USD,Shipped
SO-100012,2,2025-01-08,2025-01-19,C-0053,P-FAS-008,PL-01,19,28.34,0,USD,Shipped
SO-100042,1,2025-01-08,2025-01-23,C-0112,P-ENC-004,PL-04,2,237.39,10,USD,Shipped
SO-100042,2,2025-01-08,2025-01-22,C-0112,P-ENC-008,PL-02,2,270.04,0,USD,Shipped
SO-100043,1,2025-01-08,2025-01-18,C-0043,P-MET-012,PL-04,3,63.13,5,USD,Shipped
SO-100048,1,2025-01-08,2025-01-10,C-0012,P-FAS-004,PL-04,12,19.91,10,USD,Shipped
SO-100048,2,2025-01-08,2025-01-11,C-0012,P-ENC-003,PL-01,12,267.49,10,USD,Shipped
SO-100058,1,2025-01-08,2025-01-14,C-0090,P-FAB-007,PL-01,2,1049.57,15,USD,Shipped
SO-100070,1,2025-01-08,2025-01-17,C-0134,P-STR-002,PL-02,2,674.53,8,USD,Shipped
SO-100079,1,2025-01-08,2025-01-19,C-0116,P-FAB-003,PL-03,4,1868.34,5,USD,Shipped
SO-100079,2,2025-01-08,2025-01-25,C-0116,P-MET-010,PL-01,1,96.01,5,USD,Shipped
SO-100092,1,2025-01-08,2025-01-25,C-0093,P-ENC-003,PL-03,1,271.90,0,USD,Shipped
SO-100109,1,2025-01-08,2025-01-13,C-0038,P-ENC-007,PL-02,5,354.79,5,USD,Shipped
SO-100120,1,2025-01-08,2025-01-11,C-0092,P-ENC-008,PL-03,1,284.17,5,USD,Shipped
SO-100120,2,2025-01-08,2025-01-13,C-0092,P-ENC-012,PL-02,5,354.36,2,USD,Shipped
SO-100003,1,2025-01-09,2025-01-30,C-0033,P-STR-005,PL-01,5,337.86,5,USD,Shipped
SO-100007,1,2025-01-09,2025-01-23,C-0005,P-FAS-008,PL-01,24,27.96,2,USD,Shipped
SO-100031,1,2025-01-09,2025-01-23,C-0020,P-ENC-009,PL-04,1,188.93,8,USD,Shipped
SO-100057,1,2025-01-09,2025-01-30,C-0114,P-FAB-012,PL-02,3,1154.82,0,USD,Shipped
SO-100057,2,2025-01-09,2025-01-29,C-0114,P-FAS-001,PL-02,16,25.36,5,USD,Shipped
SO-100106,1,2025-01-09,2025-01-16,C-0134,P-FAS-009,PL-02,13,27.07,0,USD,Shipped
SO-100106,2,2025-01-09,2025-01-18,C-0134,P-STR-003,PL-03,1,295.59,0,USD,Shipped
SO-100106,3,2025-01-09,2025-01-16,C-0134,P-ENC-004,PL-03,1,230.34,0,USD,Shipped
SO-100124,1,2025-01-09,2025-01-22,C-0134,P-FAS-011,PL-03,10,28.99,0,USD,Shipped
SO-100036,1,2025-01-10,2025-01-29,C-0035,P-MET-011,PL-02,3,107.12,10,USD,Shipped
SO-100036,2,2025-01-10,2025-01-13,C-0035,P-STR-001,PL-02,2,367.05,10,USD,Shipped
SO-100083,1,2025-01-10,,C-0104,P-STR-009,PL-01,4,284.23,2,USD,Cancelled
SO-100101,1,2025-01-10,2025-01-31,C-0138,P-ENC-004,PL-02,2,237.62,0,USD,Shipped
SO-100101,2,2025-01-10,2025-01-23,C-0138,P-FAS-008,PL-01,7,28.99,10,USD,Shipped
SO-100101,3,2025-01-10,2025-01-16,C-0138,P-FAS-006,PL-04,5,18.06,8,USD,Shipped
SO-100104,1,2025-01-10,2025-01-25,C-0032,P-FAB-005,PL-03,3,1662.68,8,USD,Shipped
SO-100073,1,2025-01-11,2025-02-01,C-0028,P-MET-003,PL-02,2,113.59,0,USD,Shipped
SO-100073,2,2025-01-11,2025-01-21,C-0028,P-ENC-012,PL-03,2,354.23,8,USD,Shipped
SO-100084,1,2025-01-11,2025-01-21,C-0107,P-FAS-006,PL-04,12,18.26,0,USD,Shipped
SO-100084,2,2025-01-11,2025-01-18,C-0107,P-ENC-004,PL-04,7,233.39,5,USD,Shipped
SO-100084,3,2025-01-11,2025-02-01,C-0107,P-FAS-006,PL-03,5,18.46,0,USD,Shipped
SO-100088,1,2025-01-11,2025-01-15,C-0023,P-STR-012,PL-01,2,277.18,5,USD,Shipped
SO-100098,1,2025-01-11,2025-01-17,C-0033,P-FAS-006,PL-04,3,18.38,8,USD,Shipped
SO-100098,2,2025-01-11,2025-01-26,C-0033,P-FAS-006,PL-01,6,18.18,0,USD,Shipped
SO-100019,1,2025-01-12,2025-01-27,C-0078,P-ENC-009,PL-04,1,196.72,0,USD,Shipped
SO-100100,1,2025-01-12,2025-01-18,C-0090,P-FAS-004,PL-01,6,19.75,10,USD,Shipped
SO-100112,1,2025-01-12,2025-01-25,C-0016,P-FAS-007,PL-03,5,17.06,10,USD,Shipped
SO-100112,2,2025-01-12,2025-01-30,C-0016,P-ENC-008,PL-03,5,276.26,10,USD,Shipped
SO-100004,1,2025-01-13,2025-01-25,C-0047,P-FAS-010,PL-04,7,18.28,8,USD,Shipped
SO-100011,1,2025-01-13,2025-01-23,C-0112,P-MET-005,PL-01,4,124.90,0,USD,Shipped
SO-100125,1,2025-01-13,2025-01-18,C-0118,P-STR-001,PL-01,6,385.50,0,USD,Shipped
SO-100125,2,2025-01-13,2025-01-27,C-0118,P-ENC-005,PL-01,1,191.32,0,USD,Shipped
SO-100125,3,2025-01-13,2025-01-26,C-0118,P-ENC-006,PL-03,5,251.75,2,USD,Shipped
SO-100018,1,2025-01-14,2025-01-22,C-0083,P-MET-002,PL-01,4,88.29,0,USD,Shipped
SO-100024,1,2025-01-14,2025-02-03,C-0126,P-FAS-003,PL-02,7,11.67,0,USD,Shipped
SO-100062,1,2025-01-14,2025-01-22,C-0073,P-FAS-004,PL-02,13,19.85,8,USD,Shipped
SO-100062,2,2025-01-14,2025-02-04,C-0073,P-MET-005,PL-01,1,128.52,2,USD,Shipped
SO-100062,3,2025-01-14,2025-01-20,C-0073,P-FAS-007,PL-02,3,17.36,0,USD,Shipped
SO-100074,1,2025-01-14,2025-01-16,C-0054,P-ENC-012,PL-03,3,351.08,8,USD,Shipped
SO-100113,1,2025-01-14,2025-01-25,C-0044,P-MET-009,PL-04,4,128.76,0,USD,Shipped
SO-100044,1,2025-01-15,2025-01-24,C-0104,P-MET-001,PL-01,4,65.95,10,USD,Shipped
SO-100108,1,2025-01-15,,C-0122,P-FAS-010,PL-04,11,18.44,0,USD,Cancelled
SO-100014,1,2025-01-16,2025-01-18,C-0085,P-FAB-002,PL-03,21,1054.43,5,USD,Shipped
SO-100035,1,2025-01-16,2025-01-18,C-0108,P-FAS-010,PL-01,13,18.26,0,USD,Shipped
SO-100081,1,2025-01-16,2025-01-22,C-0077,P-ENC-009,PL-03,2,193.79,0,USD,Shipped
SO-100081,2,2025-01-16,2025-01-25,C-0077,P-MET-009,PL-01,10,130.87,8,USD,Shipped
SO-100081,3,2025-01-16,2025-01-28,C-0077,P-FAS-008,PL-02,4,28.28,10,USD,Shipped
SO-100013,1,2025-01-17,2025-02-05,C-0100,P-STR-012,PL-03,3,278.34,10,USD,Shipped
SO-100013,2,2025-01-17,2025-01-25,C-0100,P-MET-008,PL-02,2,80.59,5,USD,Shipped
SO-100020,1,2025-01-17,2025-01-19,C-0075,P-MET-011,PL-02,2,108.08,0,USD,Shipped
SO-100032,1,2025-01-17,2025-02-06,C-0044,P-FAS-003,PL-02,9,11.64,10,USD,Shipped
SO-100032,2,2025-01-17,2025-01-30,C-0044,P-FAS-010,PL-02,12,18.07,5,USD,Shipped
SO-100076,1,2025-01-17,2025-01-21,C-0098,P-FAS-006,PL-02,8,18.65,0,USD,Shipped
SO-100076,2,2025-01-17,2025-01-24,C-0098,P-FAS-007,PL-03,39,17.44,8,USD,Shipped
SO-100078,1,2025-01-17,2025-01-27,C-0111,P-MET-003,PL-02,5,112.14,5,USD,Shipped
SO-100099,1,2025-01-17,2025-02-04,C-0102,P-FAB-003,PL-01,5,1852.88,0,USD,Shipped
SO-100099,2,2025-01-17,2025-01-21,C-0102,P-MET-009,PL-02,2,129.02,5,USD,Shipped
SO-100099,3,2025-01-17,2025-01-26,C-0102,P-FAS-006,PL-02,6,18.06,5,USD,Shipped
SO-100107,1,2025-01-17,2025-01-19,C-0105,P-FAS-011,PL-01,9,28.53,10,USD,Shipped
SO-100110,1,2025-01-17,2025-02-04,C-0119,P-ENC-012,PL-01,4,337.17,10,USD,Shipped
SO-100022,1,2025-01-18,2025-02-08,C-0086,P-FAS-003,PL-03,9,11.82,5,USD,Shipped
SO-100025,1,2025-01-18,2025-01-30,C-0077,P-FAS-009,PL-02,3,27.71,5,USD,Shipped
SO-100050,1,2025-01-18,2025-01-30,C-0082,P-ENC-009,PL-02,3,188.55,10,USD,Shipped
SO-100050,2,2025-01-18,2025-02-04,C-0082,P-MET-001,PL-01,6,65.79,10,USD,Shipped
SO-100050,3,2025-01-18,2025-01-30,C-0082,P-STR-008,PL-04,10,655.99,0,USD,Shipped
SO-100119,1,2025-01-18,2025-01-28,C-0055,P-FAS-011,PL-02,21,27.52,8,USD,Shipped
SO-100119,1,2025-01-18,2025-01-28,C-0055,P-FAS-011,PL-02,21,27.52,8,USD,Shipped
SO-100119,2,2025-01-18,2025-01-20,C-0055,P-FAS-008,PL-04,8,28.30,8,USD,Shipped
SO-100034,1,2025-01-19,2025-02-02,C-0128,P-FAS-008,PL-02,13,28.15,2,USD,Shipped
SO-100049,1,2025-01-19,,C-0116,P-FAB-009,PL-01,3,2071.51,7,USD,Cancelled
SO-100067,1,2025-01-19,2025-02-01,C-0044,P-ENC-002,PL-01,2,342.85,0,USD,Shipped
SO-100067,2,2025-01-19,2025-01-31,C-0044,P-MET-008,PL-01,2,82.52,5,USD,Shipped
SO-100067,3,2025-01-19,2025-01-25,C-0044,P-FAB-005,PL-04,2,1701.03,0,USD,Shipped
SO-100077,1,2025-01-19,2025-02-08,C-0008,P-MET-011,PL-03,2,105.18,2,USD,Shipped
SO-100077,2,2025-01-19,2025-02-07,C-0008,P-FAS-004,PL-03,12,19.84,8,USD,Shipped
SO-100097,1,2025-01-19,2025-02-02,C-0134,P-FAS-009,PL-01,6,27.91,2,USD,Shipped
SO-100090,1,2025-01-20,2025-02-08,C-0007,P-ENC-008,PL-01,4,284.94,10,USD,Shipped
SO-100105,1,2025-01-20,2025-02-08,C-0068,P-ENC-009,PL-02,4,186.68,10,USD,Shipped
SO-100026,1,2025-01-21,2025-02-03,C-0024,P-FAB-003,PL-01,6,1860.15,0,USD,Shipped
SO-100066,1,2025-01-21,2025-02-01,C-0093,P-ENC-002,PL-03,5,350.12,0,USD,Shipped
SO-100082,1,2025-01-21,2025-01-27,C-0099,P-FAB-010,PL-03,1,1662.79,5,USD,Shipped
SO-100117,1,2025-01-21,2025-02-11,C-0132,P-STR-009,PL-02,3,297.55,5,USD,Shipped
SO-100027,1,2025-01-22,2025-02-07,C-0103,P-ENC-005,PL-02,3,186.09,2,USD,Shipped
SO-100027,2,2025-01-22,2025-02-02,C-0103,P-STR-002,PL-04,4,661.01,5,USD,Shipped
SO-100027,3,2025-01-22,2025-02-02,C-0103,P-MET-006,PL-04,1,82.45,5,USD,Shipped
SO-100041,1,2025-01-22,2025-01-27,C-0097,P-FAB-003,PL-01,1,1840.90,10,USD,Shipped
SO-100041,2,2025-01-22,2025-02-04,C-0097,P-MET-003,PL-01,6,116.03,10,USD,Shipped
SO-100045,1,2025-01-22,2025-02-04,C-0009,P-STR-001,PL-01,5,384.81,2,USD,Shipped
SO-100045,2,2025-01-22,2025-02-01,C-0009,P-STR-010,PL-03,7,383.69,8,USD,Shipped
SO-100045,3,2025-01-22,2025-02-10,C-0009,P-FAS-011,PL-03,7,29.04,0,USD,Shipped
SO-100055,1,2025-01-22,2025-02-03,C-0120,P-MET-009,PL-03,2,133.84,0,USD,Shipped
SO-100055,2,2025-01-22,2025-01-31,C-0120,P-FAB-006,PL-02,2,1148.01,2,USD,Shipped
SO-100055,3,2025-01-22,2025-02-11,C-0120,P-STR-006,PL-03,1,549.18,5,USD,Shipped
SO-100095,1,2025-01-22,2025-01-26,C-0006,P-MET-009,PL-02,4,129.10,0,USD,Shipped
SO-100038,1,2025-01-23,2025-01-26,C-0007,P-FAS-010,PL-02,8,18.13,5,USD,Shipped
SO-100039,1,2025-01-23,2025-02-06,C-0011,P-ENC-008,PL-01,1,272.49,0,USD,Shipped
SO-100089,1,2025-01-23,2025-02-13,C-0119,P-ENC-002,PL-04,8,358.16,2,USD,Shipped
SO-100006,1,2025-01-24,2025-02-09,C-0006,P-STR-004,PL-02,4,381.26,10,USD,Shipped
SO-100006,2,2025-01-24,2025-02-02,C-0006,P-ENC-006,PL-02,1,248.48,8,USD,Shipped
SO-100006,3,2025-01-24,2025-02-12,C-0006,P-ENC-009,PL-02,7,185.92,5,USD,Shipped
SO-100054,1,2025-01-24,2025-01-30,C-0080,P-STR-008,PL-04,10,667.80,0,USD,Shipped
SO-100054,2,2025-01-24,2025-02-04,C-0080,P-MET-004,PL-01,6,87.77,5,USD,Shipped
SO-100063,1,2025-01-24,2025-02-09,C-0073,P-ENC-011,PL-03,3,227.33,10,USD,Shipped
SO-100087,1,2025-01-24,2025-02-01,C-0042,P-MET-002,PL-01,7,90.82,0,USD,Shipped
SO-100087,2,2025-01-24,2025-02-05,C-0042,P-FAS-002,PL-03,29,20.03,0,USD,Shipped
SO-100114,1,2025-01-24,2025-02-12,C-0028,P-STR-003,PL-02,3,295.99,0,USD,Shipped
SO-100114,2,2025-01-24,2025-02-12,C-0028,P-MET-005,PL-04,5,125.19,0,USD,Shipped
SO-100121,1,2025-01-24,2025-02-13,C-0092,P-FAS-008,PL-04,17,28.47,5,USD,Shipped
SO-100121,2,2025-01-24,2025-02-06,C-0092,P-FAS-005,PL-03,9,12.50,5,USD,Shipped
SO-100021,1,2025-01-25,2025-02-12,C-0019,P-ENC-010,PL-04,5,222.37,2,USD,Shipped
SO-100021,2,2025-01-25,2025-02-07,C-0019,P-MET-006,PL-03,3,82.73,10,USD,Shipped
SO-100052,1,2025-01-25,2025-02-08,C-0110,P-MET-007,PL-03,5,129.88,8,USD,Shipped
SO-100052,2,2025-01-25,2025-01-30,C-0110,P-STR-012,PL-02,2,269.30,0,USD,Shipped
SO-100030,1,2025-01-26,2025-02-03,C-0130,P-FAS-001,PL-01,6,25.40,5,USD,Shipped
SO-100030,2,2025-01-26,2025-02-05,C-0130,P-MET-004,PL-02,1,92.69,5,USD,Shipped
SO-100030,3,2025-01-26,2025-02-09,C-0130,P-FAB-012,PL-02,4,1142.82,0,USD,Shipped
SO-100056,1,2025-01-26,2025-02-13,C-0114,P-MET-003,PL-01,8,111.58,10,USD,Shipped
SO-100056,2,2025-01-26,2025-02-07,C-0114,P-FAS-001,PL-01,13,26.22,5,USD,Shipped
SO-100068,1,2025-01-26,2025-01-31,C-0015,P-FAS-010,PL-02,7,18.56,8,USD,Shipped
SO-100111,1,2025-01-26,2025-02-11,C-0051,P-ENC-011,PL-03,1,227.06,0,USD,Shipped
SO-100040,1,2025-01-27,2025-02-12,C-0012,P-ENC-010,PL-03,6,224.22,10,USD,Shipped
SO-100040,2,2025-01-27,2025-02-13,C-0012,P-MET-001,PL-02,1,63.68,2,USD,Shipped
SO-100040,3,2025-01-27,2025-02-09,C-0012,P-STR-005,PL-04,4,335.28,0,USD,Shipped
SO-100046,1,2025-01-27,,C-0097,P-STR-008,PL-02,4,674.11,0,USD,Cancelled
SO-100053,1,2025-01-27,2025-02-05,C-0005,P-FAS-001,PL-01,7,26.57,8,USD,Shipped
SO-100059,1,2025-01-27,2025-01-31,C-0061,P-MET-004,PL-03,3,92.47,0,USD,Shipped
SO-100001,1,2025-01-28,2025-02-11,C-0099,P-FAB-008,PL-03,2,1428.56,13,USD,Shipped
SO-100005,1,2025-01-28,2025-02-14,C-0051,P-FAS-005,PL-01,7,12.37,0,USD,Shipped
SO-100005,2,2025-01-28,2025-02-07,C-0051,P-STR-010,PL-03,2,363.88,10,USD,Shipped
SO-100023,1,2025-01-28,2025-02-07,C-0028,P-FAS-011,PL-01,9,28.96,10,USD,Shipped
SO-100002,1,2025-01-29,2025-02-15,C-0029,P-FAB-004,PL-03,4,1332.69,5,USD,Shipped
SO-100016,1,2025-01-29,2025-02-17,C-0084,P-FAS-012,PL-04,7,24.35,8,USD,Shipped
SO-100060,1,2025-01-29,2025-02-10,C-0001,P-FAS-004,PL-03,7,20.59,5,USD,Shipped
SO-100060,2,2025-01-29,2025-02-01,C-0001,P-MET-011,PL-04,3,107.50,5,USD,Shipped
SO-100060,3,2025-01-29,,C-0001,P-MET-001,PL-01,6,65.76,0,USD,Cancelled
SO-100065,1,2025-01-29,2025-02-05,C-0130,P-FAS-001,PL-04,5,25.27,5,USD,Shipped
SO-100065,2,2025-01-29,2025-02-15,C-0130,P-FAB-009,PL-02,6,2065.12,0,USD,Shipped
SO-100051,1,2025-01-30,2025-02-14,C-0029,P-FAS-009,PL-03,8,27.86,5,USD,Shipped
SO-100072,1,2025-01-30,2025-02-13,C-0006,P-FAS-010,PL-03,8,18.62,5,USD,Shipped
SO-100072,2,2025-01-30,2025-02-15,C-0006,P-MET-008,PL-01,3,83.93,0,USD,Shipped
SO-100085,1,2025-01-30,2025-02-02,C-0117,P-ENC-010,PL-01,9,223.28,0,USD,Shipped
SO-100085,2,2025-01-30,2025-02-18,C-0117,P-FAS-002,PL-04,6,20.94,0,USD,Shipped
SO-100085,3,2025-01-30,2025-02-13,C-0117,P-ENC-011,PL-02,2,223.00,8,USD,Shipped
SO-100086,1,2025-01-31,2025-02-09,C-0085,P-ENC-003,PL-04,5,261.62,0,USD,Shipped
SO-100123,1,2025-01-31,2025-02-14,C-0136,P-FAB-002,PL-01,5,1077.38,0,USD,Shipped
SO-100123,2,2025-01-31,2025-02-15,C-0136,P-STR-011,PL-01,5,449.01,5,USD,Shipped
SO-100123,3,2025-01-31,2025-02-13,C-0136,P-FAS-003,PL-04,7,11.52,0,USD,Shipped
SO-100126,1,2025-01-31,2025-02-20,C-0038,P-MET-010,PL-03,5,98.81,0,USD,Shipped
SO-100137,1,2025-02-01,,C-0033,P-FAS-011,PL-02,13,27.97,2,USD,Cancelled
SO-100152,1,2025-02-01,2025-02-04,C-0011,P-FAS-001,PL-04,12,25.26,0,USD,Shipped
SO-100169,1,2025-02-01,2025-02-08,C-0137,P-ENC-004,PL-03,2,232.74,8,USD,Shipped
SO-100202,1,2025-02-01,2025-02-15,C-0113,P-FAS-010,PL-01,12,18.36,5,USD,Shipped
SO-100222,1,2025-02-01,2025-02-06,C-0066,P-FAS-007,PL-04,10,17.32,13,USD,Shipped
SO-100231,1,2025-02-01,2025-02-20,C-0114,P-MET-007,PL-04,5,130.54,8,USD,Shipped
SO-100273,1,2025-02-01,2025-02-04,C-0124,P-MET-002,PL-01,7,86.71,13,USD,Shipped
SO-100273,2,2025-02-01,2025-02-08,C-0124,P-FAS-002,PL-04,11,19.80,5,USD,Shipped
SO-100132,1,2025-02-02,2025-02-04,C-0002,P-ENC-008,PL-01,14,279.89,5,USD,Shipped
SO-100201,1,2025-02-02,2025-02-13,C-0098,P-ENC-008,PL-02,1,272.95,5,USD,Shipped
SO-100221,1,2025-02-02,2025-02-13,C-0130,P-MET-001,PL-03,5,62.80,2,USD,Shipped
SO-100260,1,2025-02-02,2025-02-10,C-0136,P-FAS-003,PL-01,6,11.46,0,USD,Shipped
SO-100269,1,2025-02-02,2025-02-21,C-0045,P-ENC-012,PL-01,10,338.24,5,USD,Shipped
SO-100135,1,2025-02-03,2025-02-24,C-0064,P-FAS-008,PL-04,3,27.63,8,USD,Shipped
SO-100135,2,2025-02-03,2025-02-17,C-0064,P-STR-006,PL-02,3,564.41,0,USD,Shipped
SO-100161,1,2025-02-03,2025-02-13,C-0047,P-ENC-011,PL-03,4,227.81,5,USD,Shipped
SO-100161,2,2025-02-03,2025-02-19,C-0047,P-FAB-012,PL-04,3,1159.99,0,USD,Shipped
SO-100186,1,2025-02-03,2025-02-08,C-0050,P-FAB-006,PL-03,4,1188.18,2,USD,Shipped
SO-100186,2,2025-02-03,2025-02-07,C-0050,P-STR-004,PL-03,4,376.87,2,USD,Shipped
SO-100229,1,2025-02-03,2025-02-06,C-0001,P-STR-011,PL-04,4,470.55,5,USD,Shipped
SO-100229,2,2025-02-03,2025-02-22,C-0001,P-FAS-007,PL-03,12,17.70,8,USD,Shipped
SO-100229,3,2025-02-03,2025-02-09,C-0001,P-MET-003,PL-03,3,117.19,0,USD,Shipped
SO-100232,1,2025-02-03,2025-02-13,C-0134,P-MET-008,PL-02,8,84.44,0,USD,Shipped
SO-100232,2,2025-02-03,2025-02-20,C-0134,P-FAS-001,PL-04,7,26.33,10,USD,Shipped
SO-100232,3,2025-02-03,2025-02-07,C-0134,P-FAS-002,PL-03,9,20.86,0,USD,Shipped
SO-100256,1,2025-02-03,2025-02-09,C-0070,P-MET-008,PL-02,1,82.21,5,USD,Shipped
SO-100263,1,2025-02-03,2025-02-08,C-0124,P-FAB-008,PL-03,9,1406.19,15,USD,Shipped
SO-100264,1,2025-02-03,2025-02-07,C-0131,P-FAS-009,PL-04,3,27.77,2,USD,Shipped
SO-100264,2,2025-02-03,2025-02-22,C-0131,P-ENC-006,PL-02,2,244.28,2,USD,Shipped
SO-100265,1,2025-02-03,2025-02-22,C-0040,P-FAS-006,PL-04,17,18.00,8,USD,Shipped
SO-100276,1,2025-02-03,2025-02-23,C-0125,P-MET-002,PL-04,4,86.87,8,USD,Shipped
SO-100193,1,2025-02-04,2025-02-06,C-0137,P-MET-008,PL-03,4,81.69,8,USD,Shipped
SO-100259,1,2025-02-04,2025-02-06,C-0035,P-ENC-010,PL-04,10,225.98,8,USD,Shipped
SO-100259,2,2025-02-04,2025-02-11,C-0035,P-FAB-007,PL-01,2,1035.74,5,USD,Shipped
SO-100272,1,2025-02-04,2025-02-24,C-0137,P-FAB-012,PL-02,4,1178.70,0,USD,Shipped
SO-100272,2,2025-02-04,2025-02-12,C-0137,P-MET-005,PL-04,4,130.42,8,USD,Shipped
SO-100153,1,2025-02-05,2025-02-08,C-0115,P-ENC-008,PL-02,2,280.83,0,USD,Shipped
SO-100239,1,2025-02-05,2025-02-13,C-0030,P-FAS-004,PL-01,6,19.95,5,USD,Shipped
SO-100253,1,2025-02-05,2025-02-22,C-0101,P-FAB-004,PL-04,1,1301.43,5,USD,Shipped
SO-100258,1,2025-02-05,2025-02-10,C-0108,P-FAB-011,PL-02,1,2076.86,5,USD,Shipped
SO-100275,1,2025-02-05,2025-02-16,C-0125,P-ENC-003,PL-01,7,273.43,8,USD,Shipped
SO-100143,1,2025-02-06,2025-02-20,C-0134,P-MET-005,PL-04,3,128.65,0,USD,Shipped
SO-100143,2,2025-02-06,2025-02-09,C-0134,P-MET-010,PL-04,2,100.57,0,USD,Shipped
SO-100160,1,2025-02-06,2025-02-18,C-0108,P-FAS-008,PL-03,14,28.90,2,USD,Shipped
SO-100167,1,2025-02-06,2025-02-11,C-0072,P-STR-010,PL-04,1,379.19,2,USD,Shipped
SO-100167,2,2025-02-06,2025-02-08,C-0072,P-FAS-003,PL-04,1,11.63,0,USD,Shipped
SO-100167,3,2025-02-06,2025-02-22,C-0072,P-FAS-001,PL-04,9,26.27,0,USD,Shipped
SO-100188,1,2025-02-06,2025-02-12,C-0084,P-FAS-008,PL-02,12,28.92,2,USD,Shipped
SO-100194,1,2025-02-06,2025-02-25,C-0083,P-FAS-010,PL-03,13,18.34,8,USD,Shipped
SO-100141,1,2025-02-07,2025-02-22,C-0086,P-FAS-012,PL-03,19,23.59,8,USD,Shipped
SO-100164,1,2025-02-07,2025-02-25,C-0034,P-MET-009,PL-03,2,133.50,8,USD,Shipped
SO-100168,1,2025-02-07,2025-02-13,C-0054,P-MET-004,PL-04,2,90.52,10,USD,Shipped
SO-100243,1,2025-02-07,,C-0050,P-MET-004,PL-01,2,89.27,2,USD,Cancelled
SO-100243,2,2025-02-07,2025-02-26,C-0050,P-FAS-010,PL-03,6,18.51,0,USD,Shipped
SO-100278,1,2025-02-07,2025-02-24,C-0033,P-ENC-010,PL-01,12,220.94,0,USD,Shipped
SO-100138,1,2025-02-08,2025-02-13,C-0131,P-ENC-008,PL-01,9,277.67,8,USD,Shipped
SO-100140,1,2025-02-08,2025-02-23,C-0047,P-FAS-003,PL-01,7,11.70,0,USD,Shipped
SO-100140,2,2025-02-08,2025-02-26,C-0047,P-MET-004,PL-01,5,88.61,10,USD,Shipped
SO-100140,3,2025-02-08,2025-02-12,C-0047,P-FAS-010,PL-04,5,18.17,5,USD,Shipped
SO-100230,1,2025-02-08,2025-02-11,C-0107,P-ENC-003,PL-02,3,271.92,5,USD,Shipped
SO-100237,1,2025-02-08,2025-02-13,C-0044,P-MET-005,PL-03,2,126.45,5,USD,Shipped
SO-100142,1,2025-02-09,2025-02-17,C-0111,P-ENC-007,PL-03,3,349.57,0,USD,Shipped
SO-100166,1,2025-02-09,2025-02-19,C-0136,P-ENC-004,PL-01,2,240.06,2,USD,Shipped
SO-100175,1,2025-02-09,2025-02-23,C-0026,P-FAS-011,PL-01,1,28.49,2,USD,Shipped
SO-100178,1,2025-02-09,2025-02-22,C-0113,P-FAS-002,PL-04,23,20.58,8,USD,Shipped
SO-100178,2,2025-02-09,2025-02-18,C-0113,P-FAS-012,PL-01,16,23.77,2,USD,Shipped
SO-100205,1,2025-02-10,2025-02-24,C-0123,P-FAS-001,PL-01,5,26.40,10,USD,Shipped
SO-100205,2,2025-02-10,2025-03-03,C-0123,P-STR-010,PL-04,19,371.00,0,USD,Shipped
SO-100255,1,2025-02-10,2025-02-23,C-0130,P-STR-001,PL-01,1,366.55,8,USD,Shipped
SO-100255,2,2025-02-10,,C-0130,P-STR-004,PL-02,4,393.23,0,USD,Cancelled
SO-100199,1,2025-02-11,2025-02-13,C-0028,P-MET-007,PL-03,3,135.27,0,USD,Shipped
SO-100199,2,2025-02-11,2025-02-22,C-0028,P-FAS-009,PL-02,3,27.90,0,USD,Shipped
SO-100199,3,2025-02-11,2025-02-22,C-0028,P-MET-004,PL-04,2,92.55,5,USD,Shipped
SO-100209,1,2025-02-11,2025-02-23,C-0039,P-FAS-010,PL-01,24,18.40,2,USD,Shipped
SO-100209,2,2025-02-11,2025-02-18,C-0039,P-MET-011,PL-04,4,106.93,10,USD,Shipped
SO-100242,1,2025-02-11,2025-02-18,C-0138,P-MET-011,PL-02,4,106.10,8,USD,Shipped
SO-100145,1,2025-02-12,2025-02-27,C-0068,P-FAS-007,PL-01,4,17.23,0,USD,Shipped
SO-100147,1,2025-02-12,2025-02-22,C-0009,P-FAS-003,PL-02,9,11.72,8,USD,Shipped
SO-100150,1,2025-02-12,2025-02-27,C-0087,P-ENC-008,PL-04,3,283.83,7,USD,Shipped
SO-100150,2,2025-02-12,2025-02-26,C-0087,P-ENC-007,PL-04,4,353.91,5,USD,Shipped
SO-100162,1,2025-02-12,2025-03-01,C-0008,P-STR-010,PL-03,6,372.82,8,USD,Shipped
SO-100172,1,2025-02-12,2025-02-17,C-0017,P-MET-005,PL-01,5,125.87,8,USD,Shipped
SO-100182,1,2025-02-12,2025-02-19,C-0023,P-FAS-008,PL-04,15,28.49,10,USD,Shipped
SO-100174,1,2025-02-13,2025-03-05,C-0068,P-STR-005,PL-04,3,334.25,10,USD,Shipped
SO-100174,2,2025-02-13,2025-02-25,C-0068,P-FAS-009,PL-02,11,27.76,2,USD,Shipped
SO-100179,1,2025-02-13,2025-02-16,C-0041,P-MET-005,PL-03,1,125.00,0,USD,Shipped
SO-100179,2,2025-02-13,2025-02-17,C-0041,P-FAS-006,PL-02,5,18.07,2,USD,Shipped
SO-100198,1,2025-02-13,,C-0130,P-ENC-008,PL-02,3,272.64,2,USD,Cancelled
SO-100198,2,2025-02-13,2025-02-26,C-0130,P-MET-002,PL-03,8,88.78,8,USD,Shipped
SO-100214,1,2025-02-13,2025-02-15,C-0120,P-MET-005,PL-01,3,123.75,0,USD,Shipped
SO-100220,1,2025-02-13,2025-02-15,C-0091,P-FAS-009,PL-02,3,27.72,10,USD,Shipped
SO-100220,2,2025-02-13,2025-02-19,C-0091,P-MET-001,PL-02,3,63.95,5,USD,Shipped
SO-100249,1,2025-02-13,2025-02-19,C-0050,P-STR-011,PL-04,6,462.95,0,USD,Shipped
SO-100250,1,2025-02-13,2025-03-02,C-0017,P-ENC-002,PL-01,3,343.87,8,USD,Shipped
SO-100262,1,2025-02-13,2025-03-06,C-0071,P-MET-004,PL-03,11,92.36,0,USD,Shipped
SO-100146,1,2025-02-14,2025-02-16,C-0119,P-MET-010,PL-03,3,100.10,0,USD,Shipped
SO-100165,1,2025-02-14,2025-02-22,C-0135,P-MET-001,PL-01,7,65.88,5,USD,Shipped
SO-100165,2,2025-02-14,2025-02-19,C-0135,P-STR-005,PL-01,4,347.21,5,USD,Shipped
SO-100226,1,2025-02-14,2025-03-03,C-0124,P-ENC-010,PL-03,8,222.86,10,USD,Shipped
SO-100226,2,2025-02-14,2025-02-22,C-0124,P-FAB-009,PL-04,1,2021.85,5,USD,Shipped
SO-100228,1,2025-02-14,2025-03-06,C-0087,P-FAB-008,PL-01,4,1395.89,13,USD,Shipped
SO-100228,2,2025-02-14,2025-02-21,C-0087,P-MET-005,PL-01,3,124.23,5,USD,Shipped
SO-100228,3,2025-02-14,2025-02-23,C-0087,P-FAB-005,PL-04,2,1682.50,15,USD,Shipped
SO-100235,1,2025-02-14,2025-02-21,C-0115,P-ENC-002,PL-01,2,342.69,2,USD,Shipped
SO-100267,1,2025-02-14,2025-02-24,C-0070,P-ENC-002,PL-01,1,346.98,5,USD,Shipped
SO-100267,2,2025-02-14,2025-03-06,C-0070,P-MET-003,PL-04,2,117.27,5,USD,Shipped
SO-100149,1,2025-02-15,2025-02-17,C-0135,P-MET-010,PL-04,4,100.00,2,USD,Shipped
SO-100149,2,2025-02-15,2025-02-28,C-0135,P-FAS-002,PL-02,15,20.33,8,USD,Shipped
SO-100190,1,2025-02-15,2025-03-02,C-0057,P-FAS-012,PL-03,10,24.31,10,USD,Shipped
SO-100195,1,2025-02-15,,C-0033,P-FAS-011,PL-01,13,29.09,0,USD,Cancelled
SO-100195,2,2025-02-15,2025-03-06,C-0033,P-STR-006,PL-03,11,575.16,0,USD,Shipped
SO-100223,1,2025-02-15,2025-02-18,C-0112,P-ENC-001,PL-02,2,166.59,2,USD,Shipped
SO-100251,1,2025-02-15,2025-03-07,C-0055,P-ENC-011,PL-04,2,224.20,0,USD,Shipped
SO-100129,1,2025-02-16,2025-03-02,C-0041,P-FAS-006,PL-03,36,17.92,8,USD,Shipped
SO-100156,1,2025-02-16,2025-02-25,C-0117,P-STR-003,PL-04,5,282.08,0,USD,Shipped
SO-100158,1,2025-02-16,2025-02-18,C-0079,P-MET-008,PL-03,5,80.58,2,USD,Shipped
SO-100158,2,2025-02-16,2025-02-25,C-0079,P-MET-011,PL-01,1,103.37,2,USD,Shipped
SO-100183,1,2025-02-16,2025-03-09,C-0126,P-ENC-008,PL-01,1,270.60,10,USD,Shipped
SO-100187,1,2025-02-16,2025-03-08,C-0028,P-ENC-011,PL-04,3,221.77,10,USD,Shipped
SO-100200,1,2025-02-16,2025-02-18,C-0067,P-ENC-008,PL-01,2,273.87,8,USD,Shipped
SO-100200,2,2025-02-16,2025-03-05,C-0067,P-ENC-002,PL-03,2,344.55,0,USD,Shipped
SO-100200,3,2025-02-16,2025-02-25,C-0067,P-FAS-009,PL-03,23,28.55,8,USD,Shipped
SO-100210,1,2025-02-16,,C-0127,P-FAB-011,PL-02,5,2018.27,13,USD,Cancelled
SO-100210,2,2025-02-16,2025-02-22,C-0127,P-FAB-008,PL-01,5,1443.70,5,USD,Shipped
SO-100211,1,2025-02-16,2025-02-24,C-0106,P-ENC-005,PL-04,1,182.47,10,USD,Shipped
SO-100211,2,2025-02-16,2025-02-21,C-0106,P-ENC-004,PL-01,4,238.86,0,USD,Shipped
SO-100240,1,2025-02-16,2025-02-27,C-0062,P-STR-008,PL-01,4,657.00,10,USD,Shipped
SO-100266,1,2025-02-16,2025-03-06,C-0051,P-FAS-003,PL-02,2,11.60,0,USD,Shipped
SO-100266,2,2025-02-16,2025-03-01,C-0051,P-FAS-008,PL-01,4,27.83,0,USD,Shipped
SO-100266,3,2025-02-16,2025-03-03,C-0051,P-ENC-006,PL-02,4,245.33,5,USD,Shipped
SO-100270,1,2025-02-16,2025-02-19,C-0077,P-MET-010,PL-02,3,100.44,0,USD,Shipped
SO-100270,2,2025-02-16,2025-02-26,C-0077,P-FAS-005,PL-02,21,12.80,2,USD,Shipped
SO-100271,1,2025-02-16,2025-03-02,C-0011,P-MET-007,PL-02,3,131.14,0,USD,Shipped
SO-100131,1,2025-02-17,2025-02-26,C-0063,P-STR-012,PL-04,5,272.84,0,USD,Shipped
SO-100157,1,2025-02-17,2025-02-20,C-0137,P-FAB-012,PL-01,5,1172.15,0,USD,Shipped
SO-100181,1,2025-02-17,2025-03-03,C-0132,P-ENC-012,PL-01,1,346.44,5,USD,Shipped
SO-100191,1,2025-02-17,,C-0128,P-MET-003,PL-01,1,112.32,10,USD,Cancelled
SO-100191,2,2025-02-17,,C-0128,P-STR-010,PL-03,7,382.13,0,USD,Cancelled
SO-100191,3,2025-02-17,2025-02-27,C-0128,P-MET-003,PL-01,9,112.47,5,USD,Shipped
SO-100208,1,2025-02-17,2025-03-05,C-0088,P-STR-004,PL-04,1,374.44,5,USD,Shipped
SO-100213,1,2025-02-17,,C-0096,P-FAS-005,PL-04,6,12.33,0,USD,Cancelled
SO-100213,2,2025-02-17,2025-02-27,C-0096,P-STR-003,PL-04,12,285.33,0,USD,Shipped
SO-100234,1,2025-02-17,2025-02-21,C-0110,P-MET-012,PL-02,3,65.23,8,USD,Shipped
SO-100234,2,2025-02-17,2025-03-08,C-0110,P-STR-012,PL-03,3,280.21,0,USD,Shipped
SO-100234,3,2025-02-17,2025-02-26,C-0110,P-MET-006,PL-02,3,85.23,8,USD,Shipped
SO-100246,1,2025-02-17,2025-02-23,C-0046,P-ENC-008,PL-02,4,281.05,5,USD,Shipped
SO-100252,1,2025-02-17,2025-02-24,C-0022,P-MET-011,PL-02,2,106.43,5,USD,Shipped
SO-100192,1,2025-02-18,2025-03-10,C-0134,P-ENC-002,PL-04,5,347.52,0,USD,Shipped
SO-100196,1,2025-02-18,,C-0055,P-MET-001,PL-01,6,63.52,8,USD,Cancelled
SO-100204,1,2025-02-18,2025-03-02,C-0069,P-FAS-008,PL-01,46,27.68,5,USD,Shipped
SO-100217,1,2025-02-18,2025-03-09,C-0050,P-ENC-004,PL-01,4,238.02,0,USD,Shipped
SO-100217,2,2025-02-18,2025-02-20,C-0050,P-FAS-003,PL-02,5,11.21,10,USD,Shipped
SO-100247,1,2025-02-18,2025-03-04,C-0120,P-ENC-009,PL-01,4,192.01,5,USD,Shipped
SO-100247,2,2025-02-18,2025-02-25,C-0120,P-STR-006,PL-01,3,553.92,8,USD,Shipped
SO-100247,2,2025-02-18,2025-02-25,C-0120,P-STR-006,PL-01,3,553.92,8,USD,Shipped
SO-100268,1,2025-02-18,2025-02-21,C-0074,P-MET-007,PL-03,5,134.03,5,USD,Shipped
SO-100268,2,2025-02-18,2025-03-03,C-0074,P-MET-008,PL-02,10,83.52,0,USD,Shipped
SO-100133,1,2025-02-19,2025-02-25,C-0133,P-ENC-002,PL-01,1,346.07,8,USD,Shipped
SO-100134,1,2025-02-19,2025-03-09,C-0023,P-FAS-010,PL-03,3,18.53,5,USD,Shipped
SO-100134,2,2025-02-19,2025-02-25,C-0023,P-FAS-001,PL-02,5,26.53,0,USD,Shipped
SO-100134,3,2025-02-19,2025-03-04,C-0023,P-STR-002,PL-02,4,640.46,0,USD,Shipped
SO-100163,1,2025-02-19,2025-03-09,C-0075,P-MET-001,PL-03,3,64.92,5,USD,Shipped
SO-100189,1,2025-02-19,2025-03-09,C-0072,P-ENC-008,PL-03,2,269.88,0,USD,Shipped
SO-100189,2,2025-02-19,2025-03-08,C-0072,P-MET-001,PL-03,1,63.42,0,USD,Shipped
SO-100218,1,2025-02-19,2025-02-23,C-0077,P-STR-005,PL-03,2,336.47,8,USD,Shipped
SO-100203,1,2025-02-20,2025-03-12,C-0063,P-ENC-008,PL-04,6,276.11,5,USD,Shipped
SO-100203,2,2025-02-20,2025-03-11,C-0063,P-FAS-009,PL-02,5,27.13,0,USD,Shipped
SO-100206,1,2025-02-20,2025-03-08,C-0086,P-ENC-009,PL-03,6,191.00,5,USD,Shipped
SO-100154,1,2025-02-21,2025-02-23,C-0037,P-FAS-003,PL-04,6,11.57,0,USD,Shipped
SO-100154,2,2025-02-21,2025-03-14,C-0037,P-FAS-010,PL-02,18,18.51,0,USD,Shipped
SO-100154,3,2025-02-21,2025-02-23,C-0037,P-MET-010,PL-04,3,97.04,2,USD,Shipped
SO-100236,1,2025-02-21,2025-03-13,C-0052,P-MET-008,PL-01,4,82.97,8,USD,Shipped
SO-100238,1,2025-02-21,2025-03-05,C-0106,P-FAS-010,PL-01,15,17.91,0,USD,Shipped
SO-100261,1,2025-02-21,2025-03-09,C-0018,P-ENC-001,PL-04,7,165.03,10,USD,Shipped
SO-100261,2,2025-02-21,2025-03-09,C-0018,P-MET-008,PL-04,2,82.39,8,USD,Shipped
SO-100127,1,2025-02-22,2025-02-24,C-0026,P-FAS-002,PL-01,13,20.33,5,USD,Shipped
SO-100136,1,2025-02-22,2025-03-10,C-0112,P-ENC-005,PL-03,12,189.04,0,USD,Shipped
SO-100144,1,2025-02-22,2025-03-03,C-0114,P-FAS-012,PL-01,9,24.04,2,USD,Shipped
SO-100144,2,2025-02-22,2025-03-11,C-0114,P-ENC-001,PL-04,4,162.36,10,USD,Shipped
SO-100155,1,2025-02-22,2025-02-25,C-0023,P-FAB-009,PL-02,6,2073.07,0,USD,Shipped
SO-100159,1,2025-02-22,2025-02-25,C-0066,P-MET-005,PL-04,3,127.27,5,USD,Shipped
SO-100171,1,2025-02-22,2025-02-27,C-0139,P-FAS-004,PL-02,11,20.58,0,USD,Shipped
SO-100184,1,2025-02-22,2025-03-14,C-0082,P-ENC-011,PL-02,2,228.87,5,USD,Shipped
SO-100215,1,2025-02-22,2025-03-12,C-0046,P-ENC-006,PL-03,2,248.51,10,USD,Shipped
SO-100216,1,2025-02-22,2025-03-15,C-0036,P-FAS-007,PL-03,14,17.83,2,USD,Shipped
SO-100216,2,2025-02-22,2025-02-26,C-0036,P-FAS-007,PL-01,10,17.08,0,USD,Shipped
SO-100224,1,2025-02-22,2025-03-08,C-0089,P-FAS-005,PL-04,5,12.72,10,USD,Shipped
SO-100224,2,2025-02-22,2025-03-02,C-0089,P-FAB-008,PL-04,1,1379.17,0,USD,Shipped
SO-100227,1,2025-02-22,2025-03-15,C-0008,P-FAS-002,PL-02,20,20.23,10,USD,Shipped
SO-100227,2,2025-02-22,2025-03-07,C-0008,P-MET-001,PL-02,1,64.35,0,USD,Shipped
SO-100274,1,2025-02-22,2025-02-27,C-0016,P-FAB-012,PL-01,4,1204.85,0,USD,Shipped
SO-100274,2,2025-02-22,2025-02-27,C-0016,P-FAS-002,PL-01,4,20.48,5,USD,Shipped
SO-100177,1,2025-02-23,2025-03-13,C-0029,P-FAS-004,PL-01,7,19.96,8,USD,Shipped
SO-100207,1,2025-02-23,2025-03-15,C-0131,P-MET-002,PL-02,4,90.27,8,USD,Shipped
SO-100244,1,2025-02-23,2025-03-01,C-0103,P-ENC-001,PL-01,1,170.95,8,USD,Shipped
SO-100170,1,2025-02-24,2025-03-01,C-0066,P-FAB-005,PL-03,4,1697.90,5,USD,Shipped
SO-100173,1,2025-02-24,2025-03-06,C-0003,P-FAS-007,PL-03,5,17.33,5,USD,Shipped
SO-100245,1,2025-02-24,2025-03-06,C-0075,P-FAS-008,PL-02,4,27.78,8,USD,Shipped
SO-100245,2,2025-02-24,2025-03-10,C-0075,P-MET-002,PL-03,5,89.18,2,USD,Shipped
SO-100248,1,2025-02-24,2025-03-10,C-0070,P-MET-009,PL-01,6,133.03,5,USD,Shipped
SO-100254,1,2025-02-24,2025-03-17,C-0042,P-MET-006,PL-01,5,86.32,10,USD,Shipped
SO-100254,2,2025-02-24,2025-03-08,C-0042,P-ENC-009,PL-03,10,187.22,5,USD,Shipped
SO-100130,1,2025-02-25,2025-02-28,C-0051,P-MET-001,PL-02,1,62.86,10,USD,Shipped
SO-100151,1,2025-02-25,2025-03-15,C-0015,P-STR-004,PL-03,3,383.39,0,USD,Shipped
SO-100176,1,2025-02-25,2025-02-27,C-0104,P-ENC-005,PL-01,1,185.84,0,USD,Shipped
SO-100176,2,2025-02-25,2025-03-12,C-0104,P-FAB-007,PL-03,4,1031.86,5,USD,Shipped
SO-100185,1,2025-02-25,2025-03-06,C-0062,P-ENC-012,PL-01,3,354.42,8,USD,Shipped
SO-100225,1,2025-02-25,2025-03-13,C-0007,P-FAS-003,PL-03,13,11.63,10,USD,Shipped
SO-100225,2,2025-02-25,2025-03-17,C-0007,P-FAS-009,PL-03,21,27.84,10,USD,Shipped
SO-100241,1,2025-02-26,2025-03-06,C-0128,P-ENC-006,PL-01,3,247.69,5,USD,Shipped
SO-100277,1,2025-02-26,2025-03-09,C-0044,P-FAS-011,PL-04,9,28.15,8,USD,Shipped
SO-100277,2,2025-02-26,2025-02-28,C-0044,P-FAS-003,PL-03,13,11.42,0,USD,Shipped
SO-100128,1,2025-02-27,2025-03-14,C-0097,P-MET-012,PL-04,2,63.88,2,USD,Shipped
SO-100128,2,2025-02-27,2025-03-04,C-0097,P-FAB-008,PL-02,1,1401.02,0,USD,Shipped
SO-100128,3,2025-02-27,2025-03-10,C-0097,P-MET-009,PL-04,6,132.32,0,USD,Shipped
SO-100139,1,2025-02-27,2025-03-12,C-0006,P-FAS-011,PL-01,6,28.24,0,USD,Shipped
SO-100233,1,2025-02-27,2025-03-10,C-0091,P-MET-007,PL-04,2,132.49,5,USD,Shipped
SO-100148,1,2025-02-28,2025-03-06,C-0014,P-MET-004,PL-04,2,89.54,5,USD,Shipped
SO-100180,1,2025-02-28,2025-03-14,C-0109,P-ENC-001,PL-01,1,171.03,10,USD,Shipped
SO-100197,1,2025-02-28,2025-03-19,C-0006,P-FAS-002,PL-02,14,20.59,5,USD,Shipped
SO-100197,2,2025-02-28,2025-03-09,C-0006,P-FAB-006,PL-02,11,1187.57,8,USD,Shipped
SO-100212,1,2025-02-28,2025-03-19,C-0060,P-MET-008,PL-01,1,82.96,0,USD,Shipped
SO-100219,1,2025-02-28,2025-03-18,C-0122,P-MET-011,PL-03,6,108.54,5,USD,Shipped
SO-100257,1,2025-02-28,2025-03-16,C-0021,P-ENC-001,PL-03,1,166.45,0,USD,Shipped
SO-100257,2,2025-02-28,2025-03-16,C-0021,P-FAS-009,PL-03,12,27.25,0,USD,Shipped
SO-100289,1,2025-03-01,2025-03-04,C-0035,P-MET-001,PL-01,1,62.82,5,USD,Shipped
SO-100289,2,2025-03-01,2025-03-06,C-0035,P-STR-007,PL-03,2,400.06,5,USD,Shipped
SO-100329,1,2025-03-01,2025-03-18,C-0063,P-ENC-012,PL-03,3,348.44,0,USD,Shipped
SO-100320,1,2025-03-02,2025-03-17,C-0015,P-FAS-004,PL-04,5,19.80,2,USD,Shipped
SO-100320,2,2025-03-02,2025-03-12,C-0015,P-MET-004,PL-04,5,88.90,0,USD,Shipped
SO-100320,3,2025-03-02,2025-03-05,C-0015,P-FAS-011,PL-02,10,27.57,0,USD,Shipped
SO-100413,1,2025-03-02,2025-03-13,C-0003,P-STR-002,PL-02,23,649.33,8,USD,Shipped
SO-100413,2,2025-03-02,2025-03-09,C-0003,P-STR-011,PL-02,2,453.03,8,USD,Shipped
SO-100413,3,2025-03-02,2025-03-23,C-0003,P-FAS-008,PL-01,3,27.65,0,USD,Shipped
SO-100282,1,2025-03-03,2025-03-19,C-0063,P-ENC-012,PL-02,3,349.19,5,USD,Shipped
SO-100282,2,2025-03-03,2025-03-06,C-0063,P-FAS-010,PL-01,4,18.25,0,USD,Shipped
SO-100304,1,2025-03-03,2025-03-23,C-0027,P-FAS-009,PL-01,8,2816.00,0,USD,Shipped
SO-100331,1,2025-03-03,2025-03-08,C-0025,P-STR-011,PL-02,5,471.12,0,USD,Shipped
SO-100331,2,2025-03-03,2025-03-20,C-0025,P-STR-011,PL-04,1,465.71,10,USD,Shipped
SO-100332,1,2025-03-03,2025-03-06,C-0023,P-FAS-008,PL-01,9,28.35,0,USD,Shipped
SO-100345,1,2025-03-03,2025-03-22,C-0106,P-ENC-008,PL-04,3,274.92,10,USD,Shipped
SO-100345,2,2025-03-03,2025-03-14,C-0106,P-MET-006,PL-03,1,86.99,0,USD,Shipped
SO-100345,3,2025-03-03,2025-03-16,C-0106,P-MET-005,PL-04,1,126.74,8,USD,Shipped
SO-100400,1,2025-03-03,2025-03-12,C-0084,P-MET-009,PL-04,7,130.39,0,USD,Shipped
SO-100400,2,2025-03-03,2025-03-05,C-0084,P-ENC-002,PL-04,2,350.48,8,USD,Shipped
SO-100431,1,2025-03-03,2025-03-24,C-0138,P-MET-003,PL-04,2,114.19,10,USD,Shipped
SO-100418,1,2025-03-04,2025-03-12,C-0052,P-STR-007,PL-01,8,396.90,5,USD,Shipped
SO-100418,2,2025-03-04,2025-03-21,C-0052,P-FAS-010,PL-04,6,18.23,0,USD,Shipped
SO-100279,1,2025-03-05,2025-03-18,C-0097,P-FAS-006,PL-04,6,18.39,0,USD,Shipped
SO-100301,1,2025-03-05,2025-03-15,C-0102,P-FAS-002,PL-04,7,20.24,0,USD,Shipped
SO-100354,1,2025-03-05,2025-03-23,C-0013,P-FAB-005,PL-01,3,1724.46,8,USD,Shipped
SO-100299,1,2025-03-06,2025-03-25,C-0139,P-FAB-007,PL-02,4,1079.83,0,USD,Shipped
SO-100299,2,2025-03-06,2025-03-19,C-0139,P-FAS-006,PL-04,12,17.80,8,USD,Shipped
SO-100364,1,2025-03-06,2025-03-26,C-0082,P-ENC-008,PL-04,3,276.16,2,USD,Shipped
SO-100364,2,2025-03-06,2025-03-26,C-0082,P-STR-012,PL-02,10,274.13,0,USD,Shipped
SO-100411,1,2025-03-06,2025-03-19,C-0016,P-FAB-004,PL-04,8,1331.17,5,USD,Shipped
SO-100337,1,2025-03-07,2025-03-19,C-0106,P-FAS-006,PL-03,7,18.36,2,USD,Shipped
SO-100337,2,2025-03-07,2025-03-18,C-0106,P-ENC-007,PL-01,2,362.47,8,USD,Shipped
SO-100358,1,2025-03-07,2025-03-19,C-0057,P-FAB-010,PL-04,5,1664.81,10,USD,Shipped
SO-100362,1,2025-03-07,2025-03-23,C-0093,P-ENC-001,PL-01,3,167.55,2,USD,Shipped
SO-100362,2,2025-03-07,2025-03-09,C-0093,P-FAS-010,PL-03,14,18.05,8,USD,Shipped
SO-100391,1,2025-03-07,2025-03-18,C-0108,P-STR-008,PL-04,1,667.14,2,USD,Shipped
SO-100391,2,2025-03-07,2025-03-24,C-0108,P-STR-011,PL-01,1,455.05,10,USD,Shipped
SO-100284,1,2025-03-08,2025-03-11,C-0072,P-MET-010,PL-04,4,96.48,2,USD,Shipped
SO-100284,2,2025-03-08,2025-03-26,C-0072,P-MET-008,PL-01,2,84.77,5,USD,Shipped
SO-100284,3,2025-03-08,2025-03-21,C-0072,P-STR-001,PL-02,4,376.68,0,USD,Shipped
SO-100324,1,2025-03-08,2025-03-14,C-0033,P-MET-010,PL-04,6,97.97,0,USD,Shipped
SO-100336,1,2025-03-08,2025-03-24,C-0021,P-FAB-006,PL-02,2,1165.56,0,USD,Shipped
SO-100336,2,2025-03-08,2025-03-12,C-0021,P-ENC-004,PL-03,6,240.41,0,USD,Shipped
SO-100336,3,2025-03-08,2025-03-11,C-0021,P-FAS-002,PL-04,3,20.31,5,USD,Shipped
SO-100344,1,2025-03-08,2025-03-25,C-0059,P-MET-002,PL-02,6,88.13,0,USD,Shipped
SO-100344,2,2025-03-08,,C-0059,P-ENC-008,PL-01,1,284.21,0,USD,Cancelled
SO-100356,1,2025-03-08,2025-03-23,C-0120,P-STR-011,PL-01,1,471.83,5,USD,Shipped
SO-100367,1,2025-03-08,2025-03-24,C-0069,P-ENC-012,PL-04,7,339.02,5,USD,Shipped
SO-100367,2,2025-03-08,2025-03-29,C-0069,P-FAB-004,PL-03,2,1271.51,0,USD,Shipped
SO-100372,1,2025-03-08,2025-03-15,C-0054,P-MET-011,PL-01,8,103.84,2,USD,Shipped
SO-100372,2,2025-03-08,2025-03-11,C-0054,P-MET-002,PL-02,3,87.62,0,USD,Shipped
SO-100372,3,2025-03-08,2025-03-26,C-0054,P-FAS-004,PL-04,9,20.31,2,USD,Shipped
SO-100373,1,2025-03-08,,C-0079,P-FAB-003,PL-04,6,1834.39,5,USD,Shipped
SO-100395,1,2025-03-08,2025-03-16,C-0033,P-FAB-004,PL-02,2,1270.71,10,USD,Shipped
SO-100395,2,2025-03-08,2025-03-10,C-0033,P-ENC-007,PL-01,3,366.01,0,USD,Shipped
SO-100406,1,2025-03-08,2025-03-29,C-0140,P-FAS-007,PL-01,32,17.79,0,USD,Shipped
SO-100406,2,2025-03-08,2025-03-24,C-0140,P-ENC-002,PL-01,4,360.25,2,USD,Shipped
SO-100407,1,2025-03-08,2025-03-28,C-0020,P-MET-006,PL-02,5,82.96,0,USD,Shipped
SO-100415,1,2025-03-08,2025-03-29,C-0089,P-STR-012,PL-02,8,282.92,10,USD,Shipped
SO-100293,1,2025-03-09,2025-03-24,C-0093,P-FAS-003,PL-03,6,11.63,5,USD,Shipped
SO-100293,2,2025-03-09,2025-03-29,C-0093,P-MET-007,PL-01,3,129.37,10,USD,Shipped
SO-100293,3,2025-03-09,2025-03-19,C-0093,P-FAS-004,PL-02,4,19.80,2,USD,Shipped
SO-100300,1,2025-03-09,2025-03-30,C-0134,P-STR-001,PL-04,1,366.97,8,USD,Shipped
SO-100300,2,2025-03-09,2025-03-11,C-0134,P-FAS-003,PL-03,4,11.72,0,USD,Shipped
SO-100300,3,2025-03-09,2025-03-27,C-0134,P-FAS-003,PL-02,9,11.51,2,USD,Shipped
SO-100306,1,2025-03-09,2025-03-12,C-0070,P-FAS-007,PL-03,3,17.89,10,USD,Shipped
SO-100309,1,2025-03-09,2025-03-13,C-0105,P-ENC-009,PL-04,1,187.16,5,USD,Shipped
SO-100309,2,2025-03-09,2025-03-24,C-0105,P-FAS-008,PL-04,3,28.54,0,USD,Shipped
SO-100419,1,2025-03-09,2025-03-27,C-0043,P-FAB-006,PL-04,8,1201.79,0,USD,Shipped
SO-100312,1,2025-03-10,2025-03-31,C-0034,P-FAB-001,PL-01,8,2003.73,0,USD,Shipped
SO-100312,2,2025-03-10,2025-03-16,C-0034,P-ENC-009,PL-02,4,189.46,0,USD,Shipped
SO-100312,3,2025-03-10,2025-03-14,C-0034,P-FAB-001,PL-03,1,1966.00,5,USD,Shipped
SO-100328,1,2025-03-10,2025-03-20,C-0086,P-FAS-004,PL-04,21,19.75,10,USD,Shipped
SO-100343,1,2025-03-10,2025-03-12,C-0025,P-FAB-001,PL-01,3,1991.05,0,USD,Shipped
SO-100343,2,2025-03-10,2025-03-28,C-0025,P-FAS-001,PL-04,4,26.39,2,USD,Shipped
SO-100378,1,2025-03-10,2025-03-16,C-0042,P-FAS-009,PL-03,9,27.76,0,USD,Shipped
SO-100307,1,2025-03-11,2025-03-14,C-0077,P-FAS-002,PL-04,10,20.43,5,USD,Shipped
SO-100314,1,2025-03-11,2025-03-13,C-0056,P-FAS-003,PL-02,18,11.21,0,USD,Shipped
SO-100314,2,2025-03-11,2025-03-29,C-0056,P-MET-001,PL-04,2,63.12,8,USD,Shipped
SO-100330,1,2025-03-11,2025-03-28,C-0127,P-FAS-003,PL-04,14,11.65,15,USD,Shipped
SO-100353,1,2025-03-11,2025-03-25,C-0083,P-STR-012,PL-04,4,276.35,0,USD,Shipped
SO-100353,2,2025-03-11,,C-0083,P-STR-012,PL-03,6,272.89,0,USD,Cancelled
SO-100363,1,2025-03-11,2025-03-27,C-0097,P-MET-007,PL-02,3,134.88,8,USD,Shipped
SO-100398,1,2025-03-11,2025-04-01,C-0054,P-MET-008,PL-01,4,80.51,5,USD,Shipped
SO-100398,2,2025-03-11,2025-03-19,C-0054,P-FAS-007,PL-04,7,17.16,8,USD,Shipped
SO-100434,1,2025-03-11,2025-03-23,C-0139,P-FAS-012,PL-01,4,23.52,0,USD,Shipped
SO-100297,1,2025-03-12,2025-03-24,C-0050,P-ENC-001,PL-03,1,163.12,0,USD,Shipped
SO-100347,1,2025-03-12,2025-03-27,C-0086,P-FAS-012,PL-02,5,23.52,0,USD,Shipped
SO-100380,1,2025-03-12,2025-03-20,C-0036,P-FAS-005,PL-04,11,12.85,0,USD,Shipped
SO-100380,2,2025-03-12,2025-03-31,C-0036,P-FAS-011,PL-02,9,28.35,2,USD,Shipped
SO-100382,1,2025-03-12,2025-03-18,C-0078,P-FAS-010,PL-01,5,17.88,10,USD,Shipped
SO-100308,1,2025-03-13,2025-03-23,C-0105,P-FAS-010,PL-02,18,17.79,5,USD,Shipped
SO-100308,2,2025-03-13,2025-04-03,C-0105,P-MET-006,PL-02,1,86.74,10,USD,Shipped
SO-100323,1,2025-03-13,2025-03-26,C-0072,P-ENC-001,PL-04,3,162.62,2,USD,Shipped
SO-100323,2,2025-03-13,2025-03-25,C-0072,P-FAB-006,PL-02,11,1210.05,0,USD,Shipped
SO-100323,3,2025-03-13,2025-04-01,C-0072,P-ENC-001,PL-04,3,170.42,2,USD,Shipped
SO-100366,1,2025-03-13,2025-03-16,C-0079,P-STR-011,PL-04,3,469.10,8,USD,Shipped
SO-100427,1,2025-03-13,2025-03-20,C-0060,P-FAS-002,PL-03,8,20.63,0,USD,Shipped
SO-100427,2,2025-03-13,2025-03-27,C-0060,P-FAS-009,PL-04,7,27.19,2,USD,Shipped
SO-100427,3,2025-03-13,2025-03-24,C-0060,P-FAS-001,PL-01,10,26.50,8,USD,Shipped
SO-100429,1,2025-03-13,2025-03-27,C-0094,P-FAS-001,PL-02,15,26.37,5,USD,Shipped
SO-100352,1,2025-03-14,2025-03-23,C-0017,P-MET-009,PL-04,1,128.21,0,USD,Shipped
SO-100352,2,2025-03-14,2025-03-27,C-0017,P-ENC-003,PL-02,1,275.32,0,USD,Shipped
SO-100361,1,2025-03-14,2025-03-26,C-0045,P-STR-009,PL-03,2,295.36,0,USD,Shipped
SO-100361,2,2025-03-14,2025-03-18,C-0045,P-MET-003,PL-01,1,115.78,5,USD,Shipped
SO-100412,1,2025-03-14,2025-03-23,C-0034,P-ENC-010,PL-04,5,214.24,5,USD,Shipped
SO-100435,1,2025-03-14,2025-03-17,C-0079,P-FAS-001,PL-01,7,25.30,0,USD,Shipped
SO-100435,2,2025-03-14,2025-04-01,C-0079,P-ENC-001,PL-04,-2,171.23,5,USD,Shipped
SO-100435,3,2025-03-14,2025-03-25,C-0079,P-STR-007,PL-01,6,398.30,0,USD,Shipped
SO-100288,1,2025-03-15,2025-04-03,C-0012,P-FAS-011,PL-02,16,27.57,5,USD,Shipped
SO-100310,1,2025-03-15,2025-03-21,C-0078,P-FAS-012,PL-02,23,23.55,0,USD,Shipped
SO-100370,1,2025-03-15,2025-03-28,C-0012,P-FAB-007,PL-02,3,1038.69,0,USD,Shipped
SO-100370,2,2025-03-15,2025-03-29,C-0012,P-FAS-007,PL-03,9,16.94,8,USD,Shipped
SO-100370,3,2025-03-15,2025-03-26,C-0012,P-FAS-008,PL-02,6,29.11,8,USD,Shipped
SO-100381,1,2025-03-15,2025-03-22,C-0070,P-STR-011,PL-04,2,460.59,5,USD,Shipped
SO-100430,1,2025-03-15,2025-03-17,C-0134,P-MET-005,PL-04,4,123.14,10,USD,Shipped
SO-100283,1,2025-03-16,2025-03-25,C-0037,P-ENC-005,PL-02,5,188.45,10,USD,Shipped
SO-100283,2,2025-03-16,2025-03-22,C-0037,P-MET-004,PL-03,2,91.23,2,USD,Shipped
SO-100333,1,2025-03-16,2025-03-28,C-0078,P-MET-008,PL-03,5,82.71,10,USD,Shipped
SO-100394,1,2025-03-16,2025-03-26,C-0038,P-MET-005,PL-01,5,126.22,5,USD,Shipped
SO-100394,2,2025-03-16,2025-03-24,C-0038,P-STR-006,PL-03,2,576.17,0,USD,Shipped
SO-100396,1,2025-03-16,2025-03-29,C-0015,P-FAS-004,PL-01,15,20.41,8,USD,Shipped
SO-100397,1,2025-03-16,2025-04-01,C-0027,P-STR-005,PL-04,1,353.19,5,USD,Shipped
SO-100327,1,2025-03-17,2025-03-26,C-0077,P-FAS-007,PL-04,20,17.77,5,USD,Shipped
SO-100342,1,2025-03-17,2025-04-06,C-0060,P-FAS-002,PL-01,14,20.34,5,USD,Shipped
SO-100342,2,2025-03-17,2025-03-27,C-0060,P-ENC-012,PL-03,3,344.88,2,USD,Shipped
SO-100348,1,2025-03-17,2025-03-20,C-0103,P-FAS-011,PL-01,7,27.94,8,USD,Shipped
SO-100348,2,2025-03-17,2025-03-23,C-0103,P-FAS-002,PL-03,5,20.32,8,USD,Shipped
SO-100350,1,2025-03-17,2025-03-29,C-0034,P-MET-012,PL-03,1,63.75,10,USD,Shipped
SO-100350,2,2025-03-17,2025-03-24,C-0034,P-MET-002,PL-04,4,89.08,2,USD,Shipped
SO-100350,3,2025-03-17,2025-03-19,C-0034,P-ENC-009,PL-03,2,193.70,8,USD,Shipped
SO-100417,1,2025-03-17,2025-03-29,C-0121,P-FAS-009,PL-03,10,28.55,0,USD,Shipped
SO-100417,2,2025-03-17,2025-03-25,C-0121,P-FAS-005,PL-01,11,12.42,0,USD,Shipped
SO-100294,1,2025-03-18,2025-04-02,C-0057,P-FAS-009,PL-02,23,27.15,0,USD,Shipped
SO-100294,2,2025-03-18,2025-04-04,C-0057,P-FAS-005,PL-03,12,12.33,2,USD,Shipped
SO-100349,1,2025-03-18,2025-03-31,C-0035,P-STR-002,PL-01,7,676.77,10,USD,Shipped
SO-100351,1,2025-03-18,2025-03-26,C-0138,P-FAS-011,PL-01,28,28.27,10,USD,Shipped
SO-100351,2,2025-03-18,2025-04-08,C-0138,P-MET-003,PL-04,6,111.43,0,USD,Shipped
SO-100359,1,2025-03-18,2025-04-03,C-0055,P-ENC-004,PL-03,7,239.78,2,USD,Shipped
SO-100369,1,2025-03-18,2025-04-05,C-0110,P-FAS-008,PL-01,15,28.75,2,USD,Shipped
SO-100316,1,2025-03-19,2025-03-21,C-0089,P-FAS-007,PL-02,6,17.70,5,USD,Shipped
SO-100316,2,2025-03-19,2025-03-21,C-0089,P-ENC-004,PL-03,3,237.03,0,USD,Shipped
SO-100334,1,2025-03-19,2025-03-29,C-0076,P-MET-008,PL-02,5,81.49,5,USD,Shipped
SO-100405,1,2025-03-19,2025-03-24,C-0068,P-FAS-006,PL-01,6,18.55,5,USD,Shipped
SO-100322,1,2025-03-20,2025-03-26,C-0019,P-STR-004,PL-01,5,382.68,5,USD,Shipped
SO-100322,2,2025-03-20,2025-04-03,C-0019,P-FAB-011,PL-04,2,2053.23,2,USD,Shipped
SO-100377,1,2025-03-20,2025-03-25,C-0139,P-MET-007,PL-02,3,134.80,10,USD,Shipped
SO-100379,1,2025-03-20,2025-04-05,C-0037,P-FAS-006,PL-01,8,17.86,0,USD,Shipped
SO-100399,1,2025-03-20,2025-04-01,C-0013,P-FAB-002,PL-03,2,1085.72,2,USD,Shipped
SO-100402,1,2025-03-20,2025-03-28,C-0028,P-STR-001,PL-01,9,378.85,0,USD,Shipped
SO-100402,2,2025-03-20,2025-04-08,C-0028,P-FAS-006,PL-02,12,18.44,8,USD,Shipped
SO-100409,1,2025-03-20,,C-0047,P-MET-010,PL-04,2,98.18,8,USD,Cancelled
SO-100410,1,2025-03-20,2025-04-02,C-0067,P-MET-001,PL-02,2,63.85,8,USD,Shipped
SO-100280,1,2025-03-21,2025-03-27,C-0001,P-STR-008,PL-03,5,659.29,0,USD,Shipped
SO-100286,1,2025-03-21,2025-03-25,C-0097,P-MET-010,PL-04,4,97.05,0,USD,Shipped
SO-100318,1,2025-03-21,2025-04-07,C-0133,P-STR-010,PL-03,1,383.86,2,USD,Shipped
SO-100318,2,2025-03-21,2025-04-03,C-0133,P-FAB-009,PL-03,2,2099.30,0,USD,Shipped
SO-100376,1,2025-03-21,2025-04-08,C-0077,P-ENC-001,PL-01,3,170.94,0,USD,Shipped
SO-100376,2,2025-03-21,2025-04-11,C-0077,P-MET-007,PL-01,5,128.56,0,USD,Shipped
SO-100376,3,2025-03-21,2025-04-05,C-0077,P-FAB-005,PL-01,1,1690.70,0,USD,Shipped
SO-100383,1,2025-03-21,2025-04-07,C-0120,P-STR-004,PL-03,4,387.25,5,USD,Shipped
SO-100387,1,2025-03-21,2025-04-06,C-0135,P-FAS-012,PL-04,27,24.68,0,USD,Shipped
SO-100408,1,2025-03-21,2025-03-25,C-0023,P-MET-003,PL-04,2,116.55,10,USD,Shipped
SO-100408,2,2025-03-21,2025-04-11,C-0023,P-ENC-008,PL-02,5,274.16,0,USD,Shipped
SO-100408,3,2025-03-21,2025-04-09,C-0023,P-FAS-006,PL-01,3,17.80,8,USD,Shipped
SO-100420,1,2025-03-21,2025-04-11,C-0042,P-ENC-006,PL-02,2,249.80,5,USD,Shipped
SO-100420,2,2025-03-21,2025-04-06,C-0042,P-MET-004,PL-02,8,92.23,5,USD,Shipped
SO-100425,1,2025-03-21,2025-04-09,C-0081,P-STR-002,PL-04,2,665.28,0,USD,Shipped
SO-100291,1,2025-03-22,2025-03-26,C-0048,P-FAS-011,PL-01,20,28.23,7,USD,Shipped
SO-100313,1,2025-03-22,,C-0013,P-FAS-003,PL-02,13,11.25,0,USD,Cancelled
SO-100326,1,2025-03-22,2025-03-28,C-0081,P-FAS-012,PL-02,15,23.64,2,USD,Shipped
SO-100386,1,2025-03-22,2025-04-05,C-0095,P-MET-006,PL-04,3,86.23,0,USD,Shipped
SO-100341,1,2025-03-23,2025-04-07,C-0019,P-STR-006,PL-01,2,569.47,5,USD,Shipped
SO-100341,2,2025-03-23,2025-03-27,C-0019,P-MET-003,PL-02,6,115.91,10,USD,Shipped
SO-100341,3,2025-03-23,2025-04-06,C-0019,P-MET-007,PL-02,3,128.92,2,USD,Shipped
SO-100385,1,2025-03-23,2025-04-01,C-0098,P-FAS-011,PL-04,11,28.24,0,USD,Shipped
SO-100392,1,2025-03-23,2025-04-06,C-0127,P-FAB-002,PL-01,1,1049.12,10,USD,Shipped
SO-100392,2,2025-03-23,2025-04-12,C-0127,P-STR-006,PL-04,1,570.47,10,USD,Shipped
SO-100422,1,2025-03-23,2025-03-26,C-0005,P-MET-004,PL-03,3,88.94,0,USD,Shipped
SO-100422,2,2025-03-23,2025-04-09,C-0005,P-FAS-012,PL-03,12,24.19,10,USD,Shipped
SO-100422,3,2025-03-23,2025-03-27,C-0005,P-MET-004,PL-03,3,89.32,5,USD,Shipped
SO-100305,1,2025-03-24,2025-04-02,C-0041,P-FAB-001,PL-03,1,1989.95,0,USD,Shipped
SO-100340,1,2025-03-24,2025-04-08,C-0010,P-FAS-001,PL-04,6,26.25,10,USD,Shipped
SO-100340,2,2025-03-24,2025-04-02,C-0010,P-MET-003,PL-02,4,112.18,5,USD,Shipped
SO-100340,3,2025-03-24,2025-04-07,C-0010,P-ENC-003,PL-01,4,266.95,10,USD,Shipped
SO-100355,1,2025-03-24,2025-04-04,C-0052,P-FAS-008,PL-04,6,29.02,5,USD,Shipped
SO-100355,2,2025-03-24,2025-04-12,C-0052,P-STR-004,PL-02,1,375.75,0,USD,Shipped
SO-100384,1,2025-03-24,2025-04-07,C-0037,P-FAB-007,PL-02,3,1042.88,2,USD,Shipped
SO-100384,2,2025-03-24,2025-03-27,C-0037,P-STR-004,PL-01,3,385.68,8,USD,Shipped
SO-100404,1,2025-03-24,2025-04-06,C-0007,P-FAS-002,PL-03,5,20.23,0,USD,Shipped
SO-100404,2,2025-03-24,2025-04-10,C-0007,P-FAS-008,PL-02,4,29.25,0,USD,Shipped
SO-100416,1,2025-03-24,2025-03-30,C-0076,P-MET-007,PL-02,6,128.38,5,USD,Shipped
SO-100423,1,2025-03-24,2025-04-09,C-0070,P-STR-011,PL-02,4,467.35,8,USD,Shipped
SO-100281,1,2025-03-25,2025-04-10,C-0114,P-ENC-007,PL-01,4,359.46,0,USD,Shipped
SO-100281,2,2025-03-25,2025-04-12,C-0114,P-MET-007,PL-02,10,132.59,0,USD,Shipped
SO-100292,1,2025-03-25,2025-03-29,C-0041,P-FAS-003,PL-04,12,11.85,10,USD,Shipped
SO-100292,2,2025-03-25,2025-04-12,C-0041,P-FAS-002,PL-03,7,20.56,0,USD,Shipped
SO-100302,1,2025-03-25,2025-04-09,C-0009,P-ENC-011,PL-02,4,230.20,0,USD,Shipped
SO-100317,1,2025-03-25,2025-04-13,C-0049,P-MET-006,PL-02,15,84.00,5,USD,Shipped
SO-100317,2,2025-03-25,2025-03-28,C-0049,P-STR-012,PL-04,10,272.24,0,USD,Shipped
SO-100335,1,2025-03-25,2025-04-07,C-0096,P-FAS-004,PL-04,26,19.78,5,USD,Shipped
SO-100335,2,2025-03-25,2025-04-12,C-0096,P-FAS-009,PL-01,13,28.04,10,USD,Shipped
SO-100374,1,2025-03-25,2025-04-09,C-0066,P-FAB-005,PL-02,5,1736.67,5,USD,Shipped
SO-100374,2,2025-03-25,2025-03-30,C-0066,P-FAB-008,PL-04,4,1411.18,7,USD,Shipped
SO-100374,3,2025-03-25,2025-04-09,C-0066,P-FAS-006,PL-04,9,18.09,5,USD,Shipped
SO-100393,1,2025-03-25,2025-04-14,C-0057,P-FAB-012,PL-03,4,1196.46,5,USD,Shipped
SO-100393,2,2025-03-25,,C-0057,P-ENC-011,PL-03,5,222.58,0,USD,Cancelled
SO-100403,1,2025-03-25,2025-04-05,C-0069,P-STR-007,PL-04,4,415.74,10,USD,Shipped
SO-100403,2,2025-03-25,2025-03-23,C-0069,P-MET-010,PL-03,3,99.16,5,USD,Shipped
SO-100426,1,2025-03-25,2025-04-03,C-0034,P-FAS-007,PL-03,19,17.92,5,USD,Shipped
SO-100303,1,2025-03-26,2025-04-09,C-0006,P-FAS-005,PL-04,4,12.30,5,USD,Shipped
SO-100303,2,2025-03-26,2025-04-15,C-0006,P-FAS-003,PL-02,11,11.49,5,USD,Shipped
SO-100303,3,2025-03-26,,C-0006,P-FAS-005,PL-01,7,12.28,0,USD,Cancelled
SO-100346,1,2025-03-26,2025-03-31,C-0065,P-FAS-009,PL-02,8,27.88,0,USD,Shipped
SO-100357,1,2025-03-26,2025-04-08,C-0136,P-FAS-012,PL-04,9,24.07,8,USD,Shipped
SO-100357,2,2025-03-26,2025-04-10,C-0136,P-FAS-007,PL-04,4,17.46,0,USD,Shipped
SO-100360,1,2025-03-26,2025-04-08,C-0135,P-ENC-008,PL-03,3,272.08,8,USD,Shipped
SO-100365,1,2025-03-26,2025-03-28,C-0095,P-MET-002,PL-04,2,87.92,10,USD,Shipped
SO-100375,1,2025-03-26,2025-03-30,C-0019,P-MET-012,PL-01,2,65.91,5,USD,Shipped
SO-100375,2,2025-03-26,2025-03-31,C-0019,P-STR-001,PL-01,3,363.62,0,USD,Shipped
SO-100290,1,2025-03-27,2025-04-01,C-0006,P-ENC-011,PL-04,11,227.97,8,USD,Shipped
SO-100298,1,2025-03-27,2025-04-16,C-0101,P-FAB-005,PL-04,6,1731.82,5,USD,Shipped
SO-100368,1,2025-03-27,2025-04-07,C-0002,P-STR-003,PL-04,2,284.01,8,USD,Shipped
SO-100368,2,2025-03-27,2025-04-15,C-0002,P-STR-010,PL-01,5,367.59,5,USD,Shipped
SO-100389,1,2025-03-27,2025-03-31,C-0004,P-FAS-003,PL-04,9,11.69,0,USD,Shipped
SO-100421,1,2025-03-27,2025-04-03,C-0138,P-STR-007,PL-04,3,407.47,5,USD,Shipped
SO-100432,1,2025-03-27,2025-04-08,C-0013,P-FAS-003,PL-02,24,11.22,0,USD,Shipped
SO-100285,1,2025-03-28,2025-04-07,C-0020,P-FAS-001,PL-02,9,26.68,0,USD,Shipped
SO-100338,1,2025-03-28,2025-04-11,C-0085,P-STR-008,PL-01,5,666.31,0,USD,Shipped
SO-100338,2,2025-03-28,2025-04-08,C-0085,P-MET-012,PL-01,1,66.80,0,USD,Shipped
SO-100339,1,2025-03-28,2025-04-06,C-0131,P-MET-003,PL-02,5,111.73,8,USD,Shipped
SO-100390,1,2025-03-28,2025-04-17,C-0018,P-FAS-002,PL-03,10,20.62,8,USD,Shipped
SO-100390,2,2025-03-28,2025-04-16,C-0018,P-STR-007,PL-03,4,408.82,10,USD,Shipped
SO-100401,1,2025-03-28,2025-04-09,C-0102,P-FAS-008,PL-02,6,28.07,0,USD,Shipped
SO-100401,2,2025-03-28,2025-04-14,C-0102,P-STR-010,PL-03,3,382.43,8,USD,Shipped
SO-100287,1,2025-03-29,2025-04-09,C-0008,P-FAS-005,PL-04,7,12.59,2,USD,Shipped
SO-100311,1,2025-03-29,2025-04-17,C-0102,P-FAS-012,PL-02,8,23.99,0,USD,Shipped
SO-100321,1,2025-03-29,2025-04-12,C-0115,P-FAS-006,PL-02,13,18.58,0,USD,Shipped
SO-100325,1,2025-03-29,2025-04-08,C-0046,P-MET-006,PL-01,4,84.18,0,USD,Shipped
SO-100371,1,2025-03-29,2025-04-19,C-0042,P-FAS-007,PL-01,9,16.96,10,USD,Shipped
SO-100414,1,2025-03-29,2025-03-31,C-0128,P-MET-008,PL-02,4,84.09,8,USD,Shipped
SO-100414,2,2025-03-29,2025-04-05,C-0128,P-STR-009,PL-02,5,286.99,10,USD,Shipped
SO-100433,1,2025-03-29,2025-04-02,C-0109,P-STR-004,PL-02,6,384.66,8,USD,Shipped
SO-100433,2,2025-03-29,2025-04-09,C-0109,P-FAS-005,PL-03,51,12.40,8,USD,Shipped
SO-100433,3,2025-03-29,2025-04-12,C-0109,P-MET-011,PL-04,4,105.33,8,USD,Shipped
SO-100295,1,2025-03-30,2025-04-04,C-0029,P-STR-006,PL-04,3,566.59,5,USD,Shipped
SO-100295,2,2025-03-30,2025-04-20,C-0029,P-FAS-001,PL-01,9,25.69,8,USD,Shipped
SO-100296,1,2025-03-30,2025-04-04,C-0054,P-MET-007,PL-03,3,130.72,0,USD,Shipped
SO-100296,2,2025-03-30,2025-04-02,C-0054,P-MET-009,PL-03,1,130.27,2,USD,Shipped
SO-100319,1,2025-03-30,2025-04-04,C-0111,P-FAS-003,PL-01,5,11.71,5,USD,Shipped
SO-100424,1,2025-03-30,2025-04-05,C-0007,P-MET-003,PL-03,2,114.78,5,USD,Shipped
SO-100428,1,2025-03-30,2025-04-14,C-0043,P-MET-004,PL-04,1,90.53,5,USD,Shipped
SO-100428,2,2025-03-30,2025-04-16,C-0043,P-FAS-006,PL-04,3,18.61,5,USD,Shipped
SO-100428,3,2025-03-30,2025-04-05,C-0043,P-FAS-011,PL-01,11,28.15,5,USD,Shipped
SO-100436,1,2025-03-30,2025-04-19,C-0025,P-ENC-004,PL-04,3,234.55,5,USD,Shipped
SO-100315,1,2025-03-31,2025-04-06,C-0130,P-STR-006,PL-02,2,561.78,0,USD,Shipped
SO-100388,1,2025-03-31,2025-04-20,C-0053,P-STR-005,PL-01,2,351.24,8,USD,Shipped
SO-100468,1,2025-04-01,2025-04-14,C-0026,P-FAS-007,PL-03,4,17.87,2,USD,Shipped
SO-100468,2,2025-04-01,2025-04-03,C-0026,P-FAS-010,PL-01,7,18.59,0,USD,Shipped
SO-100478,1,2025-04-01,2025-04-15,C-0125,P-FAS-006,PL-04,6,17.78,0,USD,Shipped
SO-100478,2,2025-04-01,2025-04-03,C-0125,P-FAS-012,PL-02,9,24.09,10,USD,Shipped
SO-100488,1,2025-04-01,2025-04-19,C-0126,P-STR-002,PL-03,3,665.98,0,USD,Shipped
SO-100488,2,2025-04-01,2025-04-15,C-0126,P-MET-001,PL-03,2,63.08,2,USD,Shipped
SO-100488,3,2025-04-01,2025-04-04,C-0126,P-FAS-008,PL-04,22,28.95,0,USD,Shipped
SO-100532,1,2025-04-01,2025-04-06,C-0124,P-FAB-001,PL-03,2,2070.14,10,USD,Shipped
SO-100532,2,2025-04-01,2025-04-10,C-0124,P-STR-005,PL-03,7,347.20,15,USD,Shipped
SO-100532,3,2025-04-01,2025-04-18,C-0124,P-FAB-005,PL-02,4,1691.08,15,USD,Shipped
SO-100565,1,2025-04-01,2025-04-06,C-0027,P-FAS-002,PL-02,10,19.88,10,USD,Shipped
SO-100565,2,2025-04-01,2025-04-05,C-0027,P-STR-004,PL-02,2,371.00,0,USD,Shipped
SO-100565,3,2025-04-01,2025-04-14,C-0027,P-FAB-005,PL-01,6,1678.08,8,USD,Shipped
SO-100572,1,2025-04-01,2025-04-09,C-0133,P-MET-011,PL-04,2,105.49,0,USD,Shipped
SO-100605,1,2025-04-01,2025-04-05,C-0047,P-MET-008,PL-03,1,82.53,5,USD,Shipped
SO-100617,1,2025-04-01,2025-04-14,C-0032,P-MET-005,PL-01,13,125.98,0,USD,Shipped
SO-100642,1,2025-04-01,2025-04-08,C-0129,P-MET-008,PL-02,1,85.07,0,USD,Shipped
SO-100459,1,2025-04-02,2025-04-18,C-0097,P-STR-008,PL-04,4,659.59,5,USD,Shipped
SO-100459,2,2025-04-02,2025-04-04,C-0097,P-MET-011,PL-02,5,104.14,2,USD,Shipped
SO-100481,1,2025-04-02,2025-04-15,C-0048,P-MET-004,PL-01,1,90.87,5,USD,Shipped
SO-100527,1,2025-04-02,2025-04-15,C-0092,P-FAS-011,PL-02,4,27.69,0,USD,Shipped
SO-100551,1,2025-04-02,2025-04-22,C-0027,P-FAS-003,PL-03,8,11.81,8,USD,Shipped
SO-100551,2,2025-04-02,2025-04-06,C-0027,P-FAS-002,PL-02,3,20.64,0,USD,Shipped
SO-100551,3,2025-04-02,2025-04-15,C-0027,P-FAS-011,PL-03,9,28.37,8,USD,Shipped
SO-100558,1,2025-04-02,2025-04-16,C-0019,P-FAS-009,PL-01,4,27.09,0,USD,Shipped
SO-100574,1,2025-04-02,2025-04-04,C-0076,P-ENC-003,PL-02,13,265.64,10,USD,Shipped
SO-100599,1,2025-04-02,2025-04-18,C-0059,P-ENC-011,PL-03,6,227.06,0,USD,Shipped
SO-100599,2,2025-04-02,2025-04-07,C-0059,P-MET-002,PL-03,1,89.61,2,USD,Shipped
SO-100599,3,2025-04-02,2025-04-06,C-0059,P-MET-011,PL-03,1,107.46,10,USD,Shipped
SO-100614,1,2025-04-02,2025-04-22,C-0029,P-MET-003,PL-04,2,111.39,10,USD,Shipped
SO-100614,2,2025-04-02,2025-04-10,C-0029,P-MET-005,PL-01,3,127.46,0,USD,Shipped
SO-100615,1,2025-04-02,2025-04-05,C-0024,P-FAS-010,PL-03,4,18.77,5,USD,Shipped
SO-100615,2,2025-04-02,2025-04-21,C-0024,P-FAS-009,PL-01,8,28.17,5,USD,Shipped
SO-100500,1,2025-04-03,2025-04-07,C-0078,P-MET-005,PL-04,4,127.20,2,USD,Shipped
SO-100511,1,2025-04-03,2025-04-16,C-0026,P-MET-012,PL-01,3,64.99,0,USD,Shipped
SO-100511,2,2025-04-03,2025-04-15,C-0026,P-FAS-002,PL-04,8,20.08,2,USD,Shipped
SO-100512,1,2025-04-03,2025-04-06,C-0016,P-MET-005,PL-03,3,129.86,8,USD,Shipped
SO-100512,2,2025-04-03,2025-04-10,C-0016,P-MET-005,PL-04,3,126.92,0,USD,Shipped
SO-100512,3,2025-04-03,2025-04-14,C-0016,P-ENC-003,PL-02,6,277.15,2,USD,Shipped
SO-100516,1,2025-04-03,2025-04-09,C-0096,P-ENC-009,PL-01,6,186.00,0,USD,Shipped
SO-100516,2,2025-04-03,2025-04-13,C-0096,P-FAS-012,PL-03,15,24.14,0,USD,Shipped
SO-100556,1,2025-04-03,2025-04-13,C-0048,P-MET-007,PL-01,3,132.76,5,USD,Shipped
SO-100556,2,2025-04-03,2025-04-12,C-0048,P-ENC-004,PL-01,6,239.80,5,USD,Shipped
SO-100556,3,2025-04-03,2025-04-05,C-0048,P-FAB-006,PL-04,3,1213.59,5,USD,Shipped
SO-100577,1,2025-04-03,2025-04-17,C-0066,P-FAB-002,PL-03,8,1097.96,10,USD,Shipped
SO-100577,2,2025-04-03,2025-04-06,C-0066,P-ENC-009,PL-04,5,186.74,10,USD,Shipped
SO-100577,3,2025-04-03,2025-04-07,C-0066,P-STR-002,PL-04,1,674.18,10,USD,Shipped
SO-100626,1,2025-04-03,2025-04-10,C-0060,P-MET-001,PL-02,4,65.08,5,USD,Shipped
SO-100626,2,2025-04-03,2025-04-13,C-0060,P-MET-007,PL-02,4,133.46,2,USD,Shipped
SO-100626,3,2025-04-03,2025-04-06,C-0060,P-FAS-005,PL-02,31,12.40,5,USD,Shipped
SO-100439,1,2025-04-04,2025-04-18,C-0099,P-FAB-001,PL-02,1,2069.67,13,USD,Shipped
SO-100439,2,2025-04-04,2025-04-13,C-0099,P-MET-003,PL-03,1,116.90,15,USD,Shipped
SO-100439,3,2025-04-04,2025-04-23,C-0099,P-FAS-001,PL-03,4,25.93,10,USD,Shipped
SO-100452,1,2025-04-04,2025-04-14,C-0103,P-FAS-002,PL-02,13,20.84,8,USD,Shipped
SO-100469,1,2025-04-04,2025-04-17,C-0139,P-FAS-011,PL-04,6,28.62,5,USD,Shipped
SO-100469,2,2025-04-04,2025-04-21,C-0139,P-ENC-005,PL-01,2,188.16,8,USD,Shipped
SO-100469,3,2025-04-04,2025-04-24,C-0139,P-ENC-002,PL-03,4,360.25,5,USD,Shipped
SO-100483,1,2025-04-04,2025-04-06,C-0056,P-ENC-008,PL-02,4,284.51,0,USD,Shipped
SO-100486,1,2025-04-04,2025-04-11,C-0081,P-MET-003,PL-03,3,118.15,0,USD,Shipped
SO-100487,1,2025-04-04,2025-04-15,C-0032,P-FAB-009,PL-01,4,2101.03,0,USD,Shipped
SO-100487,2,2025-04-04,,C-0032,P-STR-004,PL-04,3,383.23,8,USD,Cancelled
SO-100504,1,2025-04-04,2025-04-11,C-0099,P-MET-007,PL-01,2,135.18,7,USD,Shipped
SO-100504,2,2025-04-04,2025-04-10,C-0099,P-STR-002,PL-01,3,646.72,10,USD,Shipped
SO-100566,1,2025-04-04,2025-04-10,C-0110,P-ENC-004,PL-04,3,227.82,2,USD,Shipped
SO-100566,2,2025-04-04,2025-04-14,C-0110,P-FAS-012,PL-02,5,24.77,8,USD,Shipped
SO-100566,3,2025-04-04,2025-04-13,C-0110,P-MET-005,PL-01,3,128.40,0,USD,Shipped
SO-100576,1,2025-04-04,2025-04-17,C-0077,P-ENC-002,PL-02,4,346.28,8,USD,Shipped
SO-100583,1,2025-04-04,2025-04-19,C-0034,P-FAS-003,PL-03,4,11.58,2,USD,Shipped
SO-100587,1,2025-04-04,2025-04-12,C-0009,P-ENC-001,PL-04,6,164.95,10,USD,Shipped
SO-100587,2,2025-04-04,2025-04-13,C-0009,P-MET-001,PL-04,5,65.59,0,USD,Shipped
SO-100629,1,2025-04-04,2025-04-22,C-0033,P-ENC-005,PL-01,7,182.04,10,USD,Shipped
SO-100450,1,2025-04-05,2025-04-16,C-0099,P-ENC-008,PL-03,2,283.19,5,USD,Shipped
SO-100476,1,2025-04-05,2025-04-20,C-0061,P-STR-007,PL-03,5,395.88,8,USD,Shipped
SO-100492,1,2025-04-05,2025-04-21,C-0007,P-MET-004,PL-03,5,89.72,5,USD,Shipped
SO-100540,1,2025-04-05,2025-04-08,C-0094,P-MET-009,PL-04,5,131.73,10,USD,Shipped
SO-100540,2,2025-04-05,2025-04-09,C-0094,P-FAS-001,PL-02,2,26.61,5,USD,Shipped
SO-100540,3,2025-04-05,2025-04-24,C-0094,P-FAS-005,PL-01,4,12.72,10,USD,Shipped
SO-100554,1,2025-04-05,2025-04-11,C-0025,P-ENC-009,PL-04,8,186.44,5,USD,Shipped
SO-100554,2,2025-04-05,2025-04-07,C-0025,P-STR-003,PL-03,4,294.10,0,USD,Shipped
SO-100563,1,2025-04-05,2025-04-21,C-0116,P-FAS-003,PL-01,4,11.52,10,USD,Shipped
SO-100568,1,2025-04-05,,C-0013,P-FAS-004,PL-02,11,19.81,10,USD,Cancelled
SO-100568,2,2025-04-05,2025-04-17,C-0013,P-MET-002,PL-02,1,87.23,0,USD,Shipped
SO-100598,1,2025-04-05,2025-04-11,C-0095,P-MET-002,PL-03,2,89.74,8,USD,Shipped
SO-100601,1,2025-04-05,2025-04-20,C-0056,P-ENC-002,PL-04,1,355.94,5,USD,Shipped
SO-100641,1,2025-04-05,2025-04-23,C-0058,P-ENC-008,PL-01,2,284.29,0,USD,Shipped
SO-100457,1,2025-04-06,2025-04-15,C-0017,P-FAS-011,PL-02,10,27.78,0,USD,Shipped
SO-100457,2,2025-04-06,2025-04-10,C-0017,P-ENC-003,PL-02,5,274.52,0,USD,Shipped
SO-100461,1,2025-04-06,2025-04-27,C-0056,P-STR-012,PL-01,3,272.32,5,USD,Shipped
SO-100467,1,2025-04-06,2025-04-18,C-0055,P-FAS-010,PL-01,7,18.74,0,USD,Shipped
SO-100467,2,2025-04-06,2025-04-22,C-0055,P-MET-007,PL-02,4,134.26,5,USD,Shipped
SO-100467,3,2025-04-06,2025-04-21,C-0055,P-FAS-009,PL-02,7,28.11,8,USD,Shipped
SO-100498,1,2025-04-06,2025-04-12,C-0092,P-FAB-004,PL-01,4,1333.69,0,USD,Shipped
SO-100498,2,2025-04-06,2025-04-15,C-0092,P-FAS-002,PL-03,24,20.78,5,USD,Shipped
SO-100498,3,2025-04-06,2025-04-12,C-0092,P-FAS-007,PL-01,10,17.09,0,USD,Shipped
SO-100524,1,2025-04-06,2025-04-25,C-0007,P-FAS-003,PL-03,15,11.82,0,USD,Shipped
SO-100534,1,2025-04-06,2025-04-20,C-0059,P-FAS-003,PL-03,6,11.73,0,USD,Shipped
SO-100555,1,2025-04-06,2025-04-08,C-0106,P-FAS-011,PL-03,8,27.45,5,USD,Shipped
SO-100555,2,2025-04-06,2025-04-16,C-0106,P-FAS-012,PL-04,4,24.74,0,USD,Shipped
SO-100570,1,2025-04-06,2025-04-24,C-0042,P-FAS-011,PL-04,8,27.73,10,USD,Shipped
SO-100630,1,2025-04-06,2025-04-13,C-0044,P-FAS-001,PL-03,10,26.36,0,USD,Shipped
SO-100630,2,2025-04-06,2025-04-16,C-0044,P-STR-006,PL-02,2,562.75,10,USD,Shipped
SO-100630,3,2025-04-06,2025-04-20,C-0044,P-FAS-006,PL-02,2,18.70,0,USD,Shipped
SO-100446,1,2025-04-07,2025-04-13,C-0027,P-MET-005,PL-04,3,130.52,8,USD,Shipped
SO-100446,2,2025-04-07,2025-04-14,C-0027,P-ENC-006,PL-02,5,244.28,5,USD,Shipped
SO-100510,1,2025-04-07,2025-04-10,C-0023,P-FAS-011,PL-04,15,28.85,0,USD,Shipped
SO-100564,1,2025-04-07,2025-04-20,C-0031,P-FAS-009,PL-02,13,28.20,5,USD,Shipped
SO-100564,2,2025-04-07,2025-04-14,C-0031,P-FAS-007,PL-02,7,17.42,10,USD,Shipped
SO-100564,3,2025-04-07,2025-04-15,C-0031,P-FAS-003,PL-02,4,11.86,5,USD,Shipped
SO-100573,1,2025-04-07,2025-04-13,C-0107,P-FAB-003,PL-01,4,1827.97,5,USD,Shipped
SO-100573,2,2025-04-07,2025-04-24,C-0107,P-MET-011,PL-01,3,109.16,0,USD,Shipped
SO-100591,1,2025-04-07,2025-04-28,C-0002,P-FAS-005,PL-01,3,12.45,5,USD,Shipped
SO-100448,1,2025-04-08,2025-04-10,C-0011,P-FAS-011,PL-04,4,29.10,10,USD,Shipped
SO-100448,2,2025-04-08,2025-04-19,C-0011,P-ENC-004,PL-02,4,236.94,0,USD,Shipped
SO-100448,3,2025-04-08,2025-04-22,C-0011,P-MET-003,PL-02,2,114.43,0,USD,Shipped
SO-100453,1,2025-04-08,2025-04-11,C-0125,P-ENC-010,PL-02,2,214.86,10,USD,Shipped
SO-100453,2,2025-04-08,2025-04-29,C-0125,P-FAS-005,PL-01,7,12.60,8,USD,Shipped
SO-100499,1,2025-04-08,2025-04-18,C-0013,P-STR-010,PL-01,4,363.37,0,USD,Shipped
SO-100499,2,2025-04-08,2025-04-20,C-0013,P-ENC-011,PL-04,2,219.79,2,USD,Shipped
SO-100517,1,2025-04-08,2025-04-11,C-0080,P-FAS-004,PL-04,7,20.66,0,USD,Shipped
SO-100517,2,2025-04-08,2025-04-17,C-0080,P-STR-007,PL-03,17,409.81,0,USD,Shipped
SO-100517,3,2025-04-08,2025-04-20,C-0080,P-MET-011,PL-02,2,109.53,0,USD,Shipped
SO-100549,1,2025-04-08,2025-04-13,C-0129,P-STR-002,PL-02,1,665.16,0,USD,Shipped
SO-100549,2,2025-04-08,2025-04-22,C-0129,P-MET-007,PL-01,3,135.84,0,USD,Shipped
SO-100552,1,2025-04-08,,C-0052,P-STR-003,PL-03,4,293.45,0,USD,Cancelled
SO-100552,2,2025-04-08,2025-04-15,C-0052,P-STR-011,PL-04,6,471.81,2,USD,Shipped
SO-100604,1,2025-04-08,2025-04-24,C-0093,P-FAS-004,PL-04,16,20.02,8,USD,Shipped
SO-100612,1,2025-04-08,2025-04-25,C-0117,P-ENC-007,PL-02,2,361.00,0,USD,Shipped
SO-100612,2,2025-04-08,2025-04-22,C-0117,P-FAS-009,PL-03,24,28.51,0,USD,Shipped
SO-100635,1,2025-04-08,2025-04-23,C-0014,P-ENC-005,PL-03,3,181.48,5,USD,Shipped
SO-100639,1,2025-04-08,2025-04-19,C-0026,P-STR-006,PL-02,7,551.72,0,USD,Shipped
SO-100639,2,2025-04-08,2025-04-11,C-0026,P-ENC-010,PL-03,1,221.76,0,USD,Shipped
SO-100471,1,2025-04-09,,C-0042,P-MET-008,PL-04,2,84.57,5,USD,Cancelled
SO-100491,1,2025-04-09,2025-04-23,C-0108,P-MET-006,PL-03,6,85.07,2,USD,Shipped
SO-100584,1,2025-04-09,2025-04-22,C-0062,P-ENC-002,PL-04,4,344.40,0,USD,Shipped
SO-100584,2,2025-04-09,2025-04-16,C-0062,P-FAS-010,PL-01,4,18.41,0,USD,Shipped
SO-100584,3,2025-04-09,2025-04-18,C-0062,P-FAS-007,PL-03,19,16.94,0,USD,Shipped
SO-100585,1,2025-04-09,2025-04-23,C-0136,P-MET-006,PL-01,2,82.42,8,USD,Shipped
SO-100465,1,2025-04-10,2025-04-16,C-0009,P-FAS-005,PL-03,14,12.92,5,USD,Shipped
SO-100485,1,2025-04-10,2025-04-22,C-0063,P-FAS-006,PL-03,6,17.84,5,USD,Shipped
SO-100485,2,2025-04-10,,C-0063,P-ENC-009,PL-02,1,191.54,10,USD,Cancelled
SO-100497,1,2025-04-10,2025-04-25,C-0120,P-FAB-009,PL-01,14,2093.32,0,USD,Shipped
SO-100497,2,2025-04-10,2025-04-19,C-0120,P-ENC-008,PL-04,3,272.27,8,USD,Shipped
SO-100515,1,2025-04-10,2025-04-29,C-0044,P-FAS-009,PL-03,9,27.97,0,USD,Shipped
SO-100515,2,2025-04-10,2025-04-26,C-0044,P-ENC-012,PL-04,10,356.84,10,USD,Shipped
SO-100588,1,2025-04-10,2025-04-25,C-0082,P-ENC-010,PL-03,1,218.60,2,USD,Shipped
SO-100595,1,2025-04-10,2025-04-28,C-0107,P-FAS-008,PL-03,8,28.05,0,USD,Shipped
SO-100595,2,2025-04-10,2025-04-21,C-0107,P-FAS-011,PL-01,7,29.11,5,USD,Shipped
SO-100620,1,2025-04-10,2025-04-21,C-0112,P-FAS-006,PL-04,4,17.80,0,USD,Shipped
SO-100637,1,2025-04-10,2025-04-15,C-0050,P-MET-012,PL-03,6,63.47,2,USD,Shipped
SO-100637,2,2025-04-10,2025-04-26,C-0050,P-ENC-008,PL-03,11,274.16,5,USD,Shipped
SO-100637,3,2025-04-10,2025-04-28,C-0050,P-MET-010,PL-01,5,98.32,0,USD,Shipped
SO-100443,1,2025-04-11,2025-04-18,C-0058,P-MET-006,PL-02,8,86.86,5,USD,Shipped
SO-100443,2,2025-04-11,2025-04-17,C-0058,P-ENC-010,PL-01,1,222.90,8,USD,Shipped
SO-100460,1,2025-04-11,2025-04-22,C-0063,P-MET-003,PL-03,2,112.07,5,USD,Shipped
SO-100460,2,2025-04-11,2025-04-19,C-0063,P-FAS-010,PL-02,26,17.73,0,USD,Shipped
SO-100460,3,2025-04-11,2025-04-16,C-0063,P-FAS-007,PL-03,12,17.09,0,USD,Shipped
SO-100518,1,2025-04-11,,C-0027,P-MET-003,PL-03,3,116.53,8,USD,Cancelled
SO-100535,1,2025-04-11,2025-04-28,C-0097,P-FAB-002,PL-04,4,1092.99,5,USD,Shipped
SO-100535,2,2025-04-11,2025-04-28,C-0097,P-FAB-009,PL-01,3,2073.57,0,USD,Shipped
SO-100535,3,2025-04-11,2025-04-26,C-0097,P-ENC-007,PL-04,1,351.16,5,USD,Shipped
SO-100608,1,2025-04-11,2025-04-28,C-0072,P-ENC-007,PL-02,3,350.28,5,USD,Shipped
SO-100608,2,2025-04-11,2025-04-18,C-0072,P-MET-008,PL-04,3,82.66,0,USD,Shipped
SO-100454,1,2025-04-12,2025-04-22,C-0025,P-MET-007,PL-03,16,135.47,5,USD,Shipped
SO-100533,1,2025-04-12,2025-04-25,C-0072,P-ENC-009,PL-04,2,190.34,5,USD,Shipped
SO-100533,2,2025-04-12,2025-04-17,C-0072,P-MET-006,PL-01,3,83.39,10,USD,Shipped
SO-100533,3,2025-04-12,2025-05-01,C-0072,P-ENC-007,PL-02,5,360.59,10,USD,Shipped
SO-100571,1,2025-04-12,2025-04-21,C-0019,P-STR-006,PL-04,7,572.44,0,USD,Shipped
SO-100578,1,2025-04-12,2025-04-14,C-0002,P-FAS-010,PL-04,10,18.74,0,USD,Shipped
SO-100578,2,2025-04-12,2025-04-21,C-0002,P-ENC-003,PL-01,3,262.94,0,USD,Shipped
SO-100578,3,2025-04-12,2025-05-03,C-0002,P-FAS-001,PL-02,3,25.61,5,USD,Shipped
SO-100579,1,2025-04-12,2025-05-02,C-0047,P-FAB-007,PL-03,2,1058.21,10,USD,Shipped
SO-100607,1,2025-04-12,2025-04-30,C-0121,P-FAS-001,PL-04,10,26.18,5,USD,Shipped
SO-100625,1,2025-04-12,2025-04-14,C-0007,P-ENC-002,PL-04,9,352.70,8,USD,Shipped
SO-100445,1,2025-04-13,2025-05-04,C-0099,P-MET-002,PL-01,8,88.17,7,USD,Shipped
SO-100445,2,2025-04-13,2025-04-30,C-0099,P-MET-002,PL-04,6,88.27,7,USD,Shipped
SO-100477,1,2025-04-13,2025-04-21,C-0016,P-STR-006,PL-04,3,557.85,0,USD,Shipped
SO-100479,1,2025-04-13,2025-04-26,C-0047,P-FAS-009,PL-02,9,28.28,10,USD,Shipped
SO-100494,1,2025-04-13,2025-04-17,C-0007,P-FAS-012,PL-04,7,24.25,10,USD,Shipped
SO-100494,2,2025-04-13,,C-0007,P-FAS-001,PL-01,6,26.61,0,USD,Cancelled
SO-100506,1,2025-04-13,2025-05-04,C-0106,P-MET-009,PL-01,4,127.29,2,USD,Shipped
SO-100544,1,2025-04-13,2025-04-20,C-0118,P-FAB-010,PL-03,3,1620.22,5,USD,Shipped
SO-100559,1,2025-04-13,2025-04-18,C-0022,P-MET-002,PL-02,4,87.83,5,USD,Shipped
SO-100559,2,2025-04-13,2025-04-15,C-0022,P-ENC-004,PL-01,1,239.11,2,USD,Shipped
SO-100559,3,2025-04-13,2025-04-29,C-0022,P-FAB-009,PL-04,8,2047.91,5,USD,Shipped
SO-100569,1,2025-04-13,2025-05-03,C-0028,P-FAS-012,PL-01,10,24.64,0,USD,Shipped
SO-100503,1,2025-04-14,2025-05-03,C-0041,P-MET-012,PL-01,3,66.00,0,USD,Shipped
SO-100503,2,2025-04-14,2025-05-04,C-0041,P-MET-012,PL-04,1,64.44,0,USD,Shipped
SO-100503,3,2025-04-14,2025-04-26,C-0041,P-FAS-009,PL-04,9,28.35,0,USD,Shipped
SO-100509,1,2025-04-14,,C-0071,P-FAS-012,PL-02,9,24.10,0,USD,Cancelled
SO-100509,2,2025-04-14,2025-04-23,C-0071,P-FAS-002,PL-03,18,19.98,8,USD,Shipped
SO-100548,1,2025-04-14,2025-04-22,C-0096,P-MET-005,PL-01,1,129.61,0,USD,Shipped
SO-100548,2,2025-04-14,2025-04-16,C-0096,P-MET-011,PL-02,5,109.34,10,USD,Shipped
SO-100548,3,2025-04-14,2025-05-05,C-0096,P-MET-009,PL-01,3,130.60,8,USD,Shipped
SO-100561,1,2025-04-14,2025-04-19,C-0015,P-FAS-008,PL-02,20,29.25,0,USD,Shipped
SO-100562,1,2025-04-14,2025-04-24,C-0052,P-ENC-002,PL-02,2,355.49,8,USD,Shipped
SO-100610,1,2025-04-14,2025-05-01,C-0079,P-FAS-006,PL-02,8,17.93,5,USD,Shipped
SO-100610,2,2025-04-14,2025-04-27,C-0079,P-FAS-001,PL-02,8,26.43,2,USD,Shipped
SO-100525,1,2025-04-15,2025-04-20,C-0138,P-FAB-012,PL-01,2,1170.68,5,USD,Shipped
SO-100618,1,2025-04-15,2025-04-25,C-0010,P-FAB-011,PL-03,4,2100.03,10,USD,Shipped
SO-100640,1,2025-04-15,2025-04-26,C-0067,P-FAS-005,PL-03,7,12.71,0,USD,Shipped
SO-100640,2,2025-04-15,2025-05-01,C-0067,P-FAS-008,PL-04,12,27.68,2,USD,Shipped
SO-100438,1,2025-04-16,2025-04-21,C-0103,P-ENC-008,PL-03,3,283.57,5,USD,Shipped
SO-100536,1,2025-04-16,2025-05-04,C-0040,P-ENC-003,PL-02,4,272.88,0,USD,Shipped
SO-100536,2,2025-04-16,2025-04-22,C-0040,P-ENC-002,PL-04,4,343.13,0,USD,Shipped
SO-100536,3,2025-04-16,2025-04-28,C-0040,P-STR-001,PL-01,9,377.59,0,USD,Shipped
SO-100580,1,2025-04-16,2025-04-30,C-0075,P-ENC-003,PL-02,3,271.98,10,USD,Shipped
SO-100580,2,2025-04-16,2025-05-05,C-0075,P-FAS-003,PL-02,9,11.21,0,USD,Shipped
SO-100582,1,2025-04-16,2025-05-01,C-0085,P-MET-010,PL-03,3,100.31,5,USD,Shipped
SO-100582,2,2025-04-16,,C-0085,P-STR-012,PL-01,1,281.72,8,USD,Cancelled
SO-100582,3,2025-04-16,2025-04-22,C-0085,P-STR-012,PL-01,3,272.16,10,USD,Shipped
SO-100586,1,2025-04-16,2025-05-07,C-0047,P-FAS-001,PL-01,4,25.38,0,USD,Shipped
SO-100586,2,2025-04-16,2025-05-01,C-0047,P-MET-005,PL-04,7,128.71,5,USD,Shipped
SO-100593,1,2025-04-16,2025-05-06,C-0117,P-ENC-001,PL-03,5,169.20,0,USD,Shipped
SO-100593,2,2025-04-16,2025-04-26,C-0117,P-FAS-002,PL-04,13,20.95,0,USD,Shipped
SO-100593,3,2025-04-16,2025-04-28,C-0117,P-MET-009,PL-04,14,129.85,0,USD,Shipped
SO-100628,1,2025-04-16,2025-04-19,C-0116,P-MET-008,PL-02,3,83.51,5,USD,Shipped
SO-100628,2,2025-04-16,2025-04-18,C-0116,P-FAB-012,PL-02,4,1151.66,5,USD,Shipped
SO-100628,3,2025-04-16,2025-04-18,C-0116,P-FAB-007,PL-01,3,1025.22,10,USD,Shipped
SO-100473,1,2025-04-17,2025-05-02,C-0121,P-FAS-005,PL-02,8,12.38,5,USD,Shipped
SO-100531,1,2025-04-17,2025-05-02,C-0139,P-MET-011,PL-03,5,107.33,2,USD,Shipped
SO-100531,2,2025-04-17,2025-05-05,C-0139,P-FAS-004,PL-03,5,20.34,0,USD,Shipped
SO-100537,1,2025-04-17,2025-05-02,C-0016,P-FAS-007,PL-03,3,17.75,5,USD,Shipped
SO-100537,2,2025-04-17,2025-04-19,C-0016,P-ENC-009,PL-04,5,188.82,8,USD,Shipped
SO-100537,3,2025-04-17,2025-05-01,C-0016,P-STR-001,PL-03,2,383.94,0,USD,Shipped
SO-100557,1,2025-04-17,2025-04-23,C-0103,P-STR-003,PL-01,2,281.52,5,USD,Shipped
SO-100557,2,2025-04-17,2025-04-21,C-0103,P-MET-009,PL-02,6,133.39,5,USD,Shipped
SO-100567,1,2025-04-17,2025-05-03,C-0094,P-FAS-006,PL-01,6,18.60,5,USD,Shipped
SO-100567,2,2025-04-17,2025-04-24,C-0094,P-FAB-008,PL-03,1,1459.49,10,USD,Shipped
SO-100627,1,2025-04-17,2025-04-21,C-0026,P-FAS-012,PL-03,13,23.81,5,USD,Shipped
SO-100633,1,2025-04-17,2025-05-03,C-0093,P-FAS-007,PL-01,9,17.05,5,USD,Shipped
SO-100633,2,2025-04-17,2025-04-21,C-0093,P-STR-011,PL-03,2,449.92,0,USD,Shipped
SO-100505,1,2025-04-18,2025-04-24,C-0132,P-FAS-006,PL-01,14,18.41,0,USD,Shipped
SO-100505,2,2025-04-18,2025-05-09,C-0132,P-FAS-008,PL-03,3,28.99,0,USD,Shipped
SO-100505,3,2025-04-18,2025-04-25,C-0132,P-FAS-007,PL-04,11,17.85,8,USD,Shipped
SO-100539,1,2025-04-18,2025-04-21,C-0037,P-MET-007,PL-02,2,133.38,5,USD,Shipped
SO-100539,2,2025-04-18,2025-04-28,C-0037,P-STR-005,PL-03,1,341.98,0,USD,Shipped
SO-100575,1,2025-04-18,2025-04-28,C-0035,P-STR-006,PL-04,6,554.11,0,USD,Shipped
SO-100575,2,2025-04-18,2025-05-02,C-0035,P-FAS-005,PL-03,12,12.62,0,USD,Shipped
SO-100616,1,2025-04-18,2025-05-03,C-0060,P-STR-002,PL-02,12,663.64,2,USD,Shipped
SO-100616,2,2025-04-18,2025-04-29,C-0060,P-ENC-002,PL-04,7,348.66,5,USD,Shipped
SO-100632,1,2025-04-18,2025-05-09,C-0094,P-ENC-004,PL-04,1,232.83,0,USD,Shipped
SO-100440,1,2025-04-19,2025-05-05,C-0110,P-FAS-003,PL-01,6,11.34,2,USD,Shipped
SO-100440,2,2025-04-19,2025-05-09,C-0110,P-FAB-007,PL-02,4,1022.26,0,USD,Shipped
SO-100463,1,2025-04-19,2025-04-27,C-0042,P-FAS-007,PL-02,14,17.38,0,USD,Shipped
SO-100493,1,2025-04-19,2025-05-07,C-0073,P-ENC-004,PL-01,10,239.51,2,USD,Shipped
SO-100501,1,2025-04-19,2025-04-28,C-0009,P-MET-008,PL-02,4,84.78,0,USD,Shipped
SO-100507,1,2025-04-19,2025-05-03,C-0005,P-STR-003,PL-04,1,283.96,10,USD,Shipped
SO-100507,2,2025-04-19,2025-04-27,C-0005,P-MET-008,PL-04,5,80.88,0,USD,Shipped
SO-100514,1,2025-04-19,,C-0002,P-FAS-010,PL-01,5,17.96,8,USD,Cancelled
SO-100519,1,2025-04-19,2025-05-02,C-0099,P-STR-009,PL-04,18,292.55,5,USD,Shipped
SO-100528,1,2025-04-19,2025-04-25,C-0021,P-FAS-009,PL-01,7,27.65,2,USD,Shipped
SO-100541,1,2025-04-19,2025-04-26,C-0019,P-FAS-009,PL-03,5,27.09,0,USD,Shipped
SO-100560,1,2025-04-19,2025-05-09,C-0065,P-ENC-011,PL-04,7,221.45,10,USD,Shipped
SO-100560,2,2025-04-19,2025-04-26,C-0065,P-MET-008,PL-04,1,82.39,2,USD,Shipped
SO-100560,3,2025-04-19,2025-05-06,C-0065,P-MET-006,PL-02,3,85.75,8,USD,Shipped
SO-100631,1,2025-04-19,2025-05-04,C-0136,P-MET-001,PL-01,2,63.56,0,USD,Shipped
SO-100634,1,2025-04-19,2025-05-04,C-0050,P-FAS-001,PL-02,4,26.54,8,USD,Shipped
SO-100456,1,2025-04-20,2025-05-01,C-0137,P-FAS-007,PL-02,9,17.68,0,USD,Shipped
SO-100482,1,2025-04-20,2025-05-09,C-0098,P-ENC-004,PL-02,14,230.99,8,USD,Shipped
SO-100482,2,2025-04-20,2025-04-24,C-0098,P-ENC-009,PL-02,8,186.67,0,USD,Shipped
SO-100547,1,2025-04-20,2025-05-07,C-0094,P-MET-010,PL-04,6,99.33,0,USD,Shipped
SO-100602,1,2025-04-20,2025-04-23,C-0053,P-MET-005,PL-03,3,123.53,5,USD,Shipped
SO-100602,2,2025-04-20,2025-05-03,C-0053,P-MET-007,PL-01,4,134.30,5,USD,Shipped
SO-100490,1,2025-04-21,2025-04-24,C-0053,P-FAB-010,PL-01,8,1607.00,8,USD,Shipped
SO-100522,1,2025-04-21,2025-05-08,C-0131,P-FAS-003,PL-03,15,11.50,0,USD,Shipped
SO-100522,2,2025-04-21,2025-05-04,C-0131,P-MET-008,PL-02,4,80.97,5,USD,Shipped
SO-100606,1,2025-04-21,2025-04-24,C-0066,P-MET-011,PL-03,2,106.74,5,USD,Shipped
SO-100606,2,2025-04-21,2025-04-25,C-0066,P-FAB-004,PL-02,2,1304.58,5,USD,Shipped
SO-100606,3,2025-04-21,,C-0066,P-FAB-010,PL-01,1,1651.44,5,USD,Cancelled
SO-100496,1,2025-04-22,2025-04-29,C-0027,P-ENC-006,PL-02,1,251.92,0,USD,Shipped
SO-100496,2,2025-04-22,2025-05-07,C-0027,P-ENC-009,PL-04,2,194.48,5,USD,Shipped
SO-100523,1,2025-04-22,2025-05-08,C-0135,P-STR-008,PL-03,6,682.08,5,USD,Shipped
SO-100523,2,2025-04-22,2025-04-28,C-0135,P-FAS-007,PL-02,6,17.60,5,USD,Shipped
SO-100589,1,2025-04-22,2025-05-01,C-0054,P-MET-006,PL-03,3,86.50,10,USD,Shipped
SO-100589,2,2025-04-22,2025-05-12,C-0054,P-STR-012,PL-02,13,273.72,2,USD,Shipped
SO-100451,1,2025-04-23,2025-04-29,C-0006,P-MET-005,PL-04,5,125.69,10,USD,Shipped
SO-100480,1,2025-04-23,2025-05-02,C-0102,P-FAB-004,PL-02,2,1264.95,2,USD,Shipped
SO-100529,1,2025-04-23,2025-04-28,C-0103,P-FAS-011,PL-01,9,28.00,0,USD,Shipped
SO-100545,1,2025-04-23,2025-04-29,C-0111,P-STR-011,PL-02,4,446.70,0,USD,Shipped
SO-100621,1,2025-04-23,2025-05-14,C-0096,P-FAS-012,PL-02,10,24.02,0,USD,Shipped
SO-100621,2,2025-04-23,2025-05-12,C-0096,P-FAB-001,PL-02,3,2041.14,0,USD,Shipped
SO-100447,1,2025-04-24,2025-05-05,C-0025,P-FAS-001,PL-03,4,25.76,0,USD,Shipped
SO-100447,2,2025-04-24,2025-04-26,C-0025,P-FAB-001,PL-03,3,1989.05,0,USD,Shipped
SO-100474,1,2025-04-24,2025-05-12,C-0111,P-FAB-004,PL-04,1,1295.68,0,USD,Shipped
SO-100553,1,2025-04-24,2025-04-27,C-0136,P-FAS-004,PL-03,13,20.68,5,USD,Shipped
SO-100581,1,2025-04-24,2025-05-07,C-0021,P-FAS-009,PL-03,11,28.48,0,USD,Shipped
SO-100581,2,2025-04-24,2025-05-12,C-0021,P-FAS-006,PL-03,10,18.83,0,USD,Shipped
SO-100624,1,2025-04-24,2025-05-05,C-0064,P-FAS-012,PL-01,3,23.79,5,USD,Shipped
SO-100442,1,2025-04-25,2025-05-09,C-0031,P-MET-009,PL-04,2,132.27,0,USD,Shipped
SO-100442,2,2025-04-25,2025-05-05,C-0031,P-MET-009,PL-03,2,130.13,0,USD,Shipped
SO-100442,3,2025-04-25,2025-05-14,C-0031,P-FAB-005,PL-03,2,1753.66,5,USD,Shipped
SO-100455,1,2025-04-25,2025-05-10,C-0006,P-ENC-006,PL-03,8,244.23,0,USD,Shipped
SO-100464,1,2025-04-25,2025-05-05,C-0018,P-FAS-002,PL-02,61,20.12,5,USD,Shipped
SO-100489,1,2025-04-25,2025-05-03,C-0099,P-STR-003,PL-02,2,287.33,7,USD,Shipped
SO-100521,1,2025-04-25,2025-05-12,C-0099,P-ENC-002,PL-01,2,344.64,10,USD,Shipped
SO-100521,2,2025-04-25,2025-04-27,C-0099,P-MET-002,PL-04,2,89.76,5,USD,Shipped
SO-100603,1,2025-04-25,2025-05-16,C-0093,P-FAS-011,PL-01,8,29.03,5,USD,Shipped
SO-100636,1,2025-04-25,2025-05-05,C-0030,P-MET-001,PL-03,1,63.95,5,USD,Shipped
SO-100636,2,2025-04-25,2025-04-28,C-0030,P-FAS-011,PL-01,23,28.22,5,USD,Shipped
SO-100636,3,2025-04-25,,C-0030,P-MET-004,PL-02,10,92.38,8,USD,Cancelled
SO-100437,1,2025-04-26,2025-05-15,C-0072,P-FAS-001,PL-02,2,26.50,0,USD,Shipped
SO-100437,2,2025-04-26,2025-05-15,C-0072,P-ENC-011,PL-02,6,228.13,2,USD,Shipped
SO-100530,1,2025-04-26,2025-05-10,C-0010,P-ENC-003,PL-01,2,265.54,13,USD,Shipped
SO-100550,1,2025-04-26,2025-05-06,C-0085,P-FAB-007,PL-01,2,1045.47,0,USD,Shipped
SO-100594,1,2025-04-26,2025-05-06,C-0130,P-FAS-012,PL-04,13,23.95,8,USD,Shipped
SO-100609,1,2025-04-26,2025-05-13,C-0068,P-STR-011,PL-02,3,449.84,0,USD,Shipped
SO-100609,2,2025-04-26,2025-05-12,C-0068,P-FAS-001,PL-04,8,25.57,5,USD,Shipped
SO-100472,1,2025-04-27,2025-05-17,C-0132,P-ENC-010,PL-02,1,220.76,0,USD,Shipped
SO-100472,2,2025-04-27,2025-05-18,C-0132,P-FAS-008,PL-04,24,28.62,8,USD,Shipped
SO-100484,1,2025-04-27,2025-05-08,C-0076,P-ENC-010,PL-03,3,223.57,10,USD,Shipped
SO-100508,1,2025-04-27,2025-05-08,C-0120,P-ENC-001,PL-04,1,171.33,0,USD,Shipped
SO-100508,2,2025-04-27,2025-05-16,C-0120,P-FAS-001,PL-03,12,25.49,2,USD,Shipped
SO-100538,1,2025-04-27,,C-0122,P-FAS-001,PL-01,9,25.28,2,USD,Cancelled
SO-100590,1,2025-04-27,2025-05-15,C-0035,P-ENC-004,PL-04,2,238.23,0,USD,Shipped
SO-100590,2,2025-04-27,2025-05-16,C-0035,P-STR-001,PL-04,6,379.72,10,USD,Shipped
SO-100590,3,2025-04-27,2025-05-07,C-0035,P-MET-007,PL-02,5,130.07,2,USD,Shipped
SO-100597,1,2025-04-27,2025-05-05,C-0033,P-ENC-009,PL-01,3,189.80,0,USD,Shipped
SO-100449,1,2025-04-28,2025-05-12,C-0079,P-STR-009,PL-02,5,295.29,5,USD,Shipped
SO-100458,1,2025-04-28,2025-05-06,C-0059,P-FAS-001,PL-02,2,25.59,5,USD,Shipped
SO-100542,1,2025-04-28,2025-05-17,C-0038,P-MET-011,PL-01,3,104.24,0,USD,Shipped
SO-100542,2,2025-04-28,2025-05-09,C-0038,P-MET-009,PL-04,5,134.61,10,USD,Shipped
SO-100542,3,2025-04-28,2025-05-18,C-0038,P-FAS-011,PL-03,4,27.49,5,USD,Shipped
SO-100546,1,2025-04-28,2025-04-30,C-0008,P-MET-003,PL-03,6,114.48,5,USD,Shipped
SO-100592,1,2025-04-28,2025-05-05,C-0072,P-FAS-012,PL-04,8,23.87,0,USD,Shipped
SO-100596,1,2025-04-28,2025-05-07,C-0103,P-MET-012,PL-03,2,65.15,10,USD,Shipped
SO-100596,2,2025-04-28,2025-05-07,C-0103,P-STR-001,PL-02,12,382.48,2,USD,Shipped
SO-100600,1,2025-04-28,2025-05-18,C-0128,P-MET-007,PL-03,2,129.80,0,USD,Shipped
SO-100622,1,2025-04-28,2025-05-16,C-0036,P-MET-007,PL-02,1,128.55,5,USD,Shipped
SO-100623,1,2025-04-28,2025-05-03,C-0058,P-MET-008,PL-01,4,84.63,2,USD,Shipped
SO-100623,2,2025-04-28,2025-05-08,C-0058,P-FAS-009,PL-01,5,27.50,8,USD,Shipped
SO-100444,1,2025-04-29,2025-05-19,C-0115,P-STR-002,PL-02,3,674.12,2,USD,Shipped
SO-100444,2,2025-04-29,2025-05-19,C-0115,P-FAS-008,PL-02,12,28.29,8,USD,Shipped
SO-100470,1,2025-04-29,2025-05-08,C-0002,P-ENC-008,PL-01,4,282.35,5,USD,Shipped
SO-100475,1,2025-04-29,2025-05-01,C-0087,P-STR-003,PL-01,1,284.42,5,USD,Shipped
SO-100475,2,2025-04-29,2025-05-20,C-0087,P-FAB-004,PL-02,12,1310.56,5,USD,Shipped
SO-100495,1,2025-04-29,,C-0037,P-FAS-011,PL-03,5,28.24,0,USD,Cancelled
SO-100495,2,2025-04-29,2025-05-18,C-0037,P-FAS-007,PL-02,5,17.27,8,USD,Shipped
SO-100502,1,2025-04-29,2025-05-14,C-0027,P-STR-006,PL-01,4,577.36,0,USD,Shipped
SO-100513,1,2025-04-29,2025-05-18,C-0035,P-FAS-011,PL-02,13,27.55,0,USD,Shipped
SO-100513,2,2025-04-29,2025-05-01,C-0035,P-ENC-010,PL-04,1,217.53,0,USD,Shipped
SO-100513,3,2025-04-29,2025-05-05,C-0035,P-FAS-007,PL-02,9,17.70,5,USD,Shipped
SO-100543,1,2025-04-29,2025-05-09,C-0088,P-ENC-010,PL-01,1,219.35,8,USD,Shipped
SO-100543,2,2025-04-29,2025-05-13,C-0088,P-MET-008,PL-03,6,84.63,0,USD,Shipped
SO-100543,3,2025-04-29,2025-05-11,C-0088,P-FAS-009,PL-02,7,28.43,0,USD,Shipped
SO-100441,1,2025-04-30,2025-05-04,C-0018,P-STR-006,PL-01,1,557.61,5,USD,Shipped
SO-100441,2,2025-04-30,2025-05-13,C-0018,P-FAB-002,PL-01,9,1106.59,0,USD,Shipped
SO-100462,1,2025-04-30,2025-05-06,C-0130,P-MET-012,PL-02,5,64.20,0,USD,Shipped
SO-100462,2,2025-04-30,2025-05-07,C-0130,P-MET-008,PL-04,5,81.15,2,USD,Shipped
SO-100466,1,2025-04-30,2025-05-15,C-0130,P-MET-012,PL-01,2,65.56,5,USD,Shipped
SO-100466,2,2025-04-30,2025-05-05,C-0130,P-FAS-001,PL-02,6,25.99,5,USD,Shipped
SO-100520,1,2025-04-30,2025-05-09,C-0111,P-FAS-006,PL-02,28,1833.00,0,USD,Shipped
SO-100526,1,2025-04-30,2025-05-21,C-0106,P-ENC-010,PL-04,3,213.84,5,USD,Shipped
SO-100611,1,2025-04-30,2025-05-09,C-0078,P-MET-003,PL-04,1,114.46,2,USD,Shipped
SO-100611,2,2025-04-30,2025-05-09,C-0078,P-ENC-004,PL-02,2,236.03,0,USD,Shipped
SO-100611,3,2025-04-30,2025-05-13,C-0078,P-FAS-005,PL-04,17,12.76,5,USD,Shipped
SO-100613,1,2025-04-30,2025-05-08,C-0140,P-STR-012,PL-04,5,284.16,0,USD,Shipped
SO-100619,1,2025-04-30,2025-05-13,C-0027,P-FAS-006,PL-03,9,18.40,5,USD,Shipped
SO-100619,2,2025-04-30,2025-05-19,C-0027,P-STR-001,PL-01,8,374.13,10,USD,Shipped
SO-100619,3,2025-04-30,2025-05-02,C-0027,P-STR-012,PL-04,5,270.11,0,USD,Shipped
SO-100638,1,2025-04-30,2025-05-16,C-0065,P-FAS-010,PL-04,15,18.56,5,USD,Shipped
SO-100673,1,2025-05-01,2025-05-17,C-0115,P-FAS-001,PL-04,6,25.34,2,USD,Shipped
SO-100673,2,2025-05-01,2025-05-11,C-0115,P-FAS-008,PL-04,8,28.75,0,USD,Shipped
SO-100754,1,2025-05-01,2025-05-20,C-0095,P-FAS-004,PL-02,7,19.74,5,USD,Shipped
SO-100754,2,2025-05-01,2025-05-10,C-0095,P-MET-011,PL-03,2,105.16,8,USD,Shipped
SO-100783,1,2025-05-01,2025-05-09,C-0090,P-FAS-001,PL-04,5,26.71,13,USD,Shipped
SO-100783,2,2025-05-01,2025-05-06,C-0090,P-ENC-005,PL-04,10,184.96,7,USD,Shipped
SO-100798,1,2025-05-01,2025-05-07,C-0122,P-ENC-012,PL-02,2,343.62,0,USD,Shipped
SO-100798,2,2025-05-01,2025-05-21,C-0122,P-FAS-003,PL-02,7,11.54,10,USD,Shipped
SO-100812,1,2025-05-01,2025-05-06,C-0119,P-ENC-004,PL-01,4,232.73,0,USD,Shipped
SO-100822,1,2025-05-01,2025-05-18,C-0128,P-MET-012,PL-04,4,66.26,10,USD,Shipped
SO-100696,1,2025-05-02,2025-05-16,C-0003,P-MET-011,PL-01,2,109.17,2,USD,Shipped
SO-100696,2,2025-05-02,2025-05-22,C-0003,P-STR-005,PL-01,3,353.16,8,USD,Shipped
SO-100697,1,2025-05-02,2025-05-13,C-0013,P-FAS-004,PL-04,23,20.58,10,USD,Shipped
SO-100702,1,2025-05-02,2025-05-23,C-0095,P-MET-012,PL-02,2,65.29,0,USD,Shipped
SO-100739,1,2025-05-02,2025-05-19,C-0130,P-ENC-002,PL-03,4,357.51,0,USD,Shipped
SO-100746,1,2025-05-02,2025-05-10,C-0065,P-MET-010,PL-04,2,95.94,2,USD,Shipped
SO-100746,2,2025-05-02,2025-05-06,C-0065,P-MET-011,PL-03,1,107.33,10,USD,Shipped
SO-100772,1,2025-05-02,,C-0076,P-ENC-006,PL-03,2,255.87,10,USD,Cancelled
SO-100772,2,2025-05-02,2025-05-23,C-0076,P-FAS-010,PL-04,11,17.70,5,USD,Shipped
SO-100667,1,2025-05-03,2025-05-15,C-0002,P-FAS-010,PL-02,5,17.82,10,USD,Shipped
SO-100699,1,2025-05-03,2025-05-20,C-0102,P-MET-009,PL-02,6,133.27,5,USD,Shipped
SO-100703,1,2025-05-03,2025-05-08,C-0097,P-ENC-004,PL-01,6,235.52,5,USD,Shipped
SO-100729,1,2025-05-03,2025-05-09,C-0055,P-FAS-004,PL-03,27,19.50,0,USD,Shipped
SO-100729,2,2025-05-03,2025-05-06,C-0055,P-FAB-007,PL-02,2,1038.47,0,USD,Shipped
SO-100715,1,2025-05-04,2025-05-19,C-0073,P-MET-005,PL-02,2,127.93,0,USD,Shipped
SO-100720,1,2025-05-04,2025-05-09,C-0091,P-FAB-001,PL-01,2,2031.94,5,USD,Shipped
SO-100720,2,2025-05-04,2025-05-19,C-0091,P-FAS-010,PL-02,14,18.01,0,USD,Shipped
SO-100766,1,2025-05-04,2025-05-19,C-0045,P-FAS-001,PL-02,27,26.70,0,USD,Shipped
SO-100820,1,2025-05-04,2025-05-24,C-0105,P-STR-007,PL-03,11,406.35,0,USD,Shipped
SO-100650,1,2025-05-05,2025-05-11,C-0086,P-FAS-002,PL-04,6,20.24,8,USD,Shipped
SO-100650,2,2025-05-05,2025-05-16,C-0086,P-FAS-012,PL-04,24,24.64,5,USD,Shipped
SO-100656,1,2025-05-05,2025-05-16,C-0088,P-MET-012,PL-04,2,63.29,0,USD,Shipped
SO-100674,1,2025-05-05,2025-05-11,C-0020,P-FAS-007,PL-03,15,17.16,10,USD,Shipped
SO-100674,2,2025-05-05,2025-05-22,C-0020,P-STR-007,PL-04,2,414.38,0,USD,Shipped
SO-100682,1,2025-05-05,2025-05-15,C-0092,P-FAS-004,PL-03,8,19.86,2,USD,Shipped
SO-100682,2,2025-05-05,2025-05-19,C-0092,P-MET-011,PL-04,7,104.27,0,USD,Shipped
SO-100770,1,2025-05-05,2025-05-20,C-0017,P-FAS-009,PL-02,13,28.07,8,USD,Shipped
SO-100794,1,2025-05-05,2025-05-19,C-0125,P-MET-011,PL-03,3,104.23,2,USD,Shipped
SO-100794,2,2025-05-05,2025-05-24,C-0125,P-MET-007,PL-01,1,133.72,2,USD,Shipped
SO-100808,1,2025-05-05,2025-05-25,C-0092,P-MET-005,PL-04,5,124.94,10,USD,Shipped
SO-100646,1,2025-05-06,2025-05-25,C-0095,P-STR-007,PL-01,2,405.27,2,USD,Shipped
SO-100712,1,2025-05-06,,C-0123,P-ENC-001,PL-01,4,165.21,0,USD,Cancelled
SO-100712,2,2025-05-06,2025-05-16,C-0123,P-MET-012,PL-04,2,63.33,5,USD,Shipped
SO-100712,3,2025-05-06,2025-05-13,C-0123,P-STR-010,PL-02,4,364.23,0,USD,Shipped
SO-100750,1,2025-05-06,2025-05-19,C-0071,P-STR-006,PL-03,-2,574.48,0,USD,Shipped
SO-100750,2,2025-05-06,2025-05-19,C-0071,P-MET-006,PL-01,1,85.79,0,USD,Shipped
SO-100761,1,2025-05-06,2025-05-24,C-0101,P-FAS-005,PL-02,9,12.66,5,USD,Shipped
SO-100811,1,2025-05-06,2025-05-14,C-0023,P-STR-009,PL-01,2,289.91,5,USD,Shipped
SO-100649,1,2025-05-07,2025-05-18,C-0060,P-ENC-010,PL-01,12,222.99,10,USD,Shipped
SO-100654,1,2025-05-07,2025-05-13,C-0022,P-ENC-001,PL-01,2,171.42,8,USD,Shipped
SO-100654,2,2025-05-07,2025-05-15,C-0022,P-FAB-001,PL-03,2,2000.07,0,USD,Shipped
SO-100677,1,2025-05-07,2025-05-10,C-0105,P-STR-007,PL-02,5,407.48,10,USD,Shipped
SO-100693,1,2025-05-07,2025-05-22,C-0052,P-FAS-003,PL-02,8,11.65,2,USD,Shipped
SO-100710,1,2025-05-07,2025-05-23,C-0055,P-STR-007,PL-04,5,396.64,10,USD,Shipped
SO-100710,2,2025-05-07,2025-05-22,C-0055,P-STR-005,PL-04,6,349.85,0,USD,Shipped
SO-100719,1,2025-05-07,2025-05-12,C-0011,P-MET-007,PL-01,7,130.21,0,USD,Shipped
SO-100719,2,2025-05-07,2025-05-27,C-0011,P-MET-011,PL-03,4,107.91,0,USD,Shipped
SO-100740,1,2025-05-07,2025-05-21,C-0011,P-FAS-006,PL-02,5,18.69,0,USD,Shipped
SO-100756,1,2025-05-07,2025-05-20,C-0097,P-MET-005,PL-03,2,127.53,5,USD,Shipped
SO-100756,2,2025-05-07,2025-05-22,C-0097,P-FAS-004,PL-04,15,20.05,2,USD,Shipped
SO-100817,1,2025-05-07,2025-05-15,C-0060,P-MET-001,PL-03,1,62.88,0,USD,Shipped
SO-100644,1,2025-05-08,2025-05-25,C-0005,P-MET-003,PL-04,5,116.13,5,USD,Shipped
SO-100644,2,2025-05-08,2025-05-20,C-0005,P-FAS-001,PL-02,18,26.22,0,USD,Shipped
SO-100684,1,2025-05-08,2025-05-14,C-0048,P-FAS-009,PL-04,15,28.45,10,USD,Shipped
SO-100734,1,2025-05-08,2025-05-15,C-0020,P-MET-006,PL-03,2,85.43,8,USD,Shipped
SO-100734,2,2025-05-08,2025-05-27,C-0020,P-FAS-003,PL-01,7,11.24,5,USD,Shipped
SO-100785,1,2025-05-08,2025-05-20,C-0067,P-ENC-007,PL-01,4,358.75,8,USD,Shipped
SO-100785,2,2025-05-08,2025-05-22,C-0067,P-FAB-001,PL-01,8,1986.23,0,USD,Shipped
SO-100785,3,2025-05-08,2025-05-27,C-0067,P-MET-009,PL-01,4,130.77,0,USD,Shipped
SO-100804,1,2025-05-08,2025-05-26,C-0062,P-FAB-004,PL-02,4,1274.91,10,USD,Shipped
SO-100668,1,2025-05-09,2025-05-29,C-0120,P-MET-008,PL-03,1,84.53,5,USD,Shipped
SO-100669,1,2025-05-09,2025-05-26,C-0068,P-STR-010,PL-03,16,378.78,0,USD,Shipped
SO-100669,2,2025-05-09,2025-05-21,C-0068,P-STR-009,PL-01,3,293.05,10,USD,Shipped
SO-100763,1,2025-05-09,2025-05-25,C-0093,P-FAS-006,PL-01,5,18.18,10,USD,Shipped
SO-100799,1,2025-05-09,2025-05-25,C-0125,P-MET-002,PL-01,3,89.77,8,USD,Shipped
SO-100800,1,2025-05-09,2025-05-29,C-0082,P-MET-004,PL-03,1,87.60,5,USD,Shipped
SO-100671,1,2025-05-10,2025-05-22,C-0061,P-FAS-008,PL-04,10,28.38,5,USD,Shipped
SO-100687,1,2025-05-10,2025-05-15,C-0012,P-FAS-004,PL-02,10,20.01,0,USD,Shipped
SO-100726,1,2025-05-10,2025-05-23,C-0092,P-ENC-011,PL-04,5,220.82,0,USD,Shipped
SO-100726,2,2025-05-10,2025-05-26,C-0092,P-FAS-010,PL-03,6,18.55,5,USD,Shipped
SO-100733,1,2025-05-10,2025-05-23,C-0102,P-STR-006,PL-02,6,572.17,10,USD,Shipped
SO-100741,1,2025-05-10,2025-05-17,C-0131,P-ENC-001,PL-03,5,168.06,0,USD,Shipped
SO-100741,2,2025-05-10,2025-05-17,C-0131,P-FAS-006,PL-01,4,18.25,0,USD,Shipped
SO-100741,3,2025-05-10,2025-05-16,C-0131,P-STR-007,PL-03,2,408.61,2,USD,Shipped
SO-100744,1,2025-05-10,2025-05-22,C-0091,P-MET-011,PL-01,1,107.24,8,USD,Shipped
SO-100744,2,2025-05-10,2025-05-21,C-0091,P-STR-007,PL-04,6,412.88,5,USD,Shipped
SO-100661,1,2025-05-11,2025-05-23,C-0044,P-ENC-001,PL-04,2,169.07,10,USD,Shipped
SO-100716,1,2025-05-11,2025-05-21,C-0059,P-RET-906,PL-02,2,1797.09,5,USD,Shipped
SO-100725,1,2025-05-11,2025-05-25,C-0110,P-STR-004,PL-04,2,381.68,8,USD,Shipped
SO-100760,1,2025-05-11,2025-05-24,C-0011,P-FAS-011,PL-02,65,28.05,5,USD,Shipped
SO-100802,1,2025-05-11,2025-05-25,C-0090,P-FAB-005,PL-04,4,1697.99,5,USD,Shipped
SO-100663,1,2025-05-12,2025-05-30,C-0058,P-ENC-006,PL-03,3,247.15,8,USD,Shipped
SO-100670,1,2025-05-12,2025-05-27,C-0058,P-FAS-001,PL-01,12,26.36,5,USD,Shipped
SO-100695,1,2025-05-12,2025-05-31,C-0014,P-ENC-002,PL-04,1,350.81,5,USD,Shipped
SO-100695,2,2025-05-12,2025-05-22,C-0014,P-ENC-003,PL-04,9,266.61,10,USD,Shipped
SO-100695,3,2025-05-12,2025-05-20,C-0014,P-FAS-011,PL-02,5,27.89,0,USD,Shipped
SO-100708,1,2025-05-12,2025-05-19,C-0092,P-MET-012,PL-01,5,63.83,5,USD,Shipped
SO-100743,1,2025-05-12,2025-05-25,C-0136,P-MET-010,PL-01,1,95.65,5,USD,Shipped
SO-100743,2,2025-05-12,2025-06-02,C-0136,P-STR-011,PL-01,2,472.30,2,USD,Shipped
SO-100764,1,2025-05-12,2025-05-16,C-0109,P-MET-006,PL-01,1,83.32,0,USD,Shipped
SO-100764,2,2025-05-12,2025-05-31,C-0109,P-MET-010,PL-02,6,99.22,2,USD,Shipped
SO-100810,1,2025-05-12,2025-05-24,C-0139,P-FAS-009,PL-03,5,27.55,0,USD,Shipped
SO-100810,2,2025-05-12,2025-05-28,C-0139,P-ENC-005,PL-01,5,183.81,0,USD,Shipped
SO-100810,3,2025-05-12,,C-0139,P-MET-006,PL-04,1,85.92,5,USD,Cancelled
SO-100676,1,2025-05-13,2025-05-27,C-0052,P-ENC-007,PL-01,1,360.92,10,USD,Shipped
SO-100676,2,2025-05-13,2025-05-25,C-0052,P-FAS-010,PL-01,9,17.91,2,USD,Shipped
SO-100676,3,2025-05-13,2025-05-29,C-0052,P-ENC-009,PL-01,4,186.20,0,USD,Shipped
SO-100681,1,2025-05-13,2025-05-21,C-0061,P-MET-006,PL-04,4,84.76,8,USD,Shipped
SO-100778,1,2025-05-13,2025-05-24,C-0015,P-STR-012,PL-01,9,283.44,0,USD,Shipped
SO-100778,2,2025-05-13,2025-05-18,C-0015,P-STR-010,PL-01,4,376.46,0,USD,Shipped
SO-100813,1,2025-05-13,2025-05-18,C-0073,P-STR-006,PL-03,3,561.14,10,USD,Shipped
SO-100813,2,2025-05-13,2025-05-23,C-0073,P-FAB-007,PL-02,3,1030.05,5,USD,Shipped
SO-100816,1,2025-05-13,2025-06-02,C-0088,P-FAS-006,PL-04,8,18.69,0,USD,Shipped
SO-100717,1,2025-05-14,2025-06-04,C-0009,P-STR-007,PL-04,4,397.07,5,USD,Shipped
SO-100735,1,2025-05-14,2025-05-23,C-0012,P-STR-001,PL-04,3,379.45,5,USD,Shipped
SO-100735,2,2025-05-14,2025-05-31,C-0012,P-STR-002,PL-01,4,643.56,5,USD,Shipped
SO-100735,3,2025-05-14,2025-05-28,C-0012,P-MET-004,PL-03,5,92.01,10,USD,Shipped
SO-100818,1,2025-05-14,2025-06-04,C-0044,P-ENC-011,PL-01,4,223.54,5,USD,Shipped
SO-100818,2,2025-05-14,2025-05-31,C-0044,P-MET-009,PL-04,8,133.74,5,USD,Shipped
SO-100825,1,2025-05-14,2025-06-04,C-0128,P-MET-007,PL-03,2,129.46,10,USD,Shipped
SO-100825,2,2025-05-14,2025-06-01,C-0128,P-MET-002,PL-04,2,90.63,0,USD,Shipped
SO-100825,3,2025-05-14,2025-05-24,C-0128,P-MET-003,PL-03,5,112.80,0,USD,Shipped
SO-100749,1,2025-05-15,2025-05-28,C-0128,P-FAS-003,PL-04,5,11.85,10,USD,Shipped
SO-100791,1,2025-05-15,2025-05-25,C-0084,P-FAS-010,PL-03,3,18.50,5,USD,Shipped
SO-100651,1,2025-05-16,2025-06-03,C-0068,P-FAB-007,PL-04,8,1059.23,0,USD,Shipped
SO-100651,2,2025-05-16,2025-06-04,C-0068,P-STR-002,PL-01,9,645.25,0,USD,Shipped
SO-100658,1,2025-05-16,2025-05-18,C-0050,P-FAS-006,PL-04,14,18.39,5,USD,Shipped
SO-100666,1,2025-05-16,2025-05-24,C-0138,P-MET-011,PL-04,2,107.95,0,USD,Shipped
SO-100713,1,2025-05-16,2025-06-05,C-0009,P-MET-009,PL-04,7,127.48,5,USD,Shipped
SO-100713,2,2025-05-16,2025-06-01,C-0009,P-FAS-006,PL-03,12,18.83,10,USD,Shipped
SO-100779,1,2025-05-16,2025-06-06,C-0078,P-FAS-012,PL-02,31,23.61,5,USD,Shipped
SO-100779,2,2025-05-16,2025-06-06,C-0078,P-ENC-012,PL-03,7,339.36,8,USD,Shipped
SO-100779,3,2025-05-16,2025-05-27,C-0078,P-FAS-002,PL-04,4,20.59,10,USD,Shipped
SO-100660,1,2025-05-17,2025-05-19,C-0068,P-STR-009,PL-04,3,289.78,10,USD,Shipped
SO-100704,1,2025-05-17,2025-06-02,C-0094,P-MET-010,PL-03,3,100.60,5,USD,Shipped
SO-100704,2,2025-05-17,2025-05-22,C-0094,P-ENC-001,PL-02,2,166.46,0,USD,Shipped
SO-100723,1,2025-05-17,2025-05-28,C-0128,P-STR-009,PL-04,3,295.77,0,USD,Shipped
SO-100723,2,2025-05-17,2025-05-28,C-0128,P-FAB-011,PL-01,3,2008.67,5,USD,Shipped
SO-100723,3,2025-05-17,2025-05-24,C-0128,P-FAS-010,PL-04,5,18.11,5,USD,Shipped
SO-100728,1,2025-05-17,2025-05-30,C-0088,P-MET-010,PL-02,4,96.27,0,USD,Shipped
SO-100728,2,2025-05-17,2025-05-20,C-0088,P-MET-010,PL-04,5,100.14,5,USD,Shipped
SO-100748,1,2025-05-17,,C-0118,P-ENC-006,PL-03,3,251.13,10,USD,Cancelled
SO-100738,1,2025-05-18,2025-05-24,C-0137,P-ENC-003,PL-01,3,276.50,2,USD,Shipped
SO-100755,1,2025-05-18,2025-06-07,C-0024,P-ENC-005,PL-02,6,182.42,5,USD,Shipped
SO-100755,2,2025-05-18,2025-05-28,C-0024,P-MET-008,PL-01,2,83.99,0,USD,Shipped
SO-100762,1,2025-05-18,2025-05-25,C-0045,P-MET-009,PL-03,3,128.86,8,USD,Shipped
SO-100768,1,2025-05-18,2025-05-23,C-0077,P-FAS-008,PL-04,10,27.70,0,USD,Shipped
SO-100777,1,2025-05-18,2025-05-16,C-0028,P-MET-005,PL-02,3,128.13,0,USD,Shipped
SO-100803,1,2025-05-18,2025-05-20,C-0124,P-MET-002,PL-01,3,89.14,10,USD,Shipped
SO-100803,2,2025-05-18,2025-06-04,C-0124,P-FAB-008,PL-04,4,1422.48,7,USD,Shipped
SO-100803,3,2025-05-18,2025-05-23,C-0124,P-FAS-011,PL-04,16,28.90,10,USD,Shipped
SO-100809,1,2025-05-18,,C-0099,P-ENC-009,PL-04,3,191.52,5,USD,Shipped
SO-100653,1,2025-05-19,2025-06-03,C-0095,P-MET-006,PL-03,1,83.48,2,USD,Shipped
SO-100678,1,2025-05-19,2025-05-22,C-0116,P-FAB-005,PL-01,3,1678.60,5,USD,Shipped
SO-100714,1,2025-05-19,2025-05-25,C-0116,P-FAS-007,PL-04,16,17.70,10,USD,Shipped
SO-100714,2,2025-05-19,2025-05-23,C-0116,P-FAB-006,PL-03,7,1210.87,7,USD,Shipped
SO-100714,3,2025-05-19,2025-05-23,C-0116,P-MET-007,PL-04,2,129.00,10,USD,Shipped
SO-100753,1,2025-05-19,2025-06-03,C-0067,P-STR-007,PL-02,6,404.53,10,USD,Shipped
SO-100753,2,2025-05-19,2025-05-31,C-0067,P-FAB-004,PL-04,4,1312.40,10,USD,Shipped
SO-100753,3,2025-05-19,2025-06-03,C-0067,P-FAB-009,PL-03,5,2049.91,0,USD,Shipped
SO-100784,1,2025-05-19,2025-05-29,C-0112,P-ENC-002,PL-02,2,357.56,10,USD,Shipped
SO-100797,1,2025-05-19,2025-05-31,C-0133,P-FAS-004,PL-03,22,20.19,8,USD,Shipped
SO-100652,1,2025-05-20,2025-05-24,C-0001,P-MET-006,PL-01,9,85.94,0,USD,Shipped
SO-100685,1,2025-05-20,2025-05-24,C-0096,P-STR-005,PL-04,5,347.81,0,USD,Shipped
SO-100685,2,2025-05-20,2025-05-31,C-0096,P-RET-900,PL-01,15,20.16,5,USD,Shipped
SO-100685,3,2025-05-20,2025-06-03,C-0096,P-FAS-005,PL-04,7,12.36,2,USD,Shipped
SO-100690,1,2025-05-20,2025-05-30,C-0072,P-STR-009,PL-01,2,292.12,10,USD,Shipped
SO-100698,1,2025-05-20,,C-0072,P-FAS-008,PL-02,11,28.54,0,USD,Cancelled
SO-100767,1,2025-05-20,2025-06-05,C-0062,P-ENC-004,PL-04,2,227.33,5,USD,Shipped
SO-100767,2,2025-05-20,2025-05-24,C-0062,P-ENC-003,PL-03,4,274.82,5,USD,Shipped
SO-100767,3,2025-05-20,2025-06-02,C-0062,P-MET-006,PL-03,2,86.68,5,USD,Shipped
SO-100771,1,2025-05-20,2025-06-09,C-0026,P-MET-010,PL-04,1,95.31,0,USD,Shipped
SO-100821,1,2025-05-20,2025-05-26,C-0078,P-ENC-006,PL-04,3,247.34,5,USD,Shipped
SO-100665,1,2025-05-21,2025-06-04,C-0030,P-ENC-010,PL-02,3,224.49,5,USD,Shipped
SO-100665,2,2025-05-21,,C-0030,P-STR-011,PL-03,10,455.34,10,USD,Cancelled
SO-100679,1,2025-05-21,2025-06-03,C-0118,P-MET-005,PL-04,2,127.98,0,USD,Shipped
SO-100679,2,2025-05-21,2025-06-09,C-0118,P-FAS-001,PL-01,9,25.57,0,USD,Shipped
SO-100689,1,2025-05-21,2025-06-04,C-0066,P-MET-004,PL-03,4,88.90,5,USD,Shipped
SO-100700,1,2025-05-21,2025-05-26,C-0050,P-FAB-012,PL-03,7,1169.09,0,USD,Shipped
SO-100722,1,2025-05-21,2025-05-28,C-0042,P-FAS-004,PL-01,6,19.84,10,USD,Shipped
SO-100731,1,2025-05-21,2025-06-08,C-0010,P-FAB-003,PL-02,4,1833.84,15,USD,Shipped
SO-100731,2,2025-05-21,2025-06-10,C-0010,P-ENC-004,PL-01,-3,232.90,7,USD,Shipped
SO-100775,1,2025-05-21,2025-06-09,C-0096,P-STR-010,PL-01,2,371.53,2,USD,Shipped
SO-100787,1,2025-05-21,2025-06-01,C-0060,P-ENC-007,PL-02,2,349.56,5,USD,Shipped
SO-100796,1,2025-05-21,2025-05-26,C-0119,P-FAB-009,PL-04,4,2044.75,0,USD,Shipped
SO-100806,1,2025-05-21,2025-06-10,C-0129,P-MET-006,PL-01,3,86.90,2,USD,Shipped
SO-100647,1,2025-05-22,2025-05-25,C-0072,P-STR-012,PL-01,2,284.32,2,USD,Shipped
SO-100691,1,2025-05-22,2025-06-03,C-0066,P-FAS-003,PL-03,7,11.68,13,USD,Shipped
SO-100707,1,2025-05-22,2025-06-11,C-0088,P-FAB-012,PL-04,6,1203.45,5,USD,Shipped
SO-100742,1,2025-05-22,2025-05-25,C-0029,P-STR-003,PL-01,4,283.33,8,USD,Shipped
SO-100742,2,2025-05-22,2025-05-28,C-0029,P-FAS-006,PL-04,7,18.30,0,USD,Shipped
SO-100742,3,2025-05-22,2025-05-26,C-0029,P-ENC-004,PL-03,5,236.98,0,USD,Shipped
SO-100751,1,2025-05-22,2025-05-27,C-0019,P-STR-010,PL-04,1,376.57,8,USD,Shipped
SO-100751,2,2025-05-22,2025-05-29,C-0019,P-FAS-011,PL-02,6,28.15,0,USD,Shipped
SO-100751,3,2025-05-22,2025-06-07,C-0019,P-MET-012,PL-02,2,64.84,2,USD,Shipped
SO-100773,1,2025-05-22,2025-05-30,C-0049,P-ENC-012,PL-03,1,344.08,10,USD,Shipped
SO-100773,2,2025-05-22,2025-05-25,C-0049,P-STR-003,PL-02,3,293.55,2,USD,Shipped
SO-100776,1,2025-05-22,2025-05-26,C-0064,P-ENC-003,PL-03,1,274.24,0,USD,Shipped
SO-100788,1,2025-05-22,2025-06-04,C-0044,P-MET-010,PL-02,1,97.35,10,USD,Shipped
SO-100815,1,2025-05-22,2025-06-10,C-0032,P-FAS-001,PL-04,7,26.55,0,USD,Shipped
SO-100648,1,2025-05-23,2025-05-29,C-0126,P-MET-009,PL-03,2,127.05,0,USD,Shipped
SO-100648,2,2025-05-23,2025-05-26,C-0126,P-MET-008,PL-01,2,82.93,10,USD,Shipped
SO-100655,1,2025-05-23,2025-05-28,C-0017,P-FAB-005,PL-04,7,1689.77,10,USD,Shipped
SO-100655,2,2025-05-23,2025-06-05,C-0017,P-ENC-011,PL-03,4,222.18,5,USD,Shipped
SO-100655,3,2025-05-23,2025-06-08,C-0017,P-ENC-010,PL-01,3,214.98,8,USD,Shipped
SO-100664,1,2025-05-23,2025-05-28,C-0064,P-FAS-007,PL-02,5,17.50,8,USD,Shipped
SO-100664,2,2025-05-23,2025-06-05,C-0064,P-FAS-003,PL-02,11,11.40,0,USD,Shipped
SO-100694,1,2025-05-23,2025-05-26,C-0072,P-FAS-007,PL-03,31,17.73,5,USD,Shipped
SO-100780,1,2025-05-23,2025-05-28,C-0003,P-STR-004,PL-03,4,372.68,8,USD,Shipped
SO-100790,1,2025-05-23,2025-05-31,C-0091,P-ENC-003,PL-03,2,274.58,10,USD,Shipped
SO-100790,2,2025-05-23,2025-06-12,C-0091,P-STR-004,PL-01,3,387.75,0,USD,Shipped
SO-100824,1,2025-05-23,2025-06-02,C-0014,P-FAB-011,PL-02,10,2063.20,5,USD,Shipped
SO-100824,2,2025-05-23,2025-05-27,C-0014,P-FAS-011,PL-03,6,29.09,0,USD,Shipped
SO-100645,1,2025-05-24,2025-06-09,C-0017,P-MET-010,PL-03,4,98.15,2,USD,Shipped
SO-100645,2,2025-05-24,2025-06-12,C-0017,P-ENC-011,PL-01,2,221.54,0,USD,Shipped
SO-100645,3,2025-05-24,2025-06-02,C-0017,P-FAS-001,PL-03,13,25.93,5,USD,Shipped
SO-100672,1,2025-05-24,2025-06-03,C-0096,P-FAS-004,PL-04,5,20.23,5,USD,Shipped
SO-100672,2,2025-05-24,2025-06-03,C-0096,P-STR-001,PL-03,1,378.45,8,USD,Shipped
SO-100672,3,2025-05-24,2025-06-07,C-0096,P-FAS-011,PL-04,4,28.69,0,USD,Shipped
SO-100709,1,2025-05-24,2025-05-27,C-0043,P-FAS-006,PL-04,6,18.79,0,USD,Shipped
SO-100745,1,2025-05-24,2025-06-12,C-0102,P-FAS-005,PL-04,4,12.39,2,USD,Shipped
SO-100769,1,2025-05-24,2025-06-02,C-0138,P-MET-010,PL-02,8,97.57,8,USD,Shipped
SO-100769,2,2025-05-24,2025-06-01,C-0138,P-MET-004,PL-02,4,88.32,5,USD,Shipped
SO-100769,3,2025-05-24,2025-06-08,C-0138,P-MET-004,PL-04,7,89.43,0,USD,Shipped
SO-100789,1,2025-05-24,2025-06-05,C-0073,P-STR-012,PL-01,11,273.89,5,USD,Shipped
SO-100789,2,2025-05-24,2025-06-12,C-0073,P-MET-010,PL-01,1,95.33,0,USD,Shipped
SO-100792,1,2025-05-24,2025-05-28,C-0125,P-FAS-012,PL-03,5,24.26,0,USD,Shipped
SO-100793,1,2025-05-24,2025-06-03,C-0034,P-FAS-007,PL-02,6,17.26,0,USD,Shipped
SO-100805,1,2025-05-24,2025-05-30,C-0033,P-FAS-009,PL-01,6,27.71,5,USD,Shipped
SO-100680,1,2025-05-25,2025-06-04,C-0058,P-MET-003,PL-04,1,114.98,5,USD,Shipped
SO-100688,1,2025-05-25,2025-06-09,C-0060,P-STR-005,PL-03,21,343.76,5,USD,Shipped
SO-100688,2,2025-05-25,2025-06-15,C-0060,P-FAS-009,PL-02,12,27.80,0,USD,Shipped
SO-100705,1,2025-05-25,2025-06-01,C-0133,P-FAS-007,PL-04,12,17.23,0,USD,Shipped
SO-100747,1,2025-05-25,2025-06-14,C-0103,P-FAS-001,PL-01,8,26.43,0,USD,Shipped
SO-100747,2,2025-05-25,2025-06-03,C-0103,P-FAS-002,PL-04,21,20.05,0,USD,Shipped
SO-100747,3,2025-05-25,2025-06-11,C-0103,P-FAS-003,PL-03,11,11.33,2,USD,Shipped
SO-100757,1,2025-05-25,2025-05-29,C-0005,P-ENC-010,PL-03,5,214.14,2,USD,Shipped
SO-100758,1,2025-05-25,2025-06-12,C-0054,P-FAS-006,PL-01,11,18.25,5,USD,Shipped
SO-100758,2,2025-05-25,2025-06-12,C-0054,P-FAS-006,PL-03,4,18.85,5,USD,Shipped
SO-100765,1,2025-05-25,2025-06-15,C-0037,P-MET-011,PL-03,3,107.99,8,USD,Shipped
SO-100774,1,2025-05-25,2025-06-11,C-0101,P-FAB-007,PL-01,2,1039.80,5,USD,Shipped
SO-100774,2,2025-05-25,2025-06-13,C-0101,P-STR-010,PL-01,3,373.34,10,USD,Shipped
SO-100781,1,2025-05-25,2025-06-12,C-0082,P-FAS-003,PL-03,7,11.69,8,USD,Shipped
SO-100801,1,2025-05-25,2025-05-31,C-0097,P-ENC-005,PL-01,1,190.16,8,USD,Shipped
SO-100814,1,2025-05-25,2025-06-01,C-0042,P-FAS-009,PL-04,18,27.87,0,USD,Shipped
SO-100643,1,2025-05-26,2025-06-08,C-0112,P-MET-004,PL-04,3,88.53,5,USD,Shipped
SO-100643,2,2025-05-26,2025-05-31,C-0112,P-MET-008,PL-04,2,83.83,10,USD,Shipped
SO-100643,3,2025-05-26,2025-06-08,C-0112,P-MET-007,PL-03,3,134.78,5,USD,Shipped
SO-100657,1,2025-05-26,2025-06-13,C-0050,P-MET-007,PL-04,1,133.18,10,USD,Shipped
SO-100675,1,2025-05-26,2025-05-28,C-0089,P-MET-011,PL-04,5,107.81,8,USD,Shipped
SO-100675,2,2025-05-26,2025-06-09,C-0089,P-MET-003,PL-01,5,113.35,8,USD,Shipped
SO-100675,3,2025-05-26,,C-0089,P-MET-002,PL-01,1,88.14,5,USD,Cancelled
SO-100721,1,2025-05-26,2025-05-29,C-0040,P-ENC-010,PL-02,2,220.28,5,USD,Shipped
SO-100721,2,2025-05-26,2025-06-05,C-0040,P-FAS-001,PL-02,7,25.70,5,USD,Shipped
SO-100724,1,2025-05-26,2025-05-30,C-0046,P-FAS-003,PL-04,11,11.87,2,USD,Shipped
SO-100730,1,2025-05-26,2025-05-28,C-0080,P-FAS-010,PL-01,6,17.76,0,USD,Shipped
SO-100730,2,2025-05-26,2025-06-11,C-0080,P-ENC-009,PL-01,5,186.72,8,USD,Shipped
SO-100730,3,2025-05-26,2025-06-06,C-0080,P-FAS-010,PL-04,17,18.34,5,USD,Shipped
SO-100795,1,2025-05-26,2025-06-03,C-0023,P-FAB-001,PL-02,3,1983.13,10,USD,Shipped
SO-100795,2,2025-05-26,2025-06-05,C-0023,P-FAB-006,PL-02,3,1166.57,0,USD,Shipped
SO-100795,3,2025-05-26,2025-06-03,C-0023,P-MET-004,PL-03,7,92.25,8,USD,Shipped
SO-100737,1,2025-05-27,2025-06-15,C-0134,P-STR-009,PL-02,3,285.47,0,USD,Shipped
SO-100807,1,2025-05-27,2025-05-31,C-0065,P-FAB-012,PL-03,4,1163.52,0,USD,Shipped
SO-100807,2,2025-05-27,2025-06-15,C-0065,P-STR-004,PL-02,3,376.43,5,USD,Shipped
SO-100819,1,2025-05-27,2025-06-13,C-0079,P-FAS-002,PL-02,7,20.18,0,USD,Shipped
SO-100706,1,2025-05-28,2025-06-08,C-0045,P-STR-006,PL-04,3,571.57,0,USD,Shipped
SO-100706,2,2025-05-28,2025-06-08,C-0045,P-ENC-009,PL-04,5,187.32,2,USD,Shipped
SO-100718,1,2025-05-28,2025-06-03,C-0094,P-FAB-012,PL-01,2,1153.75,10,USD,Shipped
SO-100823,1,2025-05-28,2025-06-05,C-0105,P-MET-005,PL-01,1,130.04,5,USD,Shipped
SO-100659,1,2025-05-29,2025-05-31,C-0077,P-ENC-001,PL-01,1,169.23,2,USD,Shipped
SO-100662,1,2025-05-29,2025-06-18,C-0061,P-ENC-004,PL-01,5,229.91,5,USD,Shipped
SO-100732,1,2025-05-29,2025-06-13,C-0120,P-STR-010,PL-02,3,378.09,0,USD,Shipped
SO-100732,2,2025-05-29,2025-06-02,C-0120,P-MET-001,PL-03,2,65.25,0,USD,Shipped
SO-100732,3,2025-05-29,2025-06-07,C-0120,P-FAS-008,PL-01,6,28.40,0,USD,Shipped
SO-100701,1,2025-05-30,2025-06-12,C-0032,P-ENC-004,PL-04,1,235.19,0,USD,Shipped
SO-100701,2,2025-05-30,2025-06-01,C-0032,P-STR-010,PL-01,13,378.75,10,USD,Shipped
SO-100711,1,2025-05-30,2025-06-07,C-0083,P-STR-002,PL-03,6,656.62,10,USD,Shipped
SO-100711,2,2025-05-30,2025-06-02,C-0083,P-MET-007,PL-04,2,128.41,5,USD,Shipped
SO-100736,1,2025-05-30,2025-06-16,C-0124,P-FAS-010,PL-02,6,18.33,15,USD,Shipped
SO-100752,1,2025-05-30,2025-06-20,C-0053,P-MET-012,PL-04,2,65.04,10,USD,Shipped
SO-100759,1,2025-05-30,2025-06-13,C-0065,P-ENC-007,PL-04,4,355.49,2,USD,Shipped
SO-100759,2,2025-05-30,2025-06-15,C-0065,P-FAS-006,PL-03,9,18.86,0,USD,Shipped
SO-100759,3,2025-05-30,2025-06-18,C-0065,P-MET-001,PL-03,2,65.41,2,USD,Shipped
SO-100786,1,2025-05-30,2025-06-05,C-0013,P-ENC-005,PL-03,2,188.73,5,USD,Shipped
SO-100786,2,2025-05-30,2025-06-12,C-0013,P-FAS-008,PL-02,20,28.00,8,USD,Shipped
SO-100683,1,2025-05-31,2025-06-08,C-0106,P-MET-010,PL-01,3,97.90,0,USD,Shipped
SO-100686,1,2025-05-31,2025-06-18,C-0026,P-FAS-010,PL-03,27,17.81,8,USD,Shipped
SO-100686,2,2025-05-31,2025-06-16,C-0026,P-MET-003,PL-02,6,116.82,0,USD,Shipped
SO-100686,3,2025-05-31,2025-06-17,C-0026,P-MET-007,PL-02,12,135.98,10,USD,Shipped
SO-100692,1,2025-05-31,2025-06-07,C-0061,P-STR-003,PL-01,3,292.09,2,USD,Shipped
SO-100727,1,2025-05-31,2025-06-16,C-0057,P-FAS-011,PL-02,10,27.49,0,USD,Shipped
SO-100782,1,2025-05-31,2025-06-10,C-0027,P-ENC-008,PL-01,4,272.53,5,USD,Shipped
SO-100782,2,2025-05-31,2025-06-04,C-0027,P-MET-004,PL-02,1,90.79,0,USD,Shipped
SO-100855,1,2025-06-01,2025-06-07,C-0059,P-MET-005,PL-01,4,124.71,5,USD,Shipped
SO-100855,2,2025-06-01,2025-06-18,C-0059,P-FAB-008,PL-03,1,1411.78,0,USD,Shipped
SO-100855,3,2025-06-01,2025-06-04,C-0059,P-ENC-003,PL-04,2,262.61,5,USD,Shipped
SO-100877,1,2025-06-01,2025-06-21,C-0127,P-ENC-008,PL-01,1,271.01,13,USD,Shipped
SO-100877,2,2025-06-01,2025-06-09,C-0127,P-FAB-006,PL-01,4,1192.03,5,USD,Shipped
SO-100908,1,2025-06-01,2025-06-20,C-0104,P-FAS-008,PL-04,9,28.67,8,USD,Shipped
SO-100908,2,2025-06-01,2025-06-07,C-0104,P-ENC-005,PL-01,4,191.48,0,USD,Shipped
SO-100915,1,2025-06-01,2025-06-13,C-0110,P-FAS-011,PL-01,12,27.95,10,USD,Shipped
SO-100915,2,2025-06-01,2025-06-16,C-0110,P-ENC-012,PL-01,5,352.15,10,USD,Shipped
SO-100926,1,2025-06-01,2025-06-09,C-0021,P-MET-004,PL-01,5,91.72,8,USD,Shipped
SO-100934,1,2025-06-01,2025-06-11,C-0007,P-FAB-004,PL-04,2,1258.47,10,USD,Shipped
SO-100959,1,2025-06-01,2025-06-17,C-0095,P-FAS-004,PL-04,5,19.86,8,USD,Shipped
SO-100959,2,2025-06-01,2025-06-13,C-0095,P-MET-002,PL-04,3,90.33,0,USD,Shipped
SO-100965,1,2025-06-01,2025-06-19,C-0058,P-FAB-002,PL-02,1,1105.82,5,USD,Shipped
SO-100965,2,2025-06-01,2025-06-07,C-0058,P-STR-003,PL-02,3,285.51,5,USD,Shipped
SO-100900,1,2025-06-02,2025-06-10,C-0058,P-FAB-003,PL-02,4,1815.46,10,USD,Shipped
SO-100900,2,2025-06-02,,C-0058,P-FAS-003,PL-01,7,11.76,0,USD,Cancelled
SO-100900,3,2025-06-02,2025-06-20,C-0058,P-MET-008,PL-02,3,83.13,0,USD,Shipped
SO-100951,1,2025-06-02,2025-06-15,C-0069,P-STR-004,PL-01,1,375.03,5,USD,Shipped
SO-100951,2,2025-06-02,2025-06-13,C-0069,P-MET-009,PL-03,9,130.79,0,USD,Shipped
SO-100979,1,2025-06-02,2025-06-21,C-0005,P-FAS-005,PL-03,9,12.96,2,USD,Shipped
SO-100840,1,2025-06-03,2025-06-18,C-0124,P-STR-009,PL-02,3,295.32,5,USD,Shipped
SO-100840,2,2025-06-03,2025-06-22,C-0124,P-FAB-002,PL-04,15,1054.33,15,USD,Shipped
SO-100845,1,2025-06-03,2025-06-12,C-0024,P-MET-010,PL-01,4,96.05,0,USD,Shipped
SO-100857,1,2025-06-03,2025-06-10,C-0057,P-MET-002,PL-01,5,88.41,0,USD,Shipped
SO-100857,2,2025-06-03,2025-06-20,C-0057,P-STR-002,PL-02,4,665.61,10,USD,Shipped
SO-100865,1,2025-06-03,2025-06-18,C-0132,P-FAS-012,PL-04,6,24.36,0,USD,Shipped
SO-100868,1,2025-06-03,2025-06-11,C-0082,P-FAS-005,PL-03,3,12.40,8,USD,Shipped
SO-100868,2,2025-06-03,2025-06-11,C-0082,P-MET-007,PL-04,4,130.38,0,USD,Shipped
SO-100942,1,2025-06-03,2025-06-23,C-0042,P-STR-005,PL-03,3,353.68,0,USD,Shipped
SO-100942,2,2025-06-03,2025-06-09,C-0042,P-FAS-004,PL-03,14,20.09,10,USD,Shipped
SO-100961,1,2025-06-03,2025-06-10,C-0118,P-FAS-007,PL-01,3,17.74,2,USD,Shipped
SO-100826,1,2025-06-04,2025-06-09,C-0102,P-FAB-008,PL-03,6,1381.91,0,USD,Shipped
SO-100828,1,2025-06-04,2025-06-23,C-0099,P-FAB-009,PL-01,2,2029.67,13,USD,Shipped
SO-100835,1,2025-06-04,2025-06-19,C-0101,P-FAB-009,PL-01,4,1992.57,10,USD,Shipped
SO-100861,1,2025-06-04,2025-06-21,C-0059,P-MET-002,PL-01,4,90.56,0,USD,Shipped
SO-100861,2,2025-06-04,2025-06-06,C-0059,P-FAS-002,PL-03,19,19.88,5,USD,Shipped
SO-100861,3,2025-06-04,2025-06-09,C-0059,P-MET-002,PL-04,2,89.60,5,USD,Shipped
SO-100863,1,2025-06-04,2025-06-23,C-0121,P-MET-008,PL-04,3,83.97,5,USD,Shipped
SO-100875,1,2025-06-04,2025-06-10,C-0097,P-MET-003,PL-04,3,114.42,10,USD,Shipped
SO-100932,1,2025-06-04,2025-06-19,C-0022,P-MET-009,PL-03,2,131.10,0,USD,Shipped
SO-100932,2,2025-06-04,2025-06-24,C-0022,P-FAB-010,PL-01,3,1606.17,2,USD,Shipped
SO-100983,1,2025-06-04,2025-06-21,C-0084,P-ENC-007,PL-01,2,354.64,0,USD,Shipped
SO-100983,2,2025-06-04,2025-06-20,C-0084,P-FAS-012,PL-04,5,23.74,2,USD,Shipped
SO-100887,1,2025-06-05,2025-06-11,C-0056,P-MET-003,PL-04,2,116.87,0,USD,Shipped
SO-100887,2,2025-06-05,2025-06-26,C-0056,P-MET-011,PL-02,11,106.06,2,USD,Shipped
SO-100914,1,2025-06-05,2025-06-25,C-0125,P-ENC-012,PL-04,5,344.42,0,USD,Shipped
SO-100930,1,2025-06-05,2025-06-24,C-0030,P-ENC-005,PL-01,7,190.84,5,USD,Shipped
SO-100971,1,2025-06-05,,C-0117,P-MET-010,PL-01,2,100.57,0,USD,Cancelled
SO-100971,2,2025-06-05,2025-06-09,C-0117,P-FAS-012,PL-01,12,24.07,5,USD,Shipped
SO-100971,3,2025-06-05,2025-06-17,C-0117,P-ENC-011,PL-04,4,219.94,10,USD,Shipped
SO-100916,1,2025-06-06,2025-06-25,C-0138,P-FAS-006,PL-02,8,17.93,5,USD,Shipped
SO-100949,1,2025-06-06,2025-06-18,C-0005,P-MET-011,PL-03,12,105.01,0,USD,Shipped
SO-100955,1,2025-06-06,2025-06-08,C-0053,P-STR-012,PL-01,5,279.50,10,USD,Shipped
SO-100955,2,2025-06-06,2025-06-13,C-0053,P-MET-008,PL-02,2,83.62,2,USD,Shipped
SO-100956,1,2025-06-06,2025-06-15,C-0120,P-STR-007,PL-02,4,399.31,0,USD,Shipped
SO-100956,2,2025-06-06,2025-06-12,C-0120,P-STR-006,PL-04,6,582.45,0,USD,Shipped
SO-100956,3,2025-06-06,2025-06-19,C-0120,P-FAS-009,PL-01,8,28.42,0,USD,Shipped
SO-100834,1,2025-06-07,2025-06-13,C-0045,P-MET-008,PL-04,2,81.46,10,USD,Shipped
SO-100834,2,2025-06-07,2025-06-26,C-0045,P-FAS-011,PL-01,9,28.72,8,USD,Shipped
SO-100866,1,2025-06-07,2025-06-17,C-0037,P-MET-001,PL-03,2,65.54,8,USD,Shipped
SO-100924,1,2025-06-07,2025-06-15,C-0139,P-MET-011,PL-02,1,103.55,0,USD,Shipped
SO-100943,1,2025-06-07,2025-06-11,C-0088,P-ENC-004,PL-03,4,227.51,0,USD,Shipped
SO-100862,1,2025-06-08,2025-06-29,C-0097,P-FAS-010,PL-01,15,18.09,5,USD,Shipped
SO-100862,2,2025-06-08,2025-06-21,C-0097,P-FAS-006,PL-01,15,18.08,0,USD,Shipped
SO-100880,1,2025-06-08,2025-06-18,C-0061,P-FAB-012,PL-01,5,1161.66,5,USD,Shipped
SO-100880,2,2025-06-08,2025-06-25,C-0061,P-MET-007,PL-03,2,134.34,10,USD,Shipped
SO-100882,1,2025-06-08,2025-06-16,C-0067,P-MET-003,PL-02,4,112.42,2,USD,Shipped
SO-100889,1,2025-06-08,2025-06-13,C-0036,P-FAB-010,PL-02,3,1671.43,10,USD,Shipped
SO-100889,2,2025-06-08,2025-06-22,C-0036,P-MET-008,PL-04,12,82.79,5,USD,Shipped
SO-100889,3,2025-06-08,2025-06-21,C-0036,P-STR-008,PL-04,2,675.22,0,USD,Shipped
SO-100899,1,2025-06-08,2025-06-10,C-0042,P-FAS-001,PL-04,3,25.35,0,USD,Shipped
SO-100899,2,2025-06-08,2025-06-28,C-0042,P-ENC-003,PL-02,1,273.91,5,USD,Shipped
SO-100899,3,2025-06-08,2025-06-10,C-0042,P-STR-001,PL-03,3,367.12,0,USD,Shipped
SO-100917,1,2025-06-08,2025-06-11,C-0136,P-STR-002,PL-04,5,658.63,5,USD,Shipped
SO-100917,2,2025-06-08,2025-06-16,C-0136,P-MET-011,PL-02,2,106.07,0,USD,Shipped
SO-100917,3,2025-06-08,2025-06-26,C-0136,P-STR-005,PL-01,7,340.25,8,USD,Shipped
SO-100928,1,2025-06-08,2025-06-21,C-0014,P-ENC-005,PL-01,2,185.05,0,USD,Shipped
SO-100928,2,2025-06-08,2025-06-15,C-0014,P-MET-012,PL-03,3,66.45,0,USD,Shipped
SO-100928,3,2025-06-08,2025-06-24,C-0014,P-STR-008,PL-01,3,681.09,8,USD,Shipped
SO-100957,1,2025-06-08,2025-06-23,C-0030,P-FAB-001,PL-01,3,1956.94,5,USD,Shipped
SO-100957,2,2025-06-08,2025-06-26,C-0030,P-ENC-008,PL-01,6,284.79,0,USD,Shipped
SO-100831,1,2025-06-09,,C-0012,P-FAS-003,PL-01,3,11.43,2,USD,Cancelled
SO-100831,2,2025-06-09,2025-06-12,C-0012,P-ENC-005,PL-01,4,183.20,5,USD,Shipped
SO-100945,1,2025-06-09,2025-06-16,C-0099,P-MET-009,PL-04,1,133.22,15,USD,Shipped
SO-100945,2,2025-06-09,2025-06-15,C-0099,P-FAB-002,PL-01,2,1067.31,5,USD,Shipped
SO-100948,1,2025-06-09,2025-06-16,C-0083,P-FAS-007,PL-03,4,17.35,0,USD,Shipped
SO-100948,2,2025-06-09,2025-06-14,C-0083,P-FAB-005,PL-03,3,1671.66,2,USD,Shipped
SO-100871,1,2025-06-10,2025-06-13,C-0021,P-FAS-011,PL-02,14,27.56,0,USD,Shipped
SO-100871,2,2025-06-10,2025-06-26,C-0021,P-FAB-007,PL-04,1,1059.94,10,USD,Shipped
SO-100871,3,2025-06-10,2025-06-16,C-0021,P-FAS-007,PL-01,20,17.20,8,USD,Shipped
SO-100850,1,2025-06-11,2025-06-15,C-0011,P-FAS-009,PL-03,2,27.81,5,USD,Shipped
SO-100850,2,2025-06-11,2025-06-16,C-0011,P-FAS-012,PL-03,6,24.12,0,USD,Shipped
SO-100870,1,2025-06-11,2025-06-26,C-0129,P-FAS-007,PL-01,10,17.42,0,USD,Shipped
SO-100898,1,2025-06-11,2025-06-21,C-0086,P-MET-003,PL-04,5,116.69,8,USD,Shipped
SO-100906,1,2025-06-11,2025-06-17,C-0050,P-MET-006,PL-02,3,87.16,0,USD,Shipped
SO-100906,2,2025-06-11,2025-06-16,C-0050,P-MET-006,PL-03,5,82.41,5,USD,Shipped
SO-100906,3,2025-06-11,2025-06-14,C-0050,P-FAB-003,PL-01,2,1789.30,0,USD,Shipped
SO-100970,1,2025-06-11,2025-06-16,C-0041,P-FAS-006,PL-04,15,17.81,0,USD,Shipped
SO-100970,2,2025-06-11,2025-06-17,C-0041,P-FAS-002,PL-02,3,20.44,5,USD,Shipped
SO-100874,1,2025-06-12,2025-06-26,C-0119,P-FAS-001,PL-03,19,26.71,0,USD,Shipped
SO-100874,1,2025-06-12,2025-06-26,C-0119,P-FAS-001,PL-03,19,26.71,0,USD,Shipped
SO-100912,1,2025-06-12,2025-06-22,C-0081,P-ENC-001,PL-04,7,163.82,8,USD,Shipped
SO-100922,1,2025-06-12,2025-06-15,C-0046,P-MET-011,PL-03,4,108.58,5,USD,Shipped
SO-100922,2,2025-06-12,2025-06-18,C-0046,P-ENC-011,PL-02,2,228.97,10,USD,Shipped
SO-100966,1,2025-06-12,2025-06-24,C-0137,P-FAS-007,PL-01,8,17.69,0,USD,Shipped
SO-100966,2,2025-06-12,2025-06-25,C-0137,P-FAS-008,PL-03,10,28.29,5,USD,Shipped
SO-100966,3,2025-06-12,2025-06-23,C-0137,P-MET-007,PL-03,2,131.66,10,USD,Shipped
SO-100973,1,2025-06-12,2025-06-17,C-0087,P-FAB-001,PL-01,3,1999.86,5,USD,Shipped
SO-100849,1,2025-06-13,2025-06-22,C-0077,P-FAS-004,PL-04,5,20.19,0,USD,Shipped
SO-100864,1,2025-06-13,2025-06-29,C-0040,P-MET-010,PL-02,4,97.66,0,USD,Shipped
SO-100872,1,2025-06-13,2025-06-30,C-0065,P-STR-007,PL-02,2,415.03,0,USD,Shipped
SO-100872,2,2025-06-13,2025-07-01,C-0065,P-FAS-005,PL-01,8,12.25,0,USD,Shipped
SO-100872,3,2025-06-13,2025-06-16,C-0065,P-MET-001,PL-02,5,66.08,0,USD,Shipped
SO-100886,1,2025-06-13,2025-07-02,C-0032,P-ENC-007,PL-02,2,364.19,0,USD,Shipped
SO-100902,1,2025-06-13,2025-07-02,C-0123,P-MET-012,PL-01,10,64.52,0,USD,Shipped
SO-100902,2,2025-06-13,2025-07-03,C-0123,P-STR-008,PL-01,3,683.68,8,USD,Shipped
SO-100925,1,2025-06-13,2025-06-22,C-0004,P-FAS-001,PL-01,9,25.59,0,USD,Shipped
SO-100936,1,2025-06-13,2025-06-17,C-0082,P-FAS-008,PL-04,3,28.49,0,USD,Shipped
SO-100936,2,2025-06-13,2025-06-20,C-0082,P-ENC-007,PL-04,5,367.26,5,USD,Shipped
SO-100936,3,2025-06-13,2025-07-03,C-0082,P-FAS-005,PL-01,26,12.45,0,USD,Shipped
SO-100944,1,2025-06-13,2025-06-15,C-0084,P-MET-011,PL-01,4,104.39,10,USD,Shipped
SO-100944,2,2025-06-13,2025-06-17,C-0084,P-MET-005,PL-03,4,128.81,8,USD,Shipped
SO-100952,1,2025-06-13,2025-07-04,C-0013,P-MET-007,PL-02,1,132.85,0,USD,Shipped
SO-100975,1,2025-06-13,2025-06-22,C-0038,P-STR-003,PL-04,14,293.94,0,USD,Shipped
SO-100977,1,2025-06-13,2025-06-16,C-0072,P-ENC-002,PL-01,6,357.04,8,USD,Shipped
SO-100977,2,2025-06-13,2025-06-16,C-0072,P-ENC-009,PL-04,3,187.05,8,USD,Shipped
SO-100977,3,2025-06-13,2025-06-17,C-0072,P-FAS-003,PL-02,5,11.62,0,USD,Shipped
SO-100896,1,2025-06-14,2025-06-25,C-0118,P-ENC-007,PL-04,4,364.45,0,USD,Shipped
SO-100896,2,2025-06-14,2025-06-26,C-0118,P-FAS-005,PL-02,6,12.54,8,USD,Shipped
SO-100921,1,2025-06-14,,C-0086,P-MET-004,PL-02,3,88.09,8,USD,Cancelled
SO-100921,2,2025-06-14,2025-06-19,C-0086,P-FAS-006,PL-03,5,18.72,8,USD,Shipped
SO-100923,1,2025-06-14,2025-07-05,C-0103,P-ENC-010,PL-01,12,221.24,0,USD,Shipped
SO-100923,2,2025-06-14,2025-06-24,C-0103,P-STR-009,PL-04,3,284.85,0,USD,Shipped
SO-100923,3,2025-06-14,2025-06-30,C-0103,P-MET-005,PL-01,7,126.19,10,USD,Shipped
SO-100958,1,2025-06-14,2025-07-02,C-0092,P-FAB-006,PL-01,4,1183.74,0,USD,Shipped
SO-100958,2,2025-06-14,2025-06-22,C-0092,P-FAS-005,PL-01,8,12.82,8,USD,Shipped
SO-100968,1,2025-06-14,2025-06-23,C-0117,P-MET-007,PL-04,2,135.60,10,USD,Shipped
SO-100833,1,2025-06-15,2025-07-04,C-0083,P-FAB-010,PL-01,3,1681.69,0,USD,Shipped
SO-100839,1,2025-06-15,2025-06-21,C-0053,P-MET-011,PL-04,3,107.59,0,USD,Shipped
SO-100841,1,2025-06-15,2025-07-02,C-0028,P-FAS-007,PL-01,11,17.97,8,USD,Shipped
SO-100841,2,2025-06-15,2025-07-02,C-0028,P-ENC-003,PL-03,3,275.75,8,USD,Shipped
SO-100841,3,2025-06-15,2025-07-05,C-0028,P-STR-002,PL-04,15,671.24,0,USD,Shipped
SO-100858,1,2025-06-15,2025-07-01,C-0052,P-ENC-006,PL-02,5,256.61,2,USD,Shipped
SO-100858,2,2025-06-15,2025-06-20,C-0052,P-MET-009,PL-01,2,131.26,5,USD,Shipped
SO-100858,3,2025-06-15,2025-06-25,C-0052,P-FAS-001,PL-04,7,26.74,8,USD,Shipped
SO-100873,1,2025-06-15,2025-06-21,C-0123,P-FAS-004,PL-02,19,20.10,5,USD,Shipped
SO-100910,1,2025-06-15,2025-06-17,C-0134,P-FAS-001,PL-04,16,25.38,5,USD,Shipped
SO-100910,2,2025-06-15,2025-06-27,C-0134,P-MET-004,PL-02,3,92.91,2,USD,Shipped
SO-100933,1,2025-06-15,2025-06-18,C-0014,P-FAS-006,PL-02,3,17.84,10,USD,Shipped
SO-100941,1,2025-06-15,2025-06-30,C-0112,P-FAS-003,PL-04,16,11.48,10,USD,Shipped
SO-100960,1,2025-06-15,2025-06-19,C-0105,P-FAS-004,PL-03,10,20.50,10,USD,Shipped
SO-100978,1,2025-06-15,2025-06-27,C-0133,P-ENC-004,PL-04,9,238.94,10,USD,Shipped
SO-100851,1,2025-06-16,2025-06-27,C-0021,P-MET-010,PL-04,2,99.93,8,USD,Shipped
SO-100851,2,2025-06-16,2025-06-26,C-0021,P-FAB-007,PL-04,3,1040.53,5,USD,Shipped
SO-100860,1,2025-06-16,2025-07-07,C-0125,P-FAS-009,PL-03,12,27.23,2,USD,Shipped
SO-100879,1,2025-06-16,2025-07-06,C-0024,P-MET-004,PL-03,1,89.79,10,USD,Shipped
SO-100879,2,2025-06-16,2025-06-20,C-0024,P-FAB-006,PL-02,4,1193.08,2,USD,Shipped
SO-100879,3,2025-06-16,2025-06-19,C-0024,P-STR-010,PL-03,3,378.30,0,USD,Shipped
SO-100843,1,2025-06-17,2025-06-24,C-0078,P-FAS-006,PL-01,7,18.81,0,USD,Shipped
SO-100843,2,2025-06-17,2025-07-02,C-0078,P-FAS-010,PL-03,6,18.17,10,USD,Shipped
SO-100843,3,2025-06-17,2025-07-06,C-0078,P-MET-010,PL-01,4,97.90,0,USD,Shipped
SO-100895,1,2025-06-17,2025-06-20,C-0058,P-FAS-009,PL-04,7,28.37,0,USD,Shipped
SO-100895,2,2025-06-17,2025-07-01,C-0058,P-FAS-007,PL-01,9,17.78,8,USD,Shipped
SO-100895,3,2025-06-17,2025-07-04,C-0058,P-FAS-012,PL-04,18,23.83,10,USD,Shipped
SO-100907,1,2025-06-17,2025-07-04,C-0092,P-STR-007,PL-01,2,407.92,10,USD,Shipped
SO-100836,1,2025-06-18,2025-06-27,C-0108,P-MET-001,PL-01,2,63.45,5,USD,Shipped
SO-100836,2,2025-06-18,2025-07-05,C-0108,P-MET-002,PL-01,3,90.70,0,USD,Shipped
SO-100920,1,2025-06-18,2025-07-01,C-0046,P-FAB-005,PL-01,4,1737.77,2,USD,Shipped
SO-100920,2,2025-06-18,2025-06-28,C-0046,P-MET-006,PL-02,3,83.32,0,USD,Shipped
SO-100927,1,2025-06-18,2025-07-05,C-0092,P-FAS-007,PL-03,16,16.94,0,USD,Shipped
SO-100950,1,2025-06-18,2025-06-28,C-0081,P-STR-011,PL-01,5,458.76,5,USD,Shipped
SO-100953,1,2025-06-18,2025-07-02,C-0069,P-MET-007,PL-02,2,130.33,0,USD,Shipped
SO-100969,1,2025-06-18,2025-06-20,C-0033,P-FAS-011,PL-01,21,28.38,0,USD,Shipped
SO-100844,1,2025-06-19,2025-07-10,C-0033,P-FAS-003,PL-03,12,11.25,0,USD,Shipped
SO-100844,2,2025-06-19,2025-06-23,C-0033,P-FAS-011,PL-04,14,28.38,2,USD,Shipped
SO-100878,1,2025-06-19,2025-07-06,C-0107,P-STR-006,PL-02,8,558.40,0,USD,Shipped
SO-100878,2,2025-06-19,2025-06-30,C-0107,P-FAB-008,PL-01,2,1458.33,10,USD,Shipped
SO-100918,1,2025-06-19,2025-06-21,C-0035,P-FAS-008,PL-02,7,28.72,2,USD,Shipped
SO-100918,2,2025-06-19,2025-07-01,C-0035,P-ENC-011,PL-04,2,220.82,10,USD,Shipped
SO-100947,1,2025-06-19,2025-06-23,C-0137,P-FAB-011,PL-01,3,2004.92,0,USD,Shipped
SO-100947,2,2025-06-19,2025-07-05,C-0137,P-FAS-012,PL-04,17,24.62,2,USD,Shipped
SO-100962,1,2025-06-19,2025-06-25,C-0132,P-STR-009,PL-04,3,282.64,0,USD,Shipped
SO-100962,2,2025-06-19,2025-07-03,C-0132,P-MET-009,PL-02,4,132.84,0,USD,Shipped
SO-100859,1,2025-06-20,2025-07-08,C-0090,P-ENC-004,PL-04,1,240.52,5,USD,Shipped
SO-100894,1,2025-06-20,2025-07-09,C-0130,P-STR-010,PL-04,4,370.10,0,USD,Shipped
SO-100894,2,2025-06-20,2025-07-05,C-0130,P-FAS-011,PL-03,21,28.81,0,USD,Shipped
SO-100963,1,2025-06-20,2025-06-27,C-0058,P-ENC-010,PL-03,9,225.01,0,USD,Shipped
SO-100964,1,2025-06-20,2025-07-08,C-0006,P-STR-007,PL-01,8,415.07,0,USD,Shipped
SO-100964,2,2025-06-20,2025-07-04,C-0006,P-MET-012,PL-03,12,66.79,2,USD,Shipped
SO-100984,1,2025-06-20,2025-06-22,C-0126,P-FAB-008,PL-03,4,1445.59,2,USD,Shipped
SO-100832,1,2025-06-21,2025-07-10,C-0113,P-FAB-010,PL-02,2,1673.12,5,USD,Shipped
SO-100832,2,2025-06-21,2025-07-06,C-0113,P-MET-003,PL-01,2,116.05,5,USD,Shipped
SO-100846,1,2025-06-21,2025-07-07,C-0034,P-FAS-005,PL-01,7,12.40,8,USD,Shipped
SO-100846,2,2025-06-21,2025-07-10,C-0034,P-STR-007,PL-03,7,407.24,0,USD,Shipped
SO-100856,1,2025-06-21,2025-07-07,C-0036,P-FAB-003,PL-01,2,1779.31,0,USD,Shipped
SO-100876,1,2025-06-21,2025-06-26,C-0038,P-ENC-008,PL-04,2,276.60,8,USD,Shipped
SO-100876,2,2025-06-21,2025-06-26,C-0038,P-FAS-001,PL-04,5,26.19,10,USD,Shipped
SO-100876,3,2025-06-21,,C-0038,P-ENC-004,PL-03,2,236.84,10,USD,Cancelled
SO-100890,1,2025-06-21,2025-07-04,C-0051,P-ENC-010,PL-04,8,224.45,10,USD,Shipped
SO-100893,1,2025-06-21,2025-06-24,C-0048,P-FAB-008,PL-04,5,1445.58,5,USD,Shipped
SO-100931,1,2025-06-21,2025-06-28,C-0112,P-FAS-004,PL-02,6,20.48,5,USD,Shipped
SO-100931,2,2025-06-21,2025-07-03,C-0112,P-FAS-007,PL-03,13,17.47,5,USD,Shipped
SO-100830,1,2025-06-22,2025-07-11,C-0020,P-ENC-002,PL-02,5,355.44,0,USD,Shipped
SO-100830,2,2025-06-22,2025-07-03,C-0020,P-STR-006,PL-02,4,563.82,0,USD,Shipped
SO-100883,1,2025-06-23,2025-06-25,C-0099,P-FAS-003,PL-01,10,11.74,10,USD,Shipped
SO-100883,2,2025-06-23,2025-07-09,C-0099,P-MET-009,PL-04,4,127.28,10,USD,Shipped
SO-100905,1,2025-06-23,2025-07-01,C-0041,P-FAB-009,PL-02,14,1990.05,0,USD,Shipped
SO-100905,2,2025-06-23,,C-0041,P-FAB-005,PL-01,1,1747.96,0,USD,Cancelled
SO-100909,1,2025-06-23,2025-06-29,C-0125,P-FAS-004,PL-04,4,19.58,5,USD,Shipped
SO-100909,2,2025-06-23,2025-07-02,C-0125,P-FAS-004,PL-03,6,20.39,5,USD,Shipped
SO-100985,1,2025-06-23,2025-06-27,C-0110,P-ENC-001,PL-01,6,165.85,8,USD,Shipped
SO-100987,1,2025-06-23,2025-07-07,C-0125,P-FAS-002,PL-03,12,20.41,5,USD,Shipped
SO-100989,1,2025-06-23,2025-07-06,C-0129,P-FAS-005,PL-01,7,12.58,0,USD,Shipped
SO-100838,1,2025-06-24,2025-07-08,C-0019,P-ENC-001,PL-02,3,165.29,0,USD,Shipped
SO-100892,1,2025-06-24,2025-07-10,C-0101,P-FAS-001,PL-01,49,25.77,13,USD,Shipped
SO-100929,1,2025-06-24,2025-07-03,C-0030,P-MET-007,PL-04,3,129.63,2,USD,Shipped
SO-100929,2,2025-06-24,2025-07-12,C-0030,P-MET-012,PL-03,2,64.81,5,USD,Shipped
SO-100938,1,2025-06-24,2025-06-27,C-0111,P-ENC-009,PL-01,3,192.02,0,USD,Shipped
SO-100939,1,2025-06-24,2025-07-03,C-0048,P-FAB-009,PL-01,6,2034.54,5,USD,Shipped
SO-100939,2,2025-06-24,2025-06-27,C-0048,P-MET-012,PL-03,3,64.52,5,USD,Shipped
SO-100946,1,2025-06-24,2025-07-09,C-0013,P-MET-005,PL-02,4,124.24,8,USD,Shipped
SO-100954,1,2025-06-24,2025-07-03,C-0037,P-FAS-009,PL-03,9,27.44,0,USD,Shipped
SO-100954,2,2025-06-24,2025-06-27,C-0037,P-FAS-001,PL-02,11,25.85,10,USD,Shipped
SO-100976,1,2025-06-24,2025-07-13,C-0139,P-FAS-010,PL-03,7,18.70,0,USD,Shipped
SO-100842,1,2025-06-25,2025-07-09,C-0068,P-STR-002,PL-04,2,644.99,10,USD,Shipped
SO-100842,2,2025-06-25,2025-07-11,C-0068,P-FAS-003,PL-04,8,11.54,2,USD,Shipped
SO-100867,1,2025-06-25,2025-07-16,C-0097,P-FAS-007,PL-04,6,17.56,0,USD,Shipped
SO-100867,2,2025-06-25,2025-07-06,C-0097,P-ENC-011,PL-04,5,220.66,10,USD,Shipped
SO-100867,3,2025-06-25,2025-06-29,C-0097,P-MET-012,PL-02,1,64.72,5,USD,Shipped
SO-100940,1,2025-06-25,2025-07-07,C-0090,P-STR-009,PL-03,6,292.16,10,USD,Shipped
SO-100940,2,2025-06-25,2025-07-10,C-0090,P-MET-001,PL-04,2,63.77,13,USD,Shipped
SO-100986,1,2025-06-25,2025-07-15,C-0087,P-MET-002,PL-02,2,89.46,13,USD,Shipped
SO-100986,2,2025-06-25,2025-06-28,C-0087,P-FAB-007,PL-02,10,1020.42,15,USD,Shipped
SO-100829,1,2025-06-26,2025-06-30,C-0132,P-ENC-002,PL-01,6,353.23,5,USD,Shipped
SO-100829,2,2025-06-26,,C-0132,P-STR-004,PL-01,5,389.61,0,USD,Cancelled
SO-100848,1,2025-06-26,2025-07-17,C-0095,P-STR-011,PL-02,2,451.91,0,USD,Shipped
SO-100852,1,2025-06-26,2025-07-03,C-0040,P-FAB-007,PL-04,4,1035.72,5,USD,Shipped
SO-100884,1,2025-06-26,2025-07-10,C-0075,P-MET-008,PL-01,3,83.44,0,USD,Shipped
SO-100884,2,2025-06-26,2025-07-02,C-0075,P-FAB-010,PL-04,3,1602.81,0,USD,Shipped
SO-100884,3,2025-06-26,2025-07-04,C-0075,P-MET-002,PL-04,3,87.08,2,USD,Shipped
SO-100885,1,2025-06-26,2025-06-28,C-0073,P-FAS-001,PL-02,3,25.23,10,USD,Shipped
SO-100885,2,2025-06-26,2025-07-07,C-0073,P-FAS-012,PL-03,7,24.81,10,USD,Shipped
SO-100853,1,2025-06-27,2025-07-18,C-0072,P-FAS-010,PL-04,16,17.88,0,USD,Shipped
SO-100935,1,2025-06-27,2025-06-29,C-0074,P-FAS-009,PL-01,7,27.05,0,USD,Shipped
SO-100935,2,2025-06-27,2025-07-17,C-0074,P-FAS-003,PL-01,5,11.50,8,USD,Shipped
SO-100935,3,2025-06-27,2025-06-30,C-0074,P-MET-010,PL-04,13,96.12,10,USD,Shipped
SO-100980,1,2025-06-27,2025-07-03,C-0078,P-FAS-008,PL-01,5,28.36,5,USD,Shipped
SO-100980,2,2025-06-27,2025-06-30,C-0078,P-MET-010,PL-02,5,99.13,8,USD,Shipped
SO-100982,1,2025-06-27,2025-07-18,C-0067,P-FAB-003,PL-04,5,1843.10,0,USD,Shipped
SO-100982,2,2025-06-27,2025-07-16,C-0067,P-FAS-002,PL-04,11,20.32,5,USD,Shipped
SO-100982,3,2025-06-27,2025-07-09,C-0067,P-FAS-003,PL-01,7,11.24,0,USD,Shipped
SO-100837,1,2025-06-28,2025-07-11,C-0006,P-STR-012,PL-02,3,272.81,0,USD,Shipped
SO-100854,1,2025-06-28,2025-07-16,C-0005,P-FAS-006,PL-01,5,18.22,0,USD,Shipped
SO-100854,2,2025-06-28,2025-07-06,C-0005,P-FAS-002,PL-01,9,19.92,0,USD,Shipped
SO-100869,1,2025-06-28,2025-07-13,C-0081,P-FAS-010,PL-04,22,18.73,5,USD,Shipped
SO-100891,1,2025-06-28,2025-06-30,C-0027,P-STR-003,PL-02,2,284.71,2,USD,Shipped
SO-100891,2,2025-06-28,2025-07-09,C-0027,P-ENC-011,PL-01,5,221.15,2,USD,Shipped
SO-100903,1,2025-06-28,2025-07-04,C-0132,P-FAS-009,PL-03,10,28.15,8,USD,Shipped
SO-100903,2,2025-06-28,2025-07-03,C-0132,P-FAS-003,PL-02,2,11.59,0,USD,Shipped
SO-100913,1,2025-06-28,2025-07-10,C-0060,P-MET-004,PL-02,4,90.24,0,USD,Shipped
SO-100937,1,2025-06-28,2025-07-10,C-0065,P-ENC-003,PL-01,16,274.07,8,USD,Shipped
SO-100967,1,2025-06-28,2025-07-02,C-0121,P-ENC-007,PL-03,2,354.47,8,USD,Shipped
SO-100972,1,2025-06-28,2025-07-06,C-0022,P-FAS-004,PL-04,6,20.01,10,USD,Shipped
SO-100972,2,2025-06-28,,C-0022,P-MET-009,PL-04,1,134.22,0,USD,Cancelled
SO-100974,1,2025-06-28,2025-07-07,C-0104,P-STR-005,PL-03,4,352.98,5,USD,Shipped
SO-100981,1,2025-06-28,2025-07-09,C-0021,P-ENC-009,PL-04,3,188.19,0,USD,Shipped
SO-100827,1,2025-06-29,2025-07-02,C-0074,P-ENC-009,PL-04,1,191.95,2,USD,Shipped
SO-100827,2,2025-06-29,2025-07-13,C-0074,P-ENC-012,PL-01,2,356.15,0,USD,Shipped
SO-100847,1,2025-06-29,2025-07-06,C-0106,P-MET-002,PL-03,8,87.25,5,USD,Shipped
SO-100847,2,2025-06-29,2025-07-01,C-0106,P-FAS-004,PL-04,13,19.59,2,USD,Shipped
SO-100888,1,2025-06-29,2025-07-09,C-0022,P-ENC-003,PL-01,5,276.21,10,USD,Shipped
SO-100888,2,2025-06-29,2025-07-19,C-0022,P-MET-010,PL-03,1,100.18,8,USD,Shipped
SO-100888,3,2025-06-29,2025-07-18,C-0022,P-STR-001,PL-01,4,382.73,8,USD,Shipped
SO-100897,1,2025-06-29,2025-07-14,C-0021,P-MET-008,PL-03,2,83.72,0,USD,Shipped
SO-100901,1,2025-06-29,2025-07-02,C-0052,P-FAS-012,PL-03,22,23.89,0,USD,Shipped
SO-100904,1,2025-06-29,2025-07-16,C-0124,P-FAS-002,PL-01,19,20.03,15,USD,Shipped
SO-100904,2,2025-06-29,2025-07-13,C-0124,P-FAS-003,PL-02,12,11.58,5,USD,Shipped
SO-100988,1,2025-06-29,2025-07-19,C-0042,P-FAS-008,PL-04,15,27.80,0,USD,Shipped
SO-100988,2,2025-06-29,2025-07-18,C-0042,P-STR-001,PL-02,2,377.34,5,USD,Shipped
SO-100988,3,2025-06-29,2025-07-18,C-0042,P-ENC-007,PL-01,4,347.35,0,USD,Shipped
SO-100881,1,2025-06-30,2025-07-14,C-0012,P-FAS-011,PL-03,4,27.72,0,USD,Shipped
SO-100911,1,2025-06-30,2025-07-03,C-0124,P-FAS-010,PL-02,11,18.77,10,USD,Shipped
SO-100911,2,2025-06-30,2025-07-21,C-0124,P-ENC-012,PL-01,4,343.23,10,USD,Shipped
SO-100919,1,2025-06-30,2025-07-12,C-0078,P-MET-002,PL-03,6,88.74,0,USD,Shipped
SO-101015,1,2025-07-01,2025-07-15,C-0057,P-FAS-008,PL-03,11,29.24,2,USD,Shipped
SO-101015,2,2025-07-01,2025-07-06,C-0057,P-FAS-010,PL-01,7,18.38,10,USD,Shipped
SO-101015,3,2025-07-01,2025-07-07,C-0057,P-FAS-010,PL-04,5,18.59,5,USD,Shipped
SO-101021,1,2025-07-01,2025-07-11,C-0084,P-FAS-007,PL-03,3,17.52,5,USD,Shipped
SO-101027,1,2025-07-01,2025-07-13,C-0003,P-FAS-012,PL-01,4,24.24,0,USD,Shipped
SO-101027,2,2025-07-01,2025-07-06,C-0003,P-MET-006,PL-01,2,82.67,10,USD,Shipped
SO-101027,3,2025-07-01,2025-07-22,C-0003,P-FAS-009,PL-01,2,28.23,2,USD,Shipped
SO-101028,1,2025-07-01,2025-07-15,C-0049,P-ENC-004,PL-04,1,239.45,5,USD,Shipped
SO-101083,1,2025-07-01,2025-07-22,C-0099,P-MET-002,PL-01,3,89.93,10,USD,Shipped
SO-101101,1,2025-07-01,2025-07-03,C-0062,P-STR-009,PL-02,1,283.60,5,USD,Shipped
SO-101101,2,2025-07-01,2025-07-21,C-0062,P-ENC-003,PL-02,2,263.51,5,USD,Shipped
SO-101101,3,2025-07-01,2025-07-08,C-0062,P-STR-011,PL-03,8,450.82,5,USD,Shipped
SO-101113,1,2025-07-01,2025-07-10,C-0111,P-ENC-011,PL-04,2,218.48,0,USD,Shipped
SO-101113,2,2025-07-01,2025-07-06,C-0111,P-FAS-004,PL-03,12,19.56,10,USD,Shipped
SO-101133,1,2025-07-01,2025-07-15,C-0089,P-FAS-011,PL-02,17,28.44,0,USD,Shipped
SO-101133,2,2025-07-01,2025-07-11,C-0089,P-STR-002,PL-01,3,651.63,5,USD,Shipped
SO-101142,1,2025-07-01,2025-07-10,C-0115,P-ENC-007,PL-04,2,351.81,10,USD,Shipped
SO-101142,2,2025-07-01,2025-07-17,C-0115,P-FAS-009,PL-04,5,28.46,2,USD,Shipped
SO-101151,1,2025-07-01,2025-07-08,C-0140,P-MET-011,PL-02,2,106.09,10,USD,Shipped
SO-100993,1,2025-07-02,2025-07-10,C-0071,P-FAS-010,PL-02,3,18.00,0,USD,Shipped
SO-100993,2,2025-07-02,2025-07-22,C-0071,P-MET-008,PL-02,8,80.49,5,USD,Shipped
SO-100993,3,2025-07-02,2025-07-07,C-0071,P-FAS-001,PL-01,3,26.46,5,USD,Shipped
SO-101014,1,2025-07-02,2025-07-13,C-0035,P-FAS-011,PL-04,3,27.78,0,USD,Shipped
SO-101090,1,2025-07-02,2025-07-15,C-0127,P-FAB-005,PL-01,4,1689.52,10,USD,Shipped
SO-101111,1,2025-07-02,2025-07-08,C-0095,P-ENC-011,PL-01,2,225.66,5,USD,Shipped
SO-101135,1,2025-07-02,2025-07-09,C-0054,P-ENC-002,PL-02,4,350.58,0,USD,Shipped
SO-101135,2,2025-07-02,2025-07-23,C-0054,P-FAS-005,PL-03,15,12.94,0,USD,Shipped
SO-101145,1,2025-07-02,2025-07-22,C-0085,P-FAS-001,PL-02,11,25.90,5,USD,Shipped
SO-101145,2,2025-07-02,2025-07-21,C-0085,P-MET-010,PL-03,6,100.15,8,USD,Shipped
SO-101146,1,2025-07-02,2025-07-04,C-0022,P-MET-007,PL-03,5,133.94,5,USD,Shipped
SO-101156,1,2025-07-02,2025-07-07,C-0119,P-FAS-008,PL-04,19,28.99,2,USD,Shipped
SO-101156,2,2025-07-02,2025-07-16,C-0119,P-FAS-006,PL-02,7,18.34,2,USD,Shipped
SO-101064,1,2025-07-03,2025-07-17,C-0034,P-ENC-006,PL-01,5,248.32,0,USD,Shipped
SO-101069,1,2025-07-03,2025-07-24,C-0113,P-ENC-011,PL-04,2,219.78,2,USD,Shipped
SO-101069,2,2025-07-03,2025-07-19,C-0113,P-MET-011,PL-02,3,104.47,8,USD,Shipped
SO-101069,3,2025-07-03,2025-07-12,C-0113,P-MET-011,PL-04,4,103.68,10,USD,Shipped
SO-101141,1,2025-07-03,2025-07-06,C-0043,P-MET-009,PL-04,4,130.46,5,USD,Shipped
SO-101012,1,2025-07-04,2025-07-23,C-0085,P-STR-002,PL-01,1,678.90,8,USD,Shipped
SO-101012,2,2025-07-04,2025-07-19,C-0085,P-STR-011,PL-02,1,447.40,5,USD,Shipped
SO-101054,1,2025-07-04,2025-07-09,C-0052,P-MET-010,PL-03,4,96.73,2,USD,Shipped
SO-100994,1,2025-07-05,2025-07-08,C-0002,P-MET-004,PL-01,4,89.37,0,USD,Shipped
SO-101013,1,2025-07-05,2025-07-23,C-0077,P-FAS-011,PL-03,8,27.64,0,USD,Shipped
SO-101036,1,2025-07-05,2025-07-23,C-0096,P-FAS-003,PL-01,7,11.64,2,USD,Shipped
SO-101098,1,2025-07-05,2025-07-19,C-0087,P-FAB-007,PL-02,11,1033.33,5,USD,Shipped
SO-101098,2,2025-07-05,2025-07-20,C-0087,P-MET-002,PL-02,3,88.50,7,USD,Shipped
SO-101098,3,2025-07-05,,C-0087,P-FAB-001,PL-02,5,2071.29,15,USD,Cancelled
SO-101152,1,2025-07-05,2025-07-15,C-0060,P-ENC-004,PL-02,4,236.62,10,USD,Shipped
SO-101152,2,2025-07-05,2025-07-23,C-0060,P-FAS-007,PL-03,8,17.19,0,USD,Shipped
SO-101152,3,2025-07-05,2025-07-13,C-0060,P-FAB-009,PL-01,5,2099.13,10,USD,Shipped
SO-100990,1,2025-07-06,2025-07-27,C-0074,P-FAB-011,PL-04,3,2022.46,2,USD,Shipped
SO-100995,1,2025-07-06,2025-07-23,C-0118,P-MET-012,PL-04,9,64.55,5,USD,Shipped
SO-100995,2,2025-07-06,,C-0118,P-FAB-005,PL-04,5,1680.87,0,USD,Cancelled
SO-100995,3,2025-07-06,,C-0118,P-FAS-005,PL-02,2,12.47,5,USD,Cancelled
SO-100999,1,2025-07-06,2025-07-15,C-0044,P-FAS-007,PL-03,15,17.57,8,USD,Shipped
SO-101072,1,2025-07-06,2025-07-27,C-0127,P-FAB-001,PL-04,7,1963.32,5,USD,Shipped
SO-101072,2,2025-07-06,2025-07-11,C-0127,P-FAB-010,PL-02,2,1644.62,15,USD,Shipped
SO-101103,1,2025-07-06,2025-07-26,C-0075,P-MET-009,PL-02,3,131.41,10,USD,Shipped
SO-101103,2,2025-07-06,2025-07-18,C-0075,P-FAS-011,PL-04,6,29.05,5,USD,Shipped
SO-101154,1,2025-07-06,2025-07-08,C-0027,P-FAS-006,PL-02,8,18.48,0,USD,Shipped
SO-100996,1,2025-07-07,2025-07-24,C-0018,P-MET-008,PL-03,5,82.62,10,USD,Shipped
SO-101112,1,2025-07-07,,C-0093,P-FAS-011,PL-03,9,28.34,0,USD,Cancelled
SO-101128,1,2025-07-07,2025-07-21,C-0140,P-MET-001,PL-04,1,63.99,0,USD,Shipped
SO-101128,2,2025-07-07,2025-07-11,C-0140,P-MET-007,PL-04,4,132.39,0,USD,Shipped
SO-101010,1,2025-07-08,2025-07-15,C-0016,P-FAB-010,PL-01,4,1632.07,5,USD,Shipped
SO-101010,2,2025-07-08,2025-07-11,C-0016,P-STR-003,PL-03,4,291.18,5,USD,Shipped
SO-101010,3,2025-07-08,2025-07-16,C-0016,P-ENC-009,PL-02,3,189.28,8,USD,Shipped
SO-101038,1,2025-07-08,2025-07-23,C-0001,P-STR-007,PL-02,2,410.76,2,USD,Shipped
SO-101038,2,2025-07-08,2025-07-20,C-0001,P-ENC-007,PL-04,2,361.94,10,USD,Shipped
SO-101048,1,2025-07-08,2025-07-24,C-0054,P-MET-002,PL-02,2,90.44,2,USD,Shipped
SO-101056,1,2025-07-08,2025-07-26,C-0026,P-STR-004,PL-01,2,378.27,5,USD,Shipped
SO-101056,2,2025-07-08,2025-07-25,C-0026,P-FAS-003,PL-03,12,11.39,10,USD,Shipped
SO-101061,1,2025-07-08,2025-07-13,C-0057,P-FAS-010,PL-04,4,17.89,5,USD,Shipped
SO-101061,2,2025-07-08,2025-07-16,C-0057,P-MET-005,PL-01,1,130.58,8,USD,Shipped
SO-101061,3,2025-07-08,2025-07-29,C-0057,P-MET-001,PL-02,12,63.91,2,USD,Shipped
SO-101067,1,2025-07-08,2025-07-22,C-0021,P-STR-001,PL-02,3,379.17,5,USD,Shipped
SO-101067,2,2025-07-08,,C-0021,P-MET-006,PL-03,1,85.16,8,USD,Cancelled
SO-101099,1,2025-07-08,2025-07-29,C-0065,P-MET-004,PL-04,1,89.97,10,USD,Shipped
SO-101099,2,2025-07-08,2025-07-15,C-0065,P-ENC-006,PL-03,7,255.66,0,USD,Shipped
SO-101115,1,2025-07-08,2025-07-14,C-0065,P-MET-006,PL-02,2,84.64,0,USD,Shipped
SO-100998,1,2025-07-09,2025-07-23,C-0043,P-STR-004,PL-01,3,389.50,0,USD,Shipped
SO-101008,1,2025-07-09,2025-07-23,C-0111,P-FAS-008,PL-03,7,27.91,0,USD,Shipped
SO-101073,1,2025-07-09,2025-07-16,C-0105,P-FAS-009,PL-02,11,28.12,0,USD,Shipped
SO-101075,1,2025-07-09,2025-07-24,C-0137,P-FAS-003,PL-02,2,11.66,2,USD,Shipped
SO-101075,2,2025-07-09,2025-07-12,C-0137,P-ENC-007,PL-02,3,346.97,8,USD,Shipped
SO-101077,1,2025-07-09,2025-07-29,C-0127,P-FAB-004,PL-04,3,1295.66,5,USD,Shipped
SO-101092,1,2025-07-09,2025-07-12,C-0005,P-MET-009,PL-02,1,130.38,2,USD,Shipped
SO-101106,1,2025-07-09,2025-07-22,C-0138,P-MET-003,PL-03,3,114.20,0,USD,Shipped
SO-101089,1,2025-07-10,2025-07-17,C-0127,P-FAS-010,PL-04,3,17.78,5,USD,Shipped
SO-101089,2,2025-07-10,2025-07-23,C-0127,P-FAS-005,PL-03,14,12.48,7,USD,Shipped
SO-101122,1,2025-07-10,2025-07-23,C-0067,P-STR-011,PL-03,4,459.56,2,USD,Shipped
SO-101122,2,2025-07-10,2025-07-25,C-0067,P-FAS-006,PL-03,18,18.56,8,USD,Shipped
SO-101122,3,2025-07-10,2025-07-20,C-0067,P-MET-002,PL-03,1,89.25,0,USD,Shipped
SO-101129,1,2025-07-10,2025-07-31,C-0025,P-FAB-007,PL-02,17,1066.60,0,USD,Shipped
SO-100997,1,2025-07-11,2025-07-26,C-0137,P-FAS-009,PL-02,6,27.58,0,USD,Shipped
SO-101020,1,2025-07-11,2025-07-16,C-0029,P-STR-007,PL-02,1,399.51,10,USD,Shipped
SO-101023,1,2025-07-11,2025-07-25,C-0008,P-FAS-011,PL-01,9,28.18,5,USD,Shipped
SO-101023,2,2025-07-11,2025-07-21,C-0008,P-FAS-008,PL-04,17,28.69,10,USD,Shipped
SO-101050,1,2025-07-11,2025-07-25,C-0030,P-MET-010,PL-02,4,96.76,0,USD,Shipped
SO-101050,2,2025-07-11,2025-07-21,C-0030,P-FAS-004,PL-02,22,19.48,8,USD,Shipped
SO-101050,3,2025-07-11,2025-07-31,C-0030,P-FAS-007,PL-03,16,17.86,0,USD,Shipped
SO-101087,1,2025-07-11,2025-07-23,C-0128,P-FAS-005,PL-03,14,12.54,8,USD,Shipped
SO-101087,2,2025-07-11,2025-07-24,C-0128,P-MET-008,PL-02,5,84.21,0,USD,Shipped
SO-101096,1,2025-07-11,2025-07-28,C-0003,P-FAS-012,PL-02,18,23.67,8,USD,Shipped
SO-101096,2,2025-07-11,2025-07-26,C-0003,P-MET-005,PL-03,1,125.94,0,USD,Shipped
SO-101096,3,2025-07-11,2025-07-22,C-0003,P-STR-010,PL-01,3,369.53,5,USD,Shipped
SO-101104,1,2025-07-11,2025-07-20,C-0071,P-ENC-009,PL-03,4,196.55,2,USD,Shipped
SO-101125,1,2025-07-11,2025-07-27,C-0053,P-FAS-010,PL-03,8,17.80,8,USD,Shipped
SO-101125,2,2025-07-11,2025-07-19,C-0053,P-FAB-012,PL-04,15,1178.61,8,USD,Shipped
SO-101125,3,2025-07-11,2025-07-30,C-0053,P-FAS-009,PL-02,5,27.90,2,USD,Shipped
SO-101041,1,2025-07-12,2025-07-23,C-0105,P-STR-004,PL-02,4,376.01,5,USD,Shipped
SO-101044,1,2025-07-12,2025-07-27,C-0102,P-FAS-010,PL-04,3,18.41,10,USD,Shipped
SO-101009,1,2025-07-13,2025-07-23,C-0020,P-MET-002,PL-04,2,90.57,0,USD,Shipped
SO-101009,2,2025-07-13,2025-07-19,C-0020,P-FAS-004,PL-03,8,19.66,0,USD,Shipped
SO-101022,1,2025-07-13,2025-07-31,C-0060,P-FAB-009,PL-02,4,2004.23,0,USD,Shipped
SO-101045,1,2025-07-13,2025-07-20,C-0070,P-MET-011,PL-04,4,105.01,5,USD,Shipped
SO-101046,1,2025-07-13,2025-07-21,C-0088,P-MET-010,PL-02,1,99.46,0,USD,Shipped
SO-101046,2,2025-07-13,2025-08-01,C-0088,P-MET-004,PL-03,4,91.58,5,USD,Shipped
SO-101108,1,2025-07-13,2025-07-16,C-0024,P-MET-004,PL-03,2,91.62,0,USD,Shipped
SO-101138,1,2025-07-13,2025-07-25,C-0051,P-FAB-010,PL-01,4,1620.26,8,USD,Shipped
SO-101138,2,2025-07-13,2025-07-18,C-0051,P-MET-007,PL-02,4,135.13,5,USD,Shipped
SO-101037,1,2025-07-14,2025-07-20,C-0052,P-FAS-003,PL-04,20,11.83,5,USD,Shipped
SO-101060,1,2025-07-14,2025-07-16,C-0063,P-ENC-005,PL-03,4,187.87,0,USD,Shipped
SO-101088,1,2025-07-14,2025-07-18,C-0063,P-STR-007,PL-02,6,407.09,0,USD,Shipped
SO-101088,2,2025-07-14,2025-07-24,C-0063,P-FAS-009,PL-02,4,27.35,10,USD,Shipped
SO-101032,1,2025-07-15,2025-07-18,C-0135,P-MET-010,PL-04,4,99.54,5,USD,Shipped
SO-101032,2,2025-07-15,2025-07-17,C-0135,P-STR-008,PL-04,2,673.17,5,USD,Shipped
SO-101049,1,2025-07-15,2025-08-05,C-0117,P-STR-008,PL-03,3,671.88,2,USD,Shipped
SO-101049,2,2025-07-15,2025-08-01,C-0117,P-FAS-010,PL-01,12,17.87,8,USD,Shipped
SO-101049,3,2025-07-15,2025-07-18,C-0117,P-STR-007,PL-01,3,408.26,8,USD,Shipped
SO-101057,1,2025-07-15,2025-07-25,C-0023,P-ENC-004,PL-03,10,239.57,0,USD,Shipped
SO-101078,1,2025-07-15,2025-07-23,C-0007,P-STR-001,PL-03,5,379.48,5,USD,Shipped
SO-101080,1,2025-07-15,2025-07-31,C-0102,P-FAS-010,PL-03,10,18.40,0,USD,Shipped
SO-101095,1,2025-07-15,2025-07-29,C-0127,P-ENC-003,PL-04,2,262.60,5,USD,Shipped
SO-101095,2,2025-07-15,2025-08-02,C-0127,P-MET-005,PL-04,15,129.28,5,USD,Shipped
SO-101095,3,2025-07-15,2025-07-19,C-0127,P-FAS-003,PL-02,3,11.53,7,USD,Shipped
SO-101107,1,2025-07-15,2025-07-26,C-0012,P-FAS-001,PL-04,7,26.02,0,USD,Shipped
SO-101107,2,2025-07-15,2025-07-24,C-0012,P-FAS-001,PL-02,5,25.61,10,USD,Shipped
SO-101107,3,2025-07-15,2025-07-27,C-0012,P-FAS-011,PL-01,4,27.82,2,USD,Shipped
SO-101137,1,2025-07-15,2025-07-24,C-0061,P-STR-001,PL-01,7,371.48,0,USD,Shipped
SO-101144,1,2025-07-15,2025-07-19,C-0135,P-FAS-002,PL-01,10,20.54,5,USD,Shipped
SO-101144,2,2025-07-15,2025-07-31,C-0135,P-FAB-009,PL-01,4,2008.02,5,USD,Shipped
SO-101001,1,2025-07-16,2025-08-04,C-0089,P-ENC-005,PL-03,6,185.87,10,USD,Shipped
SO-101001,2,2025-07-16,2025-07-30,C-0089,P-ENC-007,PL-02,3,367.58,0,USD,Shipped
SO-101040,1,2025-07-16,2025-07-21,C-0093,P-FAS-006,PL-01,12,17.97,0,USD,Shipped
SO-101051,1,2025-07-16,2025-08-05,C-0096,P-STR-002,PL-02,4,655.92,0,USD,Shipped
SO-101058,1,2025-07-16,2025-07-19,C-0040,P-MET-003,PL-03,2,115.02,5,USD,Shipped
SO-101058,2,2025-07-16,2025-08-03,C-0040,P-FAS-003,PL-01,4,11.38,0,USD,Shipped
SO-101062,1,2025-07-16,2025-07-31,C-0124,P-MET-004,PL-02,6,90.67,5,USD,Shipped
SO-101062,2,2025-07-16,2025-07-22,C-0124,P-FAS-003,PL-04,10,11.36,5,USD,Shipped
SO-101109,1,2025-07-16,2025-08-05,C-0126,P-MET-009,PL-01,6,129.58,2,USD,Shipped
SO-101109,2,2025-07-16,2025-07-25,C-0126,P-MET-001,PL-01,5,65.44,8,USD,Shipped
SO-101071,1,2025-07-17,2025-07-25,C-0007,P-MET-010,PL-03,3,95.46,5,USD,Shipped
SO-101136,1,2025-07-17,,C-0120,P-FAS-003,PL-02,9,11.47,5,USD,Cancelled
SO-101102,1,2025-07-18,2025-07-24,C-0118,P-FAS-012,PL-04,5,24.06,10,USD,Shipped
SO-101114,1,2025-07-18,2025-07-29,C-0105,P-STR-007,PL-03,4,405.41,5,USD,Shipped
SO-101132,1,2025-07-18,2025-07-23,C-0094,P-FAS-005,PL-04,8,12.33,5,USD,Shipped
SO-101132,2,2025-07-18,2025-07-25,C-0094,P-FAS-011,PL-01,13,28.27,5,USD,Shipped
SO-101148,1,2025-07-18,2025-08-01,C-0039,P-FAS-006,PL-01,3,18.03,5,USD,Shipped
SO-101148,2,2025-07-18,2025-08-03,C-0039,P-FAS-007,PL-01,8,17.31,8,USD,Shipped
SO-100992,1,2025-07-19,2025-08-06,C-0026,P-FAS-001,PL-04,3,26.54,10,USD,Shipped
SO-100992,2,2025-07-19,2025-08-07,C-0026,P-FAS-009,PL-02,10,27.00,5,USD,Shipped
SO-101016,1,2025-07-19,2025-07-23,C-0054,P-FAS-006,PL-04,10,18.67,0,USD,Shipped
SO-101016,2,2025-07-19,2025-07-28,C-0054,P-FAS-004,PL-01,12,20.60,5,USD,Shipped
SO-101055,1,2025-07-19,2025-08-09,C-0085,P-STR-010,PL-04,6,382.38,0,USD,Shipped
SO-101055,2,2025-07-19,2025-07-28,C-0085,P-MET-012,PL-01,3,66.49,5,USD,Shipped
SO-101055,3,2025-07-19,2025-07-23,C-0085,P-FAS-005,PL-02,20,12.64,0,USD,Shipped
SO-101081,1,2025-07-19,2025-08-03,C-0115,P-MET-003,PL-02,5,114.06,0,USD,Shipped
SO-101086,1,2025-07-19,2025-08-02,C-0076,P-FAB-004,PL-02,3,1268.86,13,USD,Shipped
SO-101097,1,2025-07-19,2025-08-08,C-0132,P-FAS-003,PL-04,9,11.67,0,USD,Shipped
SO-101155,1,2025-07-19,,C-0054,P-MET-005,PL-02,2,125.61,10,USD,Cancelled
SO-101000,1,2025-07-20,2025-07-25,C-0055,P-FAS-012,PL-04,18,24.23,10,USD,Shipped
SO-101000,2,2025-07-20,2025-07-23,C-0055,P-ENC-011,PL-01,2,227.65,5,USD,Shipped
SO-101110,1,2025-07-20,2025-08-05,C-0054,P-FAS-011,PL-04,5,28.21,0,USD,Shipped
SO-101110,2,2025-07-20,,C-0054,P-STR-009,PL-03,1,291.28,10,USD,Shipped
SO-101110,3,2025-07-20,2025-08-02,C-0054,P-FAB-007,PL-02,8,1059.32,2,USD,Shipped
SO-101118,1,2025-07-20,2025-07-24,C-0052,P-FAS-010,PL-02,12,18.44,8,USD,Shipped
SO-101119,1,2025-07-20,2025-07-25,C-0026,P-MET-011,PL-01,1,105.17,0,USD,Shipped
SO-101119,2,2025-07-20,2025-07-25,C-0026,P-ENC-011,PL-04,7,227.72,5,USD,Shipped
SO-101149,1,2025-07-20,2025-08-10,C-0106,P-MET-004,PL-01,4,88.17,5,USD,Shipped
SO-101149,2,2025-07-20,2025-07-24,C-0106,P-FAS-011,PL-02,8,28.10,8,USD,Shipped
SO-101005,1,2025-07-21,2025-08-01,C-0092,P-ENC-001,PL-01,2,166.27,5,USD,Shipped
SO-101026,1,2025-07-21,2025-08-11,C-0022,P-FAS-004,PL-04,16,19.58,2,USD,Shipped
SO-101026,2,2025-07-21,2025-08-04,C-0022,P-MET-012,PL-01,2,66.02,8,USD,Shipped
SO-101039,1,2025-07-21,2025-07-29,C-0129,P-FAS-004,PL-03,5,19.90,0,USD,Shipped
SO-101042,1,2025-07-21,2025-08-07,C-0022,P-FAS-008,PL-04,7,29.24,10,USD,Shipped
SO-101131,1,2025-07-21,2025-08-07,C-0045,P-ENC-001,PL-04,4,165.96,0,USD,Shipped
SO-101131,2,2025-07-21,2025-08-02,C-0045,P-FAS-005,PL-01,8,12.46,2,USD,Shipped
SO-101079,1,2025-07-22,2025-08-02,C-0038,P-MET-003,PL-04,9,115.23,0,USD,Shipped
SO-101079,2,2025-07-22,2025-08-08,C-0038,P-FAS-002,PL-04,4,20.64,5,USD,Shipped
SO-101084,1,2025-07-22,2025-07-31,C-0069,P-FAS-008,PL-04,2,28.64,8,USD,Shipped
SO-101011,1,2025-07-23,2025-07-27,C-0127,P-FAS-010,PL-02,10,18.37,7,USD,Shipped
SO-101011,2,2025-07-23,2025-08-01,C-0127,P-STR-005,PL-02,8,351.54,13,USD,Shipped
SO-101018,1,2025-07-23,2025-07-29,C-0083,P-MET-005,PL-01,6,125.24,0,USD,Shipped
SO-101025,1,2025-07-23,2025-08-06,C-0078,P-STR-001,PL-02,1,366.48,0,USD,Shipped
SO-101025,2,2025-07-23,2025-07-25,C-0078,P-STR-009,PL-03,3,293.95,0,USD,Shipped
SO-101025,3,2025-07-23,2025-07-29,C-0078,P-FAS-010,PL-02,6,18.29,5,USD,Shipped
SO-101059,1,2025-07-23,2025-08-11,C-0089,P-ENC-007,PL-04,5,360.11,5,USD,Shipped
SO-101065,1,2025-07-23,2025-08-11,C-0025,P-STR-003,PL-04,3,293.94,5,USD,Shipped
SO-101065,2,2025-07-23,2025-07-28,C-0025,P-FAS-007,PL-04,12,17.53,10,USD,Shipped
SO-101068,1,2025-07-23,2025-07-26,C-0133,P-MET-008,PL-04,5,82.76,0,USD,Shipped
SO-101143,1,2025-07-23,2025-08-02,C-0082,P-FAS-003,PL-04,3,11.26,0,USD,Shipped
SO-101147,1,2025-07-23,2025-08-13,C-0006,P-FAS-010,PL-02,10,17.77,2,USD,Shipped
SO-101121,1,2025-07-24,2025-07-27,C-0111,P-MET-006,PL-04,2,83.47,5,USD,Shipped
SO-101121,2,2025-07-24,2025-08-12,C-0111,P-ENC-001,PL-03,6,171.65,5,USD,Shipped
SO-101157,1,2025-07-24,2025-08-01,C-0102,P-FAS-005,PL-04,10,12.49,8,USD,Shipped
SO-101043,1,2025-07-25,2025-08-01,C-0024,P-FAS-004,PL-01,7,20.60,2,USD,Shipped
SO-101076,1,2025-07-25,2025-08-02,C-0043,P-STR-012,PL-03,2,283.36,5,USD,Shipped
SO-101076,2,2025-07-25,2025-08-08,C-0043,P-FAS-002,PL-03,8,20.59,0,USD,Shipped
SO-101076,3,2025-07-25,2025-08-04,C-0043,P-MET-012,PL-02,4,65.98,5,USD,Shipped
SO-101140,1,2025-07-25,2025-08-09,C-0042,P-FAB-007,PL-04,10,1055.64,0,USD,Shipped
SO-101003,1,2025-07-26,2025-08-07,C-0053,P-MET-012,PL-01,4,66.72,2,USD,Shipped
SO-101003,2,2025-07-26,2025-08-06,C-0053,P-MET-007,PL-04,3,135.53,0,USD,Shipped
SO-101003,3,2025-07-26,2025-08-01,C-0053,P-MET-011,PL-02,2,108.93,5,USD,Shipped
SO-101017,1,2025-07-26,2025-08-10,C-0076,P-FAB-009,PL-04,7,2024.93,7,USD,Shipped
SO-101017,2,2025-07-26,2025-07-29,C-0076,P-FAS-003,PL-02,14,11.72,5,USD,Shipped
SO-101017,3,2025-07-26,2025-08-01,C-0076,P-FAB-003,PL-01,6,1828.50,15,USD,Shipped
SO-101052,1,2025-07-26,2025-08-02,C-0010,P-FAB-004,PL-01,5,1280.64,10,USD,Shipped
SO-101066,1,2025-07-26,2025-07-30,C-0051,P-STR-011,PL-04,3,459.94,5,USD,Shipped
SO-101066,2,2025-07-26,2025-08-16,C-0051,P-STR-005,PL-01,6,341.08,5,USD,Shipped
SO-101066,3,2025-07-26,2025-08-02,C-0051,P-ENC-011,PL-01,4,224.35,0,USD,Shipped
SO-101070,1,2025-07-26,2025-08-03,C-0055,P-ENC-002,PL-02,3,353.82,5,USD,Shipped
SO-101124,1,2025-07-26,2025-08-13,C-0114,P-FAS-004,PL-03,22,19.93,0,USD,Shipped
SO-101124,2,2025-07-26,2025-08-12,C-0114,P-FAS-005,PL-03,7,12.57,0,USD,Shipped
SO-101130,1,2025-07-26,2025-08-15,C-0124,P-MET-001,PL-03,4,63.49,5,USD,Shipped
SO-101004,1,2025-07-27,2025-08-03,C-0022,P-MET-002,PL-01,2,85.80,5,USD,Shipped
SO-101004,2,2025-07-27,2025-07-31,C-0022,P-FAB-003,PL-02,1,1848.45,0,USD,Shipped
SO-101004,3,2025-07-27,2025-08-05,C-0022,P-MET-006,PL-04,5,86.24,5,USD,Shipped
SO-101030,1,2025-07-27,2025-07-30,C-0034,P-MET-005,PL-01,3,123.85,0,USD,Shipped
SO-101031,1,2025-07-27,2025-08-01,C-0115,P-FAS-009,PL-01,12,27.85,0,USD,Shipped
SO-101047,1,2025-07-27,2025-08-01,C-0004,P-STR-004,PL-01,7,383.22,10,USD,Shipped
SO-101053,1,2025-07-27,2025-07-30,C-0037,P-STR-011,PL-03,1,462.46,0,USD,Shipped
SO-101006,1,2025-07-28,2025-08-04,C-0088,P-FAS-010,PL-03,6,18.62,8,USD,Shipped
SO-101033,1,2025-07-28,2025-08-04,C-0138,P-FAS-010,PL-02,21,17.74,5,USD,Shipped
SO-101033,2,2025-07-28,2025-08-13,C-0138,P-MET-004,PL-04,4,90.47,0,USD,Shipped
SO-101033,3,2025-07-28,2025-08-04,C-0138,P-FAS-005,PL-01,10,12.42,5,USD,Shipped
SO-101034,1,2025-07-28,2025-08-03,C-0065,P-FAB-003,PL-02,2,1841.44,8,USD,Shipped
SO-101034,2,2025-07-28,2025-08-11,C-0065,P-FAB-002,PL-04,7,1070.77,8,USD,Shipped
SO-101063,1,2025-07-28,2025-08-06,C-0048,P-FAB-002,PL-03,3,1083.14,10,USD,Shipped
SO-101063,2,2025-07-28,2025-07-30,C-0048,P-FAB-003,PL-03,4,1799.27,13,USD,Shipped
SO-101063,3,2025-07-28,2025-08-03,C-0048,P-FAS-002,PL-02,6,20.83,15,USD,Shipped
SO-101082,1,2025-07-28,2025-08-14,C-0005,P-FAS-010,PL-04,4,18.68,8,USD,Shipped
SO-101082,2,2025-07-28,2025-08-13,C-0005,P-FAS-012,PL-02,7,24.46,2,USD,Shipped
SO-101082,3,2025-07-28,2025-08-02,C-0005,P-FAS-008,PL-04,8,28.47,0,USD,Shipped
SO-101085,1,2025-07-28,2025-08-09,C-0080,P-MET-006,PL-04,1,85.87,5,USD,Shipped
SO-101093,1,2025-07-28,2025-08-10,C-0003,P-FAS-007,PL-04,5,17.63,5,USD,Shipped
SO-101116,1,2025-07-28,2025-08-03,C-0050,P-MET-010,PL-02,1,96.00,2,USD,Shipped
SO-101116,2,2025-07-28,2025-07-31,C-0050,P-STR-009,PL-04,1,299.28,0,USD,Shipped
SO-101126,1,2025-07-28,2025-08-11,C-0017,P-ENC-007,PL-01,5,367.40,2,USD,Shipped
SO-101126,2,2025-07-28,2025-08-16,C-0017,P-STR-006,PL-03,5,571.14,10,USD,Shipped
SO-101153,1,2025-07-28,2025-08-06,C-0060,P-MET-011,PL-01,2,105.75,0,USD,Shipped
SO-101007,1,2025-07-29,,C-0117,P-MET-001,PL-04,7,64.94,5,USD,Shipped
SO-101094,1,2025-07-29,2025-08-14,C-0067,P-FAS-011,PL-01,19,27.77,10,USD,Shipped
SO-101100,1,2025-07-29,2025-08-06,C-0061,P-MET-003,PL-04,3,116.71,0,USD,Shipped
SO-101134,1,2025-07-29,2025-08-09,C-0027,P-MET-006,PL-04,6,86.94,0,USD,Shipped
SO-101150,1,2025-07-29,2025-08-03,C-0120,P-ENC-012,PL-04,1,337.03,8,USD,Shipped
SO-100991,1,2025-07-30,2025-08-15,C-0057,P-FAS-003,PL-01,7,11.20,0,USD,Shipped
SO-101002,1,2025-07-30,2025-08-15,C-0133,P-ENC-003,PL-04,2,263.91,8,USD,Shipped
SO-101019,1,2025-07-30,2025-08-15,C-0044,P-FAS-004,PL-03,5,20.05,5,USD,Shipped
SO-101029,1,2025-07-30,2025-08-05,C-0042,P-FAS-002,PL-01,22,20.55,5,USD,Shipped
SO-101029,2,2025-07-30,2025-08-19,C-0042,P-ENC-008,PL-02,4,275.08,5,USD,Shipped
SO-101074,1,2025-07-30,2025-08-11,C-0061,P-MET-012,PL-01,6,66.52,2,USD,Shipped
SO-101091,1,2025-07-30,2025-08-18,C-0137,P-FAS-007,PL-04,13,17.06,5,USD,Shipped
SO-101105,1,2025-07-30,2025-08-15,C-0114,P-ENC-011,PL-04,5,231.61,0,USD,Shipped
SO-101120,1,2025-07-30,2025-08-02,C-0067,P-FAB-005,PL-01,2,1697.19,0,USD,Shipped
SO-101120,2,2025-07-30,2025-08-06,C-0067,P-ENC-001,PL-01,2,163.53,2,USD,Shipped
SO-101120,3,2025-07-30,2025-08-15,C-0067,P-FAB-010,PL-01,3,1668.36,0,USD,Shipped
SO-101123,1,2025-07-30,2025-08-04,C-0042,P-MET-001,PL-03,8,63.87,0,USD,Shipped
SO-101123,2,2025-07-30,2025-08-05,C-0042,P-FAS-009,PL-03,3,27.38,0,USD,Shipped
SO-101127,1,2025-07-30,2025-08-19,C-0125,P-FAB-001,PL-01,2,2062.87,0,USD,Shipped
SO-101127,2,2025-07-30,2025-08-11,C-0125,P-FAS-007,PL-02,3,17.80,0,USD,Shipped
SO-101139,1,2025-07-30,2025-08-03,C-0090,P-FAB-002,PL-01,3,1105.29,5,USD,Shipped
SO-101024,1,2025-07-31,2025-08-05,C-0020,P-FAS-005,PL-02,16,12.52,10,USD,Shipped
SO-101024,2,2025-07-31,2025-08-12,C-0020,P-FAS-005,PL-02,6,12.56,0,USD,Shipped
SO-101035,1,2025-07-31,2025-08-02,C-0113,P-FAS-004,PL-02,2,20.09,8,USD,Shipped
SO-101117,1,2025-07-31,2025-08-10,C-0113,P-STR-009,PL-01,5,294.02,8,USD,Shipped
SO-101187,1,2025-08-01,2025-08-05,C-0092,P-FAS-011,PL-04,6,28.47,5,USD,Shipped
SO-101207,1,2025-08-01,2025-08-22,C-0030,P-MET-005,PL-03,1,128.01,0,USD,Shipped
SO-101207,2,2025-08-01,2025-08-16,C-0030,P-STR-006,PL-03,4,574.09,0,USD,Shipped
SO-101207,3,2025-08-01,2025-08-12,C-0030,P-FAS-004,PL-03,9,19.55,2,USD,Shipped
SO-101278,1,2025-08-01,2025-08-03,C-0122,P-ENC-003,PL-03,2,272.89,8,USD,Shipped
SO-101278,2,2025-08-01,2025-08-07,C-0122,P-ENC-007,PL-02,10,367.78,5,USD,Shipped
SO-101251,1,2025-08-02,2025-08-21,C-0116,P-MET-004,PL-03,3,91.33,5,USD,Shipped
SO-101251,2,2025-08-02,2025-08-06,C-0116,P-FAB-006,PL-04,3,1160.63,5,USD,Shipped
SO-101251,3,2025-08-02,2025-08-12,C-0116,P-ENC-006,PL-01,4,250.01,10,USD,Shipped
SO-101258,1,2025-08-02,2025-08-13,C-0098,P-MET-009,PL-01,4,130.04,0,USD,Shipped
SO-101258,2,2025-08-02,2025-08-20,C-0098,P-FAS-012,PL-02,14,24.34,5,USD,Shipped
SO-101269,1,2025-08-02,2025-08-20,C-0003,P-MET-006,PL-01,4,86.00,0,USD,Shipped
SO-101202,1,2025-08-03,2025-08-14,C-0022,P-FAS-004,PL-01,4,19.73,0,USD,Shipped
SO-101236,1,2025-08-03,2025-08-14,C-0137,P-ENC-009,PL-04,12,193.98,0,USD,Shipped
SO-101236,2,2025-08-03,2025-08-07,C-0137,P-FAS-009,PL-03,7,28.32,8,USD,Shipped
SO-101254,1,2025-08-03,,C-0045,P-MET-004,PL-03,7,87.55,5,USD,Cancelled
SO-101254,2,2025-08-03,2025-08-19,C-0045,P-MET-004,PL-04,1,92.10,8,USD,Shipped
SO-101257,1,2025-08-03,2025-08-13,C-0075,P-STR-009,PL-02,3,293.59,0,USD,Shipped
SO-101268,1,2025-08-03,2025-08-23,C-0008,P-FAS-003,PL-03,9,11.41,8,USD,Shipped
SO-101268,2,2025-08-03,2025-08-15,C-0008,P-ENC-006,PL-03,1,256.90,2,USD,Shipped
SO-101268,3,2025-08-03,2025-08-14,C-0008,P-MET-005,PL-02,2,123.93,0,USD,Shipped
SO-101294,1,2025-08-03,2025-08-21,C-0069,P-MET-004,PL-04,8,89.56,0,USD,Shipped
SO-101294,2,2025-08-03,2025-08-10,C-0069,P-FAS-009,PL-02,9,27.40,0,USD,Shipped
SO-101172,1,2025-08-04,2025-08-20,C-0043,P-MET-009,PL-03,3,132.31,5,USD,Shipped
SO-101172,2,2025-08-04,2025-08-21,C-0043,P-STR-003,PL-01,6,284.17,5,USD,Shipped
SO-101178,1,2025-08-04,2025-08-24,C-0128,P-STR-001,PL-03,6,374.56,5,USD,Shipped
SO-101178,2,2025-08-04,2025-08-23,C-0128,P-STR-005,PL-04,1,335.53,8,USD,Shipped
SO-101178,3,2025-08-04,2025-08-12,C-0128,P-ENC-007,PL-02,3,347.63,8,USD,Shipped
SO-101166,1,2025-08-05,2025-08-21,C-0098,P-STR-002,PL-03,2,659.80,0,USD,Shipped
SO-101166,2,2025-08-05,2025-08-19,C-0098,P-STR-006,PL-03,10,559.57,0,USD,Shipped
SO-101205,1,2025-08-05,2025-08-26,C-0025,P-STR-003,PL-04,3,295.55,0,USD,Shipped
SO-101205,2,2025-08-05,2025-08-12,C-0025,P-MET-011,PL-04,1,105.69,5,USD,Shipped
SO-101205,3,2025-08-05,2025-08-25,C-0025,P-STR-001,PL-03,8,379.91,5,USD,Shipped
SO-101219,1,2025-08-05,2025-08-23,C-0065,P-STR-008,PL-01,4,688.96,10,USD,Shipped
SO-101237,1,2025-08-05,2025-08-15,C-0124,P-STR-009,PL-03,10,299.10,10,USD,Shipped
SO-101255,1,2025-08-05,2025-08-17,C-0022,P-FAS-004,PL-01,13,19.57,10,USD,Shipped
SO-101252,1,2025-08-06,2025-08-19,C-0064,P-ENC-010,PL-01,1,222.59,0,USD,Shipped
SO-101290,1,2025-08-06,2025-08-09,C-0060,P-FAS-004,PL-04,10,20.51,0,USD,Shipped
SO-101159,1,2025-08-07,2025-08-25,C-0055,P-FAS-012,PL-04,3,23.73,5,USD,Shipped
SO-101159,2,2025-08-07,2025-08-18,C-0055,P-ENC-011,PL-02,5,224.14,10,USD,Shipped
SO-101167,1,2025-08-07,2025-08-13,C-0019,P-ENC-005,PL-04,9,184.25,0,USD,Shipped
SO-101217,1,2025-08-07,2025-08-25,C-0011,P-FAS-001,PL-03,7,25.80,2,USD,Shipped
SO-101247,1,2025-08-07,2025-08-28,C-0129,P-STR-004,PL-04,4,393.50,0,USD,Shipped
SO-101247,2,2025-08-07,2025-08-26,C-0129,P-ENC-007,PL-01,6,348.75,2,USD,Shipped
SO-101280,1,2025-08-07,2025-08-16,C-0120,P-FAS-003,PL-01,10,11.75,2,USD,Shipped
SO-101181,1,2025-08-08,2025-08-22,C-0001,P-FAS-010,PL-04,11,17.87,0,USD,Shipped
SO-101181,2,2025-08-08,2025-08-19,C-0001,P-FAS-002,PL-02,8,20.88,2,USD,Shipped
SO-101212,1,2025-08-08,2025-08-17,C-0106,P-MET-002,PL-01,1,89.62,0,USD,Shipped
SO-101212,2,2025-08-08,2025-08-28,C-0106,P-MET-008,PL-03,2,83.10,0,USD,Shipped
SO-101224,1,2025-08-08,2025-08-10,C-0051,P-STR-007,PL-01,3,416.60,8,USD,Shipped
SO-101224,2,2025-08-08,2025-08-16,C-0051,P-FAS-005,PL-04,12,12.88,0,USD,Shipped
SO-101240,1,2025-08-08,2025-08-26,C-0023,P-MET-005,PL-04,4,123.28,0,USD,Shipped
SO-101246,1,2025-08-08,2025-08-22,C-0037,P-MET-003,PL-03,9,114.25,2,USD,Shipped
SO-101264,1,2025-08-08,2025-08-16,C-0078,P-ENC-006,PL-04,5,246.55,8,USD,Shipped
SO-101264,2,2025-08-08,2025-08-17,C-0078,P-FAS-009,PL-03,3,27.29,10,USD,Shipped
SO-101299,1,2025-08-08,2025-08-20,C-0106,P-MET-004,PL-01,2,90.08,2,USD,Shipped
SO-101168,1,2025-08-09,2025-08-11,C-0012,P-FAS-002,PL-04,7,20.49,0,USD,Shipped
SO-101223,1,2025-08-09,2025-08-20,C-0109,P-MET-008,PL-01,1,82.23,0,USD,Shipped
SO-101242,1,2025-08-09,2025-08-12,C-0088,P-STR-012,PL-01,2,273.31,5,USD,Shipped
SO-101242,2,2025-08-09,2025-08-29,C-0088,P-MET-002,PL-02,6,87.37,0,USD,Shipped
SO-101282,1,2025-08-09,,C-0055,P-STR-003,PL-04,6,293.24,2,USD,Cancelled
SO-101221,1,2025-08-10,2025-08-31,C-0017,P-MET-004,PL-01,5,89.69,8,USD,Shipped
SO-101221,2,2025-08-10,2025-08-18,C-0017,P-FAS-006,PL-01,19,18.35,10,USD,Shipped
SO-101221,3,2025-08-10,,C-0017,P-STR-009,PL-02,1,294.91,0,USD,Cancelled
SO-101250,1,2025-08-10,2025-08-24,C-0051,P-FAS-003,PL-01,4,11.81,5,USD,Shipped
SO-101253,1,2025-08-10,2025-08-31,C-0102,P-STR-009,PL-04,9,295.03,2,USD,Shipped
SO-101235,1,2025-08-11,2025-09-01,C-0092,P-MET-006,PL-03,1,82.47,0,USD,Shipped
SO-101235,2,2025-08-11,2025-08-16,C-0092,P-STR-001,PL-02,6,380.70,5,USD,Shipped
SO-101235,3,2025-08-11,2025-08-18,C-0092,P-MET-012,PL-04,9,65.31,10,USD,Shipped
SO-101239,1,2025-08-11,2025-08-22,C-0067,P-FAB-002,PL-03,2,1105.60,0,USD,Shipped
SO-101239,2,2025-08-11,2025-08-27,C-0067,P-FAB-007,PL-02,4,1059.67,10,USD,Shipped
SO-101266,1,2025-08-11,2025-08-21,C-0102,P-MET-002,PL-02,3,86.20,0,USD,Shipped
SO-101270,1,2025-08-11,,C-0065,P-FAS-005,PL-03,15,12.60,10,USD,Cancelled
SO-101270,2,2025-08-11,2025-08-26,C-0065,P-ENC-008,PL-04,4,282.18,0,USD,Shipped
SO-101270,3,2025-08-11,2025-08-24,C-0065,P-MET-012,PL-02,3,66.29,0,USD,Shipped
SO-101276,1,2025-08-11,2025-08-13,C-0077,P-MET-010,PL-03,4,95.84,8,USD,Shipped
SO-101276,2,2025-08-11,2025-08-27,C-0077,P-STR-002,PL-02,1,662.79,10,USD,Shipped
SO-101297,1,2025-08-11,2025-08-20,C-0110,P-MET-007,PL-04,1,132.07,5,USD,Shipped
SO-101297,2,2025-08-11,2025-08-29,C-0110,P-STR-008,PL-04,1,674.71,0,USD,Shipped
SO-101300,1,2025-08-11,2025-08-22,C-0107,P-FAS-002,PL-02,3,19.79,0,USD,Shipped
SO-101303,1,2025-08-11,2025-08-16,C-0051,P-STR-012,PL-04,2,281.24,5,USD,Shipped
SO-101303,2,2025-08-11,2025-08-31,C-0051,P-ENC-005,PL-02,5,188.77,2,USD,Shipped
SO-101303,3,2025-08-11,2025-08-21,C-0051,P-MET-007,PL-02,15,129.34,0,USD,Shipped
SO-101170,1,2025-08-12,2025-08-26,C-0136,P-MET-003,PL-03,5,115.02,0,USD,Shipped
SO-101260,1,2025-08-12,2025-08-25,C-0063,P-ENC-001,PL-02,2,169.72,5,USD,Shipped
SO-101260,2,2025-08-12,2025-09-01,C-0063,P-STR-010,PL-02,3,363.70,10,USD,Shipped
SO-101260,3,2025-08-12,2025-08-23,C-0063,P-MET-001,PL-02,4,65.36,0,USD,Shipped
SO-101262,1,2025-08-12,2025-08-24,C-0037,P-STR-011,PL-01,2,446.38,0,USD,Shipped
SO-101272,1,2025-08-12,2025-08-28,C-0122,P-MET-005,PL-02,1,127.24,0,USD,Shipped
SO-101272,2,2025-08-12,2025-09-02,C-0122,P-ENC-008,PL-02,2,284.35,0,USD,Shipped
SO-101158,1,2025-08-13,2025-08-19,C-0021,P-MET-008,PL-01,1,81.97,10,USD,Shipped
SO-101158,2,2025-08-13,2025-08-19,C-0021,P-STR-007,PL-01,2,403.89,5,USD,Shipped
SO-101158,3,2025-08-13,2025-08-24,C-0021,P-MET-006,PL-04,1,85.90,0,USD,Shipped
SO-101204,1,2025-08-13,2025-08-21,C-0037,P-FAS-005,PL-02,5,12.42,5,USD,Shipped
SO-101204,2,2025-08-13,2025-08-16,C-0037,P-ENC-008,PL-03,2,281.88,5,USD,Shipped
SO-101244,1,2025-08-13,2025-08-20,C-0022,P-ENC-010,PL-03,6,215.89,8,USD,Shipped
SO-101244,2,2025-08-13,2025-08-20,C-0022,P-FAS-006,PL-03,5,18.54,0,USD,Shipped
SO-101263,1,2025-08-13,2025-08-25,C-0039,P-STR-004,PL-03,1,381.66,10,USD,Shipped
SO-101267,1,2025-08-13,2025-08-16,C-0034,P-FAB-007,PL-02,3,1043.14,10,USD,Shipped
SO-101302,1,2025-08-13,2025-08-26,C-0042,P-FAS-004,PL-04,20,20.20,5,USD,Shipped
SO-101302,2,2025-08-13,2025-08-25,C-0042,P-FAS-012,PL-02,6,23.72,0,USD,Shipped
SO-101186,1,2025-08-14,2025-09-02,C-0061,P-FAB-004,PL-01,3,1284.40,10,USD,Shipped
SO-101186,2,2025-08-14,2025-08-29,C-0061,P-MET-008,PL-02,12,81.49,10,USD,Shipped
SO-101198,1,2025-08-14,2025-09-04,C-0076,P-FAB-003,PL-03,2,1869.63,5,USD,Shipped
SO-101199,1,2025-08-14,2025-08-17,C-0031,P-ENC-006,PL-04,3,257.72,0,USD,Shipped
SO-101234,1,2025-08-14,2025-09-01,C-0132,P-FAS-012,PL-02,6,23.77,10,USD,Shipped
SO-101234,2,2025-08-14,2025-08-31,C-0132,P-ENC-010,PL-01,2,218.08,5,USD,Shipped
SO-101296,1,2025-08-14,2025-08-19,C-0102,P-ENC-005,PL-04,2,191.37,10,USD,Shipped
SO-101296,2,2025-08-14,2025-08-21,C-0102,P-ENC-007,PL-04,3,357.30,0,USD,Shipped
SO-101298,1,2025-08-14,2025-08-24,C-0137,P-STR-007,PL-04,10,409.86,2,USD,Shipped
SO-101160,1,2025-08-15,2025-08-25,C-0108,P-STR-010,PL-03,4,363.89,8,USD,Shipped
SO-101160,2,2025-08-15,2025-08-31,C-0108,P-FAB-010,PL-04,8,1607.16,10,USD,Shipped
SO-101189,1,2025-08-15,2025-09-03,C-0081,P-MET-002,PL-03,4,87.97,5,USD,Shipped
SO-101189,2,2025-08-15,2025-08-29,C-0081,P-FAS-006,PL-02,8,17.83,5,USD,Shipped
SO-101203,1,2025-08-15,2025-08-29,C-0120,P-MET-012,PL-02,2,63.23,0,USD,Shipped
SO-101232,1,2025-08-15,,C-0015,P-ENC-004,PL-04,4,233.18,0,USD,Cancelled
SO-101249,1,2025-08-15,2025-09-03,C-0131,P-ENC-010,PL-04,2,217.71,5,USD,Shipped
SO-101249,2,2025-08-15,2025-08-19,C-0131,P-FAS-004,PL-04,6,20.63,8,USD,Shipped
SO-101291,1,2025-08-15,2025-08-29,C-0016,P-STR-002,PL-04,2,650.63,0,USD,Shipped
SO-101200,1,2025-08-16,2025-09-06,C-0096,P-MET-003,PL-03,4,115.52,5,USD,Shipped
SO-101228,1,2025-08-16,2025-09-02,C-0006,P-FAS-004,PL-03,5,20.43,0,USD,Shipped
SO-101228,2,2025-08-16,2025-08-18,C-0006,P-ENC-006,PL-03,3,247.96,10,USD,Shipped
SO-101275,1,2025-08-16,2025-08-21,C-0128,P-MET-008,PL-02,6,83.98,0,USD,Shipped
SO-101275,2,2025-08-16,2025-08-24,C-0128,P-MET-011,PL-02,3,107.16,10,USD,Shipped
SO-101275,3,2025-08-16,2025-09-05,C-0128,P-STR-003,PL-04,2,285.36,5,USD,Shipped
SO-101288,1,2025-08-16,2025-08-31,C-0034,P-ENC-012,PL-03,14,338.95,8,USD,Shipped
SO-101288,2,2025-08-16,2025-08-19,C-0034,P-STR-006,PL-01,5,575.89,2,USD,Shipped
SO-101292,1,2025-08-16,2025-08-21,C-0054,P-ENC-004,PL-04,5,233.12,2,USD,Shipped
SO-101188,1,2025-08-17,2025-08-24,C-0107,P-FAS-002,PL-02,10,20.51,0,USD,Shipped
SO-101188,1,2025-08-17,2025-08-24,C-0107,P-FAS-002,PL-02,10,20.51,0,USD,Shipped
SO-101208,1,2025-08-17,2025-08-31,C-0121,P-ENC-011,PL-04,3,230.48,0,USD,Shipped
SO-101208,2,2025-08-17,2025-08-23,C-0121,P-FAS-009,PL-02,15,28.46,8,USD,Shipped
SO-101208,3,2025-08-17,2025-08-30,C-0121,P-FAS-004,PL-01,4,20.34,0,USD,Shipped
SO-101211,1,2025-08-17,2025-09-07,C-0012,P-ENC-010,PL-03,4,214.34,2,USD,Shipped
SO-101220,1,2025-08-17,2025-08-28,C-0140,P-FAS-005,PL-04,8,12.23,0,USD,Shipped
SO-101220,2,2025-08-17,2025-09-07,C-0140,P-MET-004,PL-01,6,90.75,5,USD,Shipped
SO-101241,1,2025-08-17,2025-08-25,C-0114,P-STR-004,PL-03,2,382.82,0,USD,Shipped
SO-101265,1,2025-08-17,2025-08-23,C-0101,P-FAS-006,PL-02,12,18.10,13,USD,Shipped
SO-101265,2,2025-08-17,2025-08-27,C-0101,P-FAS-012,PL-04,2,23.39,5,USD,Shipped
SO-101285,1,2025-08-17,2025-08-22,C-0007,P-FAS-002,PL-03,33,20.93,5,USD,Shipped
SO-101285,2,2025-08-17,2025-08-31,C-0007,P-FAS-001,PL-03,3,26.75,0,USD,Shipped
SO-101287,1,2025-08-17,2025-09-07,C-0080,P-STR-006,PL-03,10,562.82,5,USD,Shipped
SO-101304,1,2025-08-17,2025-09-07,C-0104,P-FAS-007,PL-03,2,16.97,2,USD,Shipped
SO-101304,2,2025-08-17,2025-08-21,C-0104,P-MET-002,PL-02,3,88.44,2,USD,Shipped
SO-101197,1,2025-08-18,2025-09-07,C-0007,P-STR-005,PL-02,2,346.20,5,USD,Shipped
SO-101230,1,2025-08-18,2025-09-01,C-0122,P-STR-012,PL-01,5,271.31,10,USD,Shipped
SO-101230,2,2025-08-18,2025-09-08,C-0122,P-STR-007,PL-02,4,414.54,0,USD,Shipped
SO-101238,1,2025-08-19,2025-08-21,C-0122,P-FAS-002,PL-04,18,20.43,5,USD,Shipped
SO-101238,2,2025-08-19,2025-08-24,C-0122,P-FAS-003,PL-04,4,11.31,5,USD,Shipped
SO-101281,1,2025-08-19,2025-09-03,C-0068,P-FAS-010,PL-03,3,18.21,8,USD,Shipped
SO-101193,1,2025-08-20,2025-09-01,C-0005,P-FAS-004,PL-01,14,19.62,2,USD,Shipped
SO-101195,1,2025-08-20,2025-08-23,C-0114,P-MET-003,PL-01,1,113.38,0,USD,Shipped
SO-101195,2,2025-08-20,2025-08-27,C-0114,P-FAB-009,PL-02,3,2040.48,5,USD,Shipped
SO-101248,1,2025-08-20,2025-08-28,C-0082,P-FAS-012,PL-02,7,24.01,8,USD,Shipped
SO-101248,2,2025-08-20,2025-08-31,C-0082,P-STR-002,PL-01,6,661.41,0,USD,Shipped
SO-101165,1,2025-08-21,2025-09-01,C-0060,P-FAB-012,PL-04,9,1159.74,8,USD,Shipped
SO-101191,1,2025-08-21,2025-08-26,C-0080,P-FAS-009,PL-01,20,28.31,0,USD,Shipped
SO-101191,2,2025-08-21,2025-08-25,C-0080,P-FAB-002,PL-03,3,1083.70,0,USD,Shipped
SO-101194,1,2025-08-21,2025-09-01,C-0108,P-STR-005,PL-04,15,339.96,0,USD,Shipped
SO-101194,2,2025-08-21,2025-08-29,C-0108,P-MET-005,PL-01,10,130.72,0,USD,Shipped
SO-101214,1,2025-08-21,2025-09-01,C-0135,P-FAS-002,PL-03,20,20.74,8,USD,Shipped
SO-101214,2,2025-08-21,2025-08-29,C-0135,P-FAS-005,PL-01,11,12.93,0,USD,Shipped
SO-101214,3,2025-08-21,2025-08-27,C-0135,P-FAS-006,PL-01,6,18.03,2,USD,Shipped
SO-101273,1,2025-08-21,2025-09-01,C-0020,P-MET-007,PL-01,9,132.39,10,USD,Shipped
SO-101273,2,2025-08-21,2025-09-02,C-0020,P-MET-012,PL-02,4,64.53,0,USD,Shipped
SO-101180,1,2025-08-22,2025-08-25,C-0127,P-FAS-011,PL-02,10,27.62,10,USD,Shipped
SO-101185,1,2025-08-22,2025-08-30,C-0037,P-ENC-006,PL-01,3,247.56,0,USD,Shipped
SO-101185,2,2025-08-22,2025-09-11,C-0037,P-STR-008,PL-02,5,668.39,5,USD,Shipped
SO-101233,1,2025-08-22,2025-09-02,C-0137,P-FAS-001,PL-03,4,26.07,5,USD,Shipped
SO-101283,1,2025-08-22,2025-09-10,C-0066,P-FAB-007,PL-03,4,1064.35,5,USD,Shipped
SO-101283,2,2025-08-22,2025-09-09,C-0066,P-STR-010,PL-04,1,375.32,10,USD,Shipped
SO-101175,1,2025-08-23,2025-09-06,C-0131,P-STR-009,PL-01,5,299.32,0,USD,Shipped
SO-101175,2,2025-08-23,,C-0131,P-MET-009,PL-01,1,130.44,0,USD,Cancelled
SO-101192,1,2025-08-23,2025-09-08,C-0077,P-FAS-002,PL-02,18,20.76,0,USD,Shipped
SO-101192,2,2025-08-23,2025-08-30,C-0077,P-ENC-012,PL-04,2,348.66,5,USD,Shipped
SO-101226,1,2025-08-23,2025-08-28,C-0054,P-FAS-009,PL-01,2,28.40,5,USD,Shipped
SO-101226,2,2025-08-23,2025-09-01,C-0054,P-MET-003,PL-02,4,115.63,5,USD,Shipped
SO-101293,1,2025-08-23,2025-09-06,C-0065,P-FAS-002,PL-03,9,20.57,0,USD,Shipped
SO-101190,1,2025-08-24,2025-09-05,C-0111,P-MET-009,PL-02,8,130.98,0,USD,Shipped
SO-101206,1,2025-08-24,2025-09-02,C-0136,P-FAS-002,PL-03,7,20.10,10,USD,Shipped
SO-101210,1,2025-08-24,2025-09-01,C-0009,P-STR-003,PL-04,1,281.92,10,USD,Shipped
SO-101222,1,2025-08-24,2025-09-05,C-0032,P-MET-008,PL-03,3,82.36,10,USD,Shipped
SO-101259,1,2025-08-24,2025-09-05,C-0068,P-FAS-012,PL-01,4,24.80,5,USD,Shipped
SO-101259,2,2025-08-24,2025-09-13,C-0068,P-ENC-007,PL-03,12,352.15,5,USD,Shipped
SO-101261,1,2025-08-24,2025-08-27,C-0061,P-ENC-005,PL-04,-2,191.02,0,USD,Shipped
SO-101162,1,2025-08-25,2025-09-09,C-0015,P-FAS-007,PL-03,9,17.90,5,USD,Shipped
SO-101162,2,2025-08-25,2025-09-14,C-0015,P-MET-002,PL-04,4,87.73,5,USD,Shipped
SO-101182,1,2025-08-25,2025-08-31,C-0082,P-ENC-012,PL-02,6,339.67,0,USD,Shipped
SO-101213,1,2025-08-25,2025-09-12,C-0020,P-ENC-005,PL-04,3,184.80,2,USD,Shipped
SO-101213,2,2025-08-25,2025-09-13,C-0020,P-MET-008,PL-02,3,82.06,0,USD,Shipped
SO-101213,3,2025-08-25,2025-08-28,C-0020,P-MET-008,PL-03,6,84.92,2,USD,Shipped
SO-101215,1,2025-08-25,2025-09-01,C-0034,P-FAS-011,PL-03,8,28.47,10,USD,Shipped
SO-101215,2,2025-08-25,2025-08-29,C-0034,P-MET-012,PL-01,1,65.98,2,USD,Shipped
SO-101215,3,2025-08-25,2025-08-27,C-0034,P-STR-007,PL-03,3,399.41,5,USD,Shipped
SO-101218,1,2025-08-25,2025-09-13,C-0056,P-STR-002,PL-01,1,677.18,0,USD,Shipped
SO-101243,1,2025-08-25,2025-09-13,C-0011,P-FAB-008,PL-04,3,1458.43,0,USD,Shipped
SO-101277,1,2025-08-25,2025-09-06,C-0082,P-MET-007,PL-03,1,135.38,5,USD,Shipped
SO-101161,1,2025-08-26,2025-09-03,C-0044,P-MET-010,PL-04,7,95.23,0,USD,Shipped
SO-101161,2,2025-08-26,2025-09-15,C-0044,P-ENC-006,PL-03,4,256.22,0,USD,Shipped
SO-101171,1,2025-08-26,,C-0071,P-FAS-009,PL-02,12,27.11,10,USD,Cancelled
SO-101171,2,2025-08-26,2025-09-06,C-0071,P-FAS-012,PL-01,22,23.50,5,USD,Shipped
SO-101171,3,2025-08-26,,C-0071,P-STR-009,PL-03,4,296.04,8,USD,Cancelled
SO-101173,1,2025-08-26,,C-0071,P-MET-008,PL-01,2,82.35,5,USD,Cancelled
SO-101173,2,2025-08-26,2025-09-07,C-0071,P-FAS-002,PL-01,8,20.58,8,USD,Shipped
SO-101176,1,2025-08-26,2025-09-05,C-0139,P-ENC-004,PL-04,4,235.20,5,USD,Shipped
SO-101176,2,2025-08-26,2025-09-16,C-0139,P-MET-006,PL-02,2,86.67,0,USD,Shipped
SO-101176,3,2025-08-26,2025-09-05,C-0139,P-FAS-008,PL-01,6,28.62,8,USD,Shipped
SO-101245,1,2025-08-26,2025-09-12,C-0045,P-ENC-008,PL-02,4,275.63,5,USD,Shipped
SO-101256,1,2025-08-26,2025-09-13,C-0076,P-FAB-003,PL-02,3,1828.79,5,USD,Shipped
SO-101279,1,2025-08-26,2025-09-05,C-0069,P-FAS-002,PL-01,9,20.60,5,USD,Shipped
SO-101279,2,2025-08-26,2025-09-08,C-0069,P-ENC-011,PL-02,6,231.70,0,USD,Shipped
SO-101184,1,2025-08-27,2025-09-01,C-0027,P-STR-002,PL-04,1,664.20,5,USD,Shipped
SO-101184,2,2025-08-27,,C-0027,P-ENC-002,PL-04,5,358.62,0,USD,Cancelled
SO-101286,1,2025-08-27,2025-09-14,C-0085,P-FAS-003,PL-04,2,11.57,0,USD,Shipped
SO-101169,1,2025-08-28,2025-09-15,C-0065,P-MET-010,PL-01,3,99.39,0,USD,Shipped
SO-101174,1,2025-08-28,,C-0005,P-STR-005,PL-01,3,334.28,5,USD,Shipped
SO-101177,1,2025-08-28,2025-09-07,C-0035,P-FAS-002,PL-02,-7,20.87,0,USD,Shipped
SO-101216,1,2025-08-29,2025-09-19,C-0132,P-STR-012,PL-04,2,275.21,0,USD,Shipped
SO-101216,2,2025-08-29,2025-09-18,C-0132,P-STR-011,PL-02,4,449.53,8,USD,Shipped
SO-101216,3,2025-08-29,2025-09-01,C-0132,P-STR-004,PL-03,11,388.13,2,USD,Shipped
SO-101225,1,2025-08-29,2025-09-02,C-0103,P-ENC-001,PL-03,9,162.52,0,USD,Shipped
SO-101271,1,2025-08-29,2025-09-15,C-0126,P-FAS-008,PL-02,5,28.12,0,USD,Shipped
SO-101271,2,2025-08-29,2025-09-13,C-0126,P-STR-009,PL-04,1,297.36,2,USD,Shipped
SO-101284,1,2025-08-29,2025-09-12,C-0102,P-FAS-003,PL-03,11,11.43,10,USD,Shipped
SO-101284,2,2025-08-29,,C-0102,P-ENC-009,PL-02,1,195.84,0,USD,Cancelled
SO-101289,1,2025-08-29,2025-09-01,C-0032,P-ENC-007,PL-02,7,360.30,0,USD,Shipped
SO-101295,1,2025-08-29,,C-0115,P-STR-012,PL-04,3,269.13,5,USD,Cancelled
SO-101163,1,2025-08-30,2025-09-09,C-0114,P-ENC-012,PL-01,3,347.48,8,USD,Shipped
SO-101164,1,2025-08-30,,C-0045,P-FAS-011,PL-04,7,27.95,5,USD,Cancelled
SO-101196,1,2025-08-30,2025-09-01,C-0088,P-STR-008,PL-04,9,653.95,10,USD,Shipped
SO-101209,1,2025-08-30,2025-09-03,C-0047,P-FAS-005,PL-03,10,12.31,0,USD,Shipped
SO-101209,2,2025-08-30,2025-09-11,C-0047,P-STR-006,PL-04,4,575.18,0,USD,Shipped
SO-101231,1,2025-08-30,2025-09-14,C-0119,P-MET-003,PL-02,3,118.00,0,USD,Shipped
SO-101231,2,2025-08-30,2025-09-20,C-0119,P-FAS-001,PL-01,16,25.46,5,USD,Shipped
SO-101179,1,2025-08-31,2025-09-17,C-0135,P-FAS-011,PL-02,7,28.78,5,USD,Shipped
SO-101183,1,2025-08-31,2025-09-02,C-0118,P-FAS-010,PL-04,11,17.87,0,USD,Shipped
SO-101183,2,2025-08-31,2025-09-07,C-0118,P-STR-005,PL-03,2,348.69,10,USD,Shipped
SO-101183,3,2025-08-31,2025-09-06,C-0118,P-FAS-001,PL-02,4,26.49,8,USD,Shipped
SO-101201,1,2025-08-31,2025-09-18,C-0054,P-FAS-011,PL-03,6,28.42,8,USD,Shipped
SO-101227,1,2025-08-31,2025-09-13,C-0117,P-STR-004,PL-02,6,391.39,8,USD,Shipped
SO-101227,2,2025-08-31,2025-09-12,C-0117,P-FAS-006,PL-04,2,18.64,8,USD,Shipped
SO-101227,3,2025-08-31,2025-09-07,C-0117,P-FAB-002,PL-01,4,1073.94,0,USD,Shipped
SO-101229,1,2025-08-31,2025-09-02,C-0056,P-FAS-003,PL-04,3,11.53,5,USD,Shipped
SO-101229,2,2025-08-31,2025-09-21,C-0056,P-FAS-001,PL-04,9,26.76,0,USD,Shipped
SO-101274,1,2025-08-31,2025-09-09,C-0027,P-MET-006,PL-01,3,84.55,2,USD,Shipped
SO-101301,1,2025-08-31,2025-09-18,C-0075,P-FAS-004,PL-03,14,20.66,2,USD,Shipped
SO-101301,2,2025-08-31,2025-09-02,C-0075,P-FAS-008,PL-01,9,28.61,5,USD,Shipped
SO-101343,1,2025-09-01,2025-09-10,C-0089,P-MET-011,PL-01,3,105.82,5,USD,Shipped
SO-101438,1,2025-09-01,2025-09-07,C-0036,P-FAS-001,PL-02,11,26.39,0,USD,Shipped
SO-101447,1,2025-09-01,2025-09-20,C-0074,P-MET-010,PL-02,1,97.68,5,USD,Shipped
SO-101447,2,2025-09-01,2025-09-22,C-0074,P-MET-007,PL-03,6,129.60,5,USD,Shipped
SO-101463,1,2025-09-01,2025-09-05,C-0078,P-MET-008,PL-03,9,82.10,0,USD,Shipped
SO-101332,1,2025-09-02,2025-09-12,C-0096,P-MET-012,PL-04,1,63.45,5,USD,Shipped
SO-101345,1,2025-09-02,2025-09-23,C-0077,P-ENC-001,PL-04,8,162.06,5,USD,Shipped
SO-101345,2,2025-09-02,2025-09-17,C-0077,P-ENC-009,PL-02,6,193.22,8,USD,Shipped
SO-101363,1,2025-09-02,2025-09-11,C-0096,P-FAB-009,PL-03,7,2090.73,5,USD,Shipped
SO-101372,1,2025-09-02,2025-09-12,C-0071,P-ENC-001,PL-02,8,170.17,5,USD,Shipped
SO-101423,1,2025-09-02,2025-09-16,C-0042,P-FAS-003,PL-02,3,11.63,5,USD,Shipped
SO-101427,1,2025-09-02,2025-09-14,C-0008,P-ENC-005,PL-01,4,180.92,5,USD,Shipped
SO-101427,2,2025-09-02,2025-09-05,C-0008,P-MET-004,PL-04,1,90.08,5,USD,Shipped
SO-101442,1,2025-09-02,2025-09-15,C-0130,P-MET-002,PL-02,2,90.44,0,USD,Shipped
SO-101442,2,2025-09-02,2025-09-14,C-0130,P-FAS-001,PL-02,8,26.61,5,USD,Shipped
SO-101442,3,2025-09-02,2025-09-20,C-0130,P-MET-006,PL-01,3,84.70,0,USD,Shipped
SO-101453,1,2025-09-02,2025-09-20,C-0102,P-MET-010,PL-02,6,96.54,10,USD,Shipped
SO-101353,1,2025-09-03,2025-09-12,C-0035,P-ENC-003,PL-03,4,274.12,0,USD,Shipped
SO-101353,2,2025-09-03,2025-09-21,C-0035,P-STR-005,PL-03,4,353.94,0,USD,Shipped
SO-101359,1,2025-09-03,2025-09-12,C-0083,P-FAS-004,PL-03,10,20.07,10,USD,Shipped
SO-101359,2,2025-09-03,2025-09-14,C-0083,P-STR-004,PL-01,3,385.86,5,USD,Shipped
SO-101409,1,2025-09-03,2025-09-22,C-0001,P-STR-008,PL-03,7,675.09,8,USD,Shipped
SO-101409,2,2025-09-03,2025-09-18,C-0001,P-FAS-005,PL-02,9,12.53,0,USD,Shipped
SO-101426,1,2025-09-03,2025-09-20,C-0007,P-ENC-007,PL-02,8,357.77,0,USD,Shipped
SO-101426,2,2025-09-03,2025-09-19,C-0007,P-ENC-002,PL-01,11,350.55,0,USD,Shipped
SO-101435,1,2025-09-03,2025-09-06,C-0038,P-FAS-008,PL-04,20,28.59,8,USD,Shipped
SO-101435,2,2025-09-03,2025-09-07,C-0038,P-STR-003,PL-02,6,295.00,0,USD,Shipped
SO-101435,3,2025-09-03,2025-09-15,C-0038,P-FAS-012,PL-03,7,24.40,0,USD,Shipped
SO-101465,1,2025-09-03,2025-09-20,C-0069,P-MET-007,PL-03,2,133.36,0,USD,Shipped
SO-101465,2,2025-09-03,2025-09-19,C-0069,P-STR-011,PL-04,5,455.04,2,USD,Shipped
SO-101465,3,2025-09-03,2025-09-10,C-0069,P-MET-004,PL-04,5,88.36,8,USD,Shipped
SO-101305,1,2025-09-04,2025-09-12,C-0006,P-MET-002,PL-03,6,89.85,5,USD,Shipped
SO-101305,2,2025-09-04,2025-09-15,C-0006,P-FAS-004,PL-01,6,19.53,8,USD,Shipped
SO-101314,1,2025-09-04,2025-09-16,C-0003,P-ENC-012,PL-04,2,346.12,10,USD,Shipped
SO-101314,2,2025-09-04,2025-09-08,C-0003,P-STR-003,PL-01,3,291.23,2,USD,Shipped
SO-101314,3,2025-09-04,2025-09-22,C-0003,P-FAS-004,PL-04,5,20.53,10,USD,Shipped
SO-101326,1,2025-09-04,2025-09-11,C-0052,P-FAS-001,PL-01,9,25.79,8,USD,Shipped
SO-101358,1,2025-09-04,2025-09-10,C-0071,P-FAS-010,PL-04,14,18.02,10,USD,Shipped
SO-101358,2,2025-09-04,2025-09-10,C-0071,P-MET-012,PL-03,7,64.00,8,USD,Shipped
SO-101378,1,2025-09-04,2025-09-08,C-0013,P-FAS-001,PL-03,5,26.45,2,USD,Shipped
SO-101382,1,2025-09-04,2025-09-08,C-0124,P-FAB-008,PL-02,7,1398.86,10,USD,Shipped
SO-101386,1,2025-09-04,2025-09-11,C-0081,P-FAB-009,PL-01,6,2087.22,0,USD,Shipped
SO-101386,2,2025-09-04,2025-09-19,C-0081,P-FAS-010,PL-01,9,18.09,10,USD,Shipped
SO-101406,1,2025-09-04,2025-09-19,C-0081,P-FAS-002,PL-04,11,20.30,2,USD,Shipped
SO-101406,2,2025-09-04,2025-09-21,C-0081,P-STR-009,PL-03,2,299.77,0,USD,Shipped
SO-101406,3,2025-09-04,2025-09-06,C-0081,P-MET-010,PL-03,6,95.35,0,USD,Shipped
SO-101451,1,2025-09-04,2025-09-07,C-0102,P-MET-002,PL-02,3,86.05,5,USD,Shipped
SO-101464,1,2025-09-04,2025-09-10,C-0025,P-FAS-004,PL-03,16,19.67,10,USD,Shipped
SO-101464,2,2025-09-04,2025-09-09,C-0025,P-MET-007,PL-02,10,133.22,0,USD,Shipped
SO-101466,1,2025-09-04,2025-09-21,C-0072,P-ENC-011,PL-04,9,227.53,8,USD,Shipped
SO-101344,1,2025-09-05,2025-09-14,C-0132,P-STR-002,PL-02,3,673.83,0,USD,Shipped
SO-101377,1,2025-09-05,2025-09-12,C-0001,P-FAB-002,PL-02,2,1087.58,0,USD,Shipped
SO-101430,1,2025-09-05,,C-0031,P-ENC-002,PL-03,14,340.65,0,USD,Cancelled
SO-101430,2,2025-09-05,2025-09-16,C-0031,P-FAS-006,PL-02,4,18.38,10,USD,Shipped
SO-101433,1,2025-09-05,2025-09-14,C-0049,P-MET-006,PL-02,3,86.87,2,USD,Shipped
SO-101433,2,2025-09-05,2025-09-15,C-0049,P-MET-001,PL-04,2,63.78,8,USD,Shipped
SO-101433,3,2025-09-05,2025-09-14,C-0049,P-ENC-003,PL-01,5,266.92,5,USD,Shipped
SO-101446,1,2025-09-05,2025-09-26,C-0075,P-FAB-008,PL-01,1,1424.35,2,USD,Shipped
SO-101446,2,2025-09-05,2025-09-13,C-0075,P-MET-008,PL-04,6,84.62,5,USD,Shipped
SO-101446,3,2025-09-05,2025-09-12,C-0075,P-FAB-007,PL-04,2,1045.82,5,USD,Shipped
SO-101339,1,2025-09-06,2025-09-27,C-0024,P-FAB-004,PL-02,4,1330.13,8,USD,Shipped
SO-101351,1,2025-09-06,2025-09-17,C-0032,P-FAS-012,PL-03,10,23.82,5,USD,Shipped
SO-101351,2,2025-09-06,2025-09-08,C-0032,P-ENC-012,PL-01,3,351.61,10,USD,Shipped
SO-101371,1,2025-09-06,2025-09-18,C-0043,P-MET-005,PL-03,3,125.71,10,USD,Shipped
SO-101371,2,2025-09-06,2025-09-13,C-0043,P-MET-009,PL-01,1,130.43,10,USD,Shipped
SO-101415,1,2025-09-06,2025-09-19,C-0068,P-STR-002,PL-01,6,664.46,2,USD,Shipped
SO-101431,1,2025-09-06,2025-09-27,C-0077,P-STR-002,PL-02,4,644.94,0,USD,Shipped
SO-101431,2,2025-09-06,2025-09-12,C-0077,P-ENC-012,PL-04,11,339.60,8,USD,Shipped
SO-101431,3,2025-09-06,2025-09-10,C-0077,P-STR-012,PL-03,3,276.74,0,USD,Shipped
SO-101443,1,2025-09-06,2025-09-13,C-0091,P-FAS-012,PL-01,14,23.58,8,USD,Shipped
SO-101309,1,2025-09-07,2025-09-10,C-0140,P-FAS-004,PL-04,13,19.92,0,USD,Shipped
SO-101373,1,2025-09-07,2025-09-13,C-0109,P-ENC-001,PL-02,4,166.09,2,USD,Shipped
SO-101384,1,2025-09-07,2025-09-16,C-0070,P-MET-002,PL-02,4,89.97,0,USD,Shipped
SO-101384,2,2025-09-07,2025-09-24,C-0070,P-FAS-010,PL-03,5,17.73,5,USD,Shipped
SO-101420,1,2025-09-07,2025-09-25,C-0105,P-FAB-010,PL-01,8,1615.46,0,USD,Shipped
SO-101449,1,2025-09-07,2025-09-28,C-0072,P-MET-005,PL-01,1,126.53,0,USD,Shipped
SO-101449,2,2025-09-07,2025-09-15,C-0072,P-STR-009,PL-04,6,293.24,2,USD,Shipped
SO-101449,3,2025-09-07,2025-09-24,C-0072,P-FAS-009,PL-03,4,28.34,10,USD,Shipped
SO-101315,1,2025-09-08,2025-09-25,C-0131,P-STR-010,PL-04,6,378.53,5,USD,Shipped
SO-101315,2,2025-09-08,2025-09-29,C-0131,P-FAS-012,PL-02,8,23.79,5,USD,Shipped
SO-101335,1,2025-09-08,2025-09-25,C-0017,P-ENC-006,PL-02,3,257.45,5,USD,Shipped
SO-101335,2,2025-09-08,2025-09-28,C-0017,P-MET-011,PL-01,4,104.13,5,USD,Shipped
SO-101335,3,2025-09-08,2025-09-25,C-0017,P-STR-003,PL-02,5,289.66,10,USD,Shipped
SO-101394,1,2025-09-08,2025-09-10,C-0012,P-ENC-008,PL-02,4,277.51,10,USD,Shipped
SO-101398,1,2025-09-08,2025-09-21,C-0054,P-STR-003,PL-01,2,281.06,5,USD,Shipped
SO-101401,1,2025-09-08,2025-09-19,C-0030,P-STR-006,PL-02,4,573.46,10,USD,Shipped
SO-101401,2,2025-09-08,2025-09-11,C-0030,P-STR-005,PL-01,3,353.83,0,USD,Shipped
SO-101402,1,2025-09-08,2025-09-18,C-0139,P-ENC-001,PL-04,5,165.96,0,USD,Shipped
SO-101402,2,2025-09-08,2025-09-15,C-0139,P-FAS-008,PL-04,1,28.65,2,USD,Shipped
SO-101403,1,2025-09-08,2025-09-11,C-0109,P-STR-006,PL-01,7,577.93,8,USD,Shipped
SO-101403,2,2025-09-08,2025-09-20,C-0109,P-FAS-012,PL-02,6,24.58,8,USD,Shipped
SO-101403,3,2025-09-08,2025-09-19,C-0109,P-MET-005,PL-03,2,129.21,0,USD,Shipped
SO-101410,1,2025-09-08,2025-09-23,C-0076,P-FAS-007,PL-03,4,17.84,5,USD,Shipped
SO-101416,1,2025-09-08,2025-09-27,C-0003,P-MET-002,PL-01,8,87.93,0,USD,Shipped
SO-101418,1,2025-09-08,2025-09-20,C-0083,P-FAS-006,PL-04,5,18.60,5,USD,Shipped
SO-101418,2,2025-09-08,2025-09-26,C-0083,P-FAS-002,PL-02,-10,20.84,8,USD,Shipped
SO-101428,1,2025-09-08,2025-09-27,C-0095,P-STR-002,PL-01,7,671.78,0,USD,Shipped
SO-101428,2,2025-09-08,2025-09-19,C-0095,P-MET-010,PL-04,7,99.97,0,USD,Shipped
SO-101428,3,2025-09-08,2025-09-26,C-0095,P-FAS-001,PL-03,4,26.30,0,USD,Shipped
SO-101432,1,2025-09-08,2025-09-29,C-0042,P-MET-010,PL-01,2,97.20,5,USD,Shipped
SO-101370,1,2025-09-09,2025-09-25,C-0100,P-ENC-009,PL-03,4,187.58,5,USD,Shipped
SO-101375,1,2025-09-09,2025-09-27,C-0036,P-FAS-011,PL-01,21,27.48,8,USD,Shipped
SO-101375,2,2025-09-09,2025-09-12,C-0036,P-FAS-001,PL-02,8,25.61,2,USD,Shipped
SO-101375,3,2025-09-09,2025-09-12,C-0036,P-ENC-003,PL-03,21,274.63,0,USD,Shipped
SO-101408,1,2025-09-09,2025-09-30,C-0004,P-STR-006,PL-02,2,565.25,0,USD,Shipped
SO-101408,2,2025-09-09,2025-09-13,C-0004,P-STR-002,PL-03,6,657.06,0,USD,Shipped
SO-101419,1,2025-09-09,2025-09-26,C-0079,P-FAS-006,PL-02,7,18.22,0,USD,Shipped
SO-101419,2,2025-09-09,2025-09-26,C-0079,P-MET-007,PL-03,2,128.24,2,USD,Shipped
SO-101459,1,2025-09-09,2025-09-28,C-0103,P-MET-006,PL-01,4,82.73,0,USD,Shipped
SO-101311,1,2025-09-10,2025-09-20,C-0050,P-FAS-003,PL-04,5,11.51,10,USD,Shipped
SO-101357,1,2025-09-10,2025-09-22,C-0054,P-MET-001,PL-02,9,65.91,2,USD,Shipped
SO-101393,1,2025-09-10,2025-09-25,C-0020,P-MET-002,PL-02,6,85.80,2,USD,Shipped
SO-101393,2,2025-09-10,2025-10-01,C-0020,P-STR-007,PL-03,2,401.93,8,USD,Shipped
SO-101396,1,2025-09-10,,C-0014,P-FAB-012,PL-02,3,1201.24,0,USD,Cancelled
SO-101396,2,2025-09-10,2025-09-30,C-0014,P-MET-009,PL-03,2,132.80,5,USD,Shipped
SO-101436,1,2025-09-10,2025-09-19,C-0085,P-STR-007,PL-04,4,395.58,5,USD,Shipped
SO-101436,2,2025-09-10,2025-09-15,C-0085,P-STR-004,PL-03,4,388.93,5,USD,Shipped
SO-101452,1,2025-09-10,2025-09-24,C-0118,P-ENC-007,PL-03,5,356.59,0,USD,Shipped
SO-101467,1,2025-09-10,2025-09-29,C-0054,P-MET-006,PL-03,3,84.32,0,USD,Shipped
SO-101310,1,2025-09-11,2025-09-26,C-0099,P-ENC-008,PL-01,8,275.55,10,USD,Shipped
SO-101365,1,2025-09-11,2025-09-14,C-0089,P-STR-002,PL-03,6,669.49,0,USD,Shipped
SO-101365,2,2025-09-11,2025-09-26,C-0089,P-MET-010,PL-02,10,100.34,5,USD,Shipped
SO-101389,1,2025-09-11,2025-09-15,C-0005,P-FAS-008,PL-04,6,27.90,10,USD,Shipped
SO-101389,2,2025-09-11,2025-09-21,C-0005,P-FAS-009,PL-01,14,27.69,2,USD,Shipped
SO-101445,1,2025-09-11,2025-10-01,C-0002,P-FAS-010,PL-02,7,18.54,8,USD,Shipped
SO-101445,2,2025-09-11,2025-09-22,C-0002,P-ENC-011,PL-04,5,230.97,10,USD,Shipped
SO-101456,1,2025-09-11,2025-09-16,C-0021,P-MET-004,PL-01,4,92.88,10,USD,Shipped
SO-101456,2,2025-09-11,2025-09-24,C-0021,P-MET-012,PL-02,4,64.58,8,USD,Shipped
SO-101318,1,2025-09-12,2025-09-26,C-0020,P-FAS-006,PL-04,5,18.06,0,USD,Shipped
SO-101324,1,2025-09-12,2025-09-26,C-0038,P-ENC-005,PL-01,6,183.77,0,USD,Shipped
SO-101341,1,2025-09-12,2025-09-21,C-0120,P-FAB-011,PL-04,3,2078.56,0,USD,Shipped
SO-101341,2,2025-09-12,2025-09-18,C-0120,P-MET-007,PL-01,2,133.70,8,USD,Shipped
SO-101347,1,2025-09-12,2025-10-02,C-0011,P-FAS-008,PL-04,5,28.95,0,USD,Shipped
SO-101347,2,2025-09-12,2025-09-16,C-0011,P-FAB-009,PL-01,2,2046.87,0,USD,Shipped
SO-101412,1,2025-09-12,2025-10-03,C-0003,P-STR-006,PL-04,3,569.34,0,USD,Shipped
SO-101412,2,2025-09-12,2025-09-19,C-0003,P-FAS-005,PL-03,5,12.54,5,USD,Shipped
SO-101429,1,2025-09-12,2025-10-02,C-0078,P-MET-012,PL-04,4,63.02,2,USD,Shipped
SO-101429,2,2025-09-12,2025-09-17,C-0078,P-ENC-007,PL-03,3,353.38,0,USD,Shipped
SO-101429,3,2025-09-12,2025-09-14,C-0078,P-MET-012,PL-04,3,64.86,10,USD,Shipped
SO-101439,1,2025-09-12,2025-09-22,C-0043,P-MET-001,PL-03,8,63.91,8,USD,Shipped
SO-101444,1,2025-09-12,2025-09-16,C-0024,P-ENC-008,PL-03,7,276.29,5,USD,Shipped
SO-101444,2,2025-09-12,2025-10-01,C-0024,P-FAB-004,PL-02,6,1324.92,8,USD,Shipped
SO-101444,3,2025-09-12,2025-09-21,C-0024,P-STR-004,PL-03,2,379.34,5,USD,Shipped
SO-101460,1,2025-09-12,2025-09-17,C-0116,P-FAS-003,PL-02,3,11.63,10,USD,Shipped
SO-101460,2,2025-09-12,2025-10-03,C-0116,P-FAS-002,PL-02,4,19.94,7,USD,Shipped
SO-101306,1,2025-09-13,2025-09-28,C-0103,P-MET-006,PL-03,3,84.58,0,USD,Shipped
SO-101306,2,2025-09-13,2025-09-29,C-0103,P-MET-010,PL-01,1,96.39,8,USD,Shipped
SO-101307,1,2025-09-13,2025-10-01,C-0118,P-STR-009,PL-02,7,284.79,0,USD,Shipped
SO-101307,2,2025-09-13,2025-09-23,C-0118,P-FAS-007,PL-02,10,17.74,5,USD,Shipped
SO-101325,1,2025-09-13,2025-09-26,C-0050,P-STR-007,PL-01,5,414.84,5,USD,Shipped
SO-101325,2,2025-09-13,2025-09-22,C-0050,P-FAS-010,PL-04,4,18.37,10,USD,Shipped
SO-101325,3,2025-09-13,2025-10-02,C-0050,P-MET-003,PL-02,7,113.07,8,USD,Shipped
SO-101391,1,2025-09-13,2025-09-28,C-0051,P-STR-009,PL-02,2,299.90,0,USD,Shipped
SO-101391,2,2025-09-13,2025-10-01,C-0051,P-FAS-001,PL-03,4,25.41,5,USD,Shipped
SO-101308,1,2025-09-14,2025-09-28,C-0098,P-MET-009,PL-01,2,131.32,0,USD,Shipped
SO-101313,1,2025-09-14,2025-10-03,C-0086,P-FAS-004,PL-04,25,20.68,5,USD,Shipped
SO-101354,1,2025-09-15,2025-09-25,C-0035,P-FAS-011,PL-03,7,27.55,5,USD,Shipped
SO-101368,1,2025-09-15,2025-09-19,C-0073,P-FAS-004,PL-01,28,20.32,8,USD,Shipped
SO-101368,2,2025-09-15,2025-09-19,C-0073,P-ENC-007,PL-01,3,368.01,10,USD,Shipped
SO-101368,3,2025-09-15,2025-09-17,C-0073,P-STR-008,PL-04,2,683.24,0,USD,Shipped
SO-101397,1,2025-09-15,2025-09-27,C-0046,P-FAB-006,PL-04,3,1166.12,5,USD,Shipped
SO-101397,2,2025-09-15,2025-10-05,C-0046,P-MET-004,PL-04,2,90.87,2,USD,Shipped
SO-101414,1,2025-09-15,2025-09-20,C-0073,P-FAS-008,PL-02,13,27.63,0,USD,Shipped
SO-101414,2,2025-09-15,2025-09-20,C-0073,P-MET-012,PL-01,6,64.84,0,USD,Shipped
SO-101414,3,2025-09-15,2025-09-29,C-0073,P-FAS-012,PL-03,12,23.87,5,USD,Shipped
SO-101448,1,2025-09-15,2025-09-30,C-0033,P-FAS-012,PL-01,4,23.57,2,USD,Shipped
SO-101448,2,2025-09-15,2025-09-24,C-0033,P-MET-008,PL-03,1,82.42,10,USD,Shipped
SO-101448,3,2025-09-15,2025-09-22,C-0033,P-STR-005,PL-01,8,350.76,8,USD,Shipped
SO-101455,1,2025-09-15,2025-09-24,C-0063,P-MET-007,PL-02,1,135.23,8,USD,Shipped
SO-101455,2,2025-09-15,2025-09-21,C-0063,P-STR-007,PL-03,5,415.91,0,USD,Shipped
SO-101462,1,2025-09-15,2025-09-24,C-0039,P-ENC-009,PL-01,5,187.04,10,USD,Shipped
SO-101322,1,2025-09-16,2025-09-20,C-0096,P-FAS-012,PL-04,10,23.67,8,USD,Shipped
SO-101322,2,2025-09-16,2025-09-23,C-0096,P-MET-011,PL-01,6,109.58,5,USD,Shipped
SO-101331,1,2025-09-16,2025-09-24,C-0036,P-MET-010,PL-03,2,100.35,0,USD,Shipped
SO-101331,2,2025-09-16,2025-09-18,C-0036,P-FAS-008,PL-04,2,28.06,0,USD,Shipped
SO-101376,1,2025-09-16,2025-10-06,C-0018,P-FAS-002,PL-04,16,19.94,10,USD,Shipped
SO-101376,2,2025-09-16,2025-10-02,C-0018,P-FAS-011,PL-03,2,29.08,10,USD,Shipped
SO-101383,1,2025-09-16,2025-09-19,C-0046,P-MET-002,PL-01,4,90.45,0,USD,Shipped
SO-101387,1,2025-09-16,2025-09-20,C-0062,P-FAB-004,PL-02,6,1258.27,5,USD,Shipped
SO-101407,1,2025-09-16,2025-09-30,C-0027,P-MET-003,PL-02,5,117.44,0,USD,Shipped
SO-101407,2,2025-09-16,2025-09-27,C-0027,P-ENC-012,PL-01,9,356.18,5,USD,Shipped
SO-101407,3,2025-09-16,2025-09-26,C-0027,P-ENC-012,PL-04,3,350.09,8,USD,Shipped
SO-101417,1,2025-09-16,2025-10-06,C-0042,P-FAS-002,PL-04,20,19.81,0,USD,Shipped
SO-101469,1,2025-09-16,2025-09-28,C-0076,P-FAB-005,PL-03,3,1723.00,5,USD,Shipped
SO-101316,1,2025-09-17,2025-09-28,C-0009,P-ENC-003,PL-01,2,268.75,2,USD,Shipped
SO-101316,2,2025-09-17,2025-10-02,C-0009,P-MET-004,PL-04,3,89.42,10,USD,Shipped
SO-101316,3,2025-09-17,2025-09-23,C-0009,P-MET-005,PL-02,7,130.61,8,USD,Shipped
SO-101330,1,2025-09-17,2025-09-22,C-0091,P-MET-005,PL-03,2,128.28,2,USD,Shipped
SO-101330,2,2025-09-17,2025-09-30,C-0091,P-STR-010,PL-01,3,372.16,0,USD,Shipped
SO-101330,3,2025-09-17,2025-10-08,C-0091,P-FAS-010,PL-03,20,17.83,0,USD,Shipped
SO-101364,1,2025-09-17,2025-10-04,C-0108,P-FAB-005,PL-03,2,1751.15,0,USD,Shipped
SO-101364,2,2025-09-17,2025-09-23,C-0108,P-MET-010,PL-01,3,99.45,5,USD,Shipped
SO-101392,1,2025-09-17,2025-10-03,C-0098,P-MET-002,PL-03,1,87.53,2,USD,Shipped
SO-101327,1,2025-09-18,2025-10-04,C-0059,P-MET-006,PL-02,10,86.75,0,USD,Shipped
SO-101327,2,2025-09-18,2025-09-27,C-0059,P-MET-008,PL-02,6,84.24,8,USD,Shipped
SO-101329,1,2025-09-18,2025-09-25,C-0036,P-STR-010,PL-02,4,374.48,0,USD,Shipped
SO-101350,1,2025-09-18,2025-10-04,C-0080,P-FAS-007,PL-02,7,17.41,0,USD,Shipped
SO-101350,2,2025-09-18,2025-10-04,C-0080,P-FAB-004,PL-01,2,1267.63,2,USD,Shipped
SO-101388,1,2025-09-18,2025-10-01,C-0122,P-FAS-010,PL-03,11,17.79,0,USD,Shipped
SO-101468,1,2025-09-18,2025-10-06,C-0047,P-FAS-003,PL-04,2,11.75,0,USD,Shipped
SO-101468,2,2025-09-18,2025-09-27,C-0047,P-FAS-002,PL-03,13,19.96,5,USD,Shipped
SO-101470,1,2025-09-18,2025-10-02,C-0018,P-ENC-003,PL-02,6,262.31,0,USD,Shipped
SO-101470,2,2025-09-18,2025-10-07,C-0018,P-ENC-012,PL-01,5,339.23,10,USD,Shipped
SO-101320,1,2025-09-19,2025-09-22,C-0069,P-FAS-006,PL-03,11,17.78,0,USD,Shipped
SO-101320,2,2025-09-19,2025-10-07,C-0069,P-ENC-001,PL-01,1,166.96,8,USD,Shipped
SO-101404,1,2025-09-19,2025-09-27,C-0022,P-MET-003,PL-04,1,116.40,0,USD,Shipped
SO-101413,1,2025-09-19,2025-09-27,C-0031,P-MET-004,PL-02,9,88.98,8,USD,Shipped
SO-101413,2,2025-09-19,2025-10-03,C-0031,P-FAS-004,PL-01,47,20.29,5,USD,Shipped
SO-101413,3,2025-09-19,2025-10-06,C-0031,P-FAS-001,PL-01,14,25.63,0,USD,Shipped
SO-101472,1,2025-09-19,2025-09-30,C-0070,P-FAS-005,PL-04,8,12.59,0,USD,Shipped
SO-101472,2,2025-09-19,2025-09-30,C-0070,P-MET-005,PL-01,1,123.74,0,USD,Shipped
SO-101472,3,2025-09-19,2025-10-05,C-0070,P-FAS-012,PL-02,9,24.62,0,USD,Shipped
SO-101312,1,2025-09-20,2025-10-08,C-0013,P-FAB-006,PL-04,4,1155.49,0,USD,Shipped
SO-101312,2,2025-09-20,2025-10-09,C-0013,P-FAB-001,PL-01,6,1989.03,5,USD,Shipped
SO-101336,1,2025-09-20,2025-09-26,C-0045,P-FAS-010,PL-02,16,18.65,8,USD,Shipped
SO-101366,1,2025-09-20,2025-10-05,C-0129,P-ENC-009,PL-01,4,192.61,10,USD,Shipped
SO-101379,1,2025-09-20,2025-10-03,C-0017,P-FAS-004,PL-02,13,19.94,0,USD,Shipped
SO-101395,1,2025-09-20,2025-09-23,C-0085,P-RET-904,PL-04,8,24.53,0,USD,Shipped
SO-101473,1,2025-09-20,2025-09-27,C-0090,P-FAB-011,PL-03,2,2049.84,10,USD,Shipped
SO-101337,1,2025-09-21,2025-10-02,C-0057,P-FAS-002,PL-03,5,20.97,10,USD,Shipped
SO-101337,2,2025-09-21,2025-10-05,C-0057,P-FAS-010,PL-03,3,18.16,8,USD,Shipped
SO-101337,3,2025-09-21,2025-10-09,C-0057,P-FAB-006,PL-01,3,1181.15,2,USD,Shipped
SO-101367,1,2025-09-21,2025-10-04,C-0056,P-ENC-003,PL-04,5,267.59,8,USD,Shipped
SO-101454,1,2025-09-21,2025-10-08,C-0016,P-FAB-010,PL-02,5,1597.89,10,USD,Shipped
SO-101454,2,2025-09-21,2025-10-06,C-0016,P-MET-002,PL-04,3,89.65,0,USD,Shipped
SO-101454,3,2025-09-21,2025-10-04,C-0016,P-STR-003,PL-01,1,285.70,0,USD,Shipped
SO-101360,1,2025-09-22,2025-09-28,C-0039,P-STR-007,PL-04,5,402.63,10,USD,Shipped
SO-101361,1,2025-09-22,,C-0090,P-FAB-003,PL-02,7,1809.38,5,USD,Cancelled
SO-101380,1,2025-09-22,2025-10-10,C-0135,P-STR-012,PL-01,10,278.11,2,USD,Shipped
SO-101390,1,2025-09-22,2025-10-09,C-0117,P-MET-005,PL-02,2,125.32,2,USD,Shipped
SO-101390,2,2025-09-22,2025-09-29,C-0117,P-MET-007,PL-04,4,133.02,5,USD,Shipped
SO-101399,1,2025-09-22,2025-10-08,C-0010,P-FAS-010,PL-02,7,18.77,5,USD,Shipped
SO-101399,2,2025-09-22,2025-09-28,C-0010,P-MET-004,PL-02,1,87.60,5,USD,Shipped
SO-101425,1,2025-09-22,2025-10-12,C-0061,P-MET-004,PL-03,2,91.89,0,USD,Shipped
SO-101425,2,2025-09-22,2025-10-09,C-0061,P-ENC-003,PL-01,2,271.64,2,USD,Shipped
SO-101346,1,2025-09-23,2025-10-02,C-0023,P-MET-010,PL-03,7,96.97,8,USD,Shipped
SO-101349,1,2025-09-23,2025-09-25,C-0027,P-FAS-001,PL-03,16,25.88,5,USD,Shipped
SO-101434,1,2025-09-23,2025-09-25,C-0138,P-RET-908,PL-02,2,96.97,0,USD,Shipped
SO-101437,1,2025-09-23,2025-09-27,C-0029,P-MET-003,PL-01,1,117.42,5,USD,Shipped
SO-101323,1,2025-09-24,2025-10-07,C-0003,P-FAS-002,PL-01,8,19.90,10,USD,Shipped
SO-101333,1,2025-09-24,2025-10-13,C-0108,P-FAS-004,PL-01,13,20.43,0,USD,Shipped
SO-101352,1,2025-09-24,2025-09-26,C-0135,P-FAS-012,PL-03,10,24.24,8,USD,Shipped
SO-101352,2,2025-09-24,2025-10-14,C-0135,P-FAS-009,PL-01,16,28.22,0,USD,Shipped
SO-101352,3,2025-09-24,2025-10-03,C-0135,P-MET-007,PL-04,9,132.67,10,USD,Shipped
SO-101385,1,2025-09-24,2025-09-27,C-0125,P-ENC-011,PL-01,2,219.84,2,USD,Shipped
SO-101450,1,2025-09-24,2025-10-13,C-0029,P-STR-005,PL-03,3,335.50,0,USD,Shipped
SO-101450,2,2025-09-24,2025-10-07,C-0029,P-MET-001,PL-02,3,63.94,8,USD,Shipped
SO-101319,1,2025-09-25,2025-10-16,C-0113,P-STR-005,PL-01,6,348.74,0,USD,Shipped
SO-101334,1,2025-09-25,2025-09-29,C-0110,P-FAS-004,PL-01,4,20.43,10,USD,Shipped
SO-101334,2,2025-09-25,2025-10-04,C-0110,P-ENC-006,PL-02,2,248.41,0,USD,Shipped
SO-101334,3,2025-09-25,2025-09-28,C-0110,P-FAS-006,PL-02,25,18.13,0,USD,Shipped
SO-101356,1,2025-09-25,2025-10-13,C-0032,P-FAB-005,PL-04,5,1690.44,8,USD,Shipped
SO-101356,2,2025-09-25,2025-10-04,C-0032,P-FAB-008,PL-02,3,1456.65,0,USD,Shipped
SO-101421,1,2025-09-25,2025-10-11,C-0105,P-MET-004,PL-04,4,91.58,8,USD,Shipped
SO-101422,1,2025-09-25,2025-10-03,C-0086,P-MET-009,PL-03,2,131.08,2,USD,Shipped
SO-101440,1,2025-09-25,2025-10-11,C-0093,P-FAS-008,PL-03,3,28.28,8,USD,Shipped
SO-101458,1,2025-09-25,2025-10-05,C-0013,P-MET-003,PL-01,3,114.84,5,USD,Shipped
SO-101458,2,2025-09-25,2025-10-04,C-0013,P-STR-010,PL-01,1,374.05,10,USD,Shipped
SO-101321,1,2025-09-26,2025-10-12,C-0025,P-MET-003,PL-01,2,113.48,0,USD,Shipped
SO-101321,2,2025-09-26,2025-10-06,C-0025,P-FAS-005,PL-03,2,12.49,8,USD,Shipped
SO-101321,3,2025-09-26,2025-09-28,C-0025,P-STR-012,PL-01,-8,271.00,0,USD,Shipped
SO-101328,1,2025-09-26,2025-10-17,C-0035,P-FAS-003,PL-04,6,11.49,5,USD,Shipped
SO-101338,1,2025-09-26,2025-09-30,C-0059,P-MET-004,PL-03,9,89.83,8,USD,Shipped
SO-101338,2,2025-09-26,2025-10-12,C-0059,P-FAS-001,PL-02,10,26.21,2,USD,Shipped
SO-101348,1,2025-09-26,2025-10-17,C-0014,P-STR-004,PL-02,6,386.38,8,USD,Shipped
SO-101369,1,2025-09-26,2025-10-12,C-0007,P-MET-007,PL-03,2,132.37,5,USD,Shipped
SO-101369,2,2025-09-26,2025-10-16,C-0007,P-MET-002,PL-01,1,88.05,10,USD,Shipped
SO-101424,1,2025-09-26,2025-09-30,C-0001,P-MET-006,PL-01,3,82.57,5,USD,Shipped
SO-101424,2,2025-09-26,2025-10-17,C-0001,P-FAS-011,PL-02,7,28.81,8,USD,Shipped
SO-101441,1,2025-09-26,2025-10-07,C-0003,P-MET-012,PL-04,2,63.37,10,USD,Shipped
SO-101441,2,2025-09-26,2025-09-30,C-0003,P-FAS-001,PL-02,6,25.46,10,USD,Shipped
SO-101461,1,2025-09-26,2025-10-05,C-0140,P-MET-003,PL-04,3,115.75,2,USD,Shipped
SO-101471,1,2025-09-27,2025-09-29,C-0010,P-FAB-008,PL-04,4,1380.57,5,USD,Shipped
SO-101317,1,2025-09-28,2025-10-06,C-0006,P-FAB-008,PL-03,1,1459.15,5,USD,Shipped
SO-101342,1,2025-09-28,2025-10-06,C-0131,P-FAB-005,PL-01,2,1676.67,0,USD,Shipped
SO-101381,1,2025-09-28,2025-10-01,C-0138,P-FAS-009,PL-01,11,27.26,5,USD,Shipped
SO-101405,1,2025-09-28,2025-10-09,C-0131,P-FAS-004,PL-02,5,20.22,5,USD,Shipped
SO-101411,1,2025-09-28,2025-10-07,C-0001,P-ENC-007,PL-02,2,365.84,5,USD,Shipped
SO-101340,1,2025-09-29,2025-10-07,C-0140,P-STR-006,PL-01,2,552.27,8,USD,Shipped
SO-101340,2,2025-09-29,2025-10-02,C-0140,P-MET-005,PL-01,2,127.81,8,USD,Shipped
SO-101362,1,2025-09-29,2025-10-09,C-0041,P-ENC-006,PL-03,5,257.00,10,USD,Shipped
SO-101355,1,2025-09-30,2025-10-12,C-0081,P-FAS-006,PL-03,5,17.84,0,USD,Shipped
SO-101355,2,2025-09-30,2025-10-16,C-0081,P-FAS-011,PL-04,6,27.82,5,USD,Shipped
SO-101374,1,2025-09-30,2025-10-11,C-0134,P-FAS-006,PL-02,9,17.88,0,USD,Shipped
SO-101400,1,2025-09-30,2025-10-13,C-0004,P-FAS-007,PL-02,22,16.98,0,USD,Shipped
SO-101457,1,2025-09-30,2025-10-05,C-0038,P-ENC-007,PL-02,6,358.68,5,USD,Shipped
SO-101484,1,2025-10-01,2025-10-05,C-0075,P-FAS-011,PL-04,5,28.03,0,USD,Shipped
SO-101512,1,2025-10-01,2025-10-06,C-0117,P-ENC-007,PL-03,6,365.58,5,USD,Shipped
SO-101512,2,2025-10-01,2025-10-07,C-0117,P-MET-007,PL-04,2,132.62,10,USD,Shipped
SO-101512,3,2025-10-01,2025-10-08,C-0117,P-MET-009,PL-04,1,134.20,10,USD,Shipped
SO-101519,1,2025-10-01,2025-10-18,C-0130,P-FAB-006,PL-02,3,1209.80,5,USD,Shipped
SO-101519,2,2025-10-01,2025-10-09,C-0130,P-FAS-001,PL-01,5,25.63,8,USD,Shipped
SO-101586,1,2025-10-01,,C-0060,P-FAS-006,PL-04,10,18.09,8,USD,Cancelled
SO-101605,1,2025-10-01,2025-10-06,C-0048,P-FAB-007,PL-03,2,1039.89,5,USD,Shipped
SO-101533,1,2025-10-02,2025-10-05,C-0138,P-ENC-005,PL-02,5,191.39,5,USD,Shipped
SO-101533,2,2025-10-02,2025-10-20,C-0138,P-FAS-003,PL-02,5,11.70,0,USD,Shipped
SO-101533,3,2025-10-02,2025-10-14,C-0138,P-MET-004,PL-03,1,89.51,0,USD,Shipped
SO-101575,1,2025-10-02,2025-10-06,C-0062,P-ENC-012,PL-01,4,344.30,8,USD,Shipped
SO-101575,2,2025-10-02,2025-10-04,C-0062,P-STR-005,PL-01,4,337.70,0,USD,Shipped
SO-101579,1,2025-10-02,2025-10-16,C-0018,P-FAS-006,PL-04,5,18.08,5,USD,Shipped
SO-101579,2,2025-10-02,2025-10-16,C-0018,P-FAS-010,PL-03,2,18.24,0,USD,Shipped
SO-101579,3,2025-10-02,2025-10-09,C-0018,P-FAS-006,PL-04,5,18.08,5,USD,Shipped
SO-101496,1,2025-10-03,2025-10-15,C-0014,P-FAS-009,PL-04,3,28.40,2,USD,Shipped
SO-101558,1,2025-10-03,2025-10-24,C-0065,P-MET-009,PL-03,3,130.36,2,USD,Shipped
SO-101558,2,2025-10-03,2025-10-19,C-0065,P-MET-007,PL-04,7,129.52,5,USD,Shipped
SO-101558,3,2025-10-03,2025-10-19,C-0065,P-MET-006,PL-01,10,86.84,2,USD,Shipped
SO-101560,1,2025-10-03,2025-10-06,C-0095,P-STR-005,PL-03,13,338.44,5,USD,Shipped
SO-101573,1,2025-10-03,2025-10-24,C-0104,P-FAS-004,PL-02,4,20.20,5,USD,Shipped
SO-101580,1,2025-10-03,2025-10-15,C-0072,P-ENC-003,PL-02,2,269.65,10,USD,Shipped
SO-101580,2,2025-10-03,2025-10-22,C-0072,P-STR-010,PL-01,3,367.25,2,USD,Shipped
SO-101641,1,2025-10-03,2025-10-18,C-0079,P-STR-012,PL-02,3,269.84,8,USD,Shipped
SO-101474,1,2025-10-04,2025-10-10,C-0097,P-FAS-007,PL-01,4,17.41,0,USD,Shipped
SO-101509,1,2025-10-04,2025-10-08,C-0125,P-FAS-001,PL-01,6,26.62,0,USD,Shipped
SO-101546,1,2025-10-04,2025-10-18,C-0129,P-STR-005,PL-04,6,349.14,10,USD,Shipped
SO-101571,1,2025-10-04,2025-10-23,C-0054,P-FAS-006,PL-01,10,18.08,5,USD,Shipped
SO-101483,1,2025-10-05,2025-10-13,C-0063,P-MET-001,PL-04,4,66.30,8,USD,Shipped
SO-101483,2,2025-10-05,2025-10-09,C-0063,P-FAB-009,PL-04,5,1999.95,5,USD,Shipped
SO-101498,1,2025-10-05,2025-10-15,C-0097,P-FAS-003,PL-04,4,11.76,5,USD,Shipped
SO-101500,1,2025-10-05,2025-10-19,C-0005,P-FAS-012,PL-01,6,24.06,2,USD,Shipped
SO-101525,1,2025-10-05,2025-10-15,C-0045,P-STR-005,PL-03,2,354.09,0,USD,Shipped
SO-101525,2,2025-10-05,2025-10-26,C-0045,P-MET-004,PL-01,2,90.66,0,USD,Shipped
SO-101556,1,2025-10-05,2025-10-13,C-0095,P-MET-009,PL-02,2,127.25,5,USD,Shipped
SO-101492,1,2025-10-06,2025-10-21,C-0076,P-ENC-001,PL-02,2,165.06,10,USD,Shipped
SO-101501,1,2025-10-06,2025-10-10,C-0129,P-FAB-006,PL-02,2,1188.58,10,USD,Shipped
SO-101617,1,2025-10-06,2025-10-12,C-0093,P-FAS-002,PL-02,3,20.01,5,USD,Shipped
SO-101620,1,2025-10-06,2025-10-25,C-0060,P-STR-006,PL-01,6,564.69,10,USD,Shipped
SO-101620,2,2025-10-06,2025-10-19,C-0060,P-FAS-003,PL-01,12,11.69,0,USD,Shipped
SO-101620,3,2025-10-06,2025-10-10,C-0060,P-FAS-010,PL-02,7,18.69,0,USD,Shipped
SO-101494,1,2025-10-07,2025-10-23,C-0064,P-FAB-002,PL-03,6,1052.76,10,USD,Shipped
SO-101494,2,2025-10-07,2025-10-25,C-0064,P-FAS-009,PL-02,3,27.78,5,USD,Shipped
SO-101494,3,2025-10-07,2025-10-16,C-0064,P-FAS-007,PL-01,9,17.62,8,USD,Shipped
SO-101510,1,2025-10-07,2025-10-25,C-0046,P-STR-008,PL-02,15,658.90,5,USD,Shipped
SO-101521,1,2025-10-07,2025-10-09,C-0026,P-ENC-012,PL-02,13,349.90,5,USD,Shipped
SO-101531,1,2025-10-07,2025-10-12,C-0134,P-STR-012,PL-01,2,274.46,10,USD,Shipped
SO-101531,2,2025-10-07,2025-10-26,C-0134,P-FAS-006,PL-01,9,18.18,0,USD,Shipped
SO-101550,1,2025-10-07,2025-10-16,C-0062,P-FAS-009,PL-03,2,28.00,0,USD,Shipped
SO-101604,1,2025-10-07,2025-10-13,C-0041,P-MET-007,PL-02,12,128.34,10,USD,Shipped
SO-101627,1,2025-10-07,2025-10-28,C-0097,P-FAS-004,PL-02,4,19.54,0,USD,Shipped
SO-101553,1,2025-10-08,2025-10-20,C-0070,P-ENC-007,PL-04,3,366.23,0,USD,Shipped
SO-101578,1,2025-10-08,2025-10-23,C-0011,P-ENC-009,PL-03,2,187.91,8,USD,Shipped
SO-101578,2,2025-10-08,2025-10-23,C-0011,P-MET-008,PL-04,10,82.19,0,USD,Shipped
SO-101479,1,2025-10-09,2025-10-27,C-0038,P-FAS-004,PL-01,6,20.43,2,USD,Shipped
SO-101490,1,2025-10-09,2025-10-20,C-0007,P-FAS-002,PL-01,7,20.38,10,USD,Shipped
SO-101563,1,2025-10-09,2025-10-13,C-0101,P-FAS-003,PL-03,19,11.51,5,USD,Shipped
SO-101520,1,2025-10-10,2025-10-24,C-0004,P-STR-001,PL-01,20,365.61,8,USD,Shipped
SO-101565,1,2025-10-10,2025-10-23,C-0107,P-STR-006,PL-01,2,549.95,0,USD,Shipped
SO-101567,1,2025-10-10,2025-10-19,C-0052,P-FAS-012,PL-01,3,24.27,10,USD,Shipped
SO-101584,1,2025-10-10,2025-10-13,C-0017,P-FAS-011,PL-03,24,28.90,5,USD,Shipped
SO-101584,2,2025-10-10,2025-10-19,C-0017,P-FAS-010,PL-03,6,18.18,5,USD,Shipped
SO-101593,1,2025-10-10,2025-10-28,C-0100,P-FAS-006,PL-01,6,18.58,10,USD,Shipped
SO-101625,1,2025-10-10,2025-10-20,C-0042,P-FAB-002,PL-04,6,1091.28,5,USD,Shipped
SO-101488,1,2025-10-11,2025-10-28,C-0096,P-FAS-011,PL-02,3,27.84,5,USD,Shipped
SO-101488,2,2025-10-11,2025-10-31,C-0096,P-STR-007,PL-03,4,398.57,0,USD,Shipped
SO-101506,1,2025-10-11,,C-0037,P-FAB-008,PL-01,4,1441.17,0,USD,Cancelled
SO-101514,1,2025-10-11,,C-0044,P-ENC-008,PL-04,14,277.93,0,USD,Cancelled
SO-101607,1,2025-10-11,2025-10-28,C-0081,P-FAB-010,PL-04,2,1614.58,5,USD,Shipped
SO-101607,2,2025-10-11,2025-10-15,C-0081,P-MET-001,PL-03,2,63.32,2,USD,Shipped
SO-101504,1,2025-10-12,2025-10-14,C-0021,P-FAS-012,PL-03,7,23.97,0,USD,Shipped
SO-101535,1,2025-10-12,2025-11-01,C-0036,P-ENC-010,PL-03,4,215.09,5,USD,Shipped
SO-101535,2,2025-10-12,2025-10-29,C-0036,P-FAS-002,PL-02,4,20.56,0,USD,Shipped
SO-101535,3,2025-10-12,2025-10-30,C-0036,P-FAB-003,PL-03,11,1817.00,5,USD,Shipped
SO-101595,1,2025-10-12,2025-10-22,C-0113,P-FAS-010,PL-03,4,18.78,10,USD,Shipped
SO-101597,1,2025-10-12,2025-10-18,C-0069,P-MET-001,PL-01,3,66.16,8,USD,Shipped
SO-101597,2,2025-10-12,2025-10-27,C-0069,P-MET-002,PL-02,3,89.63,5,USD,Shipped
SO-101603,1,2025-10-12,2025-11-02,C-0013,P-FAS-004,PL-03,6,20.60,0,USD,Shipped
SO-101603,2,2025-10-12,2025-10-18,C-0013,P-MET-001,PL-03,4,64.00,0,USD,Shipped
SO-101603,3,2025-10-12,2025-10-20,C-0013,P-MET-005,PL-04,3,129.89,5,USD,Shipped
SO-101610,1,2025-10-12,2025-10-25,C-0015,P-FAS-001,PL-03,23,26.05,0,USD,Shipped
SO-101610,2,2025-10-12,2025-11-02,C-0015,P-FAS-003,PL-02,1,11.82,0,USD,Shipped
SO-101610,3,2025-10-12,2025-10-20,C-0015,P-FAS-007,PL-02,5,17.59,0,USD,Shipped
SO-101638,1,2025-10-12,2025-10-17,C-0056,P-ENC-012,PL-01,9,354.18,8,USD,Shipped
SO-101491,1,2025-10-13,2025-10-29,C-0070,P-STR-003,PL-01,3,281.86,0,USD,Shipped
SO-101491,1,2025-10-13,2025-10-29,C-0070,P-STR-003,PL-01,3,281.86,0,USD,Shipped
SO-101491,2,2025-10-13,2025-10-30,C-0070,P-MET-009,PL-01,7,129.47,2,USD,Shipped
SO-101530,1,2025-10-13,2025-11-01,C-0071,P-ENC-005,PL-03,6,185.72,8,USD,Shipped
SO-101608,1,2025-10-13,2025-10-28,C-0124,P-ENC-012,PL-04,8,347.86,5,USD,Shipped
SO-101631,1,2025-10-13,2025-10-19,C-0124,P-FAB-007,PL-02,8,1077.00,5,USD,Shipped
SO-101631,2,2025-10-13,2025-10-15,C-0124,P-FAB-004,PL-02,1,1269.26,7,USD,Shipped
SO-101631,3,2025-10-13,2025-10-25,C-0124,P-FAB-008,PL-02,1,1454.60,10,USD,Shipped
SO-101513,1,2025-10-14,2025-10-29,C-0087,P-FAS-002,PL-02,2,20.46,5,USD,Shipped
SO-101513,2,2025-10-14,2025-10-25,C-0087,P-FAS-003,PL-02,11,11.62,7,USD,Shipped
SO-101513,3,2025-10-14,2025-11-02,C-0087,P-FAB-003,PL-04,6,1825.22,5,USD,Shipped
SO-101582,1,2025-10-14,2025-10-20,C-0022,P-MET-009,PL-02,2,127.10,0,USD,Shipped
SO-101582,2,2025-10-14,2025-10-18,C-0022,P-FAS-005,PL-02,9,12.47,5,USD,Shipped
SO-101582,3,2025-10-14,2025-10-17,C-0022,P-FAB-012,PL-02,4,1139.97,0,USD,Shipped
SO-101583,1,2025-10-14,2025-10-16,C-0062,P-FAS-001,PL-01,13,25.87,5,USD,Shipped
SO-101583,2,2025-10-14,2025-10-25,C-0062,P-FAS-011,PL-03,5,28.65,8,USD,Shipped
SO-101596,1,2025-10-14,2025-10-27,C-0064,P-STR-002,PL-04,6,653.51,0,USD,Shipped
SO-101623,1,2025-10-14,2025-10-23,C-0093,P-STR-004,PL-04,3,381.62,0,USD,Shipped
SO-101623,2,2025-10-14,2025-11-02,C-0093,P-MET-001,PL-02,10,64.19,5,USD,Shipped
SO-101633,1,2025-10-14,2025-10-30,C-0048,P-FAB-008,PL-04,7,1386.20,5,USD,Shipped
SO-101633,2,2025-10-14,2025-10-31,C-0048,P-FAB-005,PL-01,2,1674.90,5,USD,Shipped
SO-101633,3,2025-10-14,2025-10-22,C-0048,P-ENC-003,PL-04,3,271.43,5,USD,Shipped
SO-101636,1,2025-10-14,2025-10-24,C-0110,P-ENC-011,PL-03,7,221.09,10,USD,Shipped
SO-101637,1,2025-10-14,2025-11-03,C-0097,P-MET-002,PL-02,2,90.21,8,USD,Shipped
SO-101637,2,2025-10-14,2025-10-18,C-0097,P-FAS-010,PL-04,7,18.51,0,USD,Shipped
SO-101518,1,2025-10-15,2025-10-27,C-0018,P-FAS-002,PL-03,20,20.40,0,USD,Shipped
SO-101518,2,2025-10-15,2025-11-02,C-0018,P-FAS-002,PL-03,26,20.42,0,USD,Shipped
SO-101542,1,2025-10-15,2025-10-27,C-0021,P-FAS-009,PL-01,6,27.63,2,USD,Shipped
SO-101557,1,2025-10-15,2025-11-04,C-0105,P-FAS-009,PL-02,9,27.83,0,USD,Shipped
SO-101557,2,2025-10-15,2025-10-26,C-0105,P-ENC-004,PL-03,7,227.58,0,USD,Shipped
SO-101564,1,2025-10-15,2025-11-01,C-0021,P-ENC-004,PL-02,4,229.42,8,USD,Shipped
SO-101564,2,2025-10-15,2025-10-28,C-0021,P-MET-002,PL-03,2,89.73,10,USD,Shipped
SO-101564,3,2025-10-15,2025-10-26,C-0021,P-MET-004,PL-04,3,88.89,5,USD,Shipped
SO-101487,1,2025-10-16,2025-10-19,C-0125,P-MET-012,PL-02,1,66.04,0,USD,Shipped
SO-101487,2,2025-10-16,2025-11-02,C-0125,P-STR-008,PL-01,8,675.57,10,USD,Shipped
SO-101499,1,2025-10-16,2025-11-02,C-0029,P-ENC-007,PL-04,1,357.12,2,USD,Shipped
SO-101532,1,2025-10-16,2025-10-24,C-0022,P-MET-007,PL-04,5,135.98,0,USD,Shipped
SO-101545,1,2025-10-16,2025-10-30,C-0061,P-STR-007,PL-01,4,397.54,2,USD,Shipped
SO-101547,1,2025-10-16,2025-10-30,C-0036,P-ENC-005,PL-03,3,183.68,5,USD,Shipped
SO-101477,1,2025-10-17,2025-10-24,C-0037,P-MET-002,PL-02,4,89.29,0,USD,Shipped
SO-101523,1,2025-10-17,2025-10-25,C-0016,P-MET-011,PL-03,7,108.82,0,USD,Shipped
SO-101541,1,2025-10-17,2025-11-05,C-0007,P-ENC-005,PL-01,8,189.01,5,USD,Shipped
SO-101541,2,2025-10-17,2025-11-06,C-0007,P-MET-007,PL-04,5,129.82,5,USD,Shipped
SO-101577,1,2025-10-17,2025-10-22,C-0074,P-ENC-006,PL-04,6,246.94,0,USD,Shipped
SO-101577,2,2025-10-17,2025-10-21,C-0074,P-FAS-007,PL-03,15,17.83,2,USD,Shipped
SO-101486,1,2025-10-18,2025-10-20,C-0120,P-FAS-007,PL-02,7,17.72,2,USD,Shipped
SO-101486,2,2025-10-18,2025-10-23,C-0120,P-STR-003,PL-02,5,291.79,0,USD,Shipped
SO-101486,3,2025-10-18,2025-10-24,C-0120,P-FAS-011,PL-01,16,28.76,0,USD,Shipped
SO-101526,1,2025-10-18,2025-11-03,C-0116,P-ENC-002,PL-02,6,353.63,5,USD,Shipped
SO-101526,2,2025-10-18,2025-10-21,C-0116,P-FAS-012,PL-01,7,23.59,10,USD,Shipped
SO-101549,1,2025-10-18,2025-11-01,C-0123,P-FAS-002,PL-02,14,19.86,10,USD,Shipped
SO-101549,2,2025-10-18,2025-10-21,C-0123,P-ENC-002,PL-04,7,358.70,10,USD,Shipped
SO-101554,1,2025-10-18,2025-10-23,C-0075,P-MET-001,PL-04,4,65.36,10,USD,Shipped
SO-101554,2,2025-10-18,2025-10-27,C-0075,P-STR-004,PL-03,1,375.60,5,USD,Shipped
SO-101555,1,2025-10-18,2025-10-29,C-0075,P-MET-008,PL-02,3,83.32,5,USD,Shipped
SO-101555,2,2025-10-18,2025-10-26,C-0075,P-ENC-010,PL-03,4,218.72,0,USD,Shipped
SO-101570,1,2025-10-18,2025-10-30,C-0124,P-ENC-009,PL-01,14,192.56,5,USD,Shipped
SO-101619,1,2025-10-18,2025-10-22,C-0109,P-MET-006,PL-03,1,87.36,5,USD,Shipped
SO-101619,2,2025-10-18,2025-10-23,C-0109,P-ENC-005,PL-01,6,187.87,0,USD,Shipped
SO-101508,1,2025-10-19,2025-10-26,C-0024,P-FAS-008,PL-04,5,28.55,5,USD,Shipped
SO-101508,2,2025-10-19,,C-0024,P-MET-009,PL-04,2,129.26,8,USD,Cancelled
SO-101534,1,2025-10-19,2025-10-26,C-0026,P-FAS-009,PL-04,12,28.27,5,USD,Shipped
SO-101569,1,2025-10-19,2025-10-31,C-0129,P-MET-004,PL-04,6,90.20,0,USD,Shipped
SO-101569,2,2025-10-19,2025-10-29,C-0129,P-FAS-009,PL-03,6,27.36,5,USD,Shipped
SO-101572,1,2025-10-19,2025-10-27,C-0105,P-FAS-006,PL-04,9,18.85,8,USD,Shipped
SO-101572,2,2025-10-19,2025-10-26,C-0105,P-ENC-004,PL-03,2,235.55,8,USD,Shipped
SO-101589,1,2025-10-19,2025-10-27,C-0020,P-ENC-006,PL-03,10,256.36,0,USD,Shipped
SO-101589,2,2025-10-19,2025-10-23,C-0020,P-MET-012,PL-04,3,66.12,5,USD,Shipped
SO-101589,3,2025-10-19,2025-10-25,C-0020,P-ENC-011,PL-03,1,229.66,5,USD,Shipped
SO-101629,1,2025-10-19,2025-10-23,C-0021,P-ENC-009,PL-04,2,193.79,0,USD,Shipped
SO-101629,2,2025-10-19,2025-10-30,C-0021,P-FAS-004,PL-02,5,20.67,5,USD,Shipped
SO-101629,3,2025-10-19,2025-10-26,C-0021,P-MET-003,PL-03,2,112.48,8,USD,Shipped
SO-101480,1,2025-10-20,2025-10-29,C-0026,P-MET-007,PL-04,5,129.37,5,USD,Shipped
SO-101480,2,2025-10-20,2025-11-02,C-0026,P-STR-007,PL-03,3,404.41,8,USD,Shipped
SO-101485,1,2025-10-20,2025-11-10,C-0091,P-FAB-011,PL-02,6,2013.76,0,USD,Shipped
SO-101485,2,2025-10-20,2025-10-30,C-0091,P-FAS-004,PL-02,11,19.97,0,USD,Shipped
SO-101505,1,2025-10-20,,C-0055,P-STR-002,PL-03,5,644.99,0,USD,Cancelled
SO-101505,2,2025-10-20,2025-10-24,C-0055,P-FAS-005,PL-03,4,12.81,0,USD,Shipped
SO-101524,1,2025-10-20,2025-10-25,C-0026,P-FAS-003,PL-02,16,11.82,0,USD,Shipped
SO-101524,2,2025-10-20,2025-10-28,C-0026,P-FAB-003,PL-02,7,1813.50,0,USD,Shipped
SO-101524,3,2025-10-20,2025-11-05,C-0026,P-MET-008,PL-03,3,82.38,0,USD,Shipped
SO-101527,1,2025-10-20,2025-10-23,C-0019,P-FAS-002,PL-03,5,20.13,5,USD,Shipped
SO-101527,2,2025-10-20,2025-10-30,C-0019,P-FAS-005,PL-04,14,12.83,0,USD,Shipped
SO-101548,1,2025-10-20,2025-11-10,C-0048,P-MET-005,PL-03,3,130.67,15,USD,Shipped
SO-101559,1,2025-10-20,2025-10-31,C-0009,P-FAS-006,PL-02,8,18.83,8,USD,Shipped
SO-101559,2,2025-10-20,,C-0009,P-STR-004,PL-02,5,387.63,2,USD,Cancelled
SO-101561,1,2025-10-20,2025-10-30,C-0007,P-FAB-008,PL-03,2,1400.50,0,USD,Shipped
SO-101561,2,2025-10-20,2025-11-03,C-0007,P-MET-007,PL-03,1,135.19,0,USD,Shipped
SO-101568,1,2025-10-20,2025-11-01,C-0059,P-ENC-011,PL-03,1,224.55,8,USD,Shipped
SO-101568,2,2025-10-20,2025-11-04,C-0059,P-FAS-011,PL-03,25,27.92,0,USD,Shipped
SO-101594,1,2025-10-20,2025-11-02,C-0068,P-STR-009,PL-04,3,288.28,10,USD,Shipped
SO-101601,1,2025-10-20,2025-11-07,C-0118,P-ENC-008,PL-01,9,274.32,10,USD,Shipped
SO-101601,2,2025-10-20,2025-11-09,C-0118,P-STR-007,PL-04,7,394.67,5,USD,Shipped
SO-101618,1,2025-10-20,2025-11-06,C-0133,P-FAS-012,PL-04,24,23.72,2,USD,Shipped
SO-101618,2,2025-10-20,2025-11-05,C-0133,P-ENC-008,PL-02,8,269.19,5,USD,Shipped
SO-101618,3,2025-10-20,2025-10-23,C-0133,P-ENC-010,PL-01,2,214.95,2,USD,Shipped
SO-101639,1,2025-10-20,2025-11-06,C-0040,P-ENC-008,PL-01,4,283.48,2,USD,Shipped
SO-101639,2,2025-10-20,2025-11-02,C-0040,P-FAS-008,PL-03,14,28.07,10,USD,Shipped
SO-101493,1,2025-10-21,2025-10-29,C-0007,P-ENC-011,PL-03,7,218.70,5,USD,Shipped
SO-101493,2,2025-10-21,2025-10-25,C-0007,P-MET-008,PL-01,5,80.53,2,USD,Shipped
SO-101562,1,2025-10-21,2025-11-08,C-0135,P-FAS-007,PL-04,4,17.86,10,USD,Shipped
SO-101600,1,2025-10-21,2025-10-28,C-0114,P-FAS-004,PL-04,28,20.10,5,USD,Shipped
SO-101600,2,2025-10-21,2025-11-05,C-0114,P-FAS-009,PL-03,7,28.51,0,USD,Shipped
SO-101626,1,2025-10-21,2025-11-06,C-0056,P-STR-003,PL-01,3,291.35,5,USD,Shipped
SO-101626,2,2025-10-21,2025-11-10,C-0056,P-ENC-003,PL-03,2,273.76,0,USD,Shipped
SO-101635,1,2025-10-21,2025-10-27,C-0040,P-ENC-010,PL-03,1,216.30,0,USD,Shipped
SO-101635,2,2025-10-21,2025-10-28,C-0040,P-FAS-001,PL-03,17,25.92,0,USD,Shipped
SO-101635,3,2025-10-21,2025-11-03,C-0040,P-FAS-011,PL-04,6,28.07,5,USD,Shipped
SO-101475,1,2025-10-22,2025-10-27,C-0044,P-FAS-011,PL-04,6,28.21,10,USD,Shipped
SO-101475,2,2025-10-22,2025-11-03,C-0044,P-MET-012,PL-02,5,64.87,0,USD,Shipped
SO-101522,1,2025-10-22,2025-10-31,C-0137,P-STR-008,PL-01,3,684.73,0,USD,Shipped
SO-101551,1,2025-10-22,2025-10-27,C-0068,P-FAS-009,PL-03,33,28.00,8,USD,Shipped
SO-101581,1,2025-10-22,2025-10-26,C-0095,P-ENC-008,PL-01,6,282.18,10,USD,Shipped
SO-101581,2,2025-10-22,,C-0095,P-ENC-011,PL-02,2,229.00,8,USD,Shipped
SO-101581,3,2025-10-22,2025-11-04,C-0095,P-ENC-007,PL-02,3,362.90,5,USD,Shipped
SO-101585,1,2025-10-22,2025-10-31,C-0074,P-MET-011,PL-02,5,105.18,10,USD,Shipped
SO-101585,2,2025-10-22,2025-11-09,C-0074,P-ENC-007,PL-01,7,348.75,2,USD,Shipped
SO-101609,1,2025-10-22,2025-11-11,C-0092,P-FAS-004,PL-01,16,20.42,5,USD,Shipped
SO-101609,2,2025-10-22,2025-11-06,C-0092,P-MET-012,PL-03,4,66.14,2,USD,Shipped
SO-101613,1,2025-10-22,2025-11-12,C-0124,P-ENC-003,PL-02,6,271.04,10,USD,Shipped
SO-101482,1,2025-10-23,2025-10-30,C-0095,P-FAS-004,PL-02,5,20.56,10,USD,Shipped
SO-101497,1,2025-10-23,2025-11-10,C-0138,P-STR-011,PL-01,12,466.12,5,USD,Shipped
SO-101515,1,2025-10-23,2025-11-02,C-0063,P-MET-009,PL-04,4,132.89,2,USD,Shipped
SO-101515,2,2025-10-23,2025-11-08,C-0063,P-STR-010,PL-01,4,374.22,10,USD,Shipped
SO-101588,1,2025-10-23,2025-10-26,C-0104,P-FAS-001,PL-04,9,25.80,5,USD,Shipped
SO-101628,1,2025-10-23,2025-10-28,C-0087,P-MET-011,PL-03,2,107.54,10,USD,Shipped
SO-101592,1,2025-10-24,2025-10-29,C-0135,P-FAB-001,PL-04,6,2047.19,0,USD,Shipped
SO-101592,2,2025-10-24,2025-11-03,C-0135,P-STR-006,PL-03,6,572.99,0,USD,Shipped
SO-101632,1,2025-10-24,2025-10-29,C-0053,P-ENC-001,PL-01,1,162.62,10,USD,Shipped
SO-101632,2,2025-10-24,2025-11-01,C-0053,P-FAB-004,PL-02,1,1267.13,10,USD,Shipped
SO-101478,1,2025-10-25,2025-11-06,C-0076,P-FAB-012,PL-01,4,1146.93,5,USD,Shipped
SO-101478,2,2025-10-25,2025-11-08,C-0076,P-FAS-006,PL-03,9,18.71,5,USD,Shipped
SO-101489,1,2025-10-25,2025-10-29,C-0133,P-MET-007,PL-03,8,134.43,10,USD,Shipped
SO-101489,2,2025-10-25,2025-11-15,C-0133,P-FAS-010,PL-04,8,18.60,8,USD,Shipped
SO-101495,1,2025-10-25,2025-10-28,C-0130,P-FAS-005,PL-03,4,12.60,2,USD,Shipped
SO-101540,1,2025-10-25,2025-11-11,C-0124,P-MET-010,PL-03,4,95.17,10,USD,Shipped
SO-101540,2,2025-10-25,2025-10-29,C-0124,P-FAS-011,PL-04,7,27.47,10,USD,Shipped
SO-101566,1,2025-10-25,2025-11-08,C-0072,P-FAS-006,PL-01,3,18.71,10,USD,Shipped
SO-101566,2,2025-10-25,,C-0072,P-MET-006,PL-02,14,85.84,0,USD,Cancelled
SO-101566,3,2025-10-25,2025-11-12,C-0072,P-FAS-002,PL-03,8,20.64,0,USD,Shipped
SO-101574,1,2025-10-25,2025-11-15,C-0079,P-STR-008,PL-02,7,652.66,0,USD,Shipped
SO-101599,1,2025-10-25,2025-11-15,C-0022,P-ENC-009,PL-01,4,192.74,0,USD,Shipped
SO-101599,2,2025-10-25,2025-11-13,C-0022,P-FAS-001,PL-04,15,25.56,5,USD,Shipped
SO-101599,3,2025-10-25,2025-10-31,C-0022,P-MET-003,PL-02,1,114.39,0,USD,Shipped
SO-101602,1,2025-10-25,2025-11-11,C-0060,P-ENC-007,PL-03,3,356.99,2,USD,Shipped
SO-101602,2,2025-10-25,2025-10-28,C-0060,P-FAS-009,PL-02,4,27.22,0,USD,Shipped
SO-101611,1,2025-10-25,2025-11-14,C-0119,P-FAS-004,PL-02,9,20.62,2,USD,Shipped
SO-101611,2,2025-10-25,2025-10-28,C-0119,P-MET-012,PL-01,12,66.23,0,USD,Shipped
SO-101476,1,2025-10-26,2025-11-05,C-0107,P-MET-005,PL-04,4,128.27,10,USD,Shipped
SO-101476,2,2025-10-26,2025-11-03,C-0107,P-FAS-007,PL-04,19,17.06,5,USD,Shipped
SO-101476,3,2025-10-26,2025-11-11,C-0107,P-FAB-002,PL-04,1,1100.85,5,USD,Shipped
SO-101517,1,2025-10-26,2025-11-05,C-0081,P-ENC-009,PL-01,8,186.68,2,USD,Shipped
SO-101517,2,2025-10-26,2025-11-15,C-0081,P-FAS-002,PL-03,25,20.37,10,USD,Shipped
SO-101536,1,2025-10-26,2025-11-13,C-0113,P-MET-008,PL-04,1,84.17,0,USD,Shipped
SO-101591,1,2025-10-26,2025-11-15,C-0082,P-ENC-011,PL-02,4,222.39,5,USD,Shipped
SO-101591,2,2025-10-26,2025-11-08,C-0082,P-FAS-001,PL-01,8,25.80,8,USD,Shipped
SO-101591,3,2025-10-26,2025-11-06,C-0082,P-ENC-011,PL-02,11,230.08,0,USD,Shipped
SO-101612,1,2025-10-26,2025-11-10,C-0038,P-FAS-009,PL-03,1,27.72,8,USD,Shipped
SO-101634,1,2025-10-26,2025-11-02,C-0026,P-STR-003,PL-02,7,279.94,8,USD,Shipped
SO-101634,2,2025-10-26,2025-11-12,C-0026,P-ENC-002,PL-01,18,356.81,0,USD,Shipped
SO-101502,1,2025-10-27,2025-11-01,C-0065,P-FAB-012,PL-02,5,1158.13,0,USD,Shipped
SO-101539,1,2025-10-27,2025-11-12,C-0048,P-STR-010,PL-03,7,383.03,5,USD,Shipped
SO-101616,1,2025-10-27,2025-11-01,C-0025,P-ENC-004,PL-02,4,228.16,5,USD,Shipped
SO-101616,2,2025-10-27,2025-11-01,C-0025,P-STR-004,PL-03,4,373.91,5,USD,Shipped
SO-101616,3,2025-10-27,2025-11-04,C-0025,P-STR-007,PL-03,1,394.09,0,USD,Shipped
SO-101543,1,2025-10-28,2025-11-17,C-0020,P-MET-002,PL-02,1,85.63,8,USD,Shipped
SO-101543,2,2025-10-28,2025-11-18,C-0020,P-FAS-010,PL-03,7,18.49,0,USD,Shipped
SO-101544,1,2025-10-28,2025-11-06,C-0097,P-FAS-008,PL-03,9,27.69,10,USD,Shipped
SO-101544,2,2025-10-28,,C-0097,P-FAS-003,PL-03,7,11.66,2,USD,Cancelled
SO-101587,1,2025-10-28,,C-0021,P-STR-012,PL-04,4,280.92,0,USD,Cancelled
SO-101590,1,2025-10-28,2025-11-04,C-0128,P-MET-005,PL-04,7,127.38,0,USD,Shipped
SO-101590,2,2025-10-28,2025-11-05,C-0128,P-ENC-003,PL-04,2,269.97,0,USD,Shipped
SO-101598,1,2025-10-28,2025-11-12,C-0048,P-FAB-010,PL-02,1,1642.79,10,USD,Shipped
SO-101598,2,2025-10-28,2025-10-30,C-0048,P-FAS-006,PL-01,14,18.18,5,USD,Shipped
SO-101606,1,2025-10-28,2025-11-08,C-0100,P-FAS-010,PL-04,18,18.47,5,USD,Shipped
SO-101606,2,2025-10-28,2025-11-04,C-0100,P-MET-008,PL-02,2,82.14,8,USD,Shipped
SO-101621,1,2025-10-28,2025-11-04,C-0111,P-STR-011,PL-04,7,453.45,0,USD,Shipped
SO-101621,2,2025-10-28,2025-11-05,C-0111,P-MET-007,PL-04,8,128.27,10,USD,Shipped
SO-101622,1,2025-10-28,2025-11-07,C-0072,P-MET-012,PL-01,1,63.55,8,USD,Shipped
SO-101622,2,2025-10-28,2025-11-04,C-0072,P-ENC-007,PL-03,2,367.63,0,USD,Shipped
SO-101481,1,2025-10-29,2025-11-05,C-0036,P-FAS-005,PL-03,3,12.67,2,USD,Shipped
SO-101507,1,2025-10-29,2025-11-04,C-0019,P-FAS-007,PL-01,7,17.26,0,USD,Shipped
SO-101507,2,2025-10-29,2025-11-11,C-0019,P-MET-008,PL-01,6,81.81,0,USD,Shipped
SO-101516,1,2025-10-29,2025-11-16,C-0109,P-MET-006,PL-03,5,83.84,10,USD,Shipped
SO-101516,2,2025-10-29,2025-11-10,C-0109,P-MET-009,PL-02,6,130.74,2,USD,Shipped
SO-101529,1,2025-10-29,2025-11-11,C-0061,P-ENC-007,PL-03,5,358.95,0,USD,Shipped
SO-101576,1,2025-10-29,2025-11-07,C-0074,P-ENC-001,PL-03,7,165.94,10,USD,Shipped
SO-101614,1,2025-10-29,2025-11-06,C-0008,P-MET-007,PL-01,11,131.95,0,USD,Shipped
SO-101624,1,2025-10-29,2025-11-02,C-0073,P-MET-002,PL-02,4,90.64,8,USD,Shipped
SO-101624,2,2025-10-29,2025-11-01,C-0073,P-FAS-004,PL-01,11,20.14,5,USD,Shipped
SO-101511,1,2025-10-30,2025-11-05,C-0115,P-MET-011,PL-02,3,106.86,8,USD,Shipped
SO-101537,1,2025-10-30,2025-11-19,C-0057,P-FAS-006,PL-01,4,18.32,2,USD,Shipped
SO-101538,1,2025-10-30,2025-11-01,C-0100,P-FAS-011,PL-02,15,29.05,10,USD,Shipped
SO-101538,2,2025-10-30,2025-11-16,C-0100,P-FAS-012,PL-02,5,24.58,5,USD,Shipped
SO-101538,3,2025-10-30,2025-11-16,C-0100,P-ENC-004,PL-04,4,226.89,0,USD,Shipped
SO-101552,1,2025-10-30,2025-11-05,C-0086,P-ENC-011,PL-03,1,229.15,5,USD,Shipped
SO-101552,2,2025-10-30,2025-11-08,C-0086,P-ENC-008,PL-04,5,283.43,2,USD,Shipped
SO-101615,1,2025-10-30,2025-11-03,C-0031,P-ENC-012,PL-03,4,347.60,8,USD,Shipped
SO-101640,1,2025-10-30,2025-11-10,C-0104,P-FAS-006,PL-02,7,18.49,10,USD,Shipped
SO-101503,1,2025-10-31,2025-11-12,C-0040,P-MET-006,PL-02,5,84.31,8,USD,Shipped
SO-101503,2,2025-10-31,2025-11-09,C-0040,P-ENC-004,PL-04,9,239.35,0,USD,Shipped
SO-101528,1,2025-10-31,2025-11-13,C-0090,P-ENC-009,PL-01,1,193.13,13,USD,Shipped
SO-101528,2,2025-10-31,2025-11-09,C-0090,P-FAB-004,PL-03,3,1309.07,5,USD,Shipped
SO-101630,1,2025-10-31,2025-11-16,C-0132,P-FAS-011,PL-01,4,27.98,5,USD,Shipped
SO-101630,2,2025-10-31,2025-11-13,C-0132,P-FAS-003,PL-04,18,11.50,2,USD,Shipped
SO-101690,1,2025-11-01,2025-11-22,C-0116,P-FAB-005,PL-01,2,1658.18,5,USD,Shipped
SO-101727,1,2025-11-01,2025-11-19,C-0062,P-FAS-011,PL-02,7,27.65,2,USD,Shipped
SO-101727,2,2025-11-01,2025-11-11,C-0062,P-MET-007,PL-03,2,129.64,5,USD,Shipped
SO-101727,3,2025-11-01,2025-11-05,C-0062,P-FAS-005,PL-01,3,12.66,0,USD,Shipped
SO-101796,1,2025-11-01,2025-11-13,C-0098,P-FAS-009,PL-03,17,27.39,5,USD,Shipped
SO-101670,1,2025-11-02,2025-11-19,C-0074,P-MET-006,PL-02,4,83.15,0,USD,Shipped
SO-101680,1,2025-11-02,2025-11-17,C-0011,P-FAS-005,PL-01,6,12.84,2,USD,Shipped
SO-101687,1,2025-11-02,2025-11-07,C-0086,P-FAS-007,PL-03,8,17.19,0,USD,Shipped
SO-101687,2,2025-11-02,2025-11-07,C-0086,P-FAS-008,PL-01,21,28.18,5,USD,Shipped
SO-101764,1,2025-11-02,2025-11-04,C-0073,P-FAB-003,PL-02,5,1870.45,0,USD,Shipped
SO-101787,1,2025-11-02,2025-11-13,C-0070,P-MET-006,PL-02,10,83.52,0,USD,Shipped
SO-101798,1,2025-11-02,2025-11-13,C-0124,P-ENC-009,PL-04,3,193.24,13,USD,Shipped
SO-101686,1,2025-11-03,2025-11-22,C-0041,P-MET-012,PL-03,2,64.93,8,USD,Shipped
SO-101689,1,2025-11-03,2025-11-06,C-0110,P-MET-009,PL-02,5,128.80,2,USD,Shipped
SO-101689,2,2025-11-03,2025-11-12,C-0110,P-FAS-001,PL-02,29,25.32,8,USD,Shipped
SO-101725,1,2025-11-03,2025-11-11,C-0098,P-ENC-001,PL-04,6,165.24,2,USD,Shipped
SO-101725,2,2025-11-03,2025-11-22,C-0098,P-FAS-001,PL-04,6,26.33,8,USD,Shipped
SO-101725,3,2025-11-03,2025-11-16,C-0098,P-FAS-007,PL-02,4,17.94,0,USD,Shipped
SO-101677,1,2025-11-04,2025-11-17,C-0067,P-FAS-006,PL-01,10,17.92,2,USD,Shipped
SO-101677,2,2025-11-04,2025-11-11,C-0067,P-MET-009,PL-02,1,129.72,0,USD,Shipped
SO-101729,1,2025-11-04,2025-11-20,C-0105,P-FAS-011,PL-01,14,28.52,2,USD,Shipped
SO-101745,1,2025-11-04,2025-11-17,C-0021,P-STR-005,PL-03,5,347.39,0,USD,Shipped
SO-101745,2,2025-11-04,2025-11-17,C-0021,P-STR-008,PL-02,6,658.12,10,USD,Shipped
SO-101745,3,2025-11-04,2025-11-13,C-0021,P-FAB-010,PL-03,2,1690.54,8,USD,Shipped
SO-101759,1,2025-11-04,2025-11-15,C-0016,P-MET-001,PL-04,3,62.86,5,USD,Shipped
SO-101762,1,2025-11-04,2025-11-18,C-0125,P-ENC-001,PL-01,3,165.66,2,USD,Shipped
SO-101762,2,2025-11-04,2025-11-09,C-0125,P-ENC-002,PL-01,3,348.12,2,USD,Shipped
SO-101797,1,2025-11-04,2025-11-16,C-0105,P-ENC-001,PL-01,2,169.44,5,USD,Shipped
SO-101797,2,2025-11-04,2025-11-16,C-0105,P-FAB-007,PL-01,1,1071.08,5,USD,Shipped
SO-101648,1,2025-11-05,2025-11-10,C-0105,P-MET-002,PL-01,6,87.10,2,USD,Shipped
SO-101672,1,2025-11-05,2025-11-16,C-0082,P-MET-002,PL-02,3,86.02,8,USD,Shipped
SO-101714,1,2025-11-05,2025-11-26,C-0046,P-ENC-005,PL-03,2,184.46,0,USD,Shipped
SO-101714,2,2025-11-05,2025-11-16,C-0046,P-FAS-001,PL-02,3,26.29,5,USD,Shipped
SO-101780,1,2025-11-05,2025-11-13,C-0068,P-FAS-007,PL-02,9,17.64,0,USD,Shipped
SO-101780,2,2025-11-05,2025-11-22,C-0068,P-STR-002,PL-01,5,676.53,2,USD,Shipped
SO-101780,3,2025-11-05,2025-11-11,C-0068,P-MET-008,PL-01,6,83.53,8,USD,Shipped
SO-101685,1,2025-11-06,2025-11-18,C-0083,P-MET-001,PL-02,6,65.18,10,USD,Shipped
SO-101685,2,2025-11-06,2025-11-25,C-0083,P-ENC-008,PL-04,3,281.09,5,USD,Shipped
SO-101685,3,2025-11-06,2025-11-12,C-0083,P-FAS-010,PL-01,17,18.70,2,USD,Shipped
SO-101695,1,2025-11-06,2025-11-14,C-0116,P-MET-008,PL-04,1,81.98,13,USD,Shipped
SO-101695,2,2025-11-06,2025-11-26,C-0116,P-ENC-005,PL-03,3,180.87,10,USD,Shipped
SO-101712,1,2025-11-06,2025-11-09,C-0013,P-FAS-003,PL-04,13,11.23,8,USD,Shipped
SO-101712,2,2025-11-06,2025-11-10,C-0013,P-STR-009,PL-03,8,296.96,5,USD,Shipped
SO-101717,1,2025-11-06,2025-11-08,C-0048,P-MET-003,PL-01,3,116.47,5,USD,Shipped
SO-101763,1,2025-11-06,2025-11-27,C-0124,P-MET-004,PL-04,4,91.11,7,USD,Shipped
SO-101766,1,2025-11-06,2025-11-18,C-0002,P-MET-001,PL-02,5,64.46,2,USD,Shipped
SO-101766,2,2025-11-06,2025-11-22,C-0002,P-ENC-011,PL-01,4,228.55,2,USD,Shipped
SO-101779,1,2025-11-06,2025-11-08,C-0001,P-FAS-009,PL-03,19,27.85,5,USD,Shipped
SO-101779,2,2025-11-06,2025-11-26,C-0001,P-FAS-006,PL-01,16,17.88,0,USD,Shipped
SO-101643,1,2025-11-07,2025-11-27,C-0046,P-STR-012,PL-02,2,268.28,0,USD,Shipped
SO-101664,1,2025-11-07,2025-11-25,C-0003,P-FAS-006,PL-02,5,17.80,8,USD,Shipped
SO-101692,1,2025-11-07,2025-11-16,C-0043,P-ENC-009,PL-01,2,190.43,0,USD,Shipped
SO-101692,2,2025-11-07,2025-11-19,C-0043,P-FAS-007,PL-01,5,17.14,10,USD,Shipped
SO-101722,1,2025-11-07,2025-11-19,C-0031,P-FAS-003,PL-04,4,11.84,10,USD,Shipped
SO-101722,2,2025-11-07,,C-0031,P-FAS-005,PL-04,12,12.25,0,USD,Cancelled
SO-101722,3,2025-11-07,2025-11-11,C-0031,P-FAS-005,PL-04,17,12.70,0,USD,Shipped
SO-101740,1,2025-11-07,2025-11-25,C-0124,P-FAB-008,PL-04,4,1422.12,15,USD,Shipped
SO-101748,1,2025-11-07,2025-11-14,C-0104,P-MET-012,PL-03,6,64.90,0,USD,Shipped
SO-101770,1,2025-11-07,2025-11-16,C-0110,P-ENC-006,PL-03,5,243.90,2,USD,Shipped
SO-101770,2,2025-11-07,2025-11-15,C-0110,P-FAS-011,PL-02,17,28.31,2,USD,Shipped
SO-101777,1,2025-11-07,2025-11-17,C-0059,P-STR-006,PL-01,2,560.83,8,USD,Shipped
SO-101655,1,2025-11-08,2025-11-11,C-0102,P-ENC-009,PL-02,6,191.70,2,USD,Shipped
SO-101655,2,2025-11-08,2025-11-26,C-0102,P-STR-009,PL-04,13,298.80,0,USD,Shipped
SO-101665,1,2025-11-08,2025-11-20,C-0116,P-STR-004,PL-01,2,373.69,5,USD,Shipped
SO-101681,1,2025-11-08,2025-11-20,C-0131,P-FAS-001,PL-01,10,25.99,8,USD,Shipped
SO-101681,2,2025-11-08,2025-11-20,C-0131,P-MET-006,PL-01,3,85.11,0,USD,Shipped
SO-101681,3,2025-11-08,2025-11-11,C-0131,P-MET-004,PL-03,2,92.52,2,USD,Shipped
SO-101683,1,2025-11-08,2025-11-13,C-0077,P-STR-008,PL-03,2,664.13,8,USD,Shipped
SO-101697,1,2025-11-08,2025-11-15,C-0109,P-FAB-002,PL-03,2,1062.98,5,USD,Shipped
SO-101721,1,2025-11-08,2025-11-19,C-0113,P-STR-009,PL-02,3,299.32,0,USD,Shipped
SO-101646,1,2025-11-09,2025-11-22,C-0119,P-STR-006,PL-02,3,561.56,5,USD,Shipped
SO-101675,1,2025-11-09,2025-11-18,C-0132,P-MET-011,PL-04,2,105.85,2,USD,Shipped
SO-101675,2,2025-11-09,2025-11-12,C-0132,P-FAS-011,PL-04,2,28.97,0,USD,Shipped
SO-101775,1,2025-11-09,2025-11-11,C-0129,P-MET-002,PL-03,2,86.76,0,USD,Shipped
SO-101775,2,2025-11-09,2025-11-19,C-0129,P-FAS-011,PL-03,4,28.01,0,USD,Shipped
SO-101775,3,2025-11-09,2025-11-28,C-0129,P-FAS-010,PL-02,8,18.65,10,USD,Shipped
SO-101647,1,2025-11-10,2025-11-28,C-0044,P-STR-003,PL-03,4,280.02,0,USD,Shipped
SO-101713,1,2025-11-10,2025-12-01,C-0037,P-ENC-008,PL-03,3,276.85,0,USD,Shipped
SO-101713,2,2025-11-10,2025-11-22,C-0037,P-FAS-005,PL-04,11,12.88,0,USD,Shipped
SO-101733,1,2025-11-10,2025-11-21,C-0110,P-FAS-004,PL-04,16,20.65,5,USD,Shipped
SO-101736,1,2025-11-10,2025-11-25,C-0020,P-MET-005,PL-01,2,123.18,5,USD,Shipped
SO-101736,2,2025-11-10,2025-11-13,C-0020,P-FAS-007,PL-04,4,17.85,5,USD,Shipped
SO-101742,1,2025-11-10,2025-11-21,C-0003,P-ENC-002,PL-04,1,353.34,5,USD,Shipped
SO-101742,2,2025-11-10,2025-11-15,C-0003,P-FAB-009,PL-02,2,2021.84,0,USD,Shipped
SO-101743,1,2025-11-10,2025-11-28,C-0106,P-FAS-010,PL-04,24,17.82,0,USD,Shipped
SO-101743,2,2025-11-10,2025-11-15,C-0106,P-ENC-003,PL-03,3,269.42,2,USD,Shipped
SO-101744,1,2025-11-10,2025-11-28,C-0131,P-FAS-009,PL-01,15,27.59,0,USD,Shipped
SO-101744,2,2025-11-10,2025-11-30,C-0131,P-FAB-009,PL-01,4,2024.74,8,USD,Shipped
SO-101760,1,2025-11-10,2025-11-24,C-0112,P-ENC-012,PL-04,12,349.95,2,USD,Shipped
SO-101656,1,2025-11-11,2025-11-28,C-0066,P-MET-007,PL-02,7,131.01,10,USD,Shipped
SO-101656,2,2025-11-11,2025-11-29,C-0066,P-MET-007,PL-04,3,136.09,10,USD,Shipped
SO-101667,1,2025-11-11,2025-11-20,C-0109,P-STR-007,PL-02,5,408.80,8,USD,Shipped
SO-101691,1,2025-11-11,2025-11-23,C-0049,P-MET-003,PL-01,1,116.07,0,USD,Shipped
SO-101691,2,2025-11-11,2025-11-22,C-0049,P-ENC-010,PL-02,6,223.19,2,USD,Shipped
SO-101693,1,2025-11-11,2025-11-29,C-0005,P-FAS-001,PL-02,15,26.64,0,USD,Shipped
SO-101693,2,2025-11-11,2025-11-24,C-0005,P-STR-003,PL-04,4,293.16,10,USD,Shipped
SO-101700,1,2025-11-11,2025-11-29,C-0122,P-MET-009,PL-04,6,131.76,0,USD,Shipped
SO-101716,1,2025-11-11,2025-11-13,C-0075,P-MET-011,PL-04,3,107.04,5,USD,Shipped
SO-101756,1,2025-11-11,2025-11-24,C-0055,P-STR-002,PL-02,2,655.73,0,USD,Shipped
SO-101756,2,2025-11-11,2025-11-18,C-0055,P-FAS-009,PL-02,16,26.98,0,USD,Shipped
SO-101756,3,2025-11-11,2025-11-25,C-0055,P-FAS-010,PL-03,5,17.93,0,USD,Shipped
SO-101781,1,2025-11-11,2025-11-27,C-0072,P-FAS-010,PL-01,10,18.26,0,USD,Shipped
SO-101781,2,2025-11-11,2025-11-27,C-0072,P-ENC-001,PL-04,9,171.29,2,USD,Shipped
SO-101781,3,2025-11-11,2025-11-16,C-0072,P-ENC-010,PL-01,6,220.31,0,USD,Shipped
SO-101792,1,2025-11-11,2025-11-15,C-0004,P-STR-003,PL-03,4,280.13,8,USD,Shipped
SO-101792,2,2025-11-11,2025-11-13,C-0004,P-FAS-008,PL-03,19,28.91,5,USD,Shipped
SO-101654,1,2025-11-12,2025-12-03,C-0005,P-STR-006,PL-01,1,557.12,0,USD,Shipped
SO-101654,2,2025-11-12,2025-11-17,C-0005,P-MET-003,PL-02,2,115.86,5,USD,Shipped
SO-101673,1,2025-11-12,2025-11-23,C-0060,P-FAS-012,PL-02,10,24.46,0,USD,Shipped
SO-101673,2,2025-11-12,2025-11-30,C-0060,P-FAS-004,PL-01,12,20.53,5,USD,Shipped
SO-101673,3,2025-11-12,2025-11-20,C-0060,P-FAS-002,PL-01,8,20.18,0,USD,Shipped
SO-101707,1,2025-11-12,2025-12-02,C-0002,P-FAS-010,PL-03,8,17.71,5,USD,Shipped
SO-101734,1,2025-11-12,2025-11-29,C-0129,P-FAS-009,PL-01,6,27.63,0,USD,Shipped
SO-101734,2,2025-11-12,2025-11-26,C-0129,P-MET-009,PL-01,3,132.93,10,USD,Shipped
SO-101746,1,2025-11-12,2025-11-14,C-0122,P-FAS-010,PL-02,11,18.72,5,USD,Shipped
SO-101746,2,2025-11-12,,C-0122,P-FAS-011,PL-03,14,28.00,8,USD,Cancelled
SO-101746,3,2025-11-12,2025-11-17,C-0122,P-STR-011,PL-02,5,454.53,0,USD,Shipped
SO-101778,1,2025-11-12,2025-12-03,C-0087,P-FAS-001,PL-03,9,26.77,10,USD,Shipped
SO-101778,2,2025-11-12,2025-11-17,C-0087,P-FAB-005,PL-02,2,1655.70,10,USD,Shipped
SO-101705,1,2025-11-13,2025-11-26,C-0038,P-MET-002,PL-04,2,86.69,5,USD,Shipped
SO-101718,1,2025-11-13,2025-11-29,C-0100,P-MET-001,PL-03,6,66.19,10,USD,Shipped
SO-101718,2,2025-11-13,2025-11-18,C-0100,P-MET-008,PL-04,5,80.86,0,USD,Shipped
SO-101724,1,2025-11-13,,C-0015,P-MET-012,PL-03,3,64.82,2,USD,Cancelled
SO-101750,1,2025-11-13,2025-12-02,C-0129,P-STR-007,PL-01,1,416.87,0,USD,Shipped
SO-101750,2,2025-11-13,2025-11-26,C-0129,P-ENC-001,PL-03,1,171.97,5,USD,Shipped
SO-101769,1,2025-11-13,2025-11-27,C-0038,P-ENC-011,PL-03,4,228.70,0,USD,Shipped
SO-101753,1,2025-11-14,2025-11-28,C-0120,P-MET-003,PL-04,7,113.65,5,USD,Shipped
SO-101782,1,2025-11-14,2025-11-30,C-0091,P-FAS-006,PL-01,5,18.03,10,USD,Shipped
SO-101782,2,2025-11-14,2025-12-04,C-0091,P-MET-011,PL-04,3,108.63,0,USD,Shipped
SO-101799,1,2025-11-14,2025-11-30,C-0026,P-MET-006,PL-04,4,82.74,8,USD,Shipped
SO-101799,2,2025-11-14,2025-12-05,C-0026,P-FAS-009,PL-04,5,27.35,10,USD,Shipped
SO-101657,1,2025-11-15,2025-11-22,C-0076,P-FAB-002,PL-02,2,1049.72,10,USD,Shipped
SO-101699,1,2025-11-15,2025-11-30,C-0052,P-FAS-001,PL-04,3,26.41,5,USD,Shipped
SO-101702,1,2025-11-15,2025-11-24,C-0104,P-FAS-005,PL-02,18,12.30,5,USD,Shipped
SO-101711,1,2025-11-15,2025-11-25,C-0116,P-MET-011,PL-03,2,103.76,10,USD,Shipped
SO-101711,2,2025-11-15,,C-0116,P-FAB-005,PL-02,5,1660.33,10,USD,Cancelled
SO-101711,3,2025-11-15,2025-11-24,C-0116,P-MET-012,PL-02,2,63.54,5,USD,Shipped
SO-101749,1,2025-11-15,,C-0082,P-ENC-004,PL-02,6,238.21,10,USD,Cancelled
SO-101765,1,2025-11-15,2025-12-05,C-0018,P-FAB-007,PL-01,4,1017.72,5,USD,Shipped
SO-101765,2,2025-11-15,2025-11-24,C-0018,P-MET-009,PL-01,2,127.55,0,USD,Shipped
SO-101773,1,2025-11-15,2025-11-17,C-0021,P-FAS-004,PL-04,6,20.02,0,USD,Shipped
SO-101785,1,2025-11-15,2025-11-24,C-0029,P-FAS-004,PL-02,5,20.67,5,USD,Shipped
SO-101785,2,2025-11-15,2025-11-18,C-0029,P-MET-008,PL-03,3,81.04,0,USD,Shipped
SO-101651,1,2025-11-16,2025-12-07,C-0076,P-FAB-003,PL-04,3,1837.54,5,USD,Shipped
SO-101653,1,2025-11-16,2025-12-07,C-0117,P-STR-007,PL-02,5,406.24,2,USD,Shipped
SO-101741,1,2025-11-16,2025-12-06,C-0039,P-MET-009,PL-04,2,127.09,10,USD,Shipped
SO-101741,2,2025-11-16,2025-12-05,C-0039,P-MET-005,PL-02,4,123.70,2,USD,Shipped
SO-101751,1,2025-11-16,2025-12-07,C-0086,P-FAS-011,PL-01,5,28.81,8,USD,Shipped
SO-101751,2,2025-11-16,2025-11-30,C-0086,P-FAS-004,PL-01,12,20.66,8,USD,Shipped
SO-101768,1,2025-11-16,2025-12-07,C-0093,P-STR-006,PL-03,2,577.30,5,USD,Shipped
SO-101676,1,2025-11-17,2025-12-07,C-0058,P-FAS-008,PL-01,18,27.70,10,USD,Shipped
SO-101676,2,2025-11-17,2025-11-19,C-0058,P-STR-004,PL-03,2,384.78,10,USD,Shipped
SO-101676,3,2025-11-17,2025-12-02,C-0058,P-ENC-001,PL-02,3,167.63,0,USD,Shipped
SO-101755,1,2025-11-17,2025-12-06,C-0086,P-FAS-004,PL-03,9,20.56,0,USD,Shipped
SO-101755,2,2025-11-17,2025-11-27,C-0086,P-FAS-010,PL-01,6,18.03,0,USD,Shipped
SO-101755,3,2025-11-17,2025-11-19,C-0086,P-FAS-001,PL-02,13,25.39,5,USD,Shipped
SO-101776,1,2025-11-17,2025-11-24,C-0065,P-STR-003,PL-04,4,292.04,10,USD,Shipped
SO-101793,1,2025-11-17,2025-11-21,C-0041,P-FAS-008,PL-03,5,29.05,2,USD,Shipped
SO-101701,1,2025-11-18,2025-11-26,C-0093,P-MET-005,PL-01,4,123.58,0,USD,Shipped
SO-101701,2,2025-11-18,2025-12-01,C-0093,P-FAS-008,PL-02,6,27.70,0,USD,Shipped
SO-101757,1,2025-11-18,2025-11-26,C-0086,P-FAS-002,PL-01,7,20.92,0,USD,Shipped
SO-101688,1,2025-11-19,2025-12-10,C-0082,P-FAS-001,PL-01,8,26.44,5,USD,Shipped
SO-101688,2,2025-11-19,2025-12-07,C-0082,P-ENC-010,PL-04,3,217.41,0,USD,Shipped
SO-101688,3,2025-11-19,2025-11-28,C-0082,P-STR-009,PL-01,1,299.17,0,USD,Shipped
SO-101715,1,2025-11-19,2025-12-01,C-0091,P-STR-010,PL-04,6,366.80,5,USD,Shipped
SO-101715,2,2025-11-19,2025-11-27,C-0091,P-FAS-006,PL-02,7,18.23,8,USD,Shipped
SO-101723,1,2025-11-19,2025-11-21,C-0136,P-FAB-012,PL-03,2,1171.21,0,USD,Shipped
SO-101735,1,2025-11-19,2025-11-23,C-0085,P-FAS-010,PL-04,7,18.23,10,USD,Shipped
SO-101739,1,2025-11-19,2025-12-04,C-0017,P-FAS-003,PL-04,8,11.56,8,USD,Shipped
SO-101772,1,2025-11-19,2025-11-26,C-0078,P-FAS-001,PL-04,19,26.63,2,USD,Shipped
SO-101790,1,2025-11-19,2025-12-06,C-0024,P-FAS-012,PL-04,19,24.05,5,USD,Shipped
SO-101790,2,2025-11-19,2025-11-27,C-0024,P-FAS-007,PL-01,6,17.69,5,USD,Shipped
SO-101668,1,2025-11-20,2025-11-30,C-0087,P-FAB-011,PL-04,3,2072.90,13,USD,Shipped
SO-101668,2,2025-11-20,2025-11-24,C-0087,P-MET-007,PL-04,2,130.89,15,USD,Shipped
SO-101703,1,2025-11-20,2025-11-29,C-0027,P-STR-004,PL-01,2,371.89,8,USD,Shipped
SO-101703,2,2025-11-20,2025-11-23,C-0027,P-FAS-010,PL-03,9,18.00,0,USD,Shipped
SO-101720,1,2025-11-20,2025-11-22,C-0016,P-FAB-009,PL-04,3,2060.53,10,USD,Shipped
SO-101720,2,2025-11-20,2025-11-29,C-0016,P-ENC-009,PL-03,12,196.16,0,USD,Shipped
SO-101728,1,2025-11-20,2025-11-23,C-0052,P-ENC-007,PL-01,2,354.08,0,USD,Shipped
SO-101728,2,2025-11-20,2025-11-24,C-0052,P-MET-011,PL-02,11,105.93,0,USD,Shipped
SO-101728,3,2025-11-20,2025-12-01,C-0052,P-MET-005,PL-01,4,128.09,0,USD,Shipped
SO-101732,1,2025-11-20,,C-0024,P-FAS-004,PL-01,16,19.83,8,USD,Cancelled
SO-101732,2,2025-11-20,2025-12-02,C-0024,P-ENC-011,PL-03,6,218.82,5,USD,Shipped
SO-101669,1,2025-11-21,2025-11-29,C-0004,P-FAS-006,PL-04,3,18.18,5,USD,Shipped
SO-101669,2,2025-11-21,2025-12-06,C-0004,P-FAS-003,PL-01,9,11.68,0,USD,Shipped
SO-101669,3,2025-11-21,2025-12-05,C-0004,P-ENC-011,PL-03,1,221.47,0,USD,Shipped
SO-101698,1,2025-11-21,2025-12-05,C-0040,P-ENC-001,PL-02,7,163.08,8,USD,Shipped
SO-101698,2,2025-11-21,2025-12-10,C-0040,P-ENC-012,PL-02,3,357.32,5,USD,Shipped
SO-101774,1,2025-11-21,2025-12-03,C-0018,P-FAS-010,PL-03,4,17.83,5,USD,Shipped
SO-101774,2,2025-11-21,2025-12-05,C-0018,P-STR-012,PL-01,4,279.56,2,USD,Shipped
SO-101783,1,2025-11-21,2025-11-23,C-0121,P-ENC-004,PL-01,6,226.88,5,USD,Shipped
SO-101784,1,2025-11-21,2025-12-01,C-0070,P-FAS-008,PL-02,9,28.15,8,USD,Shipped
SO-101784,2,2025-11-21,2025-11-30,C-0070,P-MET-012,PL-01,1,66.48,5,USD,Shipped
SO-101794,1,2025-11-21,2025-12-11,C-0049,P-ENC-004,PL-04,2,233.11,2,USD,Shipped
SO-101663,1,2025-11-22,2025-11-27,C-0033,P-ENC-004,PL-03,5,234.88,0,USD,Shipped
SO-101663,1,2025-11-22,2025-11-27,C-0033,P-ENC-004,PL-03,5,234.88,0,USD,Shipped
SO-101663,2,2025-11-22,2025-11-27,C-0033,P-STR-006,PL-03,4,551.90,0,USD,Shipped
SO-101663,3,2025-11-22,2025-11-28,C-0033,P-FAS-002,PL-03,9,20.84,0,USD,Shipped
SO-101708,1,2025-11-22,2025-11-25,C-0116,P-ENC-007,PL-01,5,364.93,5,USD,Shipped
SO-101710,1,2025-11-23,2025-12-05,C-0097,P-STR-006,PL-01,3,581.42,10,USD,Shipped
SO-101754,1,2025-11-23,2025-12-13,C-0007,P-MET-005,PL-03,5,128.86,5,USD,Shipped
SO-101754,2,2025-11-23,2025-12-05,C-0007,P-MET-003,PL-02,4,115.88,2,USD,Shipped
SO-101674,1,2025-11-24,2025-12-03,C-0042,P-FAS-007,PL-04,4,17.61,5,USD,Shipped
SO-101752,1,2025-11-24,2025-12-12,C-0046,P-FAS-005,PL-01,5,12.31,5,USD,Shipped
SO-101752,2,2025-11-24,2025-12-13,C-0046,P-STR-009,PL-04,1,286.84,8,USD,Shipped
SO-101658,1,2025-11-25,2025-11-27,C-0039,P-MET-006,PL-04,3,84.77,0,USD,Shipped
SO-101694,1,2025-11-25,2025-12-11,C-0009,P-FAS-010,PL-01,9,18.41,10,USD,Shipped
SO-101704,1,2025-11-25,2025-12-10,C-0100,P-FAS-003,PL-02,8,11.46,5,USD,Shipped
SO-101726,1,2025-11-25,2025-12-01,C-0140,P-STR-004,PL-02,6,381.09,5,USD,Shipped
SO-101726,2,2025-11-25,2025-12-09,C-0140,P-ENC-003,PL-01,7,272.14,8,USD,Shipped
SO-101730,1,2025-11-25,2025-12-14,C-0052,P-STR-010,PL-04,2,380.39,8,USD,Shipped
SO-101730,2,2025-11-25,2025-11-27,C-0052,P-FAB-006,PL-03,2,1202.00,5,USD,Shipped
SO-101761,1,2025-11-25,2025-11-30,C-0033,P-MET-010,PL-03,3,95.79,10,USD,Shipped
SO-101650,1,2025-11-26,2025-12-17,C-0001,P-FAS-003,PL-04,7,11.67,8,USD,Shipped
SO-101650,2,2025-11-26,2025-11-29,C-0001,P-FAS-005,PL-04,23,1266.00,2,USD,Shipped
SO-101650,3,2025-11-26,2025-12-09,C-0001,P-FAB-012,PL-04,8,1141.49,10,USD,Shipped
SO-101659,1,2025-11-26,2025-12-10,C-0075,P-MET-005,PL-03,4,130.10,0,USD,Shipped
SO-101659,2,2025-11-26,2025-12-11,C-0075,P-ENC-007,PL-04,2,358.25,5,USD,Shipped
SO-101666,1,2025-11-26,2025-12-02,C-0037,P-ENC-010,PL-02,4,218.70,5,USD,Shipped
SO-101696,1,2025-11-26,2025-12-17,C-0063,P-STR-008,PL-02,9,656.45,0,USD,Shipped
SO-101696,2,2025-11-26,2025-12-01,C-0063,P-MET-006,PL-01,3,84.67,5,USD,Shipped
SO-101771,1,2025-11-26,2025-12-03,C-0036,P-ENC-005,PL-01,2,188.43,5,USD,Shipped
SO-101644,1,2025-11-27,2025-12-04,C-0102,P-FAS-003,PL-02,3,11.69,10,USD,Shipped
SO-101644,2,2025-11-27,2025-12-07,C-0102,P-MET-001,PL-01,5,63.02,0,USD,Shipped
SO-101652,1,2025-11-27,2025-12-12,C-0110,P-ENC-006,PL-01,3,250.93,0,USD,Shipped
SO-101652,2,2025-11-27,2025-12-03,C-0110,P-STR-012,PL-04,3,281.33,8,USD,Shipped
SO-101652,3,2025-11-27,2025-12-01,C-0110,P-MET-009,PL-01,5,133.03,2,USD,Shipped
SO-101660,1,2025-11-27,2025-12-02,C-0050,P-MET-006,PL-03,3,84.85,5,USD,Shipped
SO-101661,1,2025-11-27,2025-12-08,C-0076,P-FAB-003,PL-01,3,1781.79,13,USD,Shipped
SO-101661,2,2025-11-27,2025-12-14,C-0076,P-FAB-010,PL-01,4,1684.42,5,USD,Shipped
SO-101661,3,2025-11-27,2025-12-14,C-0076,P-FAB-011,PL-04,5,2037.36,13,USD,Shipped
SO-101679,1,2025-11-27,2025-11-30,C-0062,P-STR-002,PL-01,4,678.62,10,USD,Shipped
SO-101679,2,2025-11-27,2025-12-03,C-0062,P-FAS-001,PL-03,10,26.06,0,USD,Shipped
SO-101679,3,2025-11-27,2025-12-04,C-0062,P-FAS-011,PL-02,3,29.02,8,USD,Shipped
SO-101719,1,2025-11-27,2025-11-29,C-0107,P-FAB-011,PL-04,3,2012.31,5,USD,Shipped
SO-101737,1,2025-11-27,2025-12-06,C-0089,P-MET-012,PL-04,14,65.49,10,USD,Shipped
SO-101786,1,2025-11-27,2025-11-30,C-0007,P-ENC-003,PL-01,4,271.83,8,USD,Shipped
SO-101642,1,2025-11-28,2025-12-17,C-0130,P-MET-012,PL-02,15,65.57,10,USD,Shipped
SO-101645,1,2025-11-28,2025-12-01,C-0127,P-STR-008,PL-03,7,675.63,7,USD,Shipped
SO-101662,1,2025-11-28,2025-12-09,C-0031,P-FAS-004,PL-01,8,19.63,5,USD,Shipped
SO-101662,2,2025-11-28,2025-12-12,C-0031,P-MET-009,PL-02,4,130.35,10,USD,Shipped
SO-101662,3,2025-11-28,2025-12-13,C-0031,P-MET-003,PL-04,7,118.20,8,USD,Shipped
SO-101671,1,2025-11-28,2025-12-17,C-0021,P-MET-005,PL-01,4,130.09,2,USD,Shipped
SO-101678,1,2025-11-28,2025-11-30,C-0116,P-FAS-008,PL-04,9,28.55,7,USD,Shipped
SO-101678,2,2025-11-28,2025-12-11,C-0116,P-FAB-010,PL-01,6,1663.63,10,USD,Shipped
SO-101678,3,2025-11-28,2025-11-30,C-0116,P-STR-008,PL-03,2,670.30,5,USD,Shipped
SO-101682,1,2025-11-28,2025-12-05,C-0040,P-MET-009,PL-02,8,134.22,8,USD,Shipped
SO-101684,1,2025-11-28,2025-12-07,C-0061,P-FAB-012,PL-03,2,1151.52,10,USD,Shipped
SO-101747,1,2025-11-28,2025-12-06,C-0048,P-STR-001,PL-01,1,369.50,10,USD,Shipped
SO-101767,1,2025-11-28,2025-12-08,C-0132,P-MET-010,PL-01,7,95.38,5,USD,Shipped
SO-101791,1,2025-11-28,2025-12-16,C-0121,P-FAS-010,PL-02,7,17.83,5,USD,Shipped
SO-101706,1,2025-11-29,2025-12-02,C-0072,P-STR-003,PL-04,3,286.08,10,USD,Shipped
SO-101709,1,2025-11-29,2025-12-17,C-0047,P-FAS-004,PL-01,7,19.87,5,USD,Shipped
SO-101709,2,2025-11-29,2025-12-20,C-0047,P-MET-011,PL-02,7,109.44,0,USD,Shipped
SO-101731,1,2025-11-29,2025-12-12,C-0046,P-FAS-010,PL-01,4,17.92,5,USD,Shipped
SO-101789,1,2025-11-29,2025-12-07,C-0133,P-FAS-005,PL-01,5,12.90,5,USD,Shipped
SO-101795,1,2025-11-29,2025-12-08,C-0062,P-STR-011,PL-02,4,456.36,0,USD,Shipped
SO-101649,1,2025-11-30,2025-12-13,C-0139,P-STR-002,PL-04,7,667.01,10,USD,Shipped
SO-101738,1,2025-11-30,2025-12-12,C-0012,P-FAS-009,PL-03,9,27.21,0,USD,Shipped
SO-101758,1,2025-11-30,2025-12-02,C-0079,P-MET-012,PL-04,3,66.77,0,USD,Shipped
SO-101788,1,2025-11-30,2025-12-03,C-0129,P-FAS-011,PL-01,10,27.54,0,USD,Shipped
SO-101788,2,2025-11-30,2025-12-13,C-0129,P-MET-010,PL-02,2,97.00,8,USD,Shipped
SO-101800,1,2025-11-30,2025-12-17,C-0030,P-ENC-012,PL-02,4,348.94,0,USD,Shipped
SO-101830,1,2025-12-01,2025-12-12,C-0023,P-MET-008,PL-02,2,85.37,0,USD,Shipped
SO-101889,1,2025-12-01,2025-12-13,C-0058,P-MET-003,PL-01,3,114.05,0,USD,Shipped
SO-101889,2,2025-12-01,2025-12-05,C-0058,P-ENC-004,PL-03,10,228.32,8,USD,Shipped
SO-101909,1,2025-12-01,2025-12-12,C-0037,P-ENC-010,PL-04,5,223.11,5,USD,Shipped
SO-101837,1,2025-12-02,2025-12-23,C-0070,P-ENC-004,PL-02,6,230.57,10,USD,Shipped
SO-101841,1,2025-12-02,2025-12-06,C-0034,P-ENC-003,PL-02,3,273.88,0,USD,Shipped
SO-101841,2,2025-12-02,2025-12-15,C-0034,P-FAS-006,PL-03,8,18.20,5,USD,Shipped
SO-101866,1,2025-12-02,2025-12-15,C-0061,P-FAB-002,PL-03,4,1072.55,0,USD,Shipped
SO-101866,2,2025-12-02,2025-12-21,C-0061,P-MET-001,PL-02,6,64.41,2,USD,Shipped
SO-101894,1,2025-12-02,2025-12-09,C-0052,P-ENC-002,PL-04,6,356.36,8,USD,Shipped
SO-101894,2,2025-12-02,2025-12-17,C-0052,P-FAS-008,PL-01,3,29.11,0,USD,Shipped
SO-101910,1,2025-12-02,2025-12-16,C-0067,P-STR-010,PL-03,8,381.23,0,USD,Shipped
SO-101925,1,2025-12-02,2025-12-15,C-0036,P-ENC-008,PL-04,4,278.05,0,USD,Shipped
SO-101925,2,2025-12-02,2025-12-14,C-0036,P-FAS-011,PL-01,2,29.07,5,USD,Shipped
SO-101818,1,2025-12-03,2025-12-10,C-0075,P-FAS-008,PL-02,5,28.90,5,USD,Shipped
SO-101818,2,2025-12-03,2025-12-10,C-0075,P-FAB-012,PL-04,1,1201.51,2,USD,Shipped
SO-101819,1,2025-12-03,2025-12-10,C-0103,P-FAS-005,PL-03,7,12.40,0,USD,Shipped
SO-101819,2,2025-12-03,2025-12-19,C-0103,P-FAB-007,PL-04,4,1075.03,5,USD,Shipped
SO-101847,1,2025-12-03,2025-12-22,C-0103,P-STR-003,PL-03,8,294.47,2,USD,Shipped
SO-101927,1,2025-12-03,2025-12-06,C-0108,P-FAS-001,PL-01,11,26.56,5,USD,Shipped
SO-101927,2,2025-12-03,2025-12-06,C-0108,P-STR-012,PL-03,1,283.61,0,USD,Shipped
SO-101927,3,2025-12-03,2025-12-13,C-0108,P-FAS-002,PL-02,4,20.39,10,USD,Shipped
SO-101811,1,2025-12-04,2025-12-17,C-0014,P-ENC-011,PL-03,6,219.53,0,USD,Shipped
SO-101811,2,2025-12-04,2025-12-08,C-0014,P-FAS-001,PL-03,7,26.33,0,USD,Shipped
SO-101811,3,2025-12-04,2025-12-24,C-0014,P-FAS-010,PL-01,9,17.95,5,USD,Shipped
SO-101878,1,2025-12-04,2025-12-10,C-0085,P-STR-007,PL-03,4,400.66,5,USD,Shipped
SO-101878,2,2025-12-04,2025-12-12,C-0085,P-STR-009,PL-04,3,283.31,5,USD,Shipped
SO-101895,1,2025-12-04,2025-12-25,C-0120,P-FAS-008,PL-04,7,27.59,0,USD,Shipped
SO-101806,1,2025-12-05,2025-12-23,C-0057,P-FAS-003,PL-01,7,11.66,8,USD,Shipped
SO-101825,1,2025-12-05,2025-12-19,C-0121,P-FAS-006,PL-04,7,18.26,5,USD,Shipped
SO-101825,2,2025-12-05,2025-12-08,C-0121,P-FAS-007,PL-02,7,17.27,5,USD,Shipped
SO-101907,1,2025-12-05,2025-12-23,C-0087,P-FAS-010,PL-04,3,18.12,5,USD,Shipped
SO-101907,2,2025-12-05,2025-12-20,C-0087,P-FAB-012,PL-03,1,1177.70,10,USD,Shipped
SO-101912,1,2025-12-05,2025-12-23,C-0118,P-FAS-005,PL-04,12,12.78,0,USD,Shipped
SO-101817,1,2025-12-06,2025-12-18,C-0027,P-FAS-004,PL-01,9,19.99,5,USD,Shipped
SO-101817,2,2025-12-06,2025-12-12,C-0027,P-FAS-010,PL-03,5,17.88,8,USD,Shipped
SO-101817,3,2025-12-06,2025-12-24,C-0027,P-FAS-008,PL-03,4,28.09,0,USD,Shipped
SO-101827,1,2025-12-06,2025-12-24,C-0017,P-MET-011,PL-01,2,104.10,5,USD,Shipped
SO-101860,1,2025-12-06,2025-12-18,C-0006,P-ENC-008,PL-01,8,276.76,8,USD,Shipped
SO-101873,1,2025-12-06,2025-12-14,C-0066,P-FAB-001,PL-02,4,1997.90,15,USD,Shipped
SO-101885,1,2025-12-06,2025-12-16,C-0024,P-MET-006,PL-04,8,82.54,5,USD,Shipped
SO-101885,2,2025-12-06,2025-12-14,C-0024,P-STR-001,PL-01,1,365.09,10,USD,Shipped
SO-101898,1,2025-12-06,2025-12-27,C-0076,P-ENC-003,PL-04,4,273.18,10,USD,Shipped
SO-101801,1,2025-12-07,2025-12-14,C-0013,P-ENC-007,PL-04,4,359.16,0,USD,Shipped
SO-101814,1,2025-12-07,2025-12-22,C-0021,P-MET-002,PL-01,12,90.88,5,USD,Shipped
SO-101839,1,2025-12-07,2025-12-16,C-0009,P-FAS-010,PL-03,12,18.54,5,USD,Shipped
SO-101839,2,2025-12-07,2025-12-10,C-0009,P-MET-007,PL-03,11,134.37,0,USD,Shipped
SO-101842,1,2025-12-07,2025-12-20,C-0137,P-FAS-004,PL-04,5,20.10,10,USD,Shipped
SO-101842,2,2025-12-07,2025-12-18,C-0137,P-FAS-008,PL-02,11,27.97,2,USD,Shipped
SO-101868,1,2025-12-07,2025-12-28,C-0041,P-FAB-006,PL-01,1,1162.19,5,USD,Shipped
SO-101868,2,2025-12-07,2025-12-10,C-0041,P-FAS-005,PL-03,3,12.58,8,USD,Shipped
SO-101892,1,2025-12-07,2025-12-28,C-0117,P-MET-008,PL-04,2,83.52,2,USD,Shipped
SO-101899,1,2025-12-07,2025-12-27,C-0081,P-ENC-009,PL-03,5,189.34,5,USD,Shipped
SO-101899,2,2025-12-07,2025-12-11,C-0081,P-STR-009,PL-01,7,299.35,0,USD,Shipped
SO-101911,1,2025-12-07,2025-12-25,C-0043,P-MET-011,PL-01,2,105.21,2,USD,Shipped
SO-101911,2,2025-12-07,2025-12-15,C-0043,P-FAS-003,PL-04,11,11.72,0,USD,Shipped
SO-101915,1,2025-12-07,2025-12-22,C-0085,P-FAS-004,PL-01,12,19.87,0,USD,Shipped
SO-101893,1,2025-12-08,2025-12-13,C-0129,P-MET-010,PL-02,5,100.29,5,USD,Shipped
SO-101914,1,2025-12-08,2025-12-15,C-0056,P-ENC-002,PL-02,7,359.50,5,USD,Shipped
SO-101924,1,2025-12-08,2025-12-19,C-0024,P-MET-005,PL-01,4,126.56,2,USD,Shipped
SO-101924,2,2025-12-08,2025-12-15,C-0024,P-MET-004,PL-04,3,91.82,5,USD,Shipped
SO-101940,1,2025-12-08,2025-12-21,C-0120,P-MET-004,PL-02,3,92.85,0,USD,Shipped
SO-101940,2,2025-12-08,2025-12-19,C-0120,P-ENC-010,PL-02,5,217.19,0,USD,Shipped
SO-101872,1,2025-12-09,2025-12-11,C-0134,P-MET-004,PL-02,1,90.28,10,USD,Shipped
SO-101872,2,2025-12-09,2025-12-30,C-0134,P-MET-003,PL-03,3,114.70,0,USD,Shipped
SO-101890,1,2025-12-09,2025-12-18,C-0095,P-STR-003,PL-02,4,290.66,0,USD,Shipped
SO-101890,2,2025-12-09,2025-12-11,C-0095,P-MET-002,PL-04,6,87.03,5,USD,Shipped
SO-101941,1,2025-12-09,2025-12-13,C-0081,P-MET-011,PL-04,2,105.68,2,USD,Shipped
SO-101807,1,2025-12-10,2025-12-25,C-0129,P-MET-001,PL-04,11,63.61,5,USD,Shipped
SO-101807,2,2025-12-10,2025-12-28,C-0129,P-MET-010,PL-02,5,97.18,10,USD,Shipped
SO-101807,3,2025-12-10,2025-12-27,C-0129,P-FAS-003,PL-04,27,11.23,5,USD,Shipped
SO-101813,1,2025-12-10,2025-12-20,C-0011,P-ENC-011,PL-02,2,221.95,5,USD,Shipped
SO-101828,1,2025-12-10,2025-12-14,C-0066,P-FAB-010,PL-01,7,1608.86,7,USD,Shipped
SO-101828,2,2025-12-10,2025-12-18,C-0066,P-FAB-006,PL-02,9,1211.80,5,USD,Shipped
SO-101834,1,2025-12-10,2025-12-26,C-0090,P-FAS-010,PL-04,15,18.30,15,USD,Shipped
SO-101834,2,2025-12-10,2025-12-30,C-0090,P-MET-010,PL-02,4,97.47,7,USD,Shipped
SO-101858,1,2025-12-10,2025-12-28,C-0075,P-STR-007,PL-04,2,407.26,0,USD,Shipped
SO-101930,1,2025-12-10,2025-12-16,C-0080,P-FAS-011,PL-04,13,28.23,2,USD,Shipped
SO-101939,1,2025-12-10,2025-12-26,C-0022,P-FAS-010,PL-01,3,18.10,0,USD,Shipped
SO-101823,1,2025-12-11,2025-12-30,C-0126,P-ENC-008,PL-01,4,281.86,5,USD,Shipped
SO-101840,1,2025-12-11,2026-01-01,C-0009,P-ENC-002,PL-04,4,358.09,2,USD,Shipped
SO-101840,2,2025-12-11,2025-12-27,C-0009,P-MET-001,PL-02,6,63.99,5,USD,Shipped
SO-101851,1,2025-12-11,2025-12-22,C-0030,P-FAS-010,PL-03,3,17.98,5,USD,Shipped
SO-101886,1,2025-12-11,2025-12-29,C-0100,P-FAB-005,PL-02,3,1747.19,0,USD,Shipped
SO-101933,1,2025-12-11,2025-12-29,C-0051,P-FAS-001,PL-01,5,25.64,5,USD,Shipped
SO-101935,1,2025-12-11,2025-12-14,C-0090,P-FAB-008,PL-02,4,1418.40,7,USD,Shipped
SO-101935,2,2025-12-11,2025-12-26,C-0090,P-FAB-001,PL-01,12,1992.44,13,USD,Shipped
SO-101942,1,2025-12-11,2025-12-23,C-0009,P-FAS-002,PL-04,6,20.10,10,USD,Shipped
SO-101831,1,2025-12-12,2025-12-18,C-0042,P-ENC-008,PL-01,9,275.25,2,USD,Shipped
SO-101838,1,2025-12-12,2025-12-20,C-0012,P-STR-004,PL-03,2,392.83,0,USD,Shipped
SO-101838,2,2025-12-12,2025-12-31,C-0012,P-FAB-009,PL-04,4,2081.26,0,USD,Shipped
SO-101809,1,2025-12-13,2025-12-24,C-0132,P-FAB-002,PL-02,16,1050.54,0,USD,Shipped
SO-101821,1,2025-12-13,2025-12-27,C-0136,P-FAS-010,PL-02,5,17.93,5,USD,Shipped
SO-101824,1,2025-12-13,2025-12-29,C-0111,P-ENC-001,PL-01,4,165.38,0,USD,Shipped
SO-101920,1,2025-12-13,2025-12-20,C-0046,P-FAS-009,PL-03,12,27.57,8,USD,Shipped
SO-101920,2,2025-12-13,2025-12-30,C-0046,P-STR-008,PL-01,4,662.24,8,USD,Shipped
SO-101849,1,2025-12-14,2026-01-03,C-0079,P-MET-010,PL-02,1,98.79,0,USD,Shipped
SO-101861,1,2025-12-14,2025-12-29,C-0036,P-MET-012,PL-01,5,65.24,2,USD,Shipped
SO-101861,2,2025-12-14,2025-12-20,C-0036,P-FAS-003,PL-04,12,11.69,0,USD,Shipped
SO-101874,1,2025-12-14,2025-12-21,C-0090,P-FAS-006,PL-03,20,18.84,10,USD,Shipped
SO-101879,1,2025-12-14,2025-12-16,C-0069,P-FAS-009,PL-01,8,28.45,0,USD,Shipped
SO-101887,1,2025-12-14,2025-12-24,C-0021,P-FAS-005,PL-01,5,12.27,5,USD,Shipped
SO-101887,2,2025-12-14,2026-01-01,C-0021,P-FAS-005,PL-03,11,12.40,5,USD,Shipped
SO-101887,3,2025-12-14,2026-01-02,C-0021,P-MET-007,PL-04,2,133.04,5,USD,Shipped
SO-101896,1,2025-12-14,2025-12-23,C-0007,P-FAS-005,PL-02,5,12.60,5,USD,Shipped
SO-101856,1,2025-12-15,2025-12-20,C-0111,P-FAS-001,PL-01,10,26.66,0,USD,Shipped
SO-101864,1,2025-12-15,2025-12-21,C-0066,P-STR-012,PL-03,8,272.27,5,USD,Shipped
SO-101883,1,2025-12-15,2026-01-05,C-0061,P-FAS-004,PL-04,8,19.73,5,USD,Shipped
SO-101883,2,2025-12-15,2025-12-24,C-0061,P-STR-010,PL-03,3,368.61,0,USD,Shipped
SO-101903,1,2025-12-15,2025-12-30,C-0001,P-FAS-012,PL-04,10,24.59,5,USD,Shipped
SO-101903,2,2025-12-15,2025-12-25,C-0001,P-FAB-012,PL-04,4,1198.57,0,USD,Shipped
SO-101929,1,2025-12-15,2025-12-27,C-0038,P-FAS-004,PL-04,11,20.42,8,USD,Shipped
SO-101803,1,2025-12-16,2025-12-19,C-0092,P-FAB-004,PL-03,18,1332.27,0,USD,Shipped
SO-101803,2,2025-12-16,2025-12-30,C-0092,P-FAS-010,PL-03,10,18.08,0,USD,Shipped
SO-101803,3,2025-12-16,2025-12-23,C-0092,P-MET-007,PL-02,17,130.86,10,USD,Shipped
SO-101833,1,2025-12-16,2025-12-21,C-0134,P-FAS-007,PL-02,4,16.96,0,USD,Shipped
SO-101854,1,2025-12-16,2025-12-21,C-0135,P-FAS-008,PL-01,10,28.56,2,USD,Shipped
SO-101854,2,2025-12-16,2025-12-28,C-0135,P-MET-003,PL-04,4,113.18,10,USD,Shipped
SO-101881,1,2025-12-16,2026-01-04,C-0124,P-FAB-008,PL-04,1,1417.36,5,USD,Shipped
SO-101881,2,2025-12-16,2025-12-28,C-0124,P-FAB-005,PL-02,8,1679.42,5,USD,Shipped
SO-101904,1,2025-12-16,2025-12-21,C-0052,P-FAB-004,PL-01,3,1272.31,2,USD,Shipped
SO-101904,2,2025-12-16,,C-0052,P-FAS-012,PL-02,3,24.14,5,USD,Shipped
SO-101923,1,2025-12-16,2025-12-25,C-0031,P-ENC-010,PL-04,3,214.70,5,USD,Shipped
SO-101888,1,2025-12-17,2025-12-20,C-0105,P-FAS-003,PL-02,29,11.54,5,USD,Shipped
SO-101900,1,2025-12-17,2025-12-23,C-0054,P-FAB-008,PL-01,10,1409.22,0,USD,Shipped
SO-101917,1,2025-12-17,2025-12-19,C-0075,P-FAS-010,PL-02,3,18.46,0,USD,Shipped
SO-101917,2,2025-12-17,2025-12-19,C-0075,P-MET-010,PL-04,2,97.30,8,USD,Shipped
SO-101917,3,2025-12-17,2026-01-02,C-0075,P-FAS-004,PL-02,2,20.49,10,USD,Shipped
SO-101822,1,2025-12-18,2025-12-23,C-0120,P-STR-001,PL-04,1,375.94,0,USD,Shipped
SO-101822,2,2025-12-18,2026-01-08,C-0120,P-FAS-007,PL-01,7,17.72,5,USD,Shipped
SO-101822,3,2025-12-18,2025-12-21,C-0120,P-FAS-006,PL-01,9,18.78,0,USD,Shipped
SO-101862,1,2025-12-18,2025-12-30,C-0017,P-FAS-006,PL-02,8,18.01,0,USD,Shipped
SO-101891,1,2025-12-18,2025-12-21,C-0118,P-ENC-002,PL-01,7,359.02,10,USD,Shipped
SO-101891,2,2025-12-18,2025-12-23,C-0118,P-STR-002,PL-04,3,660.16,5,USD,Shipped
SO-101934,1,2025-12-18,2025-12-22,C-0022,P-MET-003,PL-03,1,116.81,0,USD,Shipped
SO-101815,1,2025-12-19,2026-01-05,C-0122,P-FAS-011,PL-01,17,28.12,2,USD,Shipped
SO-101815,2,2025-12-19,2025-12-26,C-0122,P-STR-002,PL-03,4,654.51,0,USD,Shipped
SO-101815,3,2025-12-19,2025-12-22,C-0122,P-MET-006,PL-01,3,83.54,0,USD,Shipped
SO-101859,1,2025-12-19,2025-12-22,C-0120,P-MET-008,PL-03,5,82.38,5,USD,Shipped
SO-101859,2,2025-12-19,2026-01-05,C-0120,P-MET-007,PL-03,3,129.12,5,USD,Shipped
SO-101882,1,2025-12-19,2025-12-25,C-0052,P-STR-007,PL-04,3,412.33,2,USD,Shipped
SO-101882,2,2025-12-19,2026-01-04,C-0052,P-MET-009,PL-01,11,134.57,8,USD,Shipped
SO-101931,1,2025-12-19,2025-12-29,C-0036,P-ENC-011,PL-03,3,226.52,5,USD,Shipped
SO-101931,2,2025-12-19,2025-12-24,C-0036,P-FAS-004,PL-02,10,19.59,10,USD,Shipped
SO-101816,1,2025-12-20,2025-12-25,C-0126,P-STR-007,PL-04,4,403.77,5,USD,Shipped
SO-101826,1,2025-12-20,2026-01-05,C-0043,P-ENC-002,PL-03,14,340.77,0,USD,Shipped
SO-101826,2,2025-12-20,,C-0043,P-FAS-009,PL-01,13,28.52,5,USD,Cancelled
SO-101826,3,2025-12-20,2026-01-08,C-0043,P-FAB-011,PL-02,2,2008.86,0,USD,Shipped
SO-101901,1,2025-12-20,2025-12-29,C-0016,P-FAS-007,PL-01,5,17.71,0,USD,Shipped
SO-101901,2,2025-12-20,2026-01-09,C-0016,P-FAS-001,PL-03,5,26.00,5,USD,Shipped
SO-101932,1,2025-12-20,2026-01-09,C-0126,P-MET-006,PL-04,7,83.75,0,USD,Shipped
SO-101937,1,2025-12-20,2025-12-25,C-0087,P-STR-007,PL-04,13,393.90,10,USD,Shipped
SO-101937,2,2025-12-20,2026-01-03,C-0087,P-FAB-012,PL-02,1,1165.44,5,USD,Shipped
SO-101943,1,2025-12-20,2026-01-03,C-0039,P-MET-002,PL-03,3,86.82,2,USD,Shipped
SO-101943,2,2025-12-20,2025-12-25,C-0039,P-FAS-006,PL-01,4,18.32,10,USD,Shipped
SO-101943,3,2025-12-20,2026-01-05,C-0039,P-ENC-011,PL-02,3,219.65,10,USD,Shipped
SO-101876,1,2025-12-21,2025-12-26,C-0017,P-STR-009,PL-02,2,288.66,0,USD,Shipped
SO-101812,1,2025-12-22,2026-01-03,C-0107,P-STR-006,PL-02,6,552.99,0,USD,Shipped
SO-101812,2,2025-12-22,2025-12-24,C-0107,P-FAS-003,PL-02,10,11.22,0,USD,Shipped
SO-101812,3,2025-12-22,2026-01-02,C-0107,P-STR-001,PL-01,7,384.55,2,USD,Shipped
SO-101908,1,2025-12-22,2026-01-06,C-0113,P-FAS-004,PL-03,9,20.15,5,USD,Shipped
SO-101926,1,2025-12-22,2026-01-12,C-0021,P-FAS-007,PL-04,3,17.63,8,USD,Shipped
SO-101926,2,2025-12-22,2026-01-03,C-0021,P-FAS-010,PL-02,9,18.64,0,USD,Shipped
SO-101846,1,2025-12-23,2025-12-29,C-0111,P-FAS-012,PL-02,17,24.76,2,USD,Shipped
SO-101846,2,2025-12-23,2025-12-26,C-0111,P-STR-009,PL-01,4,291.26,0,USD,Shipped
SO-101897,1,2025-12-23,2025-12-25,C-0015,P-FAS-010,PL-02,20,18.23,5,USD,Shipped
SO-101897,2,2025-12-23,2026-01-04,C-0015,P-ENC-012,PL-03,5,350.81,0,USD,Shipped
SO-101897,3,2025-12-23,2026-01-05,C-0015,P-MET-010,PL-03,2,97.03,0,USD,Shipped
SO-101916,1,2025-12-23,2025-12-29,C-0057,P-FAS-003,PL-04,10,11.54,2,USD,Shipped
SO-101916,2,2025-12-23,2025-12-31,C-0057,P-MET-007,PL-03,9,130.40,5,USD,Shipped
SO-101916,3,2025-12-23,,C-0057,P-STR-004,PL-04,3,383.79,10,USD,Cancelled
SO-101918,1,2025-12-23,2026-01-05,C-0114,P-FAS-011,PL-04,15,28.22,2,USD,Shipped
SO-101918,2,2025-12-23,2026-01-02,C-0114,P-FAS-005,PL-01,8,12.57,5,USD,Shipped
SO-101921,1,2025-12-23,2026-01-07,C-0106,P-ENC-005,PL-02,6,182.20,2,USD,Shipped
SO-101938,1,2025-12-23,2025-12-30,C-0046,P-FAS-002,PL-02,5,20.84,8,USD,Shipped
SO-101938,2,2025-12-23,2026-01-13,C-0046,P-FAS-006,PL-03,7,18.05,0,USD,Shipped
SO-101804,1,2025-12-24,2026-01-02,C-0116,P-FAB-009,PL-03,6,2072.75,7,USD,Shipped
SO-101804,2,2025-12-24,2026-01-13,C-0116,P-FAS-001,PL-04,8,25.82,5,USD,Shipped
SO-101848,1,2025-12-24,2025-12-26,C-0101,P-ENC-002,PL-01,4,360.74,7,USD,Shipped
SO-101848,2,2025-12-24,2026-01-04,C-0101,P-MET-005,PL-01,12,123.62,13,USD,Shipped
SO-101870,1,2025-12-24,2025-12-27,C-0052,P-MET-010,PL-03,9,100.27,2,USD,Shipped
SO-101871,1,2025-12-24,2026-01-01,C-0119,P-ENC-011,PL-01,4,223.44,2,USD,Shipped
SO-101871,2,2025-12-24,2025-12-27,C-0119,P-FAS-007,PL-01,9,17.12,0,USD,Shipped
SO-101805,1,2025-12-25,2026-01-10,C-0092,P-FAS-006,PL-01,10,18.41,5,USD,Shipped
SO-101810,1,2025-12-25,2026-01-02,C-0095,P-STR-012,PL-01,2,284.63,8,USD,Shipped
SO-101829,1,2025-12-25,2025-12-31,C-0106,P-MET-008,PL-03,17,84.73,5,USD,Shipped
SO-101844,1,2025-12-25,2026-01-01,C-0044,P-MET-003,PL-03,5,117.37,0,USD,Shipped
SO-101852,1,2025-12-25,2026-01-11,C-0032,P-FAS-002,PL-01,7,20.48,5,USD,Shipped
SO-101852,2,2025-12-25,2026-01-01,C-0032,P-MET-005,PL-01,5,124.56,5,USD,Shipped
SO-101852,3,2025-12-25,2026-01-09,C-0032,P-STR-007,PL-03,2,397.11,5,USD,Shipped
SO-101863,1,2025-12-25,2026-01-01,C-0033,P-FAS-004,PL-04,2,19.77,0,USD,Shipped
SO-101863,2,2025-12-25,,C-0033,P-FAS-002,PL-04,7,20.45,8,USD,Cancelled
SO-101863,3,2025-12-25,2026-01-11,C-0033,P-MET-007,PL-03,4,132.69,10,USD,Shipped
SO-101867,1,2025-12-25,2026-01-02,C-0063,P-STR-007,PL-01,4,410.38,8,USD,Shipped
SO-101867,2,2025-12-25,2026-01-14,C-0063,P-STR-001,PL-01,4,382.12,10,USD,Shipped
SO-101906,1,2025-12-25,2025-12-31,C-0075,P-FAS-007,PL-01,9,17.40,0,USD,Shipped
SO-101906,2,2025-12-25,2025-12-29,C-0075,P-STR-001,PL-02,2,370.28,0,USD,Shipped
SO-101913,1,2025-12-25,2026-01-07,C-0085,P-FAS-005,PL-02,14,12.55,0,USD,Shipped
SO-101913,2,2025-12-25,2026-01-01,C-0085,P-STR-011,PL-01,1,454.03,0,USD,Shipped
SO-101928,1,2025-12-25,2025-12-29,C-0105,P-MET-004,PL-01,8,89.85,0,USD,Shipped
SO-101928,2,2025-12-25,2026-01-01,C-0105,P-FAB-010,PL-04,8,1642.17,5,USD,Shipped
SO-101928,3,2025-12-25,2026-01-03,C-0105,P-ENC-011,PL-02,6,226.23,0,USD,Shipped
SO-101836,1,2025-12-26,2025-12-30,C-0079,P-MET-011,PL-03,5,107.31,10,USD,Shipped
SO-101836,2,2025-12-26,2026-01-15,C-0079,P-FAS-007,PL-01,7,17.55,0,USD,Shipped
SO-101836,3,2025-12-26,2026-01-07,C-0079,P-FAS-011,PL-03,15,27.46,10,USD,Shipped
SO-101853,1,2025-12-26,2025-12-29,C-0054,P-FAB-004,PL-01,1,1306.20,5,USD,Shipped
SO-101853,2,2025-12-26,2026-01-10,C-0054,P-MET-004,PL-01,2,91.36,8,USD,Shipped
SO-101855,1,2025-12-26,,C-0052,P-MET-009,PL-02,5,131.85,8,USD,Cancelled
SO-101865,1,2025-12-26,2026-01-06,C-0098,P-MET-006,PL-02,2,86.94,8,USD,Shipped
SO-101865,2,2025-12-26,2026-01-14,C-0098,P-FAS-002,PL-01,6,20.78,2,USD,Shipped
SO-101922,1,2025-12-26,2026-01-03,C-0004,P-MET-005,PL-04,1,124.06,8,USD,Shipped
SO-101922,2,2025-12-26,2025-12-31,C-0004,P-FAS-001,PL-02,5,25.43,10,USD,Shipped
SO-101832,1,2025-12-27,2025-12-30,C-0086,P-FAS-007,PL-02,5,17.94,5,USD,Shipped
SO-101835,1,2025-12-28,2026-01-04,C-0001,P-FAS-008,PL-01,8,28.59,0,USD,Shipped
SO-101857,1,2025-12-28,2026-01-04,C-0021,P-MET-004,PL-02,7,90.36,0,USD,Shipped
SO-101857,2,2025-12-28,2026-01-10,C-0021,P-ENC-006,PL-04,2,246.86,0,USD,Shipped
SO-101869,1,2025-12-28,2026-01-16,C-0140,P-ENC-010,PL-04,1,222.83,0,USD,Shipped
SO-101880,1,2025-12-28,,C-0140,P-MET-012,PL-04,3,63.15,0,USD,Cancelled
SO-101884,1,2025-12-28,2026-01-05,C-0130,P-STR-001,PL-01,1,366.76,0,USD,Shipped
SO-101884,2,2025-12-28,2026-01-17,C-0130,P-FAS-008,PL-03,4,28.25,0,USD,Shipped
SO-101884,3,2025-12-28,2026-01-07,C-0130,P-FAS-007,PL-01,8,17.95,5,USD,Shipped
SO-101919,1,2025-12-28,2026-01-16,C-0102,P-STR-003,PL-01,1,291.39,8,USD,Shipped
SO-101875,1,2025-12-29,2026-01-15,C-0010,P-FAB-005,PL-01,4,1748.74,13,USD,Shipped
SO-101820,1,2025-12-30,2026-01-08,C-0100,P-FAS-004,PL-03,4,20.04,0,USD,Shipped
SO-101843,1,2025-12-30,2026-01-08,C-0112,P-FAS-003,PL-03,4,11.64,5,USD,Shipped
SO-101850,1,2025-12-30,2026-01-09,C-0004,P-ENC-006,PL-02,2,247.11,0,USD,Shipped
SO-101850,2,2025-12-30,2026-01-12,C-0004,P-ENC-006,PL-03,11,250.26,2,USD,Shipped
SO-101902,1,2025-12-30,2026-01-11,C-0014,P-MET-011,PL-04,6,104.45,0,USD,Shipped
SO-101902,2,2025-12-30,2026-01-16,C-0014,P-FAS-008,PL-04,3,27.90,0,USD,Shipped
SO-101936,1,2025-12-30,2026-01-18,C-0137,P-ENC-001,PL-04,10,164.64,0,USD,Shipped
SO-101802,1,2025-12-31,2026-01-09,C-0137,P-MET-011,PL-04,4,106.46,5,USD,Shipped
SO-101802,2,2025-12-31,2026-01-20,C-0137,P-ENC-006,PL-01,1,255.07,0,USD,Shipped
SO-101802,3,2025-12-31,2026-01-07,C-0137,P-FAS-005,PL-03,9,12.49,5,USD,Shipped
SO-101808,1,2025-12-31,2026-01-05,C-0069,P-MET-005,PL-01,4,125.26,10,USD,Shipped
SO-101808,2,2025-12-31,,C-0069,P-ENC-004,PL-02,3,237.35,2,USD,Cancelled
SO-101845,1,2025-12-31,2026-01-03,C-0006,P-FAS-004,PL-02,5,20.52,5,USD,Shipped
SO-101845,2,2025-12-31,2026-01-19,C-0006,P-ENC-006,PL-04,4,247.97,2,USD,Shipped
SO-101877,1,2025-12-31,2026-01-14,C-0136,P-FAS-006,PL-02,7,18.69,10,USD,Shipped
SO-101905,1,2025-12-31,2026-01-04,C-0073,P-STR-001,PL-02,3,366.38,0,USD,Shipped
SO-101984,1,2026-01-01,2026-01-22,C-0056,P-FAB-011,PL-04,5,2082.19,5,USD,Shipped
SO-101984,2,2026-01-01,2026-01-22,C-0056,P-ENC-007,PL-04,6,347.61,5,USD,Shipped
SO-101984,3,2026-01-01,2026-01-17,C-0056,P-MET-004,PL-01,8,92.49,8,USD,Shipped
SO-101999,1,2026-01-01,2026-01-07,C-0024,P-FAB-007,PL-03,2,1040.65,5,USD,Shipped
SO-102042,1,2026-01-01,2026-01-03,C-0118,P-ENC-010,PL-01,8,215.71,5,USD,Shipped
SO-102042,2,2026-01-01,2026-01-18,C-0118,P-FAS-001,PL-04,47,25.88,0,USD,Shipped
SO-101973,1,2026-01-02,2026-01-13,C-0046,P-ENC-003,PL-02,3,267.07,5,USD,Shipped
SO-102015,1,2026-01-02,2026-01-07,C-0036,P-STR-005,PL-01,2,350.40,8,USD,Shipped
SO-101951,1,2026-01-03,2026-01-18,C-0060,P-MET-002,PL-01,5,8802.00,0,USD,Shipped
SO-101951,2,2026-01-03,2026-01-23,C-0060,P-FAB-011,PL-01,1,1987.32,0,USD,Shipped
SO-102018,1,2026-01-03,2026-01-06,C-0132,P-FAS-005,PL-02,4,12.54,0,USD,Shipped
SO-102026,1,2026-01-03,2026-01-07,C-0023,P-STR-007,PL-04,15,405.72,0,USD,Shipped
SO-102026,2,2026-01-03,2026-01-10,C-0023,P-STR-010,PL-03,5,368.84,8,USD,Shipped
SO-101950,1,2026-01-04,2026-01-08,C-0026,P-MET-001,PL-04,3,65.68,0,USD,Shipped
SO-101950,2,2026-01-04,2026-01-22,C-0026,P-STR-009,PL-04,9,296.92,5,USD,Shipped
SO-101950,3,2026-01-04,2026-01-23,C-0026,P-ENC-010,PL-04,4,214.19,5,USD,Shipped
SO-101963,1,2026-01-04,2026-01-21,C-0074,P-STR-009,PL-04,2,296.45,5,USD,Shipped
SO-101963,2,2026-01-04,2026-01-25,C-0074,P-MET-005,PL-01,8,124.68,5,USD,Shipped
SO-101964,1,2026-01-04,2026-01-11,C-0124,P-FAB-007,PL-02,4,1032.47,13,USD,Shipped
SO-102007,1,2026-01-04,2026-01-23,C-0077,P-STR-003,PL-01,3,294.65,0,USD,Shipped
SO-102044,1,2026-01-04,2026-01-03,C-0026,P-MET-003,PL-02,2,112.96,10,USD,Shipped
SO-101952,1,2026-01-05,2026-01-16,C-0133,P-STR-005,PL-03,3,347.74,10,USD,Shipped
SO-101967,1,2026-01-05,2026-01-15,C-0104,P-FAS-005,PL-04,19,12.44,0,USD,Shipped
SO-102013,1,2026-01-05,,C-0040,P-FAS-003,PL-04,4,11.83,5,USD,Cancelled
SO-102039,1,2026-01-05,2026-01-23,C-0024,P-STR-004,PL-02,6,380.98,5,USD,Shipped
SO-101970,1,2026-01-06,2026-01-13,C-0021,P-FAS-005,PL-04,7,12.69,5,USD,Shipped
SO-101970,2,2026-01-06,2026-01-13,C-0021,P-ENC-007,PL-03,3,359.18,5,USD,Shipped
SO-101991,1,2026-01-06,2026-01-19,C-0089,P-FAB-006,PL-03,5,1213.54,5,USD,Shipped
SO-101991,2,2026-01-06,2026-01-11,C-0089,P-ENC-010,PL-02,4,221.59,0,USD,Shipped
SO-101991,3,2026-01-06,2026-01-11,C-0089,P-MET-002,PL-01,5,87.82,5,USD,Shipped
SO-102008,1,2026-01-06,2026-01-23,C-0044,P-ENC-001,PL-02,4,169.95,5,USD,Shipped
SO-102034,1,2026-01-06,2026-01-16,C-0118,P-FAS-006,PL-01,13,17.77,0,USD,Shipped
SO-102058,1,2026-01-06,2026-01-18,C-0140,P-ENC-007,PL-04,2,348.92,0,USD,Shipped
SO-102058,2,2026-01-06,2026-01-13,C-0140,P-FAS-006,PL-03,16,18.52,5,USD,Shipped
SO-101954,1,2026-01-07,2026-01-23,C-0091,P-FAB-006,PL-03,16,1152.69,5,USD,Shipped
SO-101954,2,2026-01-07,2026-01-18,C-0091,P-STR-006,PL-01,3,576.73,0,USD,Shipped
SO-101954,3,2026-01-07,2026-01-19,C-0091,P-FAS-002,PL-02,33,20.16,8,USD,Shipped
SO-102011,1,2026-01-07,2026-01-19,C-0114,P-MET-003,PL-04,4,114.03,0,USD,Shipped
SO-102011,2,2026-01-07,2026-01-24,C-0114,P-FAS-008,PL-03,6,27.98,0,USD,Shipped
SO-102012,1,2026-01-07,2026-01-14,C-0139,P-FAS-011,PL-02,4,28.89,2,USD,Shipped
SO-102012,2,2026-01-07,2026-01-24,C-0139,P-FAS-007,PL-04,5,17.30,10,USD,Shipped
SO-102012,3,2026-01-07,2026-01-18,C-0139,P-FAS-007,PL-03,6,17.10,0,USD,Shipped
SO-102027,1,2026-01-07,2026-01-14,C-0044,P-STR-002,PL-04,3,648.94,5,USD,Shipped
SO-102031,1,2026-01-07,2026-01-19,C-0011,P-FAS-011,PL-04,2,28.64,2,USD,Shipped
SO-102041,1,2026-01-07,2026-01-26,C-0027,P-FAS-006,PL-02,8,18.54,0,USD,Shipped
SO-102041,2,2026-01-07,,C-0027,P-ENC-005,PL-02,4,186.73,5,USD,Cancelled
SO-102049,1,2026-01-08,2026-01-22,C-0007,P-ENC-003,PL-03,8,264.98,5,USD,Shipped
SO-102049,2,2026-01-08,2026-01-17,C-0007,P-FAS-007,PL-03,8,17.49,0,USD,Shipped
SO-101980,1,2026-01-09,2026-01-11,C-0026,P-ENC-006,PL-04,2,255.07,0,USD,Shipped
SO-102038,1,2026-01-09,2026-01-27,C-0045,P-MET-004,PL-02,10,91.34,2,USD,Shipped
SO-102038,2,2026-01-09,2026-01-15,C-0045,P-MET-012,PL-04,3,65.48,0,USD,Shipped
SO-101956,1,2026-01-10,2026-01-22,C-0069,P-STR-010,PL-01,4,367.56,0,USD,Shipped
SO-101974,1,2026-01-11,2026-01-26,C-0084,P-MET-006,PL-03,2,84.28,8,USD,Shipped
SO-101985,1,2026-01-11,2026-02-01,C-0004,P-STR-011,PL-04,7,448.04,5,USD,Shipped
SO-102001,1,2026-01-11,2026-01-17,C-0032,P-ENC-012,PL-01,1,343.90,0,USD,Shipped
SO-102001,2,2026-01-11,,C-0032,P-MET-009,PL-02,1,129.81,0,USD,Cancelled
SO-102001,2,2026-01-11,,C-0032,P-MET-009,PL-02,1,129.81,0,USD,Cancelled
SO-102001,3,2026-01-11,2026-01-31,C-0032,P-STR-001,PL-02,2,383.64,5,USD,Shipped
SO-102030,1,2026-01-11,2026-01-15,C-0119,P-MET-007,PL-02,2,135.28,0,USD,Shipped
SO-101957,1,2026-01-12,2026-01-27,C-0006,P-MET-005,PL-01,2,125.81,8,USD,Shipped
SO-101983,1,2026-01-12,2026-01-29,C-0037,P-FAS-002,PL-04,4,20.82,5,USD,Shipped
SO-101983,2,2026-01-12,2026-01-30,C-0037,P-FAS-005,PL-03,5,12.96,10,USD,Shipped
SO-101987,1,2026-01-12,2026-01-31,C-0103,P-STR-005,PL-04,1,344.17,0,USD,Shipped
SO-101987,2,2026-01-12,2026-01-20,C-0103,P-STR-005,PL-03,3,346.17,0,USD,Shipped
SO-101990,1,2026-01-12,2026-01-31,C-0105,P-STR-012,PL-01,13,281.79,10,USD,Shipped
SO-101990,2,2026-01-12,2026-01-24,C-0105,P-STR-001,PL-03,5,367.44,5,USD,Shipped
SO-101990,3,2026-01-12,2026-02-01,C-0105,P-FAS-010,PL-04,5,18.11,5,USD,Shipped
SO-102057,1,2026-01-12,2026-01-26,C-0083,P-ENC-012,PL-03,2,351.86,5,USD,Shipped
SO-102057,2,2026-01-12,2026-01-30,C-0083,P-STR-007,PL-02,4,407.87,2,USD,Shipped
SO-101992,1,2026-01-13,2026-01-28,C-0137,P-MET-008,PL-03,6,82.71,5,USD,Shipped
SO-101992,2,2026-01-13,2026-01-17,C-0137,P-ENC-009,PL-02,4,192.46,0,USD,Shipped
SO-102016,1,2026-01-13,2026-01-15,C-0011,P-STR-004,PL-04,6,386.41,0,USD,Shipped
SO-102023,1,2026-01-13,2026-01-15,C-0113,P-ENC-011,PL-04,4,228.04,0,USD,Shipped
SO-101965,1,2026-01-14,2026-01-18,C-0056,P-MET-006,PL-01,1,87.08,2,USD,Shipped
SO-102053,1,2026-01-14,2026-01-26,C-0114,P-FAS-001,PL-04,9,26.62,0,USD,Shipped
SO-101981,1,2026-01-15,2026-01-20,C-0014,P-FAS-010,PL-04,14,18.72,0,USD,Shipped
SO-101946,1,2026-01-16,2026-01-23,C-0099,P-FAB-002,PL-01,4,1105.12,10,USD,Shipped
SO-101946,2,2026-01-16,2026-01-27,C-0099,P-FAS-005,PL-01,3,12.70,5,USD,Shipped
SO-101978,1,2026-01-16,2026-01-18,C-0064,P-STR-008,PL-01,3,660.51,0,USD,Shipped
SO-102021,1,2026-01-16,2026-01-25,C-0046,P-ENC-005,PL-04,2,182.04,5,USD,Shipped
SO-102037,1,2026-01-16,2026-02-04,C-0021,P-MET-001,PL-01,1,63.68,5,USD,Shipped
SO-101955,1,2026-01-17,2026-02-06,C-0106,P-ENC-012,PL-01,3,337.49,0,USD,Shipped
SO-101959,1,2026-01-17,2026-01-24,C-0016,P-FAS-006,PL-02,4,18.65,0,USD,Shipped
SO-101959,2,2026-01-17,2026-01-27,C-0016,P-MET-008,PL-01,5,83.08,10,USD,Shipped
SO-101962,1,2026-01-17,2026-01-31,C-0108,P-FAS-006,PL-04,2,18.46,10,USD,Shipped
SO-101962,2,2026-01-17,2026-02-01,C-0108,P-ENC-007,PL-04,3,347.56,5,USD,Shipped
SO-101962,3,2026-01-17,2026-02-05,C-0108,P-FAS-002,PL-03,15,20.54,0,USD,Shipped
SO-102020,1,2026-01-17,2026-02-05,C-0119,P-FAS-001,PL-01,5,25.93,2,USD,Shipped
SO-102020,2,2026-01-17,2026-02-04,C-0119,P-ENC-006,PL-04,3,248.13,5,USD,Shipped
SO-102028,1,2026-01-17,2026-01-21,C-0037,P-STR-010,PL-03,3,375.73,2,USD,Shipped
SO-102048,1,2026-01-17,2026-01-20,C-0128,P-STR-001,PL-02,4,381.16,0,USD,Shipped
SO-101945,1,2026-01-18,2026-02-02,C-0002,P-ENC-009,PL-03,3,190.14,5,USD,Shipped
SO-101945,2,2026-01-18,2026-01-29,C-0002,P-FAS-008,PL-04,15,28.00,0,USD,Shipped
SO-101945,3,2026-01-18,2026-02-06,C-0002,P-MET-003,PL-02,8,116.03,5,USD,Shipped
SO-102035,1,2026-01-18,2026-02-03,C-0014,P-FAS-005,PL-01,7,12.31,5,USD,Shipped
SO-101977,1,2026-01-19,2026-01-21,C-0012,P-MET-005,PL-01,13,128.19,10,USD,Shipped
SO-101977,2,2026-01-19,2026-01-30,C-0012,P-ENC-003,PL-03,4,268.30,0,USD,Shipped
SO-101986,1,2026-01-19,2026-02-08,C-0049,P-FAS-006,PL-04,7,18.22,2,USD,Shipped
SO-101993,1,2026-01-19,2026-02-09,C-0052,P-ENC-011,PL-01,6,231.87,0,USD,Shipped
SO-101993,2,2026-01-19,2026-01-21,C-0052,P-ENC-004,PL-02,5,229.84,0,USD,Shipped
SO-101998,1,2026-01-19,2026-02-02,C-0072,P-FAS-001,PL-01,6,25.95,5,USD,Shipped
SO-101998,2,2026-01-19,2026-01-28,C-0072,P-MET-002,PL-04,4,90.63,2,USD,Shipped
SO-102017,1,2026-01-19,2026-01-21,C-0020,P-FAS-012,PL-01,6,24.70,5,USD,Shipped
SO-102017,2,2026-01-19,2026-02-02,C-0020,P-FAS-008,PL-01,10,28.33,0,USD,Shipped
SO-102022,1,2026-01-19,2026-01-25,C-0053,P-FAB-006,PL-04,2,1171.00,0,USD,Shipped
SO-102047,1,2026-01-19,2026-01-31,C-0044,P-FAS-002,PL-02,3,20.01,0,USD,Shipped
SO-102047,2,2026-01-19,2026-01-27,C-0044,P-MET-002,PL-02,4,87.16,8,USD,Shipped
SO-102054,1,2026-01-19,2026-01-30,C-0030,P-FAS-003,PL-04,9,11.48,2,USD,Shipped
SO-101972,1,2026-01-20,2026-01-27,C-0130,P-ENC-004,PL-04,2,232.35,2,USD,Shipped
SO-101972,2,2026-01-20,,C-0130,P-ENC-009,PL-03,12,189.01,0,USD,Cancelled
SO-102005,1,2026-01-20,2026-01-23,C-0105,P-STR-011,PL-04,3,447.27,0,USD,Shipped
SO-102006,1,2026-01-20,2026-01-25,C-0048,P-STR-004,PL-02,2,389.44,15,USD,Shipped
SO-102006,2,2026-01-20,2026-01-31,C-0048,P-FAB-008,PL-04,2,1378.30,13,USD,Shipped
SO-102029,1,2026-01-20,2026-01-25,C-0027,P-MET-012,PL-02,6,63.58,0,USD,Shipped
SO-102029,2,2026-01-20,,C-0027,P-FAS-006,PL-01,7,18.62,0,USD,Cancelled
SO-102043,1,2026-01-20,2026-01-31,C-0009,P-STR-010,PL-02,3,379.13,10,USD,Shipped
SO-102043,2,2026-01-20,2026-01-22,C-0009,P-FAB-007,PL-04,2,1024.20,10,USD,Shipped
SO-102050,1,2026-01-20,,C-0029,P-FAB-011,PL-03,5,2082.04,0,USD,Shipped
SO-101997,1,2026-01-21,2026-02-11,C-0077,P-ENC-004,PL-03,3,235.45,0,USD,Shipped
SO-101997,2,2026-01-21,2026-01-25,C-0077,P-ENC-001,PL-01,27,163.99,8,USD,Shipped
SO-102002,1,2026-01-21,2026-02-09,C-0112,P-MET-008,PL-02,16,81.85,0,USD,Shipped
SO-102003,1,2026-01-21,2026-01-30,C-0022,P-STR-005,PL-02,8,341.40,0,USD,Shipped
SO-102003,2,2026-01-21,2026-02-06,C-0022,P-FAB-008,PL-02,7,1456.07,2,USD,Shipped
SO-101975,1,2026-01-22,2026-01-27,C-0111,P-MET-002,PL-01,5,90.75,0,USD,Shipped
SO-101975,2,2026-01-22,2026-01-30,C-0111,P-MET-011,PL-03,13,105.57,2,USD,Shipped
SO-101979,1,2026-01-22,2026-01-27,C-0072,P-FAS-004,PL-01,2,20.30,5,USD,Shipped
SO-101979,2,2026-01-22,2026-02-02,C-0072,P-FAS-005,PL-04,19,12.55,0,USD,Shipped
SO-101979,3,2026-01-22,2026-01-28,C-0072,P-FAS-010,PL-02,8,18.62,5,USD,Shipped
SO-102004,1,2026-01-22,2026-01-28,C-0014,P-FAS-009,PL-04,19,27.18,5,USD,Shipped
SO-102004,2,2026-01-22,2026-01-27,C-0014,P-FAB-006,PL-02,2,1160.29,0,USD,Shipped
SO-102004,3,2026-01-22,2026-01-25,C-0014,P-FAS-010,PL-01,6,18.35,0,USD,Shipped
SO-102009,1,2026-01-22,2026-02-07,C-0092,P-FAS-008,PL-01,7,28.29,5,USD,Shipped
SO-102009,2,2026-01-22,2026-02-05,C-0092,P-MET-009,PL-04,2,130.10,0,USD,Shipped
SO-102009,3,2026-01-22,2026-01-29,C-0092,P-MET-003,PL-01,4,116.47,5,USD,Shipped
SO-102025,1,2026-01-22,2026-02-05,C-0133,P-FAS-002,PL-04,9,20.42,0,USD,Shipped
SO-102025,2,2026-01-22,2026-02-02,C-0133,P-ENC-011,PL-01,4,225.08,8,USD,Shipped
SO-102025,3,2026-01-22,2026-01-30,C-0133,P-STR-003,PL-02,7,296.84,0,USD,Shipped
SO-102045,1,2026-01-22,2026-01-25,C-0115,P-MET-012,PL-04,5,64.22,8,USD,Shipped
SO-101949,1,2026-01-23,2026-02-05,C-0028,P-STR-007,PL-04,5,403.94,5,USD,Shipped
SO-101949,2,2026-01-23,2026-01-25,C-0028,P-MET-003,PL-03,11,112.27,5,USD,Shipped
SO-101958,1,2026-01-23,2026-01-25,C-0126,P-FAS-009,PL-04,9,28.12,2,USD,Shipped
SO-101958,2,2026-01-23,2026-02-03,C-0126,P-FAB-009,PL-01,9,2029.67,10,USD,Shipped
SO-101961,1,2026-01-23,2026-02-07,C-0069,P-FAS-002,PL-02,4,20.07,0,USD,Shipped
SO-101961,2,2026-01-23,2026-02-08,C-0069,P-FAS-006,PL-02,6,18.31,10,USD,Shipped
SO-101976,1,2026-01-23,2026-02-05,C-0043,P-MET-009,PL-03,1,132.99,8,USD,Shipped
SO-101989,1,2026-01-23,2026-02-12,C-0103,P-FAS-009,PL-02,6,28.44,5,USD,Shipped
SO-101989,2,2026-01-23,2026-01-27,C-0103,P-FAS-006,PL-03,5,18.18,5,USD,Shipped
SO-101989,3,2026-01-23,2026-02-03,C-0103,P-STR-002,PL-03,16,642.26,2,USD,Shipped
SO-102046,1,2026-01-23,2026-02-08,C-0126,P-FAS-001,PL-02,15,25.56,0,USD,Shipped
SO-101995,1,2026-01-24,,C-0137,P-MET-003,PL-02,5,114.29,10,USD,Cancelled
SO-102024,1,2026-01-24,2026-02-05,C-0029,P-FAB-008,PL-02,3,1389.32,2,USD,Shipped
SO-102024,2,2026-01-24,2026-02-01,C-0029,P-ENC-002,PL-03,4,350.87,5,USD,Shipped
SO-102055,1,2026-01-24,2026-02-01,C-0113,P-STR-011,PL-02,2,450.48,2,USD,Shipped
SO-101948,1,2026-01-25,2026-01-29,C-0049,P-MET-007,PL-03,10,134.28,0,USD,Shipped
SO-101960,1,2026-01-25,2026-01-29,C-0063,P-FAS-006,PL-03,4,18.78,5,USD,Shipped
SO-102014,1,2026-01-25,2026-02-14,C-0111,P-ENC-001,PL-01,3,165.92,0,USD,Shipped
SO-102019,1,2026-01-25,2026-02-06,C-0060,P-MET-012,PL-01,7,64.38,0,USD,Shipped
SO-101971,1,2026-01-26,2026-02-05,C-0036,P-ENC-010,PL-02,4,219.73,5,USD,Shipped
SO-101971,2,2026-01-26,2026-02-02,C-0036,P-MET-004,PL-02,2,87.76,8,USD,Shipped
SO-101971,3,2026-01-26,2026-02-05,C-0036,P-ENC-012,PL-04,9,348.09,10,USD,Shipped
SO-101994,1,2026-01-26,2026-02-13,C-0048,P-FAS-006,PL-03,7,18.83,15,USD,Shipped
SO-101996,1,2026-01-26,2026-01-28,C-0045,P-STR-001,PL-03,6,377.54,0,USD,Shipped
SO-102033,1,2026-01-26,2026-01-31,C-0058,P-MET-005,PL-04,4,123.18,2,USD,Shipped
SO-102033,2,2026-01-26,2026-01-29,C-0058,P-FAS-006,PL-02,7,18.47,2,USD,Shipped
SO-102036,1,2026-01-26,2026-02-13,C-0088,P-STR-011,PL-03,3,447.80,0,USD,Shipped
SO-102036,2,2026-01-26,2026-02-07,C-0088,P-FAB-001,PL-03,6,2001.82,8,USD,Shipped
SO-102036,3,2026-01-26,2026-02-05,C-0088,P-ENC-004,PL-01,4,234.49,8,USD,Shipped
SO-102040,1,2026-01-26,,C-0066,P-FAB-005,PL-01,19,1697.46,5,USD,Cancelled
SO-101944,1,2026-01-27,2026-02-03,C-0071,P-FAS-003,PL-02,11,11.26,5,USD,Shipped
SO-101944,2,2026-01-27,2026-02-02,C-0071,P-FAS-004,PL-03,2,20.68,5,USD,Shipped
SO-101966,1,2026-01-27,2026-02-17,C-0092,P-FAS-005,PL-03,6,12.28,0,USD,Shipped
SO-101966,2,2026-01-27,2026-01-29,C-0092,P-MET-005,PL-02,6,128.77,5,USD,Shipped
SO-101968,1,2026-01-28,2026-02-11,C-0040,P-STR-007,PL-02,4,397.81,2,USD,Shipped
SO-101968,2,2026-01-28,2026-02-03,C-0040,P-FAS-003,PL-04,4,11.26,2,USD,Shipped
SO-101968,3,2026-01-28,2026-02-14,C-0040,P-MET-007,PL-01,13,133.12,5,USD,Shipped
SO-102010,1,2026-01-28,2026-02-06,C-0065,P-STR-008,PL-04,3,689.34,5,USD,Shipped
SO-102010,2,2026-01-28,2026-02-07,C-0065,P-MET-005,PL-04,1,125.73,2,USD,Shipped
SO-102056,1,2026-01-28,2026-02-11,C-0063,P-ENC-010,PL-01,17,213.86,0,USD,Shipped
SO-102032,1,2026-01-29,2026-02-10,C-0008,P-MET-004,PL-02,4,90.77,0,USD,Shipped
SO-102052,1,2026-01-29,,C-0085,P-FAS-006,PL-03,8,18.30,0,USD,Cancelled
SO-102052,2,2026-01-29,2026-02-10,C-0085,P-FAS-002,PL-03,11,19.86,0,USD,Shipped
SO-102052,3,2026-01-29,2026-02-11,C-0085,P-MET-005,PL-04,7,130.72,2,USD,Shipped
SO-101947,1,2026-01-30,2026-02-17,C-0070,P-STR-003,PL-02,1,285.92,0,USD,Shipped
SO-101947,2,2026-01-30,2026-02-01,C-0070,P-STR-003,PL-01,5,280.93,10,USD,Shipped
SO-101969,1,2026-01-30,,C-0031,P-FAS-010,PL-04,7,18.64,5,USD,Cancelled
SO-101982,1,2026-01-30,2026-02-03,C-0023,P-FAS-007,PL-01,12,17.37,2,USD,Shipped
SO-101982,2,2026-01-30,2026-02-15,C-0023,P-MET-009,PL-01,7,131.47,0,USD,Shipped
SO-101953,1,2026-01-31,,C-0042,P-FAS-002,PL-01,14,20.61,8,USD,Cancelled
SO-101988,1,2026-01-31,2026-02-09,C-0094,P-FAS-004,PL-03,7,19.68,0,USD,Shipped
SO-102000,1,2026-01-31,2026-02-09,C-0064,P-ENC-004,PL-04,6,232.32,8,USD,Shipped
SO-102000,2,2026-01-31,2026-02-13,C-0064,P-MET-001,PL-04,4,66.33,0,USD,Shipped
SO-102000,3,2026-01-31,2026-02-02,C-0064,P-FAS-011,PL-04,2,27.90,2,USD,Shipped
SO-102051,1,2026-01-31,2026-02-12,C-0072,P-FAS-003,PL-01,25,11.64,10,USD,Shipped
SO-102059,1,2026-01-31,2026-02-13,C-0036,P-ENC-009,PL-02,7,189.83,5,USD,Shipped
SO-102059,2,2026-01-31,2026-02-18,C-0036,P-MET-003,PL-02,3,113.18,0,USD,Shipped
SO-102132,1,2026-02-01,2026-02-19,C-0018,P-MET-012,PL-02,11,65.03,0,USD,Shipped
SO-102132,2,2026-02-01,2026-02-04,C-0018,P-STR-004,PL-03,10,389.21,5,USD,Shipped
SO-102061,1,2026-02-02,2026-02-17,C-0139,P-ENC-005,PL-02,3,185.14,0,USD,Shipped
SO-102061,2,2026-02-02,2026-02-10,C-0139,P-FAS-009,PL-02,8,28.31,10,USD,Shipped
SO-102075,1,2026-02-02,2026-02-06,C-0098,P-ENC-011,PL-04,7,227.86,0,USD,Shipped
SO-102075,2,2026-02-02,2026-02-11,C-0098,P-FAS-008,PL-03,6,27.61,10,USD,Shipped
SO-102101,1,2026-02-02,2026-02-04,C-0025,P-FAB-003,PL-04,2,1790.00,5,USD,Shipped
SO-102117,1,2026-02-02,2026-02-12,C-0105,P-ENC-004,PL-03,1,230.72,5,USD,Shipped
SO-102134,1,2026-02-02,2026-02-23,C-0041,P-ENC-005,PL-03,5,190.34,8,USD,Shipped
SO-102134,2,2026-02-02,2026-02-19,C-0041,P-MET-001,PL-03,5,64.92,0,USD,Shipped
SO-102074,1,2026-02-03,2026-02-24,C-0084,P-STR-002,PL-02,2,658.44,8,USD,Shipped
SO-102074,2,2026-02-03,,C-0084,P-MET-012,PL-01,5,65.97,0,USD,Cancelled
SO-102103,1,2026-02-03,2026-02-22,C-0041,P-STR-009,PL-01,7,287.02,0,USD,Shipped
SO-102103,2,2026-02-03,2026-02-09,C-0041,P-MET-009,PL-01,3,128.36,10,USD,Shipped
SO-102105,1,2026-02-03,2026-02-06,C-0108,P-FAS-005,PL-02,12,12.39,5,USD,Shipped
SO-102124,1,2026-02-03,2026-02-24,C-0003,P-ENC-001,PL-04,12,162.37,2,USD,Shipped
SO-102129,1,2026-02-03,2026-02-13,C-0022,P-FAS-003,PL-02,16,11.38,2,USD,Shipped
SO-102129,2,2026-02-03,2026-02-11,C-0022,P-MET-006,PL-04,6,83.29,0,USD,Shipped
SO-102151,1,2026-02-03,2026-02-09,C-0015,P-ENC-011,PL-03,8,223.73,2,USD,Shipped
SO-102211,1,2026-02-03,2026-02-18,C-0085,P-FAS-004,PL-03,13,20.48,5,USD,Shipped
SO-102211,2,2026-02-03,2026-02-14,C-0085,P-MET-011,PL-01,1,108.16,10,USD,Shipped
SO-102224,1,2026-02-03,2026-02-14,C-0115,P-MET-011,PL-01,3,104.37,10,USD,Shipped
SO-102104,1,2026-02-04,2026-02-17,C-0022,P-FAS-003,PL-03,6,11.20,0,USD,Shipped
SO-102104,2,2026-02-04,2026-02-18,C-0022,P-FAS-001,PL-04,3,26.35,8,USD,Shipped
SO-102111,1,2026-02-04,2026-02-17,C-0117,P-ENC-004,PL-01,4,236.22,2,USD,Shipped
SO-102114,1,2026-02-04,2026-02-15,C-0019,P-STR-009,PL-02,4,289.57,0,USD,Shipped
SO-102139,1,2026-02-04,2026-02-23,C-0116,P-STR-006,PL-03,2,581.46,5,USD,Shipped
SO-102081,1,2026-02-05,2026-02-09,C-0061,P-MET-009,PL-01,3,131.95,0,USD,Shipped
SO-102081,2,2026-02-05,2026-02-13,C-0061,P-ENC-011,PL-04,8,226.56,0,USD,Shipped
SO-102081,3,2026-02-05,2026-02-17,C-0061,P-FAS-012,PL-02,2,23.85,10,USD,Shipped
SO-102096,1,2026-02-05,2026-02-25,C-0065,P-FAS-009,PL-01,14,27.88,0,USD,Shipped
SO-102100,1,2026-02-05,2026-02-08,C-0032,P-MET-011,PL-02,2,104.90,5,USD,Shipped
SO-102100,2,2026-02-05,2026-02-26,C-0032,P-MET-001,PL-02,5,64.94,0,USD,Shipped
SO-102143,1,2026-02-05,2026-02-07,C-0095,P-MET-012,PL-02,2,63.52,0,USD,Shipped
SO-102194,1,2026-02-05,2026-02-19,C-0010,P-FAB-004,PL-04,8,1292.46,13,USD,Shipped
SO-102063,1,2026-02-06,2026-02-09,C-0131,P-MET-005,PL-04,3,130.63,8,USD,Shipped
SO-102076,1,2026-02-06,2026-02-19,C-0083,P-ENC-009,PL-01,1,187.66,5,USD,Shipped
SO-102076,2,2026-02-06,2026-02-18,C-0083,P-FAS-005,PL-03,10,12.89,5,USD,Shipped
SO-102076,3,2026-02-06,2026-02-13,C-0083,P-FAS-005,PL-04,15,12.83,8,USD,Shipped
SO-102212,1,2026-02-06,2026-02-17,C-0043,P-MET-001,PL-01,7,66.19,8,USD,Shipped
SO-102098,1,2026-02-07,2026-02-14,C-0018,P-FAS-006,PL-02,4,18.39,0,USD,Shipped
SO-102098,2,2026-02-07,2026-02-27,C-0018,P-FAS-011,PL-02,3,28.07,5,USD,Shipped
SO-102098,3,2026-02-07,2026-02-14,C-0018,P-FAS-012,PL-03,2,24.48,10,USD,Shipped
SO-102099,1,2026-02-07,2026-02-13,C-0006,P-FAS-006,PL-01,7,18.79,2,USD,Shipped
SO-102106,1,2026-02-07,2026-02-26,C-0130,P-FAB-002,PL-01,2,1049.78,0,USD,Shipped
SO-102106,2,2026-02-07,2026-02-21,C-0130,P-ENC-011,PL-04,1,231.32,10,USD,Shipped
SO-102106,3,2026-02-07,2026-02-13,C-0130,P-FAS-004,PL-01,11,20.40,10,USD,Shipped
SO-102145,1,2026-02-07,2026-02-25,C-0079,P-FAS-010,PL-02,4,18.07,0,USD,Shipped
SO-102154,1,2026-02-07,2026-02-20,C-0008,P-ENC-002,PL-02,2,350.34,0,USD,Shipped
SO-102154,2,2026-02-07,2026-02-13,C-0008,P-FAS-005,PL-02,16,12.41,0,USD,Shipped
SO-102170,1,2026-02-07,2026-02-18,C-0059,P-MET-002,PL-02,2,87.79,5,USD,Shipped
SO-102213,1,2026-02-07,2026-02-12,C-0102,P-MET-008,PL-02,9,84.39,5,USD,Shipped
SO-102213,2,2026-02-07,2026-02-24,C-0102,P-FAS-011,PL-04,5,28.71,8,USD,Shipped
SO-102066,1,2026-02-08,2026-02-10,C-0046,P-STR-008,PL-04,3,670.64,0,USD,Shipped
SO-102066,2,2026-02-08,2026-02-16,C-0046,P-FAS-004,PL-03,9,19.60,0,USD,Shipped
SO-102066,3,2026-02-08,2026-02-14,C-0046,P-FAS-010,PL-03,14,17.90,8,USD,Shipped
SO-102079,1,2026-02-08,2026-02-10,C-0070,P-FAB-007,PL-03,7,1067.06,0,USD,Shipped
SO-102092,1,2026-02-08,2026-02-10,C-0133,P-FAS-011,PL-04,4,28.80,5,USD,Shipped
SO-102150,1,2026-02-08,2026-02-16,C-0009,P-MET-008,PL-02,2,80.99,0,USD,Shipped
SO-102150,2,2026-02-08,2026-02-13,C-0009,P-FAS-008,PL-01,4,28.46,0,USD,Shipped
SO-102150,3,2026-02-08,2026-02-20,C-0009,P-STR-011,PL-03,3,451.78,5,USD,Shipped
SO-102158,1,2026-02-08,2026-02-23,C-0056,P-FAB-009,PL-02,3,2065.55,8,USD,Shipped
SO-102166,1,2026-02-08,2026-02-24,C-0042,P-MET-012,PL-02,1,66.49,10,USD,Shipped
SO-102138,1,2026-02-09,2026-02-12,C-0106,P-FAS-002,PL-02,10,20.00,2,USD,Shipped
SO-102161,1,2026-02-09,2026-02-19,C-0023,P-FAB-007,PL-02,8,1079.70,0,USD,Shipped
SO-102161,2,2026-02-09,2026-02-19,C-0023,P-ENC-003,PL-04,2,276.76,8,USD,Shipped
SO-102218,1,2026-02-09,2026-02-14,C-0101,P-ENC-002,PL-01,15,356.01,15,USD,Shipped
SO-102065,1,2026-02-10,2026-02-16,C-0036,P-FAS-011,PL-01,7,27.83,0,USD,Shipped
SO-102071,1,2026-02-10,2026-03-01,C-0026,P-FAS-004,PL-03,6,19.64,0,USD,Shipped
SO-102093,1,2026-02-10,2026-02-24,C-0051,P-FAS-009,PL-04,14,27.26,8,USD,Shipped
SO-102093,2,2026-02-10,2026-02-18,C-0051,P-FAS-002,PL-01,16,20.08,0,USD,Shipped
SO-102093,3,2026-02-10,2026-02-27,C-0051,P-FAB-006,PL-01,3,1197.52,2,USD,Shipped
SO-102128,1,2026-02-10,2026-02-22,C-0121,P-MET-012,PL-01,7,63.23,0,USD,Shipped
SO-102128,2,2026-02-10,2026-02-19,C-0121,P-MET-008,PL-03,4,82.34,5,USD,Shipped
SO-102202,1,2026-02-10,2026-02-27,C-0068,P-MET-011,PL-02,3,107.53,10,USD,Shipped
SO-102202,2,2026-02-10,2026-02-21,C-0068,P-MET-009,PL-01,4,127.74,0,USD,Shipped
SO-102208,1,2026-02-10,2026-02-22,C-0128,P-FAB-007,PL-01,2,1079.71,0,USD,Shipped
SO-102208,2,2026-02-10,2026-02-24,C-0128,P-ENC-012,PL-02,3,341.88,0,USD,Shipped
SO-102208,3,2026-02-10,2026-02-23,C-0128,P-FAS-003,PL-04,2,11.58,2,USD,Shipped
SO-102072,1,2026-02-11,2026-02-23,C-0100,P-FAS-011,PL-01,12,28.38,2,USD,Shipped
SO-102072,2,2026-02-11,2026-03-02,C-0100,P-STR-012,PL-02,6,284.45,0,USD,Shipped
SO-102087,1,2026-02-11,2026-02-18,C-0049,P-MET-008,PL-02,4,83.56,0,USD,Shipped
SO-102078,1,2026-02-12,2026-02-27,C-0090,P-MET-007,PL-04,4,132.50,13,USD,Shipped
SO-102078,2,2026-02-12,2026-02-16,C-0090,P-FAB-011,PL-03,3,2083.40,13,USD,Shipped
SO-102078,3,2026-02-12,2026-02-15,C-0090,P-FAB-009,PL-03,3,1989.86,5,USD,Shipped
SO-102085,1,2026-02-12,,C-0131,P-ENC-003,PL-01,1,268.18,0,USD,Cancelled
SO-102085,2,2026-02-12,2026-02-14,C-0131,P-MET-012,PL-02,4,66.26,0,USD,Shipped
SO-102085,3,2026-02-12,2026-02-27,C-0131,P-ENC-011,PL-01,3,230.12,5,USD,Shipped
SO-102088,1,2026-02-12,2026-02-14,C-0088,P-ENC-011,PL-04,3,231.03,2,USD,Shipped
SO-102088,2,2026-02-12,2026-02-14,C-0088,P-FAB-005,PL-01,3,1680.59,0,USD,Shipped
SO-102094,1,2026-02-12,2026-02-22,C-0034,P-FAB-001,PL-02,3,2053.50,0,USD,Shipped
SO-102094,2,2026-02-12,2026-02-19,C-0034,P-MET-008,PL-01,2,84.20,0,USD,Shipped
SO-102110,1,2026-02-12,2026-02-17,C-0092,P-FAS-003,PL-01,3,11.31,8,USD,Shipped
SO-102110,2,2026-02-12,2026-02-16,C-0092,P-MET-012,PL-03,2,63.96,0,USD,Shipped
SO-102153,1,2026-02-12,2026-02-15,C-0121,P-STR-008,PL-01,2,679.75,5,USD,Shipped
SO-102200,1,2026-02-12,2026-03-04,C-0055,P-ENC-001,PL-02,2,167.38,8,USD,Shipped
SO-102200,2,2026-02-12,2026-02-20,C-0055,P-FAB-002,PL-03,6,1060.12,5,USD,Shipped
SO-102152,1,2026-02-13,2026-02-23,C-0009,P-MET-006,PL-04,2,87.19,10,USD,Shipped
SO-102152,2,2026-02-13,2026-03-04,C-0009,P-ENC-005,PL-04,6,187.07,8,USD,Shipped
SO-102179,1,2026-02-13,2026-02-17,C-0041,P-FAS-011,PL-03,4,28.66,10,USD,Shipped
SO-102179,2,2026-02-13,2026-02-26,C-0041,P-FAS-011,PL-03,14,28.38,8,USD,Shipped
SO-102179,3,2026-02-13,2026-02-17,C-0041,P-MET-007,PL-04,5,133.92,0,USD,Shipped
SO-102182,1,2026-02-13,2026-02-19,C-0064,P-MET-008,PL-04,7,83.12,10,USD,Shipped
SO-102182,2,2026-02-13,2026-02-24,C-0064,P-FAS-009,PL-02,14,27.32,8,USD,Shipped
SO-102184,1,2026-02-13,2026-03-03,C-0028,P-FAB-004,PL-03,2,1275.47,10,USD,Shipped
SO-102187,1,2026-02-13,2026-02-24,C-0061,P-MET-003,PL-03,3,113.20,2,USD,Shipped
SO-102187,2,2026-02-13,2026-02-25,C-0061,P-FAS-010,PL-01,3,18.37,0,USD,Shipped
SO-102187,3,2026-02-13,2026-03-04,C-0061,P-STR-005,PL-02,4,336.21,0,USD,Shipped
SO-102190,1,2026-02-13,2026-02-16,C-0101,P-FAS-004,PL-02,9,19.53,7,USD,Shipped
SO-102190,2,2026-02-13,2026-02-22,C-0101,P-MET-011,PL-01,2,105.48,5,USD,Shipped
SO-102221,1,2026-02-13,2026-03-06,C-0051,P-STR-007,PL-04,4,407.87,8,USD,Shipped
SO-102223,1,2026-02-13,2026-02-22,C-0093,P-FAS-007,PL-02,11,17.69,8,USD,Shipped
SO-102084,1,2026-02-14,2026-03-01,C-0039,P-FAS-011,PL-04,9,28.13,8,USD,Shipped
SO-102084,2,2026-02-14,2026-02-16,C-0039,P-FAS-004,PL-01,17,20.32,5,USD,Shipped
SO-102090,1,2026-02-14,2026-02-21,C-0035,P-MET-003,PL-01,5,114.08,0,USD,Shipped
SO-102118,1,2026-02-14,2026-03-07,C-0112,P-FAS-011,PL-01,7,28.98,5,USD,Shipped
SO-102130,1,2026-02-14,2026-03-03,C-0087,P-FAS-011,PL-03,4,28.65,13,USD,Shipped
SO-102164,1,2026-02-14,2026-02-18,C-0064,P-FAS-005,PL-02,12,12.72,0,USD,Shipped
SO-102174,1,2026-02-14,2026-02-16,C-0078,P-FAS-008,PL-02,7,28.57,0,USD,Shipped
SO-102186,1,2026-02-14,2026-02-18,C-0137,P-FAS-007,PL-03,6,17.67,0,USD,Shipped
SO-102205,1,2026-02-14,2026-02-27,C-0026,P-MET-011,PL-02,9,105.59,2,USD,Shipped
SO-102209,1,2026-02-14,2026-02-23,C-0043,P-MET-006,PL-04,2,84.33,10,USD,Shipped
SO-102209,2,2026-02-14,2026-02-18,C-0043,P-MET-003,PL-02,1,111.66,0,USD,Shipped
SO-102209,3,2026-02-14,,C-0043,P-FAS-006,PL-03,2,18.74,5,USD,Cancelled
SO-102219,1,2026-02-14,2026-02-22,C-0119,P-ENC-004,PL-01,10,232.28,2,USD,Shipped
SO-102219,2,2026-02-14,2026-02-20,C-0119,P-FAS-001,PL-03,12,25.71,8,USD,Shipped
SO-102086,1,2026-02-15,2026-02-20,C-0007,P-ENC-012,PL-04,8,343.74,2,USD,Shipped
SO-102086,2,2026-02-15,2026-02-20,C-0007,P-MET-001,PL-02,3,65.59,0,USD,Shipped
SO-102086,3,2026-02-15,2026-02-26,C-0007,P-FAS-003,PL-02,11,11.74,0,USD,Shipped
SO-102107,1,2026-02-15,2026-03-01,C-0119,P-MET-002,PL-01,4,90.45,5,USD,Shipped
SO-102107,2,2026-02-15,2026-02-24,C-0119,P-FAS-007,PL-02,16,17.45,5,USD,Shipped
SO-102147,1,2026-02-15,2026-02-22,C-0102,P-FAS-005,PL-03,10,12.79,5,USD,Shipped
SO-102147,2,2026-02-15,2026-02-22,C-0102,P-FAS-005,PL-01,9,12.34,10,USD,Shipped
SO-102191,1,2026-02-15,2026-02-27,C-0013,P-FAS-006,PL-01,4,18.28,5,USD,Shipped
SO-102191,2,2026-02-15,2026-03-01,C-0013,P-FAS-006,PL-02,8,17.94,10,USD,Shipped
SO-102191,3,2026-02-15,,C-0013,P-FAS-008,PL-03,4,28.75,0,USD,Cancelled
SO-102204,1,2026-02-15,2026-03-08,C-0082,P-ENC-011,PL-02,1,225.85,0,USD,Shipped
SO-102073,1,2026-02-16,2026-02-22,C-0128,P-FAB-002,PL-01,5,1043.93,0,USD,Shipped
SO-102109,1,2026-02-16,2026-02-21,C-0103,P-FAS-008,PL-04,7,28.44,0,USD,Shipped
SO-102109,2,2026-02-16,2026-03-02,C-0103,P-FAS-007,PL-03,6,17.74,5,USD,Shipped
SO-102109,3,2026-02-16,2026-02-20,C-0103,P-STR-005,PL-02,6,336.26,0,USD,Shipped
SO-102126,1,2026-02-16,2026-02-20,C-0037,P-FAB-012,PL-01,5,1172.27,0,USD,Shipped
SO-102136,1,2026-02-16,2026-03-04,C-0066,P-FAB-005,PL-01,1,1748.84,13,USD,Shipped
SO-102136,2,2026-02-16,2026-02-28,C-0066,P-FAB-003,PL-04,2,1809.61,13,USD,Shipped
SO-102136,3,2026-02-16,2026-02-22,C-0066,P-STR-012,PL-04,6,280.37,13,USD,Shipped
SO-102159,1,2026-02-16,2026-03-05,C-0102,P-MET-007,PL-04,4,134.38,0,USD,Shipped
SO-102165,1,2026-02-16,2026-02-24,C-0036,P-FAS-007,PL-03,6,17.13,5,USD,Shipped
SO-102173,1,2026-02-16,2026-02-26,C-0128,P-STR-005,PL-03,1,341.70,0,USD,Shipped
SO-102173,2,2026-02-16,2026-03-03,C-0128,P-MET-001,PL-04,3,64.02,0,USD,Shipped
SO-102196,1,2026-02-16,2026-02-27,C-0132,P-FAS-008,PL-02,5,27.86,0,USD,Shipped
SO-102216,1,2026-02-16,2026-03-07,C-0121,P-MET-012,PL-03,4,64.07,10,USD,Shipped
SO-102222,1,2026-02-16,2026-03-03,C-0043,P-STR-006,PL-03,7,562.32,8,USD,Shipped
SO-102222,2,2026-02-16,2026-02-28,C-0043,P-MET-011,PL-02,2,106.44,8,USD,Shipped
SO-102097,1,2026-02-17,2026-02-25,C-0063,P-FAS-012,PL-02,13,24.26,2,USD,Shipped
SO-102097,2,2026-02-17,2026-03-08,C-0063,P-ENC-002,PL-01,2,352.39,0,USD,Shipped
SO-102115,1,2026-02-17,2026-03-04,C-0106,P-MET-004,PL-03,2,90.93,10,USD,Shipped
SO-102115,2,2026-02-17,2026-03-05,C-0106,P-FAB-009,PL-04,3,2009.55,0,USD,Shipped
SO-102115,3,2026-02-17,2026-03-08,C-0106,P-FAS-003,PL-03,8,11.39,5,USD,Shipped
SO-102123,1,2026-02-17,2026-03-09,C-0079,P-FAB-010,PL-04,6,1618.05,0,USD,Shipped
SO-102123,2,2026-02-17,2026-02-25,C-0079,P-MET-012,PL-04,1,65.85,0,USD,Shipped
SO-102123,3,2026-02-17,2026-02-23,C-0079,P-ENC-001,PL-01,5,164.53,0,USD,Shipped
SO-102141,1,2026-02-17,2026-02-25,C-0117,P-FAS-010,PL-01,29,18.25,5,USD,Shipped
SO-102141,2,2026-02-17,2026-02-20,C-0117,P-STR-009,PL-02,7,291.99,5,USD,Shipped
SO-102141,3,2026-02-17,2026-03-10,C-0117,P-STR-003,PL-01,3,286.16,10,USD,Shipped
SO-102144,1,2026-02-17,2026-02-28,C-0030,P-FAB-003,PL-04,1,1782.16,2,USD,Shipped
SO-102163,1,2026-02-17,2026-03-03,C-0047,P-MET-011,PL-04,5,105.04,8,USD,Shipped
SO-102163,2,2026-02-17,2026-03-02,C-0047,P-FAB-011,PL-03,2,2044.31,0,USD,Shipped
SO-102171,1,2026-02-17,2026-02-20,C-0138,P-FAS-005,PL-02,3,12.54,10,USD,Shipped
SO-102062,1,2026-02-18,2026-03-05,C-0046,P-FAS-004,PL-02,8,19.50,0,USD,Shipped
SO-102062,2,2026-02-18,2026-02-27,C-0046,P-MET-003,PL-02,3,112.59,10,USD,Shipped
SO-102080,1,2026-02-18,2026-02-21,C-0089,P-MET-003,PL-02,3,116.25,8,USD,Shipped
SO-102091,1,2026-02-18,2026-03-01,C-0136,P-FAS-011,PL-03,12,27.79,0,USD,Shipped
SO-102193,1,2026-02-18,2026-03-03,C-0044,P-FAS-008,PL-03,8,28.45,10,USD,Shipped
SO-102193,2,2026-02-18,2026-03-11,C-0044,P-FAS-002,PL-02,6,20.32,0,USD,Shipped
SO-102193,3,2026-02-18,2026-03-03,C-0044,P-FAS-001,PL-03,11,25.73,2,USD,Shipped
SO-102195,1,2026-02-18,2026-02-23,C-0134,P-FAS-002,PL-02,13,20.59,0,USD,Shipped
SO-102210,1,2026-02-18,2026-02-24,C-0073,P-FAS-008,PL-03,5,28.67,0,USD,Shipped
SO-102217,1,2026-02-18,2026-02-28,C-0087,P-FAB-012,PL-04,3,1200.24,10,USD,Shipped
SO-102217,2,2026-02-18,2026-03-07,C-0087,P-FAS-001,PL-01,12,25.67,10,USD,Shipped
SO-102060,1,2026-02-19,2026-02-21,C-0060,P-STR-002,PL-04,4,659.47,0,USD,Shipped
SO-102060,2,2026-02-19,,C-0060,P-STR-006,PL-02,1,577.92,8,USD,Cancelled
SO-102083,1,2026-02-19,2026-03-07,C-0037,P-FAB-001,PL-03,12,2021.66,5,USD,Shipped
SO-102102,1,2026-02-19,2026-03-05,C-0043,P-MET-006,PL-02,4,86.50,2,USD,Shipped
SO-102113,1,2026-02-19,2026-02-23,C-0042,P-FAS-012,PL-02,13,24.28,0,USD,Shipped
SO-102120,1,2026-02-19,2026-03-06,C-0092,P-FAS-003,PL-04,15,11.46,5,USD,Shipped
SO-102131,1,2026-02-19,2026-02-26,C-0106,P-STR-012,PL-03,4,276.86,5,USD,Shipped
SO-102140,1,2026-02-19,2026-03-01,C-0034,P-STR-012,PL-02,3,276.12,0,USD,Shipped
SO-102140,2,2026-02-19,2026-03-10,C-0034,P-MET-012,PL-03,3,64.46,0,USD,Shipped
SO-102157,1,2026-02-19,2026-03-05,C-0029,P-FAS-006,PL-03,8,18.28,5,USD,Shipped
SO-102175,1,2026-02-19,2026-02-27,C-0102,P-MET-002,PL-02,9,89.97,10,USD,Shipped
SO-102203,1,2026-02-19,2026-03-05,C-0068,P-STR-004,PL-03,6,381.48,8,USD,Shipped
SO-102203,2,2026-02-19,2026-02-23,C-0068,P-STR-009,PL-04,4,292.30,0,USD,Shipped
SO-102067,1,2026-02-20,2026-02-28,C-0058,P-FAS-007,PL-01,16,17.62,0,USD,Shipped
SO-102108,1,2026-02-20,2026-03-12,C-0109,P-FAS-004,PL-01,19,19.83,5,USD,Shipped
SO-102108,2,2026-02-20,2026-03-08,C-0109,P-MET-004,PL-04,3,89.11,5,USD,Shipped
SO-102149,1,2026-02-20,2026-03-07,C-0105,P-ENC-008,PL-01,1,268.73,5,USD,Shipped
SO-102156,1,2026-02-20,2026-03-04,C-0075,P-MET-010,PL-04,8,97.57,0,USD,Shipped
SO-102156,2,2026-02-20,,C-0075,P-FAS-001,PL-03,6,25.70,0,USD,Cancelled
SO-102207,1,2026-02-20,2026-02-28,C-0102,P-FAS-007,PL-01,9,17.53,2,USD,Shipped
SO-102207,2,2026-02-20,2026-02-22,C-0102,P-STR-005,PL-03,4,345.55,0,USD,Shipped
SO-102207,3,2026-02-20,2026-03-01,C-0102,P-MET-001,PL-04,3,65.85,10,USD,Shipped
SO-102215,1,2026-02-20,2026-03-10,C-0133,P-ENC-012,PL-04,6,348.47,8,USD,Shipped
SO-102089,1,2026-02-21,2026-03-11,C-0103,P-FAB-004,PL-02,3,1307.59,5,USD,Shipped
SO-102135,1,2026-02-21,2026-03-14,C-0113,P-ENC-009,PL-03,8,190.02,8,USD,Shipped
SO-102135,2,2026-02-21,2026-02-24,C-0113,P-FAB-011,PL-01,4,2040.34,5,USD,Shipped
SO-102137,1,2026-02-21,2026-03-13,C-0139,P-FAS-007,PL-04,4,17.94,10,USD,Shipped
SO-102142,1,2026-02-21,2026-03-12,C-0067,P-ENC-003,PL-02,1,269.67,0,USD,Shipped
SO-102142,2,2026-02-21,2026-03-12,C-0067,P-MET-010,PL-01,10,97.13,2,USD,Shipped
SO-102181,1,2026-02-21,2026-03-09,C-0017,P-ENC-001,PL-04,3,165.81,2,USD,Shipped
SO-102192,1,2026-02-21,2026-02-24,C-0107,P-ENC-003,PL-01,6,274.24,0,USD,Shipped
SO-102199,1,2026-02-21,2026-03-01,C-0124,P-FAB-003,PL-04,5,1787.08,15,USD,Shipped
SO-102199,2,2026-02-21,2026-02-23,C-0124,P-FAB-010,PL-01,5,1620.56,5,USD,Shipped
SO-102112,1,2026-02-22,2026-03-15,C-0010,P-FAB-003,PL-04,4,1777.20,10,USD,Shipped
SO-102133,1,2026-02-22,2026-03-02,C-0083,P-STR-012,PL-01,3,283.53,5,USD,Shipped
SO-102133,2,2026-02-22,2026-03-12,C-0083,P-FAB-011,PL-01,5,2030.93,0,USD,Shipped
SO-102167,1,2026-02-22,2026-03-01,C-0095,P-FAS-003,PL-04,12,11.71,8,USD,Shipped
SO-102127,1,2026-02-23,2026-03-04,C-0100,P-FAB-010,PL-01,6,1666.29,8,USD,Shipped
SO-102198,1,2026-02-23,2026-03-12,C-0059,P-MET-012,PL-03,7,66.48,5,USD,Shipped
SO-102198,2,2026-02-23,2026-03-12,C-0059,P-FAS-004,PL-01,8,20.54,0,USD,Shipped
SO-102198,3,2026-02-23,2026-02-27,C-0059,P-STR-001,PL-02,5,375.45,0,USD,Shipped
SO-102206,1,2026-02-23,2026-03-02,C-0021,P-FAS-002,PL-02,4,20.61,0,USD,Shipped
SO-102206,2,2026-02-23,2026-03-12,C-0021,P-ENC-011,PL-04,16,220.94,5,USD,Shipped
SO-102206,3,2026-02-23,2026-03-04,C-0021,P-FAS-006,PL-03,14,18.21,0,USD,Shipped
SO-102077,1,2026-02-24,2026-03-04,C-0070,P-MET-012,PL-04,5,63.56,0,USD,Shipped
SO-102082,1,2026-02-24,2026-03-05,C-0101,P-FAS-009,PL-01,13,27.11,7,USD,Shipped
SO-102095,1,2026-02-24,,C-0035,P-MET-004,PL-04,17,90.43,0,USD,Cancelled
SO-102122,1,2026-02-24,2026-03-08,C-0076,P-FAS-012,PL-01,14,24.16,13,USD,Shipped
SO-102122,2,2026-02-24,2026-03-17,C-0076,P-FAB-012,PL-04,6,1140.90,10,USD,Shipped
SO-102125,1,2026-02-24,2026-03-03,C-0071,P-FAS-004,PL-01,13,19.62,0,USD,Shipped
SO-102160,1,2026-02-24,2026-03-14,C-0078,P-MET-006,PL-02,2,83.98,5,USD,Shipped
SO-102160,2,2026-02-24,2026-03-04,C-0078,P-ENC-011,PL-04,1,228.08,0,USD,Shipped
SO-102160,3,2026-02-24,,C-0078,P-MET-003,PL-01,4,115.26,0,USD,Cancelled
SO-102162,1,2026-02-24,2026-03-15,C-0140,P-MET-010,PL-04,7,99.85,5,USD,Shipped
SO-102162,2,2026-02-24,2026-03-01,C-0140,P-MET-008,PL-01,2,83.95,5,USD,Shipped
SO-102178,1,2026-02-24,2026-03-16,C-0049,P-FAS-003,PL-01,12,11.69,8,USD,Shipped
SO-102180,1,2026-02-24,2026-02-28,C-0096,P-STR-004,PL-04,1,388.83,8,USD,Shipped
SO-102180,2,2026-02-24,2026-02-27,C-0096,P-FAS-004,PL-01,5,20.59,5,USD,Shipped
SO-102185,1,2026-02-24,2026-03-02,C-0080,P-FAS-007,PL-04,15,17.05,0,USD,Shipped
SO-102185,2,2026-02-24,2026-03-02,C-0080,P-STR-012,PL-01,5,270.53,5,USD,Shipped
SO-102189,1,2026-02-24,2026-03-02,C-0111,P-MET-010,PL-04,3,98.55,5,USD,Shipped
SO-102197,1,2026-02-24,2026-03-02,C-0049,P-MET-004,PL-01,5,87.93,2,USD,Shipped
SO-102197,2,2026-02-24,2026-03-04,C-0049,P-FAS-002,PL-02,8,20.78,2,USD,Shipped
SO-102064,1,2026-02-25,2026-03-12,C-0080,P-FAS-009,PL-02,6,27.66,0,USD,Shipped
SO-102070,1,2026-02-25,2026-03-17,C-0109,P-FAB-009,PL-04,5,2038.27,5,USD,Shipped
SO-102070,2,2026-02-25,2026-03-05,C-0109,P-ENC-004,PL-04,4,233.28,2,USD,Shipped
SO-102121,1,2026-02-25,2026-03-16,C-0062,P-MET-003,PL-02,4,112.63,2,USD,Shipped
SO-102121,2,2026-02-25,2026-03-07,C-0062,P-FAB-005,PL-02,3,1682.81,5,USD,Shipped
SO-102155,1,2026-02-25,2026-03-13,C-0058,P-STR-005,PL-04,7,353.08,0,USD,Shipped
SO-102155,2,2026-02-25,2026-03-08,C-0058,P-ENC-007,PL-03,22,365.57,2,USD,Shipped
SO-102155,3,2026-02-25,2026-03-06,C-0058,P-FAB-007,PL-02,5,1040.41,10,USD,Shipped
SO-102177,1,2026-02-25,2026-03-14,C-0021,P-STR-007,PL-03,6,411.36,0,USD,Shipped
SO-102177,2,2026-02-25,2026-03-04,C-0021,P-STR-003,PL-04,3,283.46,10,USD,Shipped
SO-102069,1,2026-02-26,2026-03-09,C-0096,P-FAS-006,PL-04,6,18.29,10,USD,Shipped
SO-102116,1,2026-02-26,2026-03-06,C-0117,P-MET-004,PL-02,2,91.04,10,USD,Shipped
SO-102116,2,2026-02-26,2026-03-12,C-0117,P-STR-009,PL-03,9,286.37,0,USD,Shipped
SO-102146,1,2026-02-26,2026-03-01,C-0068,P-FAB-007,PL-04,8,1044.56,5,USD,Shipped
SO-102172,1,2026-02-26,2026-03-19,C-0025,P-MET-011,PL-03,9,104.90,0,USD,Shipped
SO-102172,2,2026-02-26,2026-03-16,C-0025,P-FAS-008,PL-04,15,28.06,2,USD,Shipped
SO-102188,1,2026-02-26,2026-03-17,C-0049,P-FAS-012,PL-04,6,23.60,0,USD,Shipped
SO-102188,2,2026-02-26,2026-02-28,C-0049,P-STR-007,PL-04,6,409.55,0,USD,Shipped
SO-102214,1,2026-02-26,2026-03-14,C-0093,P-FAB-012,PL-02,7,1181.72,0,USD,Shipped
SO-102119,1,2026-02-27,2026-03-09,C-0112,P-ENC-006,PL-03,3,244.51,5,USD,Shipped
SO-102169,1,2026-02-27,2026-03-03,C-0081,P-MET-001,PL-02,7,63.61,0,USD,Shipped
SO-102169,2,2026-02-27,2026-03-01,C-0081,P-MET-002,PL-03,4,85.74,0,USD,Shipped
SO-102183,1,2026-02-27,2026-03-17,C-0113,P-ENC-005,PL-01,4,181.88,0,USD,Shipped
SO-102201,1,2026-02-27,2026-03-04,C-0091,P-FAS-009,PL-01,8,28.37,0,USD,Shipped
SO-102201,2,2026-02-27,2026-03-16,C-0091,P-FAS-003,PL-01,5,11.27,0,USD,Shipped
SO-102068,1,2026-02-28,2026-03-05,C-0038,P-STR-008,PL-04,2,689.64,0,USD,Shipped
SO-102148,1,2026-02-28,2026-03-21,C-0026,P-MET-001,PL-03,4,64.69,2,USD,Shipped
SO-102148,2,2026-02-28,2026-03-11,C-0026,P-FAS-006,PL-04,12,17.87,0,USD,Shipped
SO-102168,1,2026-02-28,2026-03-16,C-0083,P-FAB-004,PL-01,3,1305.75,0,USD,Shipped
SO-102168,2,2026-02-28,2026-03-09,C-0083,P-FAS-002,PL-03,4,19.79,5,USD,Shipped
SO-102168,3,2026-02-28,2026-03-10,C-0083,P-ENC-006,PL-01,4,247.60,8,USD,Shipped
SO-102176,1,2026-02-28,2026-03-07,C-0096,P-FAS-009,PL-02,2,27.90,2,USD,Shipped
SO-102176,2,2026-02-28,2026-03-15,C-0096,P-ENC-004,PL-04,4,231.04,2,USD,Shipped
SO-102220,1,2026-02-28,2026-03-14,C-0081,P-FAS-003,PL-03,11,11.82,2,USD,Shipped
SO-102220,2,2026-02-28,2026-03-20,C-0081,P-STR-009,PL-02,2,290.14,8,USD,Shipped
SO-102220,3,2026-02-28,2026-03-03,C-0081,P-MET-008,PL-03,1,82.80,0,USD,Shipped
SO-102237,1,2026-03-01,2026-03-15,C-0094,P-ENC-001,PL-04,11,162.73,0,USD,Shipped
SO-102268,1,2026-03-01,2026-03-12,C-0033,P-FAB-010,PL-03,4,1605.00,0,USD,Shipped
SO-102308,1,2026-03-01,2026-03-19,C-0027,P-FAS-001,PL-04,8,26.61,0,USD,Shipped
SO-102339,1,2026-03-01,2026-03-06,C-0062,P-FAB-002,PL-01,4,1068.49,2,USD,Shipped
SO-102339,2,2026-03-01,2026-03-05,C-0062,P-FAS-008,PL-03,17,28.52,5,USD,Shipped
SO-102285,1,2026-03-02,2026-03-20,C-0115,P-MET-002,PL-04,3,88.38,0,USD,Shipped
SO-102289,1,2026-03-02,,C-0073,P-FAS-004,PL-01,7,20.34,0,USD,Cancelled
SO-102290,1,2026-03-02,2026-03-04,C-0080,P-FAS-002,PL-04,7,20.51,10,USD,Shipped
SO-102313,1,2026-03-02,2026-03-08,C-0031,P-STR-007,PL-04,5,402.02,5,USD,Shipped
SO-102262,1,2026-03-03,2026-03-17,C-0016,P-FAB-001,PL-02,1,1974.62,5,USD,Shipped
SO-102262,2,2026-03-03,2026-03-21,C-0016,P-ENC-001,PL-02,1,166.82,8,USD,Shipped
SO-102262,3,2026-03-03,2026-03-20,C-0016,P-MET-012,PL-01,4,66.74,2,USD,Shipped
SO-102264,1,2026-03-03,2026-03-13,C-0066,P-FAB-001,PL-03,10,1961.57,5,USD,Shipped
SO-102317,1,2026-03-03,2026-03-13,C-0061,P-STR-003,PL-04,12,292.69,0,USD,Shipped
SO-102317,2,2026-03-03,2026-03-13,C-0061,P-ENC-002,PL-03,4,346.57,10,USD,Shipped
SO-102344,1,2026-03-03,2026-03-09,C-0032,P-ENC-008,PL-01,5,281.29,10,USD,Shipped
SO-102345,1,2026-03-03,2026-03-07,C-0083,P-ENC-007,PL-04,3,352.28,0,USD,Shipped
SO-102261,1,2026-03-04,2026-03-16,C-0117,P-FAS-010,PL-01,11,18.61,5,USD,Shipped
SO-102261,2,2026-03-04,2026-03-08,C-0117,P-FAB-003,PL-02,3,1819.57,5,USD,Shipped
SO-102315,1,2026-03-04,2026-03-06,C-0101,P-STR-010,PL-04,4,379.30,15,USD,Shipped
SO-102334,1,2026-03-04,2026-03-13,C-0122,P-ENC-008,PL-03,2,274.80,0,USD,Shipped
SO-102334,2,2026-03-04,2026-03-16,C-0122,P-FAS-006,PL-04,5,18.20,5,USD,Shipped
SO-102334,3,2026-03-04,2026-03-15,C-0122,P-STR-005,PL-04,12,334.60,2,USD,Shipped
SO-102341,1,2026-03-04,2026-03-22,C-0036,P-MET-011,PL-03,1,103.83,0,USD,Shipped
SO-102254,1,2026-03-05,2026-03-19,C-0083,P-FAS-004,PL-03,4,19.91,10,USD,Shipped
SO-102288,1,2026-03-05,2026-03-22,C-0060,P-FAS-003,PL-01,6,11.40,2,USD,Shipped
SO-102292,1,2026-03-05,2026-03-19,C-0105,P-MET-002,PL-01,2,89.10,2,USD,Shipped
SO-102292,2,2026-03-05,2026-03-15,C-0105,P-MET-004,PL-03,2,89.89,5,USD,Shipped
SO-102292,3,2026-03-05,2026-03-21,C-0105,P-MET-008,PL-04,3,84.20,0,USD,Shipped
SO-102294,1,2026-03-05,2026-03-19,C-0050,P-MET-004,PL-03,1,88.99,0,USD,Shipped
SO-102294,2,2026-03-05,2026-03-26,C-0050,P-FAB-006,PL-02,2,1161.04,8,USD,Shipped
SO-102291,1,2026-03-06,2026-03-21,C-0116,P-STR-011,PL-03,1,451.55,10,USD,Shipped
SO-102291,2,2026-03-06,2026-03-19,C-0116,P-FAS-011,PL-01,8,28.13,7,USD,Shipped
SO-102298,1,2026-03-06,2026-03-27,C-0101,P-MET-001,PL-04,10,64.29,15,USD,Shipped
SO-102343,1,2026-03-06,2026-03-21,C-0074,P-MET-002,PL-04,3,87.51,10,USD,Shipped
SO-102343,2,2026-03-06,2026-03-21,C-0074,P-MET-009,PL-02,2,134.09,5,USD,Shipped
SO-102258,1,2026-03-07,2026-03-10,C-0139,P-MET-009,PL-03,2,132.09,0,USD,Shipped
SO-102263,1,2026-03-07,2026-03-14,C-0107,P-MET-006,PL-01,7,82.55,10,USD,Shipped
SO-102280,1,2026-03-07,2026-03-27,C-0101,P-FAB-011,PL-04,3,1998.97,5,USD,Shipped
SO-102305,1,2026-03-07,2026-03-09,C-0057,P-MET-012,PL-01,14,64.99,2,USD,Shipped
SO-102305,2,2026-03-07,2026-03-20,C-0057,P-FAB-010,PL-04,9,1613.90,5,USD,Shipped
SO-102322,1,2026-03-07,2026-03-27,C-0027,P-FAS-008,PL-02,2,29.00,0,USD,Shipped
SO-102322,2,2026-03-07,2026-03-19,C-0027,P-FAS-012,PL-01,4,23.99,5,USD,Shipped
SO-102322,3,2026-03-07,2026-03-10,C-0027,P-STR-008,PL-04,6,656.09,10,USD,Shipped
SO-102301,1,2026-03-08,2026-03-22,C-0013,P-MET-006,PL-01,12,83.12,10,USD,Shipped
SO-102301,2,2026-03-08,2026-03-24,C-0013,P-ENC-007,PL-04,1,346.83,2,USD,Shipped
SO-102309,1,2026-03-08,2026-03-10,C-0097,P-ENC-001,PL-01,5,171.55,0,USD,Shipped
SO-102309,2,2026-03-08,2026-03-24,C-0097,P-MET-002,PL-04,6,86.07,2,USD,Shipped
SO-102309,3,2026-03-08,2026-03-24,C-0097,P-FAS-010,PL-01,15,18.46,10,USD,Shipped
SO-102340,1,2026-03-08,2026-03-25,C-0113,P-ENC-004,PL-01,5,236.85,2,USD,Shipped
SO-102231,1,2026-03-09,2026-03-28,C-0122,P-MET-008,PL-01,1,80.65,0,USD,Shipped
SO-102234,1,2026-03-09,2026-03-30,C-0117,P-FAS-012,PL-03,4,24.27,2,USD,Shipped
SO-102234,2,2026-03-09,2026-03-11,C-0117,P-STR-002,PL-04,4,666.76,2,USD,Shipped
SO-102248,1,2026-03-09,,C-0028,P-MET-008,PL-04,2,82.65,5,USD,Cancelled
SO-102248,2,2026-03-09,2026-03-17,C-0028,P-FAS-002,PL-03,6,20.08,10,USD,Shipped
SO-102330,1,2026-03-09,2026-03-21,C-0122,P-MET-005,PL-04,3,127.11,10,USD,Shipped
SO-102330,2,2026-03-09,2026-03-20,C-0122,P-ENC-008,PL-04,3,278.83,2,USD,Shipped
SO-102330,3,2026-03-09,2026-03-20,C-0122,P-FAS-012,PL-04,11,23.41,10,USD,Shipped
SO-102319,1,2026-03-10,2026-03-29,C-0130,P-FAS-008,PL-03,6,27.65,5,USD,Shipped
SO-102319,2,2026-03-10,2026-03-25,C-0130,P-ENC-012,PL-02,6,344.77,10,USD,Shipped
SO-102319,3,2026-03-10,2026-03-31,C-0130,P-MET-007,PL-01,5,130.47,0,USD,Shipped
SO-102270,1,2026-03-11,2026-03-30,C-0041,P-MET-001,PL-04,2,64.12,10,USD,Shipped
SO-102270,2,2026-03-11,2026-03-15,C-0041,P-STR-003,PL-03,1,296.26,10,USD,Shipped
SO-102270,3,2026-03-11,2026-03-19,C-0041,P-ENC-001,PL-01,3,166.18,0,USD,Shipped
SO-102293,1,2026-03-11,2026-03-31,C-0054,P-FAS-002,PL-03,6,20.06,0,USD,Shipped
SO-102320,1,2026-03-11,2026-03-13,C-0029,P-MET-009,PL-02,1,132.30,10,USD,Shipped
SO-102320,2,2026-03-11,2026-04-01,C-0029,P-FAS-001,PL-02,10,25.45,0,USD,Shipped
SO-102266,1,2026-03-12,2026-03-29,C-0099,P-FAS-009,PL-01,17,27.10,5,USD,Shipped
SO-102245,1,2026-03-13,2026-03-31,C-0075,P-ENC-007,PL-01,3,358.52,8,USD,Shipped
SO-102251,1,2026-03-13,2026-04-03,C-0061,P-ENC-010,PL-04,9,220.09,0,USD,Shipped
SO-102251,2,2026-03-13,2026-03-26,C-0061,P-FAS-007,PL-01,13,17.21,0,USD,Shipped
SO-102314,1,2026-03-13,2026-03-17,C-0038,P-FAS-012,PL-03,14,24.06,0,USD,Shipped
SO-102314,2,2026-03-13,2026-03-22,C-0038,P-MET-001,PL-03,6,65.56,10,USD,Shipped
SO-102314,3,2026-03-13,,C-0038,P-ENC-001,PL-02,5,167.02,0,USD,Cancelled
SO-102325,1,2026-03-13,2026-04-01,C-0044,P-MET-007,PL-01,1,133.70,0,USD,Shipped
SO-102299,1,2026-03-14,2026-03-20,C-0007,P-STR-012,PL-04,1,283.10,5,USD,Shipped
SO-102299,2,2026-03-14,2026-03-28,C-0007,P-FAS-001,PL-01,10,25.63,8,USD,Shipped
SO-102310,1,2026-03-14,2026-03-19,C-0084,P-STR-009,PL-03,1,298.03,10,USD,Shipped
SO-102318,1,2026-03-14,2026-03-18,C-0022,P-STR-009,PL-01,4,289.04,2,USD,Shipped
SO-102331,1,2026-03-14,2026-03-30,C-0117,P-FAS-002,PL-02,12,19.82,0,USD,Shipped
SO-102331,2,2026-03-14,2026-04-04,C-0117,P-MET-005,PL-01,7,129.44,0,USD,Shipped
SO-102331,3,2026-03-14,2026-03-29,C-0117,P-MET-002,PL-04,2,89.56,8,USD,Shipped
SO-102225,1,2026-03-15,2026-03-18,C-0092,P-STR-010,PL-01,4,374.11,8,USD,Shipped
SO-102225,2,2026-03-15,2026-03-28,C-0092,P-FAS-010,PL-02,20,17.92,0,USD,Shipped
SO-102253,1,2026-03-15,2026-03-31,C-0056,P-FAS-002,PL-03,7,20.30,0,USD,Shipped
SO-102253,2,2026-03-15,2026-04-01,C-0056,P-FAS-005,PL-03,3,12.46,10,USD,Shipped
SO-102253,3,2026-03-15,2026-03-19,C-0056,P-MET-012,PL-03,8,64.99,0,USD,Shipped
SO-102267,1,2026-03-15,2026-04-02,C-0005,P-FAS-001,PL-03,10,26.31,5,USD,Shipped
SO-102279,1,2026-03-15,2026-03-18,C-0071,P-ENC-003,PL-04,6,263.93,8,USD,Shipped
SO-102329,1,2026-03-15,2026-03-18,C-0037,P-FAS-007,PL-02,9,17.32,0,USD,Shipped
SO-102332,1,2026-03-15,2026-03-28,C-0132,P-ENC-001,PL-01,3,170.52,5,USD,Shipped
SO-102338,1,2026-03-15,2026-03-29,C-0026,P-FAS-010,PL-04,13,18.66,5,USD,Shipped
SO-102227,1,2026-03-16,2026-03-23,C-0002,P-MET-007,PL-02,5,133.12,5,USD,Shipped
SO-102227,2,2026-03-16,,C-0002,P-ENC-005,PL-01,4,191.58,0,USD,Cancelled
SO-102230,1,2026-03-16,2026-03-25,C-0131,P-FAS-007,PL-04,2,16.97,0,USD,Shipped
SO-102287,1,2026-03-16,2026-04-02,C-0024,P-FAS-006,PL-03,11,18.33,0,USD,Shipped
SO-102337,1,2026-03-16,2026-03-30,C-0032,P-MET-002,PL-04,2,88.48,5,USD,Shipped
SO-102246,1,2026-03-17,2026-04-03,C-0123,P-FAS-004,PL-01,7,20.64,5,USD,Shipped
SO-102246,2,2026-03-17,,C-0123,P-FAS-001,PL-01,3,25.69,8,USD,Cancelled
SO-102246,3,2026-03-17,2026-04-01,C-0123,P-MET-008,PL-04,9,82.17,0,USD,Shipped
SO-102295,1,2026-03-17,2026-03-20,C-0007,P-ENC-012,PL-04,13,352.16,0,USD,Shipped
SO-102295,2,2026-03-17,2026-03-24,C-0007,P-MET-011,PL-03,4,108.69,10,USD,Shipped
SO-102346,1,2026-03-17,2026-03-24,C-0019,P-FAS-003,PL-01,25,11.51,10,USD,Shipped
SO-102346,2,2026-03-17,2026-03-22,C-0019,P-FAS-004,PL-02,15,19.88,2,USD,Shipped
SO-102228,1,2026-03-18,,C-0062,P-STR-005,PL-03,2,337.15,0,USD,Cancelled
SO-102228,2,2026-03-18,2026-04-06,C-0062,P-FAS-006,PL-04,26,18.76,10,USD,Shipped
SO-102233,1,2026-03-18,2026-03-24,C-0031,P-FAS-003,PL-01,3,11.78,5,USD,Shipped
SO-102233,2,2026-03-18,2026-04-02,C-0031,P-MET-012,PL-02,9,65.34,0,USD,Shipped
SO-102278,1,2026-03-18,2026-03-22,C-0043,P-ENC-010,PL-01,3,222.81,5,USD,Shipped
SO-102282,1,2026-03-18,2026-03-28,C-0094,P-FAS-009,PL-03,9,27.80,0,USD,Shipped
SO-102282,2,2026-03-18,2026-03-20,C-0094,P-FAS-007,PL-04,6,17.14,2,USD,Shipped
SO-102333,1,2026-03-18,2026-03-23,C-0041,P-ENC-009,PL-03,4,186.56,0,USD,Shipped
SO-102333,2,2026-03-18,2026-03-20,C-0041,P-FAS-001,PL-03,4,26.66,0,USD,Shipped
SO-102336,1,2026-03-18,2026-03-21,C-0122,P-FAB-001,PL-01,5,2070.42,8,USD,Shipped
SO-102249,1,2026-03-19,2026-04-06,C-0019,P-FAS-011,PL-03,3,27.96,5,USD,Shipped
SO-102249,2,2026-03-19,2026-03-22,C-0019,P-FAB-005,PL-01,5,1706.19,8,USD,Shipped
SO-102272,1,2026-03-19,2026-03-30,C-0064,P-STR-008,PL-02,6,682.11,8,USD,Shipped
SO-102306,1,2026-03-19,2026-04-02,C-0115,P-MET-011,PL-03,2,106.12,8,USD,Shipped
SO-102307,1,2026-03-19,2026-04-09,C-0023,P-FAS-009,PL-03,6,28.27,0,USD,Shipped
SO-102307,2,2026-03-19,2026-04-01,C-0023,P-FAS-007,PL-01,7,17.11,5,USD,Shipped
SO-102242,1,2026-03-20,2026-03-29,C-0082,P-FAB-009,PL-04,4,2084.21,10,USD,Shipped
SO-102242,2,2026-03-20,2026-04-09,C-0082,P-MET-004,PL-04,8,88.06,10,USD,Shipped
SO-102243,1,2026-03-20,2026-04-03,C-0011,P-FAS-010,PL-03,14,17.78,10,USD,Shipped
SO-102243,2,2026-03-20,2026-04-01,C-0011,P-FAS-012,PL-01,5,24.36,0,USD,Shipped
SO-102265,1,2026-03-20,2026-04-10,C-0055,P-STR-005,PL-02,6,346.28,0,USD,Shipped
SO-102269,1,2026-03-20,2026-03-28,C-0132,P-FAS-001,PL-01,7,26.05,10,USD,Shipped
SO-102284,1,2026-03-20,2026-04-08,C-0079,P-FAS-002,PL-02,4,20.04,5,USD,Shipped
SO-102342,1,2026-03-20,2026-04-07,C-0078,P-MET-004,PL-01,4,92.56,0,USD,Shipped
SO-102226,1,2026-03-21,2026-03-25,C-0100,P-STR-001,PL-01,5,363.95,8,USD,Shipped
SO-102252,1,2026-03-21,2026-04-06,C-0040,P-ENC-003,PL-02,2,276.16,8,USD,Shipped
SO-102312,1,2026-03-21,2026-03-30,C-0114,P-FAS-005,PL-04,9,12.42,0,USD,Shipped
SO-102312,2,2026-03-21,2026-04-02,C-0114,P-STR-009,PL-04,3,297.22,0,USD,Shipped
SO-102316,1,2026-03-21,2026-04-08,C-0045,P-ENC-003,PL-04,7,267.18,2,USD,Shipped
SO-102316,2,2026-03-21,2026-03-31,C-0045,P-MET-008,PL-04,4,85.09,5,USD,Shipped
SO-102321,1,2026-03-21,2026-04-07,C-0060,P-FAS-002,PL-02,7,20.37,5,USD,Shipped
SO-102321,2,2026-03-21,2026-03-30,C-0060,P-ENC-009,PL-04,7,192.68,8,USD,Shipped
SO-102335,1,2026-03-21,2026-03-30,C-0070,P-FAS-004,PL-03,17,19.68,5,USD,Shipped
SO-102244,1,2026-03-22,2026-04-12,C-0099,P-FAS-005,PL-01,7,12.46,10,USD,Shipped
SO-102281,1,2026-03-22,2026-03-27,C-0114,P-STR-009,PL-02,9,293.26,10,USD,Shipped
SO-102297,1,2026-03-22,2026-03-25,C-0080,P-MET-003,PL-04,2,116.30,8,USD,Shipped
SO-102297,2,2026-03-22,2026-03-24,C-0080,P-FAB-009,PL-01,3,2004.12,2,USD,Shipped
SO-102311,1,2026-03-22,2026-04-01,C-0097,P-MET-001,PL-01,1,63.10,5,USD,Shipped
SO-102311,2,2026-03-22,2026-03-31,C-0097,P-STR-011,PL-04,5,449.30,8,USD,Shipped
SO-102235,1,2026-03-23,2026-04-02,C-0007,P-MET-007,PL-01,4,128.67,5,USD,Shipped
SO-102238,1,2026-03-23,2026-04-10,C-0055,P-STR-002,PL-02,6,645.48,0,USD,Shipped
SO-102238,2,2026-03-23,2026-04-01,C-0055,P-MET-011,PL-04,3,106.98,10,USD,Shipped
SO-102238,3,2026-03-23,2026-04-01,C-0055,P-MET-006,PL-03,5,84.03,10,USD,Shipped
SO-102283,1,2026-03-23,2026-04-05,C-0055,P-MET-008,PL-04,2,83.25,2,USD,Shipped
SO-102303,1,2026-03-24,2026-04-01,C-0110,P-FAB-006,PL-02,2,1154.46,8,USD,Shipped
SO-102303,2,2026-03-24,2026-03-31,C-0110,P-STR-004,PL-02,3,391.18,8,USD,Shipped
SO-102239,1,2026-03-25,2026-04-08,C-0018,P-FAS-010,PL-04,14,18.33,0,USD,Shipped
SO-102239,2,2026-03-25,,C-0018,P-ENC-005,PL-04,5,187.83,0,USD,Cancelled
SO-102273,1,2026-03-25,2026-04-02,C-0008,P-ENC-004,PL-02,7,234.52,2,USD,Shipped
SO-102296,1,2026-03-25,2026-04-01,C-0019,P-STR-004,PL-04,2,378.58,0,USD,Shipped
SO-102326,1,2026-03-25,2026-04-08,C-0088,P-FAS-001,PL-03,1,25.77,0,USD,Shipped
SO-102326,2,2026-03-25,2026-04-06,C-0088,P-FAS-002,PL-01,7,20.19,8,USD,Shipped
SO-102229,1,2026-03-26,2026-03-31,C-0106,P-MET-007,PL-01,5,134.07,0,USD,Shipped
SO-102260,1,2026-03-26,2026-04-04,C-0133,P-MET-009,PL-04,3,129.11,5,USD,Shipped
SO-102260,2,2026-03-26,2026-04-16,C-0133,P-FAS-004,PL-01,16,20.13,5,USD,Shipped
SO-102260,3,2026-03-26,2026-04-15,C-0133,P-ENC-012,PL-01,11,355.74,2,USD,Shipped
SO-102274,1,2026-03-26,2026-04-12,C-0037,P-ENC-009,PL-02,4,195.24,10,USD,Shipped
SO-102274,2,2026-03-26,,C-0037,P-MET-004,PL-03,5,88.39,5,USD,Cancelled
SO-102276,1,2026-03-26,2026-04-04,C-0071,P-FAS-006,PL-03,6,17.77,2,USD,Shipped
SO-102277,1,2026-03-26,2026-04-05,C-0062,P-ENC-009,PL-03,4,196.81,0,USD,Shipped
SO-102286,1,2026-03-26,2026-04-05,C-0029,P-STR-003,PL-01,4,289.06,0,USD,Shipped
SO-102241,1,2026-03-27,2026-03-30,C-0041,P-FAS-005,PL-03,7,12.89,10,USD,Shipped
SO-102241,2,2026-03-27,2026-04-17,C-0041,P-FAS-004,PL-04,8,20.40,10,USD,Shipped
SO-102271,1,2026-03-27,2026-04-15,C-0077,P-STR-005,PL-02,4,341.29,10,USD,Shipped
SO-102247,1,2026-03-28,2026-04-02,C-0043,P-FAS-011,PL-04,3,28.40,2,USD,Shipped
SO-102255,1,2026-03-28,2026-04-16,C-0030,P-MET-007,PL-01,4,130.53,0,USD,Shipped
SO-102255,2,2026-03-28,2026-04-09,C-0030,P-FAS-009,PL-04,9,28.52,0,USD,Shipped
SO-102259,1,2026-03-28,2026-04-15,C-0041,P-STR-007,PL-04,2,415.03,10,USD,Shipped
SO-102259,2,2026-03-28,2026-04-10,C-0041,P-ENC-003,PL-04,5,274.75,2,USD,Shipped
SO-102259,3,2026-03-28,2026-04-09,C-0041,P-MET-009,PL-03,2,130.77,0,USD,Shipped
SO-102323,1,2026-03-28,2026-04-06,C-0097,P-FAS-007,PL-01,12,17.57,0,USD,Shipped
SO-102323,2,2026-03-28,2026-04-07,C-0097,P-MET-007,PL-04,2,131.07,2,USD,Shipped
SO-102275,1,2026-03-29,2026-04-09,C-0017,P-MET-005,PL-04,9,129.98,5,USD,Shipped
SO-102302,1,2026-03-29,2026-04-06,C-0084,P-MET-001,PL-03,5,63.38,0,USD,Shipped
SO-102302,2,2026-03-29,2026-04-02,C-0084,P-FAS-008,PL-03,8,28.27,10,USD,Shipped
SO-102304,1,2026-03-29,2026-04-02,C-0060,P-STR-002,PL-04,1,660.88,5,USD,Shipped
SO-102304,2,2026-03-29,2026-04-07,C-0060,P-MET-004,PL-02,1,89.44,5,USD,Shipped
SO-102324,1,2026-03-29,2026-04-06,C-0034,P-STR-011,PL-01,2,463.57,0,USD,Shipped
SO-102324,2,2026-03-29,2026-04-01,C-0034,P-ENC-002,PL-03,10,360.30,0,USD,Shipped
SO-102324,3,2026-03-29,2026-04-16,C-0034,P-FAS-007,PL-03,15,17.75,0,USD,Shipped
SO-102327,1,2026-03-29,2026-04-11,C-0107,P-FAB-006,PL-02,1,1194.18,10,USD,Shipped
SO-102240,1,2026-03-30,2026-04-01,C-0034,P-FAS-009,PL-04,9,28.22,0,USD,Shipped
SO-102300,1,2026-03-30,2026-04-04,C-0095,P-FAS-006,PL-03,5,18.66,0,USD,Shipped
SO-102232,1,2026-03-31,2026-04-20,C-0023,P-STR-003,PL-04,3,293.84,8,USD,Shipped
SO-102236,1,2026-03-31,2026-04-14,C-0011,P-MET-001,PL-01,2,62.84,0,USD,Shipped
SO-102236,2,2026-03-31,2026-04-19,C-0011,P-FAS-003,PL-02,10,11.37,5,USD,Shipped
SO-102236,3,2026-03-31,2026-04-10,C-0011,P-FAS-011,PL-04,1,27.67,8,USD,Shipped
SO-102250,1,2026-03-31,2026-04-16,C-0120,P-MET-001,PL-04,4,65.10,10,USD,Shipped
SO-102250,1,2026-03-31,2026-04-16,C-0120,P-MET-001,PL-04,4,65.10,10,USD,Shipped
SO-102256,1,2026-03-31,2026-04-18,C-0086,P-FAB-010,PL-01,3,1694.93,8,USD,Shipped
SO-102256,2,2026-03-31,2026-04-03,C-0086,P-STR-001,PL-03,5,370.63,2,USD,Shipped
SO-102257,1,2026-03-31,2026-04-08,C-0104,P-FAS-006,PL-03,14,18.72,8,USD,Shipped
SO-102257,2,2026-03-31,2026-04-09,C-0104,P-ENC-006,PL-03,12,253.69,0,USD,Shipped
SO-102328,1,2026-03-31,2026-04-08,C-0107,P-ENC-006,PL-04,11,245.81,10,USD,Shipped
SO-102375,1,2026-04-01,2026-04-16,C-0071,P-FAB-007,PL-04,4,1060.06,0,USD,Shipped
SO-102375,2,2026-04-01,2026-04-04,C-0071,P-ENC-012,PL-01,3,355.17,0,USD,Shipped
SO-102384,1,2026-04-01,2026-04-22,C-0049,P-FAS-004,PL-02,10,20.38,0,USD,Shipped
SO-102384,2,2026-04-01,2026-04-14,C-0049,P-MET-003,PL-03,5,112.49,10,USD,Shipped
SO-102384,3,2026-04-01,2026-04-04,C-0049,P-FAS-004,PL-02,11,20.52,8,USD,Shipped
SO-102427,1,2026-04-01,2026-04-14,C-0134,P-MET-004,PL-03,3,89.66,0,USD,Shipped
SO-102427,2,2026-04-01,2026-04-22,C-0134,P-FAS-012,PL-04,4,23.92,2,USD,Shipped
SO-102427,3,2026-04-01,2026-04-04,C-0134,P-FAS-009,PL-01,7,27.15,0,USD,Shipped
SO-102439,1,2026-04-01,2026-04-08,C-0098,P-STR-002,PL-03,3,641.17,10,USD,Shipped
SO-102439,2,2026-04-01,2026-04-09,C-0098,P-FAS-007,PL-03,11,17.16,10,USD,Shipped
SO-102439,3,2026-04-01,2026-04-18,C-0098,P-STR-009,PL-01,3,292.30,8,USD,Shipped
SO-102508,1,2026-04-01,2026-04-03,C-0075,P-MET-005,PL-04,4,129.98,5,USD,Shipped
SO-102382,1,2026-04-02,2026-04-23,C-0014,P-MET-006,PL-04,3,86.65,2,USD,Shipped
SO-102429,1,2026-04-02,,C-0049,P-FAS-002,PL-03,9,20.00,0,USD,Cancelled
SO-102429,2,2026-04-02,2026-04-05,C-0049,P-STR-011,PL-03,1,471.98,0,USD,Shipped
SO-102429,3,2026-04-02,2026-04-19,C-0049,P-STR-002,PL-02,3,677.83,10,USD,Shipped
SO-102471,1,2026-04-02,2026-04-14,C-0095,P-ENC-008,PL-02,13,285.06,5,USD,Shipped
SO-102485,1,2026-04-02,2026-04-10,C-0090,P-FAS-010,PL-03,17,18.03,5,USD,Shipped
SO-102505,1,2026-04-02,2026-04-15,C-0122,P-ENC-004,PL-03,4,228.35,2,USD,Shipped
SO-102507,1,2026-04-02,2026-04-09,C-0081,P-STR-004,PL-01,6,380.66,10,USD,Shipped
SO-102509,1,2026-04-02,2026-04-22,C-0043,P-MET-009,PL-04,6,134.21,8,USD,Shipped
SO-102356,1,2026-04-03,2026-04-18,C-0053,P-ENC-009,PL-02,5,186.78,0,USD,Shipped
SO-102385,1,2026-04-03,2026-04-05,C-0075,P-STR-010,PL-03,1,383.67,5,USD,Shipped
SO-102413,1,2026-04-03,2026-04-12,C-0132,P-MET-012,PL-01,6,65.90,8,USD,Shipped
SO-102447,1,2026-04-03,2026-04-15,C-0025,P-MET-004,PL-01,2,92.00,5,USD,Shipped
SO-102447,2,2026-04-03,2026-04-10,C-0025,P-ENC-010,PL-04,1,224.38,5,USD,Shipped
SO-102452,1,2026-04-03,2026-04-18,C-0133,P-FAS-006,PL-03,9,18.65,0,USD,Shipped
SO-102454,1,2026-04-03,2026-04-11,C-0067,P-ENC-012,PL-04,2,339.69,0,USD,Shipped
SO-102454,2,2026-04-03,2026-04-06,C-0067,P-FAS-001,PL-02,6,26.17,5,USD,Shipped
SO-102468,1,2026-04-03,2026-04-23,C-0026,P-MET-011,PL-04,2,104.20,0,USD,Shipped
SO-102469,1,2026-04-03,2026-04-21,C-0089,P-MET-009,PL-02,4,127.31,5,USD,Shipped
SO-102482,1,2026-04-03,2026-04-18,C-0071,P-MET-005,PL-01,2,127.36,8,USD,Shipped
SO-102482,2,2026-04-03,2026-04-21,C-0071,P-ENC-006,PL-02,3,243.25,0,USD,Shipped
SO-102491,1,2026-04-03,2026-04-09,C-0003,P-MET-004,PL-02,10,89.60,2,USD,Shipped
SO-102367,1,2026-04-04,2026-04-22,C-0126,P-FAS-005,PL-01,9,12.55,0,USD,Shipped
SO-102367,2,2026-04-04,2026-04-20,C-0126,P-FAS-006,PL-01,2,18.31,0,USD,Shipped
SO-102367,3,2026-04-04,2026-04-24,C-0126,P-ENC-007,PL-02,3,363.19,5,USD,Shipped
SO-102407,1,2026-04-04,2026-04-09,C-0112,P-FAS-006,PL-01,5,17.88,0,USD,Shipped
SO-102432,1,2026-04-04,2026-04-10,C-0030,P-MET-009,PL-02,1,132.49,2,USD,Shipped
SO-102455,1,2026-04-04,2026-04-21,C-0067,P-MET-011,PL-04,1,108.16,8,USD,Shipped
SO-102455,2,2026-04-04,2026-04-22,C-0067,P-MET-003,PL-03,2,117.77,2,USD,Shipped
SO-102462,1,2026-04-04,2026-04-24,C-0123,P-MET-012,PL-03,2,66.16,5,USD,Shipped
SO-102462,2,2026-04-04,2026-04-13,C-0123,P-ENC-007,PL-03,6,364.47,5,USD,Shipped
SO-102351,1,2026-04-05,2026-04-22,C-0118,P-MET-003,PL-04,1,114.41,2,USD,Shipped
SO-102444,1,2026-04-05,2026-04-22,C-0103,P-FAS-009,PL-04,4,27.35,5,USD,Shipped
SO-102464,1,2026-04-05,,C-0026,P-FAS-011,PL-02,4,27.79,0,USD,Cancelled
SO-102464,2,2026-04-05,2026-04-11,C-0026,P-FAB-009,PL-02,3,2073.88,0,USD,Shipped
SO-102466,1,2026-04-05,2026-04-16,C-0009,P-MET-007,PL-04,5,133.69,10,USD,Shipped
SO-102475,1,2026-04-05,2026-04-15,C-0018,P-MET-002,PL-03,3,88.50,2,USD,Shipped
SO-102475,2,2026-04-05,2026-04-20,C-0018,P-MET-009,PL-01,4,127.35,0,USD,Shipped
SO-102477,1,2026-04-05,2026-04-16,C-0113,P-STR-011,PL-04,2,471.01,0,USD,Shipped
SO-102477,2,2026-04-05,2026-04-24,C-0113,P-FAS-002,PL-04,11,20.80,8,USD,Shipped
SO-102513,1,2026-04-05,2026-04-20,C-0013,P-FAS-007,PL-03,6,17.02,0,USD,Shipped
SO-102513,2,2026-04-05,2026-04-18,C-0013,P-FAS-007,PL-02,7,17.22,10,USD,Shipped
SO-102349,1,2026-04-06,2026-04-23,C-0126,P-FAS-002,PL-03,3,20.84,0,USD,Shipped
SO-102349,2,2026-04-06,2026-04-21,C-0126,P-MET-012,PL-01,6,65.21,0,USD,Shipped
SO-102357,1,2026-04-06,2026-04-22,C-0033,P-FAS-001,PL-02,6,25.33,0,USD,Shipped
SO-102473,1,2026-04-06,2026-04-18,C-0128,P-ENC-003,PL-03,6,272.54,5,USD,Shipped
SO-102473,2,2026-04-06,2026-04-25,C-0128,P-MET-006,PL-04,3,86.66,5,USD,Shipped
SO-102498,1,2026-04-06,2026-04-20,C-0079,P-FAB-009,PL-04,2,2022.70,0,USD,Shipped
SO-102348,1,2026-04-07,2026-04-18,C-0127,P-FAB-008,PL-01,2,1416.77,13,USD,Shipped
SO-102363,1,2026-04-07,2026-04-17,C-0110,P-FAS-011,PL-03,3,29.11,5,USD,Shipped
SO-102448,1,2026-04-07,2026-04-15,C-0122,P-FAB-002,PL-04,5,1066.16,5,USD,Shipped
SO-102404,1,2026-04-08,2026-04-28,C-0058,P-MET-012,PL-02,4,65.86,8,USD,Shipped
SO-102404,2,2026-04-08,2026-04-12,C-0058,P-FAS-011,PL-01,17,28.66,10,USD,Shipped
SO-102404,3,2026-04-08,2026-04-24,C-0058,P-MET-004,PL-04,5,92.63,0,USD,Shipped
SO-102420,1,2026-04-08,2026-04-24,C-0134,P-FAS-005,PL-04,5,12.72,2,USD,Shipped
SO-102431,1,2026-04-08,2026-04-13,C-0074,P-FAS-004,PL-01,17,20.49,8,USD,Shipped
SO-102438,1,2026-04-08,2026-04-20,C-0006,P-FAS-001,PL-03,5,25.48,5,USD,Shipped
SO-102440,1,2026-04-08,2026-04-22,C-0129,P-ENC-003,PL-02,5,273.46,0,USD,Shipped
SO-102440,2,2026-04-08,2026-04-23,C-0129,P-ENC-011,PL-01,2,229.10,0,USD,Shipped
SO-102440,3,2026-04-08,2026-04-25,C-0129,P-FAB-002,PL-02,3,1049.94,0,USD,Shipped
SO-102465,1,2026-04-08,2026-04-11,C-0018,P-FAS-002,PL-03,1,19.92,0,USD,Shipped
SO-102465,2,2026-04-08,2026-04-27,C-0018,P-FAS-011,PL-02,12,27.62,8,USD,Shipped
SO-102465,3,2026-04-08,2026-04-13,C-0018,P-FAS-009,PL-03,8,27.07,0,USD,Shipped
SO-102499,1,2026-04-08,2026-04-25,C-0011,P-ENC-009,PL-01,3,187.17,10,USD,Shipped
SO-102365,1,2026-04-09,2026-04-22,C-0076,P-FAB-002,PL-03,5,1055.11,10,USD,Shipped
SO-102403,1,2026-04-09,2026-04-17,C-0005,P-FAB-006,PL-01,8,1192.06,0,USD,Shipped
SO-102406,1,2026-04-09,2026-04-15,C-0070,P-ENC-011,PL-03,5,228.70,5,USD,Shipped
SO-102406,2,2026-04-09,2026-04-28,C-0070,P-STR-001,PL-02,5,383.23,8,USD,Shipped
SO-102414,1,2026-04-09,2026-04-13,C-0071,P-FAS-007,PL-04,2,17.70,0,USD,Shipped
SO-102414,2,2026-04-09,2026-04-21,C-0071,P-MET-010,PL-02,4,97.36,8,USD,Shipped
SO-102424,1,2026-04-09,2026-04-22,C-0006,P-FAS-007,PL-01,12,17.41,0,USD,Shipped
SO-102424,2,2026-04-09,2026-04-26,C-0006,P-ENC-010,PL-03,7,221.61,0,USD,Shipped
SO-102467,1,2026-04-09,2026-04-13,C-0129,P-MET-005,PL-03,13,128.73,0,USD,Shipped
SO-102433,1,2026-04-10,2026-04-26,C-0036,P-FAS-009,PL-02,18,28.21,0,USD,Shipped
SO-102434,1,2026-04-10,2026-04-25,C-0104,P-STR-001,PL-01,5,376.17,5,USD,Shipped
SO-102456,1,2026-04-10,2026-04-13,C-0127,P-STR-008,PL-02,5,661.97,13,USD,Shipped
SO-102484,1,2026-04-10,2026-04-21,C-0039,P-ENC-008,PL-03,2,278.73,0,USD,Shipped
SO-102487,1,2026-04-10,2026-04-23,C-0087,P-FAB-001,PL-01,5,2042.72,5,USD,Shipped
SO-102487,2,2026-04-10,2026-04-18,C-0087,P-FAB-002,PL-03,6,1065.09,7,USD,Shipped
SO-102487,3,2026-04-10,2026-04-15,C-0087,P-MET-005,PL-03,2,129.90,13,USD,Shipped
SO-102358,1,2026-04-11,2026-04-25,C-0061,P-MET-011,PL-01,7,107.90,5,USD,Shipped
SO-102359,1,2026-04-11,2026-04-19,C-0041,P-MET-010,PL-04,2,95.17,0,USD,Shipped
SO-102359,2,2026-04-11,,C-0041,P-STR-001,PL-03,5,375.48,5,USD,Cancelled
SO-102372,1,2026-04-11,2026-04-22,C-0046,P-FAB-009,PL-04,3,2094.68,8,USD,Shipped
SO-102372,2,2026-04-11,2026-04-26,C-0046,P-FAS-003,PL-02,12,11.35,8,USD,Shipped
SO-102372,3,2026-04-11,2026-04-28,C-0046,P-FAS-010,PL-04,4,18.47,0,USD,Shipped
SO-102470,1,2026-04-11,2026-04-18,C-0084,P-ENC-003,PL-03,4,274.57,5,USD,Shipped
SO-102470,2,2026-04-11,2026-04-22,C-0084,P-FAB-011,PL-02,8,2069.85,0,USD,Shipped
SO-102479,1,2026-04-11,2026-04-15,C-0053,P-MET-003,PL-02,1,116.06,10,USD,Shipped
SO-102480,1,2026-04-11,2026-04-23,C-0025,P-FAS-008,PL-04,8,28.51,0,USD,Shipped
SO-102494,1,2026-04-11,2026-04-27,C-0104,P-ENC-006,PL-01,4,249.86,10,USD,Shipped
SO-102494,2,2026-04-11,2026-04-24,C-0104,P-STR-010,PL-03,6,375.54,8,USD,Shipped
SO-102496,1,2026-04-11,2026-04-15,C-0047,P-ENC-008,PL-04,12,278.82,0,USD,Shipped
SO-102504,1,2026-04-11,2026-04-16,C-0098,P-FAS-005,PL-03,10,12.72,5,USD,Shipped
SO-102504,2,2026-04-11,2026-04-29,C-0098,P-FAS-008,PL-04,6,27.72,0,USD,Shipped
SO-102504,3,2026-04-11,2026-04-29,C-0098,P-FAS-002,PL-01,15,20.91,2,USD,Shipped
SO-102506,1,2026-04-11,2026-04-20,C-0103,P-STR-008,PL-04,2,664.88,0,USD,Shipped
SO-102506,2,2026-04-11,2026-04-22,C-0103,P-ENC-001,PL-04,7,166.51,0,USD,Shipped
SO-102506,3,2026-04-11,2026-05-01,C-0103,P-STR-008,PL-02,2,672.11,0,USD,Shipped
SO-102350,1,2026-04-12,2026-04-22,C-0017,P-MET-006,PL-03,2,87.29,0,USD,Shipped
SO-102387,1,2026-04-12,2026-04-20,C-0070,P-ENC-006,PL-04,6,255.02,0,USD,Shipped
SO-102394,1,2026-04-12,2026-04-23,C-0117,P-FAS-011,PL-04,15,27.57,5,USD,Shipped
SO-102408,1,2026-04-12,2026-04-30,C-0138,P-FAS-012,PL-04,9,24.06,5,USD,Shipped
SO-102408,2,2026-04-12,2026-04-22,C-0138,P-STR-011,PL-04,2,454.69,0,USD,Shipped
SO-102463,1,2026-04-12,2026-04-28,C-0121,P-ENC-001,PL-01,7,165.04,5,USD,Shipped
SO-102463,2,2026-04-12,2026-04-18,C-0121,P-STR-012,PL-03,3,277.72,2,USD,Shipped
SO-102377,1,2026-04-13,2026-04-17,C-0056,P-ENC-002,PL-02,8,352.18,5,USD,Shipped
SO-102421,1,2026-04-13,2026-04-22,C-0115,P-MET-009,PL-01,4,131.21,0,USD,Shipped
SO-102421,2,2026-04-13,2026-04-25,C-0115,P-FAS-012,PL-04,5,23.90,5,USD,Shipped
SO-102514,1,2026-04-13,2026-05-04,C-0060,P-FAS-012,PL-01,15,24.58,0,USD,Shipped
SO-102352,1,2026-04-14,2026-05-02,C-0009,P-MET-004,PL-02,3,89.55,8,USD,Shipped
SO-102362,1,2026-04-14,2026-04-16,C-0056,P-FAS-009,PL-01,4,27.19,5,USD,Shipped
SO-102381,1,2026-04-14,2026-04-28,C-0140,P-STR-010,PL-02,5,364.87,2,USD,Shipped
SO-102402,1,2026-04-14,2026-04-30,C-0070,P-STR-010,PL-01,1,369.83,10,USD,Shipped
SO-102402,2,2026-04-14,2026-04-28,C-0070,P-FAB-002,PL-04,6,1102.65,5,USD,Shipped
SO-102497,1,2026-04-14,2026-05-04,C-0100,P-FAS-002,PL-03,5,20.62,10,USD,Shipped
SO-102497,2,2026-04-14,2026-04-24,C-0100,P-MET-003,PL-02,3,116.29,0,USD,Shipped
SO-102502,1,2026-04-14,2026-04-18,C-0033,P-FAB-007,PL-02,3,1044.85,5,USD,Shipped
SO-102416,1,2026-04-15,2026-05-05,C-0130,P-ENC-010,PL-04,2,224.79,5,USD,Shipped
SO-102430,1,2026-04-15,2026-04-30,C-0070,P-STR-006,PL-01,5,575.54,0,USD,Shipped
SO-102459,1,2026-04-15,2026-04-18,C-0140,P-FAS-012,PL-04,7,24.45,0,USD,Shipped
SO-102353,1,2026-04-16,2026-05-03,C-0082,P-FAS-001,PL-01,22,26.62,8,USD,Shipped
SO-102353,2,2026-04-16,2026-04-24,C-0082,P-FAS-007,PL-03,6,17.76,0,USD,Shipped
SO-102355,1,2026-04-16,2026-04-27,C-0096,P-ENC-003,PL-01,3,273.17,5,USD,Shipped
SO-102355,2,2026-04-16,2026-04-26,C-0096,P-FAS-004,PL-03,5,19.86,0,USD,Shipped
SO-102393,1,2026-04-16,,C-0087,P-FAS-005,PL-02,6,12.45,7,USD,Cancelled
SO-102398,1,2026-04-16,2026-05-06,C-0073,P-FAS-012,PL-04,5,23.73,8,USD,Shipped
SO-102401,1,2026-04-16,2026-04-23,C-0029,P-MET-004,PL-01,5,90.30,2,USD,Shipped
SO-102417,1,2026-04-16,,C-0077,P-FAB-009,PL-01,7,2029.61,0,USD,Cancelled
SO-102481,1,2026-04-16,2026-04-26,C-0109,P-FAS-002,PL-04,6,19.83,5,USD,Shipped
SO-102511,1,2026-04-16,2026-04-28,C-0040,P-STR-001,PL-04,2,370.73,8,USD,Shipped
SO-102364,1,2026-04-17,2026-04-30,C-0003,P-MET-001,PL-02,1,63.34,0,USD,Shipped
SO-102364,2,2026-04-17,2026-04-22,C-0003,P-FAS-009,PL-01,7,28.32,0,USD,Shipped
SO-102376,1,2026-04-17,2026-05-03,C-0063,P-MET-006,PL-02,1,85.49,2,USD,Shipped
SO-102409,1,2026-04-17,2026-05-07,C-0081,P-FAS-012,PL-02,8,23.90,8,USD,Shipped
SO-102492,1,2026-04-17,2026-04-19,C-0033,P-STR-007,PL-02,15,408.43,10,USD,Shipped
SO-102360,1,2026-04-18,2026-05-03,C-0036,P-FAS-011,PL-04,10,28.67,2,USD,Shipped
SO-102360,2,2026-04-18,2026-04-27,C-0036,P-FAB-003,PL-04,5,1853.46,0,USD,Shipped
SO-102380,1,2026-04-18,2026-04-25,C-0081,P-ENC-001,PL-02,18,170.79,2,USD,Shipped
SO-102380,2,2026-04-18,2026-05-02,C-0081,P-ENC-010,PL-02,5,224.24,0,USD,Shipped
SO-102426,1,2026-04-18,2026-04-24,C-0036,P-STR-002,PL-01,3,666.33,8,USD,Shipped
SO-102445,1,2026-04-18,2026-05-09,C-0073,P-STR-006,PL-02,11,559.50,5,USD,Shipped
SO-102445,2,2026-04-18,,C-0073,P-MET-006,PL-01,6,83.63,0,USD,Cancelled
SO-102445,3,2026-04-18,2026-04-21,C-0073,P-MET-012,PL-02,5,63.21,5,USD,Shipped
SO-102461,1,2026-04-18,2026-05-09,C-0059,P-FAS-006,PL-01,17,18.81,5,USD,Shipped
SO-102461,2,2026-04-18,2026-05-04,C-0059,P-FAS-004,PL-01,14,19.80,5,USD,Shipped
SO-102474,1,2026-04-18,2026-04-24,C-0060,P-ENC-004,PL-02,2,235.15,0,USD,Shipped
SO-102449,1,2026-04-19,2026-05-07,C-0026,P-MET-003,PL-04,3,116.33,0,USD,Shipped
SO-102510,1,2026-04-19,2026-05-05,C-0092,P-STR-008,PL-01,5,685.73,2,USD,Shipped
SO-102510,2,2026-04-19,2026-05-09,C-0092,P-MET-004,PL-03,1,87.83,5,USD,Shipped
SO-102370,1,2026-04-20,2026-04-29,C-0026,P-ENC-005,PL-04,4,189.09,5,USD,Shipped
SO-102370,2,2026-04-20,2026-04-29,C-0026,P-MET-007,PL-01,6,129.51,8,USD,Shipped
SO-102389,1,2026-04-20,2026-05-11,C-0008,P-MET-001,PL-04,2,62.98,5,USD,Shipped
SO-102389,2,2026-04-20,2026-05-06,C-0008,P-MET-012,PL-02,2,63.47,8,USD,Shipped
SO-102389,3,2026-04-20,2026-05-10,C-0008,P-MET-002,PL-03,2,89.20,8,USD,Shipped
SO-102400,1,2026-04-20,2026-04-30,C-0127,P-FAS-001,PL-02,6,25.84,10,USD,Shipped
SO-102400,2,2026-04-20,2026-04-23,C-0127,P-MET-006,PL-04,7,83.45,15,USD,Shipped
SO-102442,1,2026-04-20,2026-05-10,C-0019,P-MET-007,PL-02,2,132.19,8,USD,Shipped
SO-102493,1,2026-04-20,,C-0065,P-FAB-009,PL-01,4,2097.41,0,USD,Cancelled
SO-102493,2,2026-04-20,2026-05-05,C-0065,P-STR-003,PL-03,6,287.03,8,USD,Shipped
SO-102354,1,2026-04-21,2026-04-25,C-0074,P-FAS-008,PL-04,6,29.19,5,USD,Shipped
SO-102354,2,2026-04-21,2026-04-24,C-0074,P-STR-007,PL-02,5,415.26,5,USD,Shipped
SO-102354,3,2026-04-21,2026-04-28,C-0074,P-FAS-009,PL-03,14,27.45,8,USD,Shipped
SO-102369,1,2026-04-21,2026-04-29,C-0097,P-MET-004,PL-01,3,92.92,8,USD,Shipped
SO-102369,2,2026-04-21,2026-04-23,C-0097,P-FAS-008,PL-03,8,29.24,0,USD,Shipped
SO-102369,3,2026-04-21,2026-04-23,C-0097,P-STR-002,PL-02,6,669.97,2,USD,Shipped
SO-102412,1,2026-04-21,2026-05-08,C-0010,P-MET-009,PL-04,5,133.46,13,USD,Shipped
SO-102412,2,2026-04-21,2026-05-02,C-0010,P-MET-004,PL-04,10,91.67,10,USD,Shipped
SO-102412,3,2026-04-21,2026-05-02,C-0010,P-FAB-006,PL-03,3,1212.10,10,USD,Shipped
SO-102435,1,2026-04-21,2026-05-09,C-0090,P-ENC-002,PL-01,2,356.08,13,USD,Shipped
SO-102435,2,2026-04-21,2026-05-09,C-0090,P-FAS-008,PL-02,3,29.17,10,USD,Shipped
SO-102437,1,2026-04-21,2026-05-02,C-0054,P-MET-010,PL-04,4,95.83,0,USD,Shipped
SO-102437,2,2026-04-21,2026-04-30,C-0054,P-FAS-011,PL-02,2,28.29,5,USD,Shipped
SO-102437,3,2026-04-21,2026-04-26,C-0054,P-STR-008,PL-02,2,661.30,5,USD,Shipped
SO-102441,1,2026-04-21,2026-05-07,C-0073,P-FAS-005,PL-01,10,12.38,10,USD,Shipped
SO-102441,2,2026-04-21,2026-04-26,C-0073,P-FAS-004,PL-02,6,20.60,10,USD,Shipped
SO-102441,3,2026-04-21,2026-05-04,C-0073,P-STR-008,PL-02,2,656.16,2,USD,Shipped
SO-102443,1,2026-04-21,2026-05-01,C-0056,P-STR-003,PL-02,12,291.00,0,USD,Shipped
SO-102501,1,2026-04-21,2026-04-24,C-0113,P-STR-008,PL-01,3,661.45,10,USD,Shipped
SO-102379,1,2026-04-22,2026-05-03,C-0079,P-MET-012,PL-02,3,64.44,0,USD,Shipped
SO-102379,2,2026-04-22,2026-05-09,C-0079,P-FAS-010,PL-02,7,18.70,5,USD,Shipped
SO-102383,1,2026-04-22,2026-05-04,C-0007,P-MET-005,PL-04,6,129.09,0,USD,Shipped
SO-102396,1,2026-04-22,2026-05-10,C-0122,P-FAS-003,PL-02,8,11.58,0,USD,Shipped
SO-102410,1,2026-04-22,2026-05-06,C-0099,P-RET-905,PL-01,8,165.21,5,USD,Shipped
SO-102410,2,2026-04-22,2026-05-05,C-0099,P-MET-004,PL-01,2,88.42,10,USD,Shipped
SO-102458,1,2026-04-22,2026-04-30,C-0098,P-FAB-008,PL-03,12,1421.77,0,USD,Shipped
SO-102458,2,2026-04-22,2026-04-27,C-0098,P-FAS-009,PL-02,7,28.21,8,USD,Shipped
SO-102458,3,2026-04-22,2026-04-24,C-0098,P-STR-010,PL-03,2,372.27,8,USD,Shipped
SO-102503,1,2026-04-23,2026-05-13,C-0126,P-FAS-012,PL-04,2,24.38,0,USD,Shipped
SO-102503,2,2026-04-23,2026-05-02,C-0126,P-FAS-007,PL-04,11,17.53,0,USD,Shipped
SO-102503,3,2026-04-23,2026-05-14,C-0126,P-FAS-006,PL-02,24,18.12,0,USD,Shipped
SO-102361,1,2026-04-24,2026-05-12,C-0030,P-MET-011,PL-02,6,107.48,0,USD,Shipped
SO-102371,1,2026-04-24,2026-05-12,C-0086,P-FAS-008,PL-02,3,28.93,0,USD,Shipped
SO-102371,2,2026-04-24,2026-05-12,C-0086,P-FAS-006,PL-02,2,17.98,0,USD,Shipped
SO-102371,3,2026-04-24,2026-05-14,C-0086,P-ENC-001,PL-04,12,164.13,8,USD,Shipped
SO-102378,1,2026-04-24,2026-05-14,C-0101,P-MET-002,PL-04,1,90.89,15,USD,Shipped
SO-102390,1,2026-04-24,2026-05-02,C-0027,P-ENC-001,PL-01,1,165.90,2,USD,Shipped
SO-102399,1,2026-04-24,2026-05-06,C-0011,P-FAS-010,PL-03,6,18.35,8,USD,Shipped
SO-102405,1,2026-04-24,2026-05-06,C-0135,P-ENC-001,PL-03,13,171.53,0,USD,Shipped
SO-102457,1,2026-04-24,2026-05-03,C-0077,P-STR-009,PL-03,4,290.43,0,USD,Shipped
SO-102457,2,2026-04-24,2026-05-14,C-0077,P-FAB-001,PL-03,15,2012.69,10,USD,Shipped
SO-102488,1,2026-04-24,2026-04-28,C-0059,P-MET-007,PL-02,3,134.07,0,USD,Shipped
SO-102488,2,2026-04-24,2026-04-28,C-0059,P-MET-011,PL-02,4,108.09,8,USD,Shipped
SO-102488,3,2026-04-24,2026-05-04,C-0059,P-STR-005,PL-04,10,352.87,0,USD,Shipped
SO-102490,1,2026-04-24,2026-05-05,C-0127,P-FAB-006,PL-04,2,1168.61,5,USD,Shipped
SO-102490,2,2026-04-24,2026-04-29,C-0127,P-FAB-011,PL-01,3,1995.94,10,USD,Shipped
SO-102490,3,2026-04-24,2026-04-26,C-0127,P-FAB-007,PL-03,7,1076.06,10,USD,Shipped
SO-102366,1,2026-04-25,2026-05-10,C-0060,P-FAS-007,PL-01,6,17.16,5,USD,Shipped
SO-102386,1,2026-04-25,2026-05-04,C-0030,P-MET-011,PL-01,4,105.51,5,USD,Shipped
SO-102386,2,2026-04-25,2026-05-13,C-0030,P-STR-012,PL-04,10,270.10,0,USD,Shipped
SO-102489,1,2026-04-25,2026-05-11,C-0038,P-FAS-011,PL-04,10,28.08,0,USD,Shipped
SO-102489,2,2026-04-25,2026-05-04,C-0038,P-MET-009,PL-04,6,131.35,8,USD,Shipped
SO-102489,3,2026-04-25,2026-05-06,C-0038,P-STR-006,PL-04,1,560.27,10,USD,Shipped
SO-102347,1,2026-04-26,2026-05-17,C-0017,P-ENC-011,PL-02,7,230.13,0,USD,Shipped
SO-102347,2,2026-04-26,,C-0017,P-FAS-005,PL-02,5,12.78,0,USD,Cancelled
SO-102388,1,2026-04-26,2026-05-09,C-0020,P-FAB-003,PL-03,4,1772.01,5,USD,Shipped
SO-102388,2,2026-04-26,2026-05-12,C-0020,P-STR-009,PL-04,2,291.20,0,USD,Shipped
SO-102388,3,2026-04-26,2026-05-09,C-0020,P-FAS-003,PL-03,9,11.77,0,USD,Shipped
SO-102422,1,2026-04-26,2026-05-02,C-0105,P-FAB-005,PL-01,5,1679.17,8,USD,Shipped
SO-102422,2,2026-04-26,2026-05-08,C-0105,P-FAS-002,PL-01,4,20.02,5,USD,Shipped
SO-102446,1,2026-04-26,2026-05-08,C-0003,P-FAS-001,PL-02,8,25.54,5,USD,Shipped
SO-102446,2,2026-04-26,2026-05-06,C-0003,P-STR-009,PL-01,9,297.42,8,USD,Shipped
SO-102478,1,2026-04-26,2026-05-17,C-0100,P-ENC-008,PL-01,3,281.38,0,USD,Shipped
SO-102486,1,2026-04-26,2026-05-11,C-0056,P-MET-010,PL-02,3,95.05,5,USD,Shipped
SO-102486,2,2026-04-26,2026-05-08,C-0056,P-FAS-010,PL-04,4,18.08,5,USD,Shipped
SO-102395,1,2026-04-27,2026-05-02,C-0075,P-STR-008,PL-02,2,664.12,5,USD,Shipped
SO-102423,1,2026-04-27,2026-04-30,C-0024,P-MET-011,PL-03,10,106.75,8,USD,Shipped
SO-102423,2,2026-04-27,2026-05-15,C-0024,P-STR-007,PL-03,1,411.58,2,USD,Shipped
SO-102451,1,2026-04-27,2026-05-02,C-0050,P-MET-003,PL-03,4,117.71,8,USD,Shipped
SO-102483,1,2026-04-27,,C-0082,P-MET-007,PL-03,5,132.67,0,USD,Cancelled
SO-102483,2,2026-04-27,2026-05-02,C-0082,P-ENC-012,PL-01,4,346.41,0,USD,Shipped
SO-102500,1,2026-04-27,2026-05-07,C-0038,P-FAB-009,PL-04,3,2004.71,0,USD,Shipped
SO-102373,1,2026-04-28,2026-05-19,C-0064,P-FAS-006,PL-03,5,18.26,5,USD,Shipped
SO-102391,1,2026-04-28,2026-05-04,C-0114,P-MET-002,PL-02,13,90.01,5,USD,Shipped
SO-102391,2,2026-04-28,2026-05-13,C-0114,P-MET-003,PL-04,5,113.06,0,USD,Shipped
SO-102397,1,2026-04-28,,C-0030,P-FAS-002,PL-01,10,20.71,10,USD,Cancelled
SO-102411,1,2026-04-28,2026-05-06,C-0088,P-MET-009,PL-04,2,132.11,0,USD,Shipped
SO-102411,2,2026-04-28,,C-0088,P-ENC-012,PL-02,8,340.37,2,USD,Cancelled
SO-102415,1,2026-04-28,2026-05-15,C-0115,P-MET-005,PL-01,2,128.75,0,USD,Shipped
SO-102418,1,2026-04-28,2026-05-16,C-0131,P-MET-004,PL-01,3,92.09,2,USD,Shipped
SO-102418,2,2026-04-28,2026-05-03,C-0131,P-STR-005,PL-01,6,345.97,0,USD,Shipped
SO-102428,1,2026-04-28,2026-05-10,C-0076,P-FAS-002,PL-01,22,20.38,5,USD,Shipped
SO-102428,2,2026-04-28,2026-05-03,C-0076,P-STR-004,PL-02,11,382.19,5,USD,Shipped
SO-102472,1,2026-04-28,2026-05-03,C-0032,P-FAS-009,PL-03,15,27.33,5,USD,Shipped
SO-102476,1,2026-04-28,2026-05-11,C-0012,P-MET-001,PL-03,1,66.28,8,USD,Shipped
SO-102476,2,2026-04-28,2026-05-06,C-0012,P-ENC-001,PL-04,8,168.43,10,USD,Shipped
SO-102495,1,2026-04-28,2026-05-02,C-0094,P-FAS-005,PL-01,4,12.48,10,USD,Shipped
SO-102495,2,2026-04-28,2026-05-04,C-0094,P-STR-011,PL-01,3,469.12,2,USD,Shipped
SO-102392,1,2026-04-29,2026-05-11,C-0047,P-ENC-011,PL-02,6,223.93,5,USD,Shipped
SO-102392,2,2026-04-29,2026-05-16,C-0047,P-FAS-006,PL-04,14,18.13,5,USD,Shipped
SO-102419,1,2026-04-29,2026-05-06,C-0116,P-FAB-001,PL-02,2,1978.35,5,USD,Shipped
SO-102425,1,2026-04-29,2026-05-17,C-0027,P-FAS-003,PL-02,6,11.69,0,USD,Shipped
SO-102425,2,2026-04-29,2026-05-06,C-0027,P-ENC-002,PL-01,5,343.49,0,USD,Shipped
SO-102436,1,2026-04-29,2026-05-06,C-0104,P-STR-011,PL-02,6,451.77,10,USD,Shipped
SO-102453,1,2026-04-29,2026-05-20,C-0094,P-FAS-002,PL-01,4,19.96,0,USD,Shipped
SO-102512,1,2026-04-29,2026-05-18,C-0004,P-MET-009,PL-02,1,132.95,0,USD,Shipped
SO-102368,1,2026-04-30,2026-05-17,C-0075,P-STR-006,PL-02,4,562.62,10,USD,Shipped
SO-102374,1,2026-04-30,2026-05-02,C-0040,P-ENC-006,PL-02,7,251.90,5,USD,Shipped
SO-102374,2,2026-04-30,2026-05-11,C-0040,P-FAS-012,PL-02,29,23.71,0,USD,Shipped
SO-102374,3,2026-04-30,2026-05-04,C-0040,P-MET-005,PL-01,3,124.59,8,USD,Shipped
SO-102450,1,2026-04-30,2026-05-15,C-0106,P-MET-005,PL-01,3,128.85,0,USD,Shipped
SO-102460,1,2026-04-30,2026-05-11,C-0112,P-FAS-010,PL-01,2,18.27,2,USD,Shipped
SO-102621,1,2026-05-01,2026-05-20,C-0097,P-ENC-008,PL-03,2,282.02,0,USD,Shipped
SO-102621,2,2026-05-01,2026-05-22,C-0097,P-MET-004,PL-02,2,92.71,10,USD,Shipped
SO-102622,1,2026-05-01,2026-05-12,C-0002,P-MET-009,PL-03,2,130.30,2,USD,Shipped
SO-102630,1,2026-05-01,2026-05-14,C-0132,P-FAB-011,PL-04,5,2081.24,2,USD,Shipped
SO-102657,1,2026-05-01,2026-05-21,C-0088,P-MET-009,PL-03,7,134.10,2,USD,Shipped
SO-102657,2,2026-05-01,2026-05-19,C-0088,P-STR-008,PL-02,6,673.15,10,USD,Shipped
SO-102530,1,2026-05-02,2026-05-16,C-0042,P-ENC-008,PL-04,7,277.53,0,USD,Shipped
SO-102530,2,2026-05-02,2026-05-06,C-0042,P-FAS-001,PL-02,9,26.23,0,USD,Shipped
SO-102541,1,2026-05-02,2026-05-18,C-0067,P-MET-008,PL-04,1,84.41,10,USD,Shipped
SO-102541,2,2026-05-02,2026-05-21,C-0067,P-STR-005,PL-01,9,341.46,0,USD,Shipped
SO-102542,1,2026-05-02,2026-05-21,C-0066,P-ENC-006,PL-02,3,255.18,15,USD,Shipped
SO-102542,2,2026-05-02,2026-05-17,C-0066,P-FAB-010,PL-02,7,1680.27,5,USD,Shipped
SO-102568,1,2026-05-02,2026-05-16,C-0008,P-FAS-009,PL-03,14,27.68,10,USD,Shipped
SO-102568,2,2026-05-02,2026-05-11,C-0008,P-MET-002,PL-03,1,89.30,0,USD,Shipped
SO-102632,1,2026-05-02,2026-05-04,C-0058,P-STR-010,PL-01,2,381.02,5,USD,Shipped
SO-102661,1,2026-05-02,2026-05-23,C-0116,P-FAB-001,PL-02,10,2053.50,15,USD,Shipped
SO-102562,1,2026-05-03,2026-05-22,C-0050,P-STR-012,PL-04,11,268.48,8,USD,Shipped
SO-102562,2,2026-05-03,2026-05-21,C-0050,P-STR-012,PL-03,5,268.85,0,USD,Shipped
SO-102567,1,2026-05-03,2026-05-13,C-0003,P-MET-011,PL-02,2,106.20,0,USD,Shipped
SO-102606,1,2026-05-03,2026-05-08,C-0022,P-FAS-001,PL-03,11,25.33,5,USD,Shipped
SO-102640,1,2026-05-03,2026-05-23,C-0078,P-MET-010,PL-01,4,95.85,5,USD,Shipped
SO-102666,1,2026-05-03,2026-05-05,C-0082,P-FAS-009,PL-02,8,27.14,0,USD,Shipped
SO-102666,2,2026-05-03,2026-05-19,C-0082,P-FAS-004,PL-04,3,20.65,0,USD,Shipped
SO-102540,1,2026-05-04,2026-05-23,C-0037,P-STR-002,PL-01,2,663.57,10,USD,Shipped
SO-102540,2,2026-05-04,2026-05-23,C-0037,P-FAS-012,PL-02,10,24.24,10,USD,Shipped
SO-102563,1,2026-05-04,2026-05-06,C-0068,P-FAB-005,PL-02,4,1728.27,10,USD,Shipped
SO-102605,1,2026-05-04,2026-05-23,C-0102,P-FAS-006,PL-04,24,1868.00,8,USD,Shipped
SO-102612,1,2026-05-04,2026-05-12,C-0068,P-FAS-011,PL-01,18,28.10,0,USD,Shipped
SO-102612,2,2026-05-04,2026-05-24,C-0068,P-FAB-001,PL-03,2,2025.14,0,USD,Shipped
SO-102612,3,2026-05-04,2026-05-12,C-0068,P-STR-010,PL-04,1,385.00,0,USD,Shipped
SO-102524,1,2026-05-05,2026-05-22,C-0123,P-FAS-010,PL-01,4,18.32,0,USD,Shipped
SO-102524,2,2026-05-05,2026-05-20,C-0123,P-MET-003,PL-01,17,118.14,5,USD,Shipped
SO-102538,1,2026-05-05,2026-05-24,C-0090,P-MET-001,PL-02,3,65.89,5,USD,Shipped
SO-102538,2,2026-05-05,2026-05-20,C-0090,P-FAB-005,PL-03,4,1661.60,5,USD,Shipped
SO-102538,3,2026-05-05,2026-05-12,C-0090,P-FAB-004,PL-04,5,1297.18,13,USD,Shipped
SO-102546,1,2026-05-05,2026-05-20,C-0055,P-FAS-002,PL-03,2,19.84,0,USD,Shipped
SO-102546,2,2026-05-05,2026-05-07,C-0055,P-ENC-008,PL-03,9,277.97,5,USD,Shipped
SO-102552,1,2026-05-05,2026-05-09,C-0124,P-MET-005,PL-02,4,126.46,7,USD,Shipped
SO-102652,1,2026-05-05,2026-05-15,C-0058,P-FAS-011,PL-04,4,27.70,5,USD,Shipped
SO-102672,1,2026-05-05,2026-05-24,C-0129,P-STR-012,PL-02,4,279.67,0,USD,Shipped
SO-102518,1,2026-05-06,2026-05-15,C-0096,P-MET-009,PL-04,3,134.11,0,USD,Shipped
SO-102518,2,2026-05-06,2026-05-10,C-0096,P-MET-008,PL-02,6,84.34,8,USD,Shipped
SO-102518,3,2026-05-06,2026-05-18,C-0096,P-FAS-002,PL-01,6,19.93,5,USD,Shipped
SO-102575,1,2026-05-06,2026-05-12,C-0128,P-FAS-012,PL-02,3,24.29,0,USD,Shipped
SO-102590,1,2026-05-06,2026-05-24,C-0015,P-MET-012,PL-01,2,64.54,0,USD,Shipped
SO-102609,1,2026-05-06,2026-05-14,C-0092,P-STR-011,PL-04,7,458.55,5,USD,Shipped
SO-102609,2,2026-05-06,2026-05-27,C-0092,P-STR-004,PL-03,5,376.83,0,USD,Shipped
SO-102614,1,2026-05-06,2026-05-11,C-0060,P-FAS-005,PL-01,10,12.61,10,USD,Shipped
SO-102671,1,2026-05-06,2026-05-08,C-0001,P-FAS-009,PL-03,7,27.85,5,USD,Shipped
SO-102534,1,2026-05-07,2026-05-10,C-0029,P-STR-006,PL-03,2,563.05,5,USD,Shipped
SO-102554,1,2026-05-07,2026-05-21,C-0113,P-MET-007,PL-02,1,130.02,2,USD,Shipped
SO-102554,2,2026-05-07,,C-0113,P-MET-001,PL-01,2,63.27,0,USD,Cancelled
SO-102554,3,2026-05-07,2026-05-09,C-0113,P-RET-903,PL-03,15,407.23,8,USD,Shipped
SO-102571,1,2026-05-07,2026-05-27,C-0008,P-FAS-003,PL-02,9,11.86,0,USD,Shipped
SO-102654,1,2026-05-07,2026-05-22,C-0005,P-MET-005,PL-02,7,130.66,2,USD,Shipped
SO-102654,2,2026-05-07,2026-05-21,C-0005,P-FAS-011,PL-03,7,28.83,0,USD,Shipped
SO-102654,3,2026-05-07,2026-05-11,C-0005,P-ENC-002,PL-02,17,342.61,8,USD,Shipped
SO-102669,1,2026-05-07,2026-05-23,C-0100,P-FAS-009,PL-04,5,28.25,10,USD,Shipped
SO-102669,2,2026-05-07,2026-05-10,C-0100,P-FAS-011,PL-04,7,27.54,0,USD,Shipped
SO-102669,3,2026-05-07,,C-0100,P-ENC-011,PL-01,6,223.37,0,USD,Cancelled
SO-102517,1,2026-05-08,2026-05-16,C-0138,P-MET-003,PL-03,9,113.28,0,USD,Shipped
SO-102587,1,2026-05-08,2026-05-21,C-0103,P-ENC-011,PL-03,1,229.63,8,USD,Shipped
SO-102620,1,2026-05-08,2026-05-18,C-0023,P-FAS-009,PL-02,4,28.36,2,USD,Shipped
SO-102625,1,2026-05-08,2026-05-12,C-0133,P-FAB-006,PL-03,6,1163.20,10,USD,Shipped
SO-102644,1,2026-05-08,,C-0003,P-STR-006,PL-04,3,580.72,8,USD,Cancelled
SO-102644,2,2026-05-08,2026-05-26,C-0003,P-STR-007,PL-02,11,400.55,0,USD,Shipped
SO-102644,3,2026-05-08,2026-05-21,C-0003,P-MET-002,PL-03,5,90.32,5,USD,Shipped
SO-102551,1,2026-05-09,2026-05-23,C-0066,P-MET-004,PL-03,5,92.33,5,USD,Shipped
SO-102578,1,2026-05-09,2026-05-20,C-0002,P-STR-001,PL-02,9,379.05,5,USD,Shipped
SO-102578,2,2026-05-09,2026-05-25,C-0002,P-FAS-007,PL-03,7,17.09,5,USD,Shipped
SO-102585,1,2026-05-09,2026-05-25,C-0061,P-ENC-012,PL-03,9,340.03,2,USD,Shipped
SO-102591,1,2026-05-09,2026-05-18,C-0042,P-MET-005,PL-03,13,129.42,5,USD,Shipped
SO-102591,2,2026-05-09,2026-05-21,C-0042,P-ENC-003,PL-02,1,271.17,5,USD,Shipped
SO-102591,3,2026-05-09,2026-05-29,C-0042,P-FAS-006,PL-03,9,18.55,0,USD,Shipped
SO-102573,1,2026-05-10,2026-05-13,C-0058,P-FAS-003,PL-01,5,11.58,8,USD,Shipped
SO-102574,1,2026-05-10,2026-05-16,C-0049,P-FAS-006,PL-01,4,18.32,5,USD,Shipped
SO-102604,1,2026-05-10,2026-05-21,C-0135,P-FAS-004,PL-04,5,20.61,5,USD,Shipped
SO-102624,1,2026-05-10,2026-05-25,C-0031,P-STR-008,PL-04,2,663.71,0,USD,Shipped
SO-102624,2,2026-05-10,2026-05-27,C-0031,P-STR-007,PL-04,5,403.95,0,USD,Shipped
SO-102624,3,2026-05-10,2026-05-27,C-0031,P-FAS-007,PL-03,6,17.89,0,USD,Shipped
SO-102662,1,2026-05-10,2026-05-26,C-0034,P-FAS-004,PL-01,11,19.79,5,USD,Shipped
SO-102558,1,2026-05-11,2026-05-29,C-0050,P-FAS-010,PL-03,6,18.67,0,USD,Shipped
SO-102579,1,2026-05-11,2026-05-17,C-0004,P-FAS-012,PL-02,10,24.31,5,USD,Shipped
SO-102588,1,2026-05-11,2026-05-15,C-0036,P-FAS-012,PL-01,6,24.46,5,USD,Shipped
SO-102596,1,2026-05-11,2026-05-28,C-0065,P-FAS-006,PL-02,11,18.76,8,USD,Shipped
SO-102596,2,2026-05-11,2026-05-26,C-0065,P-MET-004,PL-03,4,91.34,5,USD,Shipped
SO-102596,3,2026-05-11,2026-06-01,C-0065,P-STR-011,PL-01,6,467.77,5,USD,Shipped
SO-102603,1,2026-05-11,2026-05-25,C-0088,P-MET-011,PL-01,3,105.54,0,USD,Shipped
SO-102617,1,2026-05-11,2026-05-15,C-0025,P-FAS-010,PL-03,4,18.59,0,USD,Shipped
SO-102617,2,2026-05-11,2026-05-27,C-0025,P-MET-012,PL-01,8,66.79,0,USD,Shipped
SO-102623,1,2026-05-11,2026-05-22,C-0067,P-STR-006,PL-02,4,555.30,5,USD,Shipped
SO-102527,1,2026-05-12,2026-05-28,C-0112,P-FAS-010,PL-01,9,18.06,0,USD,Shipped
SO-102527,2,2026-05-12,2026-05-28,C-0112,P-MET-012,PL-01,2,62.95,8,USD,Shipped
SO-102527,3,2026-05-12,2026-05-20,C-0112,P-MET-007,PL-03,3,131.55,5,USD,Shipped
SO-102533,1,2026-05-12,,C-0068,P-MET-004,PL-04,4,89.41,0,USD,Cancelled
SO-102533,2,2026-05-12,2026-05-30,C-0068,P-FAS-002,PL-03,13,20.78,0,USD,Shipped
SO-102547,1,2026-05-12,2026-05-29,C-0051,P-ENC-012,PL-02,3,352.61,8,USD,Shipped
SO-102547,2,2026-05-12,2026-05-28,C-0051,P-FAB-008,PL-01,3,1427.27,5,USD,Shipped
SO-102547,3,2026-05-12,2026-05-14,C-0051,P-MET-003,PL-04,4,111.49,10,USD,Shipped
SO-102637,1,2026-05-12,2026-05-29,C-0030,P-STR-004,PL-04,8,393.39,0,USD,Shipped
SO-102658,1,2026-05-12,2026-06-02,C-0066,P-ENC-010,PL-04,12,220.63,15,USD,Shipped
SO-102583,1,2026-05-13,2026-06-01,C-0051,P-MET-012,PL-01,6,65.19,0,USD,Shipped
SO-102619,1,2026-05-13,2026-05-30,C-0116,P-MET-006,PL-04,2,86.10,7,USD,Shipped
SO-102629,1,2026-05-13,2026-05-22,C-0065,P-MET-007,PL-03,6,133.35,5,USD,Shipped
SO-102629,2,2026-05-13,2026-05-21,C-0065,P-FAS-012,PL-04,12,24.62,0,USD,Shipped
SO-102639,1,2026-05-13,2026-05-15,C-0046,P-ENC-009,PL-03,3,187.52,5,USD,Shipped
SO-102642,1,2026-05-13,2026-05-25,C-0016,P-FAS-002,PL-04,4,20.12,0,USD,Shipped
SO-102642,2,2026-05-13,2026-05-26,C-0016,P-ENC-006,PL-03,1,253.89,5,USD,Shipped
SO-102642,3,2026-05-13,2026-05-26,C-0016,P-FAB-005,PL-01,5,1704.17,10,USD,Shipped
SO-102645,1,2026-05-13,2026-05-28,C-0128,P-FAS-009,PL-03,5,28.39,2,USD,Shipped
SO-102645,2,2026-05-13,,C-0128,P-FAS-010,PL-02,5,18.27,10,USD,Cancelled
SO-102673,1,2026-05-13,2026-05-20,C-0128,P-ENC-012,PL-01,7,343.83,0,USD,Shipped
SO-102673,2,2026-05-13,2026-05-21,C-0128,P-STR-007,PL-01,7,407.35,10,USD,Shipped
SO-102673,3,2026-05-13,2026-05-21,C-0128,P-ENC-009,PL-02,3,186.15,0,USD,Shipped
SO-102526,1,2026-05-14,2026-05-25,C-0069,P-FAS-008,PL-02,21,27.64,5,USD,Shipped
SO-102536,1,2026-05-14,2026-06-03,C-0137,P-ENC-010,PL-01,6,223.45,5,USD,Shipped
SO-102536,2,2026-05-14,2026-05-24,C-0137,P-FAS-002,PL-03,17,20.60,8,USD,Shipped
SO-102536,3,2026-05-14,2026-05-26,C-0137,P-STR-004,PL-04,2,390.73,0,USD,Shipped
SO-102537,1,2026-05-14,2026-05-21,C-0049,P-MET-003,PL-02,3,114.84,5,USD,Shipped
SO-102539,1,2026-05-14,2026-05-16,C-0101,P-STR-012,PL-02,1,268.16,13,USD,Shipped
SO-102548,1,2026-05-14,2026-05-18,C-0002,P-FAS-012,PL-02,11,24.39,0,USD,Shipped
SO-102555,1,2026-05-14,2026-05-24,C-0050,P-ENC-006,PL-02,4,243.44,8,USD,Shipped
SO-102555,2,2026-05-14,2026-05-29,C-0050,P-FAS-005,PL-02,28,12.64,5,USD,Shipped
SO-102555,3,2026-05-14,2026-05-18,C-0050,P-FAS-002,PL-03,6,20.33,10,USD,Shipped
SO-102561,1,2026-05-14,2026-05-23,C-0013,P-MET-005,PL-03,4,126.81,10,USD,Shipped
SO-102561,2,2026-05-14,2026-05-23,C-0013,P-ENC-004,PL-03,9,232.16,0,USD,Shipped
SO-102572,1,2026-05-14,2026-05-31,C-0077,P-MET-007,PL-02,8,132.14,0,USD,Shipped
SO-102572,2,2026-05-14,2026-05-30,C-0077,P-STR-001,PL-01,11,380.88,5,USD,Shipped
SO-102592,1,2026-05-14,2026-05-27,C-0042,P-ENC-011,PL-04,2,223.87,0,USD,Shipped
SO-102608,1,2026-05-14,2026-05-22,C-0093,P-FAB-003,PL-04,11,1789.47,0,USD,Shipped
SO-102646,1,2026-05-14,2026-06-01,C-0131,P-MET-006,PL-02,3,86.47,0,USD,Shipped
SO-102646,2,2026-05-14,2026-05-25,C-0131,P-MET-003,PL-01,4,118.05,0,USD,Shipped
SO-102670,1,2026-05-14,2026-05-27,C-0140,P-ENC-004,PL-04,4,228.62,0,USD,Shipped
SO-102522,1,2026-05-16,2026-06-03,C-0108,P-MET-008,PL-02,4,81.14,8,USD,Shipped
SO-102549,1,2026-05-16,2026-06-04,C-0116,P-FAB-009,PL-03,11,1984.45,5,USD,Shipped
SO-102576,1,2026-05-16,2026-05-30,C-0078,P-MET-001,PL-04,5,64.69,0,USD,Shipped
SO-102584,1,2026-05-16,2026-05-26,C-0020,P-ENC-008,PL-03,8,274.30,2,USD,Shipped
SO-102584,2,2026-05-16,2026-06-01,C-0020,P-FAS-006,PL-04,6,18.03,5,USD,Shipped
SO-102628,1,2026-05-16,2026-05-30,C-0003,P-FAS-009,PL-03,2,28.36,0,USD,Shipped
SO-102628,2,2026-05-16,,C-0003,P-FAS-010,PL-03,5,17.95,0,USD,Cancelled
SO-102668,1,2026-05-16,2026-05-25,C-0023,P-RET-907,PL-03,5,135.20,8,USD,Shipped
SO-102668,2,2026-05-16,2026-05-22,C-0023,P-ENC-003,PL-01,9,262.36,10,USD,Shipped
SO-102519,1,2026-05-17,2026-06-04,C-0036,P-FAS-005,PL-04,5,12.71,0,USD,Shipped
SO-102519,2,2026-05-17,2026-05-31,C-0036,P-FAS-008,PL-01,7,28.76,8,USD,Shipped
SO-102577,1,2026-05-17,2026-05-20,C-0064,P-STR-006,PL-02,2,568.08,0,USD,Shipped
SO-102577,2,2026-05-17,2026-05-30,C-0064,P-MET-010,PL-04,2,99.98,10,USD,Shipped
SO-102597,1,2026-05-17,2026-06-07,C-0103,P-MET-009,PL-04,4,127.15,5,USD,Shipped
SO-102597,2,2026-05-17,2026-06-06,C-0103,P-STR-003,PL-01,1,295.13,10,USD,Shipped
SO-102602,1,2026-05-17,2026-05-25,C-0058,P-ENC-009,PL-02,7,195.85,0,USD,Shipped
SO-102520,1,2026-05-18,2026-06-05,C-0130,P-ENC-001,PL-04,6,168.54,10,USD,Shipped
SO-102553,1,2026-05-18,2026-06-04,C-0018,P-MET-010,PL-04,2,99.69,8,USD,Shipped
SO-102599,1,2026-05-18,2026-05-22,C-0033,P-FAS-010,PL-03,12,18.19,10,USD,Shipped
SO-102631,1,2026-05-18,2026-06-05,C-0139,P-MET-011,PL-03,2,107.20,2,USD,Shipped
SO-102631,2,2026-05-18,2026-05-22,C-0139,P-STR-004,PL-03,2,380.28,2,USD,Shipped
SO-102631,3,2026-05-18,2026-05-24,C-0139,P-MET-012,PL-04,3,66.72,10,USD,Shipped
SO-102665,1,2026-05-18,2026-05-27,C-0083,P-FAB-008,PL-03,8,1395.08,0,USD,Shipped
SO-102665,2,2026-05-18,2026-05-27,C-0083,P-ENC-006,PL-02,11,250.74,5,USD,Shipped
SO-102525,1,2026-05-19,2026-06-03,C-0078,P-FAS-006,PL-03,6,18.49,5,USD,Shipped
SO-102525,2,2026-05-19,2026-05-29,C-0078,P-MET-009,PL-01,6,130.03,8,USD,Shipped
SO-102580,1,2026-05-19,2026-05-21,C-0003,P-FAS-011,PL-03,9,27.60,0,USD,Shipped
SO-102580,2,2026-05-19,2026-05-25,C-0003,P-MET-005,PL-02,9,129.57,5,USD,Shipped
SO-102610,1,2026-05-19,2026-05-21,C-0087,P-FAB-007,PL-04,6,1048.43,10,USD,Shipped
SO-102610,2,2026-05-19,2026-06-02,C-0087,P-FAB-003,PL-04,3,1848.49,15,USD,Shipped
SO-102611,1,2026-05-19,2026-05-25,C-0090,P-FAB-006,PL-03,2,1208.41,13,USD,Shipped
SO-102611,2,2026-05-19,2026-06-03,C-0090,P-ENC-009,PL-02,6,185.83,5,USD,Shipped
SO-102611,3,2026-05-19,2026-05-22,C-0090,P-FAB-011,PL-03,4,2101.25,5,USD,Shipped
SO-102626,1,2026-05-19,2026-06-04,C-0001,P-STR-012,PL-01,7,283.09,0,USD,Shipped
SO-102626,2,2026-05-19,2026-05-25,C-0001,P-FAS-008,PL-04,17,28.95,0,USD,Shipped
SO-102649,1,2026-05-19,2026-05-21,C-0080,P-FAS-011,PL-03,6,28.78,0,USD,Shipped
SO-102664,1,2026-05-19,,C-0061,P-FAS-006,PL-03,4,18.15,8,USD,Cancelled
SO-102675,1,2026-05-19,2026-06-02,C-0110,P-STR-003,PL-03,3,295.23,0,USD,Shipped
SO-102675,2,2026-05-19,2026-06-07,C-0110,P-FAS-006,PL-04,5,18.34,5,USD,Shipped
SO-102675,3,2026-05-19,2026-06-04,C-0110,P-FAS-001,PL-04,4,26.47,0,USD,Shipped
SO-102607,1,2026-05-20,2026-06-06,C-0107,P-FAB-004,PL-03,3,1258.51,10,USD,Shipped
SO-102607,2,2026-05-20,2026-06-04,C-0107,P-FAB-003,PL-04,3,1871.65,10,USD,Shipped
SO-102633,1,2026-05-20,2026-05-22,C-0036,P-FAB-008,PL-03,9,1387.61,8,USD,Shipped
SO-102635,1,2026-05-20,2026-05-27,C-0116,P-STR-009,PL-03,4,285.37,7,USD,Shipped
SO-102635,2,2026-05-20,2026-06-05,C-0116,P-FAB-008,PL-01,2,1403.63,7,USD,Shipped
SO-102641,1,2026-05-20,2026-05-26,C-0038,P-MET-005,PL-01,2,124.45,2,USD,Shipped
SO-102650,1,2026-05-20,2026-05-22,C-0077,P-FAB-009,PL-01,2,2091.82,10,USD,Shipped
SO-102655,1,2026-05-20,2026-05-27,C-0095,P-STR-006,PL-01,6,549.48,5,USD,Shipped
SO-102566,1,2026-05-21,2026-05-26,C-0039,P-FAS-006,PL-01,3,18.60,5,USD,Shipped
SO-102570,1,2026-05-21,2026-05-31,C-0113,P-MET-002,PL-01,2,88.63,10,USD,Shipped
SO-102570,2,2026-05-21,2026-05-28,C-0113,P-FAB-009,PL-03,1,2051.69,10,USD,Shipped
SO-102659,1,2026-05-21,2026-05-27,C-0077,P-FAS-005,PL-02,3,12.28,0,USD,Shipped
SO-102543,1,2026-05-22,2026-06-06,C-0071,P-FAS-003,PL-04,5,11.43,2,USD,Shipped
SO-102543,2,2026-05-22,2026-06-07,C-0071,P-FAS-009,PL-03,6,28.33,2,USD,Shipped
SO-102543,3,2026-05-22,2026-06-07,C-0071,P-MET-010,PL-02,3,99.85,2,USD,Shipped
SO-102559,1,2026-05-22,2026-06-09,C-0093,P-FAS-003,PL-02,4,11.58,5,USD,Shipped
SO-102564,1,2026-05-22,2026-05-28,C-0060,P-STR-009,PL-02,6,293.01,0,USD,Shipped
SO-102569,1,2026-05-22,2026-05-26,C-0122,P-FAS-003,PL-04,10,11.21,5,USD,Shipped
SO-102569,2,2026-05-22,2026-05-27,C-0122,P-FAS-002,PL-04,9,20.84,0,USD,Shipped
SO-102569,3,2026-05-22,2026-05-25,C-0122,P-FAS-012,PL-03,21,23.83,0,USD,Shipped
SO-102594,1,2026-05-22,2026-06-10,C-0037,P-FAS-011,PL-02,7,28.06,10,USD,Shipped
SO-102594,2,2026-05-22,2026-06-11,C-0037,P-MET-003,PL-02,1,111.52,0,USD,Shipped
SO-102653,1,2026-05-22,2026-05-28,C-0085,P-FAS-008,PL-04,3,28.36,5,USD,Shipped
SO-102516,1,2026-05-23,2026-06-10,C-0105,P-FAS-003,PL-01,11,11.34,2,USD,Shipped
SO-102516,2,2026-05-23,2026-06-08,C-0105,P-MET-005,PL-02,4,125.85,5,USD,Shipped
SO-102545,1,2026-05-23,2026-05-28,C-0133,P-STR-012,PL-01,6,277.91,0,USD,Shipped
SO-102545,2,2026-05-23,2026-06-04,C-0133,P-FAS-011,PL-04,15,27.74,0,USD,Shipped
SO-102545,3,2026-05-23,2026-05-31,C-0133,P-FAS-006,PL-02,5,18.24,0,USD,Shipped
SO-102589,1,2026-05-23,2026-06-10,C-0063,P-FAB-007,PL-02,7,1018.18,5,USD,Shipped
SO-102651,1,2026-05-23,2026-06-07,C-0113,P-ENC-002,PL-04,9,341.04,10,USD,Shipped
SO-102651,2,2026-05-23,2026-06-04,C-0113,P-STR-009,PL-02,2,299.32,8,USD,Shipped
SO-102651,3,2026-05-23,2026-06-09,C-0113,P-FAS-003,PL-02,7,11.68,0,USD,Shipped
SO-102663,1,2026-05-23,2026-06-09,C-0109,P-ENC-001,PL-03,6,164.81,5,USD,Shipped
SO-102663,2,2026-05-23,2026-06-11,C-0109,P-FAS-007,PL-01,7,17.29,10,USD,Shipped
SO-102600,1,2026-05-24,2026-06-08,C-0123,P-FAS-005,PL-02,9,12.53,8,USD,Shipped
SO-102600,2,2026-05-24,2026-06-08,C-0123,P-FAS-008,PL-04,4,29.08,5,USD,Shipped
SO-102600,3,2026-05-24,2026-06-07,C-0123,P-FAS-008,PL-03,4,28.07,5,USD,Shipped
SO-102636,1,2026-05-24,2026-05-26,C-0046,P-STR-012,PL-01,7,271.47,2,USD,Shipped
SO-102656,1,2026-05-24,,C-0110,P-FAS-007,PL-01,7,17.34,10,USD,Cancelled
SO-102656,2,2026-05-24,2026-06-06,C-0110,P-FAB-005,PL-02,4,1694.67,2,USD,Shipped
SO-102598,1,2026-05-25,2026-05-28,C-0053,P-STR-011,PL-02,2,458.04,0,USD,Shipped
SO-102613,1,2026-05-25,2026-06-04,C-0114,P-STR-010,PL-04,3,362.85,0,USD,Shipped
SO-102613,2,2026-05-25,2026-06-10,C-0114,P-ENC-008,PL-01,4,277.04,2,USD,Shipped
SO-102634,1,2026-05-25,2026-06-15,C-0090,P-ENC-004,PL-01,6,233.91,13,USD,Shipped
SO-102648,1,2026-05-25,2026-06-05,C-0049,P-FAS-010,PL-01,11,18.61,0,USD,Shipped
SO-102648,2,2026-05-25,2026-06-11,C-0049,P-MET-011,PL-04,4,108.12,10,USD,Shipped
SO-102560,1,2026-05-26,2026-05-29,C-0002,P-MET-004,PL-02,1,88.46,0,USD,Shipped
SO-102560,2,2026-05-26,2026-06-08,C-0002,P-ENC-009,PL-04,4,196.16,10,USD,Shipped
SO-102560,3,2026-05-26,2026-05-31,C-0002,P-FAS-001,PL-04,11,26.56,5,USD,Shipped
SO-102581,1,2026-05-26,2026-06-11,C-0084,P-ENC-007,PL-01,1,350.77,0,USD,Shipped
SO-102581,2,2026-05-26,2026-06-14,C-0084,P-ENC-003,PL-02,5,273.56,5,USD,Shipped
SO-102643,1,2026-05-26,,C-0014,P-FAS-006,PL-03,8,17.89,5,USD,Cancelled
SO-102643,2,2026-05-26,2026-06-04,C-0014,P-ENC-007,PL-04,10,365.99,2,USD,Shipped
SO-102643,3,2026-05-26,2026-05-31,C-0014,P-MET-012,PL-04,4,66.66,10,USD,Shipped
SO-102531,1,2026-05-27,2026-06-10,C-0094,P-FAB-009,PL-04,4,2095.18,10,USD,Shipped
SO-102531,2,2026-05-27,2026-06-11,C-0094,P-FAS-009,PL-01,6,27.24,8,USD,Shipped
SO-102535,1,2026-05-27,2026-06-17,C-0085,P-MET-012,PL-03,1,64.14,8,USD,Shipped
SO-102544,1,2026-05-27,2026-05-29,C-0034,P-FAS-006,PL-01,5,18.23,0,USD,Shipped
SO-102544,2,2026-05-27,2026-06-04,C-0034,P-FAS-009,PL-02,13,26.96,0,USD,Shipped
SO-102615,1,2026-05-27,2026-06-02,C-0075,P-FAS-010,PL-04,8,17.96,2,USD,Shipped
SO-102615,2,2026-05-27,2026-06-07,C-0075,P-FAS-005,PL-01,10,12.40,5,USD,Shipped
SO-102616,1,2026-05-27,2026-06-12,C-0073,P-FAS-011,PL-01,7,29.01,5,USD,Shipped
SO-102616,2,2026-05-27,2026-06-16,C-0073,P-FAS-010,PL-04,7,18.10,8,USD,Shipped
SO-102515,1,2026-05-28,2026-06-07,C-0009,P-MET-007,PL-03,2,133.25,5,USD,Shipped
SO-102515,2,2026-05-28,2026-06-05,C-0009,P-ENC-003,PL-01,3,265.25,0,USD,Shipped
SO-102529,1,2026-05-28,2026-06-11,C-0075,P-MET-008,PL-03,9,81.04,5,USD,Shipped
SO-102529,2,2026-05-28,2026-06-07,C-0075,P-MET-004,PL-02,3,91.71,10,USD,Shipped
SO-102593,1,2026-05-28,2026-06-15,C-0004,P-STR-009,PL-03,1,295.84,0,USD,Shipped
SO-102593,2,2026-05-28,2026-06-11,C-0004,P-MET-009,PL-02,6,132.89,0,USD,Shipped
SO-102601,1,2026-05-28,2026-06-01,C-0110,P-FAS-009,PL-03,9,27.79,5,USD,Shipped
SO-102601,2,2026-05-28,2026-06-17,C-0110,P-ENC-009,PL-02,5,189.35,0,USD,Shipped
SO-102627,1,2026-05-28,2026-06-11,C-0007,P-MET-003,PL-01,2,113.82,5,USD,Shipped
SO-102627,2,2026-05-28,2026-06-04,C-0007,P-ENC-006,PL-01,11,243.56,0,USD,Shipped
SO-102627,3,2026-05-28,2026-06-17,C-0007,P-FAS-005,PL-01,12,12.45,10,USD,Shipped
SO-102638,1,2026-05-28,2026-06-18,C-0087,P-FAB-006,PL-04,10,1167.23,5,USD,Shipped
SO-102638,2,2026-05-28,2026-06-05,C-0087,P-ENC-011,PL-02,19,225.68,5,USD,Shipped
SO-102638,3,2026-05-28,2026-06-08,C-0087,P-FAB-006,PL-04,3,1161.94,7,USD,Shipped
SO-102667,1,2026-05-28,2026-06-17,C-0134,P-FAS-003,PL-03,5,11.68,5,USD,Shipped
SO-102674,1,2026-05-28,2026-06-15,C-0007,P-FAS-008,PL-01,4,27.71,0,USD,Shipped
SO-102674,2,2026-05-28,2026-06-07,C-0007,P-ENC-012,PL-02,21,339.97,8,USD,Shipped
SO-102521,1,2026-05-29,2026-06-04,C-0048,P-FAS-004,PL-01,14,20.55,13,USD,Shipped
SO-102521,2,2026-05-29,2026-06-04,C-0048,P-MET-012,PL-04,3,65.13,5,USD,Shipped
SO-102521,3,2026-05-29,2026-06-06,C-0048,P-STR-006,PL-02,5,582.71,10,USD,Shipped
SO-102550,1,2026-05-29,2026-06-07,C-0067,P-MET-004,PL-02,6,92.68,2,USD,Shipped
SO-102557,1,2026-05-29,2026-06-15,C-0084,P-FAS-012,PL-03,9,24.69,5,USD,Shipped
SO-102557,2,2026-05-29,2026-06-07,C-0084,P-ENC-006,PL-01,4,248.02,0,USD,Shipped
SO-102565,1,2026-05-29,2026-06-19,C-0037,P-MET-007,PL-01,2,128.33,5,USD,Shipped
SO-102565,2,2026-05-29,2026-06-05,C-0037,P-FAB-011,PL-02,4,2062.49,10,USD,Shipped
SO-102528,1,2026-05-30,2026-06-03,C-0009,P-ENC-012,PL-02,10,349.30,5,USD,Shipped
SO-102528,2,2026-05-30,2026-06-09,C-0009,P-MET-007,PL-04,4,131.40,8,USD,Shipped
SO-102556,1,2026-05-30,2026-06-06,C-0055,P-STR-010,PL-01,1,383.35,5,USD,Shipped
SO-102595,1,2026-05-30,2026-06-11,C-0023,P-STR-010,PL-02,5,364.28,0,USD,Shipped
SO-102523,1,2026-05-31,2026-06-17,C-0063,P-MET-010,PL-01,3,96.60,0,USD,Shipped
SO-102523,2,2026-05-31,2026-06-11,C-0063,P-FAS-011,PL-01,9,27.80,10,USD,Shipped
SO-102532,1,2026-05-31,2026-06-21,C-0076,P-FAS-005,PL-03,14,12.55,15,USD,Shipped
SO-102582,1,2026-05-31,2026-06-16,C-0025,P-ENC-010,PL-02,5,218.65,0,USD,Shipped
SO-102586,1,2026-05-31,2026-06-15,C-0011,P-MET-006,PL-01,2,86.61,2,USD,Shipped
SO-102586,2,2026-05-31,2026-06-07,C-0011,P-FAS-006,PL-02,6,18.09,0,USD,Shipped
SO-102618,1,2026-05-31,2026-06-02,C-0140,P-FAS-005,PL-03,9,12.90,5,USD,Shipped
SO-102618,2,2026-05-31,2026-06-12,C-0140,P-MET-001,PL-03,2,63.21,5,USD,Shipped
SO-102618,3,2026-05-31,2026-06-21,C-0140,P-FAS-012,PL-03,8,23.72,0,USD,Shipped
SO-102647,1,2026-05-31,2026-06-21,C-0076,P-ENC-007,PL-02,10,351.98,13,USD,Shipped
SO-102660,1,2026-05-31,2026-06-04,C-0043,P-ENC-012,PL-04,4,356.79,10,USD,Shipped
SO-102660,2,2026-05-31,2026-06-11,C-0043,P-FAS-011,PL-04,12,27.57,2,USD,Shipped
SO-102660,3,2026-05-31,2026-06-10,C-0043,P-ENC-011,PL-02,1,226.11,5,USD,Shipped
SO-102680,1,2026-06-01,2026-06-20,C-0081,P-MET-010,PL-04,10,94.82,8,USD,Shipped
SO-102680,2,2026-06-01,2026-06-18,C-0081,P-FAS-007,PL-03,7,17.82,0,USD,Shipped
SO-102701,1,2026-06-01,2026-06-09,C-0048,P-FAB-007,PL-02,1,1020.47,10,USD,Shipped
SO-102701,2,2026-06-01,2026-06-20,C-0048,P-FAS-011,PL-04,33,28.31,7,USD,Shipped
SO-102706,1,2026-06-01,2026-06-13,C-0037,P-MET-005,PL-02,5,125.79,0,USD,Shipped
SO-102706,2,2026-06-01,2026-06-18,C-0037,P-FAB-003,PL-03,3,1830.19,0,USD,Shipped
SO-102780,1,2026-06-01,2026-06-05,C-0091,P-FAS-010,PL-04,9,17.97,2,USD,Shipped
SO-102780,2,2026-06-01,2026-06-06,C-0091,P-ENC-010,PL-04,8,216.60,8,USD,Shipped
SO-102801,1,2026-06-01,2026-06-07,C-0140,P-FAS-002,PL-02,19,20.94,5,USD,Shipped
SO-102699,1,2026-06-02,2026-06-17,C-0088,P-MET-011,PL-02,4,106.73,10,USD,Shipped
SO-102699,2,2026-06-02,2026-06-16,C-0088,P-ENC-008,PL-03,4,279.07,10,USD,Shipped
SO-102715,1,2026-06-02,2026-06-19,C-0120,P-MET-009,PL-03,16,134.21,2,USD,Shipped
SO-102715,2,2026-06-02,2026-06-12,C-0120,P-FAS-005,PL-03,3,12.24,0,USD,Shipped
SO-102739,1,2026-06-02,2026-06-05,C-0007,P-ENC-008,PL-03,12,270.48,0,USD,Shipped
SO-102739,2,2026-06-02,2026-06-15,C-0007,P-FAS-004,PL-01,19,19.71,5,USD,Shipped
SO-102739,3,2026-06-02,2026-06-22,C-0007,P-FAS-008,PL-01,16,28.85,2,USD,Shipped
SO-102745,1,2026-06-02,2026-06-15,C-0004,P-FAS-003,PL-02,7,11.64,5,USD,Shipped
SO-102745,2,2026-06-02,2026-06-13,C-0004,P-MET-011,PL-04,3,105.20,8,USD,Shipped
SO-102755,1,2026-06-02,2026-06-10,C-0025,P-STR-001,PL-02,13,376.84,0,USD,Shipped
SO-102705,1,2026-06-03,2026-06-09,C-0112,P-STR-009,PL-01,8,296.83,8,USD,Shipped
SO-102735,1,2026-06-03,2026-06-11,C-0054,P-ENC-005,PL-01,5,182.35,8,USD,Shipped
SO-102773,1,2026-06-03,2026-06-05,C-0104,P-MET-009,PL-03,10,127.91,0,USD,Shipped
SO-102773,2,2026-06-03,2026-06-14,C-0104,P-ENC-003,PL-01,4,277.04,8,USD,Shipped
SO-102804,1,2026-06-03,2026-06-14,C-0025,P-ENC-009,PL-03,12,192.14,8,USD,Shipped
SO-102805,1,2026-06-03,2026-06-18,C-0112,P-FAS-001,PL-02,15,25.73,10,USD,Shipped
SO-102805,2,2026-06-03,,C-0112,P-ENC-006,PL-01,13,248.24,0,USD,Cancelled
SO-102820,1,2026-06-03,2026-06-09,C-0035,P-MET-002,PL-02,3,87.82,5,USD,Shipped
SO-102720,1,2026-06-04,2026-06-18,C-0064,P-ENC-001,PL-02,5,162.13,5,USD,Shipped
SO-102749,1,2026-06-04,2026-06-09,C-0064,P-FAS-008,PL-04,7,28.95,0,USD,Shipped
SO-102767,1,2026-06-04,2026-06-21,C-0094,P-MET-006,PL-02,3,83.52,10,USD,Shipped
SO-102767,2,2026-06-04,2026-06-12,C-0094,P-FAS-006,PL-04,9,17.99,5,USD,Shipped
SO-102807,1,2026-06-04,2026-06-09,C-0071,P-STR-005,PL-02,4,351.16,5,USD,Shipped
SO-102684,1,2026-06-05,2026-06-19,C-0109,P-FAS-008,PL-01,5,28.62,0,USD,Shipped
SO-102687,1,2026-06-05,2026-06-09,C-0018,P-STR-005,PL-03,3,340.30,0,USD,Shipped
SO-102687,2,2026-06-05,2026-06-13,C-0018,P-FAS-001,PL-01,6,26.65,2,USD,Shipped
SO-102687,3,2026-06-05,2026-06-14,C-0018,P-ENC-004,PL-04,1,231.15,2,USD,Shipped
SO-102731,1,2026-06-05,2026-06-18,C-0034,P-FAS-008,PL-03,5,27.70,2,USD,Shipped
SO-102731,2,2026-06-05,2026-06-15,C-0034,P-MET-008,PL-01,3,83.82,0,USD,Shipped
SO-102732,1,2026-06-05,2026-06-16,C-0007,P-STR-008,PL-04,1,657.46,2,USD,Shipped
SO-102732,2,2026-06-05,2026-06-24,C-0007,P-MET-005,PL-03,2,125.04,10,USD,Shipped
SO-102732,3,2026-06-05,2026-06-22,C-0007,P-ENC-011,PL-04,12,223.01,0,USD,Shipped
SO-102769,1,2026-06-05,2026-06-07,C-0114,P-STR-005,PL-02,1,338.84,5,USD,Shipped
SO-102690,1,2026-06-06,2026-06-13,C-0103,P-RET-902,PL-02,6,240.31,8,USD,Shipped
SO-102716,1,2026-06-06,2026-06-16,C-0116,P-FAB-001,PL-03,1,2065.52,7,USD,Shipped
SO-102716,2,2026-06-06,2026-06-10,C-0116,P-ENC-010,PL-04,2,217.04,10,USD,Shipped
SO-102760,1,2026-06-06,,C-0011,P-ENC-002,PL-01,4,347.64,0,USD,Cancelled
SO-102811,1,2026-06-06,2026-06-21,C-0094,P-FAS-006,PL-02,6,17.82,0,USD,Shipped
SO-102734,1,2026-06-07,2026-06-19,C-0065,P-MET-009,PL-02,7,134.67,10,USD,Shipped
SO-102734,2,2026-06-07,2026-06-16,C-0065,P-FAS-008,PL-04,5,27.68,5,USD,Shipped
SO-102746,1,2026-06-07,2026-06-14,C-0051,P-FAB-009,PL-02,5,2037.37,0,USD,Shipped
SO-102757,1,2026-06-07,2026-06-20,C-0080,P-FAS-005,PL-04,11,12.22,10,USD,Shipped
SO-102819,1,2026-06-07,2026-06-16,C-0088,P-MET-010,PL-01,2,99.25,0,USD,Shipped
SO-102725,1,2026-06-08,2026-06-14,C-0078,P-MET-006,PL-01,4,83.38,8,USD,Shipped
SO-102725,2,2026-06-08,2026-06-24,C-0078,P-FAS-004,PL-01,15,19.89,0,USD,Shipped
SO-102727,1,2026-06-08,2026-06-20,C-0027,P-FAB-010,PL-01,2,1683.05,0,USD,Shipped
SO-102727,2,2026-06-08,2026-06-22,C-0027,P-MET-012,PL-04,2,66.77,0,USD,Shipped
SO-102750,1,2026-06-08,2026-06-17,C-0128,P-STR-010,PL-03,3,373.90,8,USD,Shipped
SO-102750,2,2026-06-08,2026-06-11,C-0128,P-FAS-004,PL-04,7,20.02,0,USD,Shipped
SO-102768,1,2026-06-08,2026-06-25,C-0133,P-STR-003,PL-03,8,282.36,5,USD,Shipped
SO-102768,2,2026-06-08,2026-06-28,C-0133,P-STR-002,PL-02,3,675.38,8,USD,Shipped
SO-102798,1,2026-06-08,2026-06-10,C-0129,P-FAS-005,PL-04,7,12.62,5,USD,Shipped
SO-102736,1,2026-06-09,2026-06-30,C-0072,P-FAS-012,PL-04,6,24.68,0,USD,Shipped
SO-102736,2,2026-06-09,2026-06-16,C-0072,P-MET-009,PL-04,8,132.14,5,USD,Shipped
SO-102736,3,2026-06-09,2026-06-25,C-0072,P-FAB-002,PL-03,3,1080.77,0,USD,Shipped
SO-102738,1,2026-06-09,2026-06-26,C-0103,P-MET-011,PL-03,2,104.58,8,USD,Shipped
SO-102754,1,2026-06-09,2026-06-14,C-0110,P-FAS-004,PL-02,6,19.92,0,USD,Shipped
SO-102756,1,2026-06-09,2026-06-15,C-0042,P-ENC-008,PL-04,3,272.19,0,USD,Shipped
SO-102766,1,2026-06-09,2026-06-11,C-0065,P-STR-006,PL-04,3,575.28,5,USD,Shipped
SO-102766,2,2026-06-09,2026-06-12,C-0065,P-STR-004,PL-03,1,374.70,0,USD,Shipped
SO-102678,1,2026-06-10,2026-06-24,C-0090,P-MET-006,PL-01,3,83.02,5,USD,Shipped
SO-102678,2,2026-06-10,2026-06-21,C-0090,P-FAB-010,PL-03,3,1640.13,5,USD,Shipped
SO-102758,1,2026-06-10,2026-06-29,C-0033,P-MET-009,PL-03,2,130.54,0,USD,Shipped
SO-102758,2,2026-06-10,2026-06-25,C-0033,P-ENC-004,PL-01,3,228.61,5,USD,Shipped
SO-102763,1,2026-06-10,2026-06-22,C-0081,P-FAS-011,PL-02,10,27.68,5,USD,Shipped
SO-102763,2,2026-06-10,2026-07-01,C-0081,P-MET-001,PL-03,3,65.41,8,USD,Shipped
SO-102698,1,2026-06-11,,C-0087,P-FAB-001,PL-01,5,1993.92,13,USD,Cancelled
SO-102698,2,2026-06-11,2026-06-25,C-0087,P-MET-005,PL-03,1,128.84,5,USD,Shipped
SO-102813,1,2026-06-11,2026-06-13,C-0051,P-STR-008,PL-01,4,682.41,2,USD,Shipped
SO-102813,2,2026-06-11,2026-06-15,C-0051,P-FAS-009,PL-02,36,27.85,5,USD,Shipped
SO-102813,3,2026-06-11,2026-06-26,C-0051,P-FAS-005,PL-03,13,12.94,2,USD,Shipped
SO-102816,1,2026-06-11,2026-06-25,C-0083,P-FAS-001,PL-03,15,26.23,8,USD,Shipped
SO-102816,2,2026-06-11,2026-06-17,C-0083,P-MET-001,PL-03,3,63.71,0,USD,Shipped
SO-102772,1,2026-06-12,2026-06-19,C-0025,P-FAS-002,PL-03,8,19.99,0,USD,Shipped
SO-102772,2,2026-06-12,2026-06-29,C-0025,P-MET-004,PL-03,3,88.40,5,USD,Shipped
SO-102772,3,2026-06-12,2026-06-22,C-0025,P-STR-001,PL-03,7,368.59,0,USD,Shipped
SO-102781,1,2026-06-12,2026-06-15,C-0068,P-FAS-003,PL-01,5,11.45,0,USD,Shipped
SO-102781,2,2026-06-12,2026-06-14,C-0068,P-MET-005,PL-02,5,127.16,0,USD,Shipped
SO-102794,1,2026-06-12,2026-06-20,C-0132,P-MET-010,PL-02,3,98.46,0,USD,Shipped
SO-102794,2,2026-06-12,2026-06-19,C-0132,P-FAS-011,PL-03,12,27.46,2,USD,Shipped
SO-102681,1,2026-06-13,2026-06-20,C-0052,P-ENC-012,PL-03,2,353.98,5,USD,Shipped
SO-102685,1,2026-06-13,2026-06-27,C-0077,P-FAB-010,PL-04,8,1665.32,5,USD,Shipped
SO-102685,2,2026-06-13,2026-06-28,C-0077,P-MET-008,PL-01,4,84.69,0,USD,Shipped
SO-102691,1,2026-06-13,2026-06-22,C-0018,P-FAS-001,PL-03,4,25.94,2,USD,Shipped
SO-102730,1,2026-06-13,2026-06-30,C-0057,P-FAS-011,PL-03,9,28.13,0,USD,Shipped
SO-102759,1,2026-06-13,2026-06-18,C-0120,P-STR-007,PL-02,3,408.35,0,USD,Shipped
SO-102761,1,2026-06-13,2026-06-19,C-0131,P-STR-003,PL-04,9,283.52,2,USD,Shipped
SO-102792,1,2026-06-13,2026-06-24,C-0050,P-FAS-009,PL-03,39,28.22,5,USD,Shipped
SO-102792,2,2026-06-13,2026-07-03,C-0050,P-ENC-009,PL-04,4,185.74,0,USD,Shipped
SO-102814,1,2026-06-13,2026-06-30,C-0024,P-MET-007,PL-04,5,134.51,0,USD,Shipped
SO-102694,1,2026-06-14,2026-07-02,C-0025,P-MET-002,PL-01,8,86.72,2,USD,Shipped
SO-102694,2,2026-06-14,2026-07-01,C-0025,P-MET-005,PL-03,2,127.79,5,USD,Shipped
SO-102714,1,2026-06-14,2026-06-21,C-0088,P-ENC-002,PL-01,2,351.14,0,USD,Shipped
SO-102726,1,2026-06-14,2026-06-17,C-0095,P-FAB-005,PL-03,2,1743.96,10,USD,Shipped
SO-102726,2,2026-06-14,2026-06-21,C-0095,P-MET-003,PL-02,13,113.14,0,USD,Shipped
SO-102776,1,2026-06-14,2026-06-24,C-0019,P-FAS-010,PL-01,5,18.76,8,USD,Shipped
SO-102697,1,2026-06-15,2026-06-23,C-0016,P-STR-011,PL-01,1,446.73,8,USD,Shipped
SO-102713,1,2026-06-15,2026-06-22,C-0063,P-FAS-003,PL-01,5,11.37,5,USD,Shipped
SO-102713,2,2026-06-15,2026-07-03,C-0063,P-MET-009,PL-03,3,127.04,8,USD,Shipped
SO-102713,3,2026-06-15,2026-06-28,C-0063,P-MET-002,PL-03,2,90.26,5,USD,Shipped
SO-102717,1,2026-06-15,2026-07-02,C-0036,P-MET-003,PL-01,14,111.49,5,USD,Shipped
SO-102719,1,2026-06-15,2026-06-18,C-0006,P-FAS-003,PL-02,12,11.61,10,USD,Shipped
SO-102744,1,2026-06-15,,C-0137,P-ENC-012,PL-02,4,346.98,0,USD,Cancelled
SO-102764,1,2026-06-15,2026-07-05,C-0090,P-FAS-006,PL-01,4,18.56,13,USD,Shipped
SO-102771,1,2026-06-15,2026-07-03,C-0109,P-FAS-009,PL-01,8,28.18,10,USD,Shipped
SO-102771,2,2026-06-15,2026-06-27,C-0109,P-STR-012,PL-01,11,279.81,10,USD,Shipped
SO-102771,3,2026-06-15,2026-06-19,C-0109,P-MET-008,PL-02,4,81.06,0,USD,Shipped
SO-102787,1,2026-06-15,2026-06-29,C-0066,P-FAS-011,PL-01,7,27.50,5,USD,Shipped
SO-102791,1,2026-06-15,2026-06-18,C-0060,P-MET-006,PL-03,4,84.43,0,USD,Shipped
SO-102796,1,2026-06-15,2026-06-21,C-0026,P-FAS-008,PL-04,12,27.74,8,USD,Shipped
SO-102796,2,2026-06-15,2026-07-01,C-0026,P-FAS-008,PL-02,13,29.05,10,USD,Shipped
SO-102796,3,2026-06-15,2026-06-30,C-0026,P-MET-003,PL-03,6,111.67,0,USD,Shipped
SO-102806,1,2026-06-15,2026-07-05,C-0071,P-ENC-010,PL-03,4,214.86,8,USD,Shipped
SO-102809,1,2026-06-15,2026-06-22,C-0059,P-FAS-005,PL-01,10,12.60,0,USD,Shipped
SO-102812,1,2026-06-15,2026-07-04,C-0012,P-MET-008,PL-04,8,84.76,5,USD,Shipped
SO-102812,2,2026-06-15,2026-06-25,C-0012,P-STR-007,PL-02,1,412.24,0,USD,Shipped
SO-102821,1,2026-06-15,2026-06-23,C-0095,P-FAS-007,PL-04,6,17.93,0,USD,Shipped
SO-102821,2,2026-06-15,2026-06-21,C-0095,P-MET-006,PL-03,11,83.34,10,USD,Shipped
SO-102821,3,2026-06-15,2026-06-29,C-0095,P-ENC-011,PL-04,1,226.99,2,USD,Shipped
SO-102695,1,2026-06-16,2026-06-28,C-0114,P-FAS-011,PL-02,4,28.32,0,USD,Shipped
SO-102696,1,2026-06-16,2026-07-01,C-0066,P-FAB-006,PL-02,5,1174.66,10,USD,Shipped
SO-102696,2,2026-06-16,2026-07-05,C-0066,P-MET-005,PL-01,5,123.35,13,USD,Shipped
SO-102696,3,2026-06-16,2026-07-06,C-0066,P-ENC-002,PL-03,5,347.06,5,USD,Shipped
SO-102718,1,2026-06-16,2026-06-19,C-0032,P-ENC-011,PL-01,8,227.41,10,USD,Shipped
SO-102718,2,2026-06-16,2026-06-18,C-0032,P-FAS-008,PL-02,19,27.72,5,USD,Shipped
SO-102718,3,2026-06-16,2026-07-06,C-0032,P-MET-004,PL-04,5,92.27,5,USD,Shipped
SO-102748,1,2026-06-16,2026-06-22,C-0032,P-FAS-004,PL-01,9,19.79,0,USD,Shipped
SO-102748,2,2026-06-16,2026-06-26,C-0032,P-ENC-005,PL-02,6,187.53,0,USD,Shipped
SO-102748,3,2026-06-16,2026-07-01,C-0032,P-ENC-009,PL-03,2,194.61,0,USD,Shipped
SO-102784,1,2026-06-16,2026-07-04,C-0073,P-FAS-012,PL-01,9,24.43,5,USD,Shipped
SO-102788,1,2026-06-16,2026-06-20,C-0121,P-STR-007,PL-02,11,404.34,0,USD,Shipped
SO-102707,1,2026-06-17,2026-07-05,C-0083,P-MET-012,PL-01,2,63.41,10,USD,Shipped
SO-102740,1,2026-06-17,2026-07-05,C-0095,P-ENC-009,PL-01,4,194.34,5,USD,Shipped
SO-102740,2,2026-06-17,2026-06-23,C-0095,P-MET-010,PL-03,2,98.01,8,USD,Shipped
SO-102774,1,2026-06-17,2026-06-21,C-0006,P-MET-007,PL-04,6,133.62,0,USD,Shipped
SO-102786,1,2026-06-17,2026-07-01,C-0033,P-ENC-011,PL-02,11,223.88,0,USD,Shipped
SO-102786,2,2026-06-17,2026-06-24,C-0033,P-FAS-012,PL-03,10,23.80,8,USD,Shipped
SO-102700,1,2026-06-18,2026-06-29,C-0068,P-FAS-005,PL-04,2,12.94,5,USD,Shipped
SO-102728,1,2026-06-18,2026-07-08,C-0082,P-FAS-003,PL-01,18,11.71,5,USD,Shipped
SO-102728,2,2026-06-18,2026-06-30,C-0082,P-FAS-003,PL-02,7,11.85,8,USD,Shipped
SO-102737,1,2026-06-18,2026-06-26,C-0001,P-FAS-012,PL-01,6,24.00,0,USD,Shipped
SO-102737,2,2026-06-18,2026-06-25,C-0001,P-FAS-010,PL-04,9,17.77,8,USD,Shipped
SO-102743,1,2026-06-18,2026-06-27,C-0057,P-ENC-005,PL-02,3,185.10,5,USD,Shipped
SO-102743,2,2026-06-18,2026-06-28,C-0057,P-FAS-002,PL-03,6,19.95,5,USD,Shipped
SO-102753,1,2026-06-18,2026-07-07,C-0038,P-FAS-010,PL-03,7,18.06,0,USD,Shipped
SO-102753,2,2026-06-18,2026-07-06,C-0038,P-MET-008,PL-01,11,84.90,5,USD,Shipped
SO-102753,3,2026-06-18,2026-06-24,C-0038,P-FAS-004,PL-04,5,20.08,5,USD,Shipped
SO-102765,1,2026-06-18,2026-06-29,C-0077,P-FAS-005,PL-03,10,12.87,0,USD,Shipped
SO-102779,1,2026-06-18,2026-07-02,C-0085,P-STR-008,PL-01,4,689.05,5,USD,Shipped
SO-102802,1,2026-06-18,2026-07-09,C-0110,P-FAS-010,PL-02,6,18.37,5,USD,Shipped
SO-102686,1,2026-06-19,2026-06-26,C-0057,P-MET-011,PL-03,2,105.77,0,USD,Shipped
SO-102689,1,2026-06-19,2026-07-09,C-0090,P-MET-012,PL-03,5,65.50,15,USD,Shipped
SO-102689,2,2026-06-19,2026-07-08,C-0090,P-FAS-012,PL-01,2,24.67,10,USD,Shipped
SO-102689,3,2026-06-19,2026-06-22,C-0090,P-MET-006,PL-02,2,86.21,10,USD,Shipped
SO-102747,1,2026-06-19,2026-07-04,C-0128,P-MET-006,PL-03,5,86.16,0,USD,Shipped
SO-102782,1,2026-06-19,2026-06-27,C-0026,P-FAS-003,PL-02,14,11.56,2,USD,Shipped
SO-102789,1,2026-06-19,2026-06-28,C-0116,P-MET-005,PL-04,3,130.47,5,USD,Shipped
SO-102823,1,2026-06-19,2026-07-04,C-0057,P-MET-005,PL-01,3,125.50,5,USD,Shipped
SO-102823,2,2026-06-19,2026-07-05,C-0057,P-STR-006,PL-03,4,577.16,8,USD,Shipped
SO-102823,3,2026-06-19,2026-06-23,C-0057,P-ENC-009,PL-03,8,196.47,5,USD,Shipped
SO-102692,1,2026-06-20,2026-07-10,C-0049,P-MET-003,PL-04,6,114.66,10,USD,Shipped
SO-102692,2,2026-06-20,2026-07-07,C-0049,P-ENC-009,PL-02,2,187.19,5,USD,Shipped
SO-102778,1,2026-06-20,2026-06-27,C-0021,P-MET-009,PL-02,8,128.49,5,USD,Shipped
SO-102682,1,2026-06-21,2026-06-27,C-0012,P-FAS-006,PL-02,15,18.46,2,USD,Shipped
SO-102682,2,2026-06-21,2026-06-23,C-0012,P-ENC-012,PL-04,4,339.11,0,USD,Shipped
SO-102710,1,2026-06-21,2026-07-07,C-0085,P-FAS-006,PL-01,4,18.63,10,USD,Shipped
SO-102729,1,2026-06-21,2026-06-27,C-0073,P-STR-009,PL-02,3,296.07,5,USD,Shipped
SO-102729,2,2026-06-21,2026-07-02,C-0073,P-FAS-012,PL-02,11,24.70,5,USD,Shipped
SO-102729,3,2026-06-21,,C-0073,P-FAB-007,PL-01,2,1042.61,2,USD,Cancelled
SO-102815,1,2026-06-21,2026-06-24,C-0002,P-ENC-012,PL-02,14,350.10,0,USD,Shipped
SO-102815,2,2026-06-21,2026-07-10,C-0002,P-ENC-009,PL-04,13,189.47,5,USD,Shipped
SO-102742,1,2026-06-22,2026-07-10,C-0047,P-ENC-008,PL-02,10,274.16,2,USD,Shipped
SO-102775,1,2026-06-22,2026-07-13,C-0059,P-FAB-011,PL-04,9,2017.65,0,USD,Shipped
SO-102677,1,2026-06-23,2026-07-03,C-0117,P-MET-002,PL-04,12,88.18,10,USD,Shipped
SO-102677,2,2026-06-23,2026-07-01,C-0117,P-FAS-010,PL-03,12,18.69,10,USD,Shipped
SO-102677,3,2026-06-23,2026-07-14,C-0117,P-MET-012,PL-02,10,65.48,5,USD,Shipped
SO-102679,1,2026-06-23,2026-07-01,C-0038,P-ENC-009,PL-02,1,188.92,10,USD,Shipped
SO-102688,1,2026-06-23,2026-07-10,C-0129,P-ENC-003,PL-01,1,270.41,2,USD,Shipped
SO-102721,1,2026-06-23,2026-07-02,C-0113,P-FAB-008,PL-03,4,1402.73,5,USD,Shipped
SO-102721,2,2026-06-23,2026-07-05,C-0113,P-FAS-005,PL-01,3,12.48,5,USD,Shipped
SO-102795,1,2026-06-23,2026-06-28,C-0081,P-ENC-004,PL-04,6,230.92,8,USD,Shipped
SO-102708,1,2026-06-24,2026-07-07,C-0125,P-ENC-008,PL-04,7,275.27,2,USD,Shipped
SO-102708,2,2026-06-24,2026-07-07,C-0125,P-MET-006,PL-01,1,83.85,8,USD,Shipped
SO-102711,1,2026-06-24,2026-07-14,C-0109,P-FAS-005,PL-02,30,12.83,10,USD,Shipped
SO-102762,1,2026-06-24,2026-07-14,C-0018,P-FAS-002,PL-02,14,20.56,5,USD,Shipped
SO-102762,2,2026-06-24,2026-07-10,C-0018,P-MET-009,PL-01,2,134.74,2,USD,Shipped
SO-102676,1,2026-06-25,2026-07-01,C-0024,P-MET-004,PL-03,9,92.85,0,USD,Shipped
SO-102722,1,2026-06-25,2026-06-27,C-0022,P-MET-004,PL-03,3,91.57,8,USD,Shipped
SO-102722,2,2026-06-25,2026-07-07,C-0022,P-ENC-002,PL-03,6,345.78,2,USD,Shipped
SO-102722,3,2026-06-25,2026-07-11,C-0022,P-ENC-008,PL-01,9,274.53,10,USD,Shipped
SO-102723,1,2026-06-25,2026-07-04,C-0077,P-FAS-010,PL-01,9,18.19,5,USD,Shipped
SO-102751,1,2026-06-25,2026-07-04,C-0085,P-FAS-003,PL-01,7,11.30,8,USD,Shipped
SO-102770,1,2026-06-25,2026-07-06,C-0079,P-MET-005,PL-01,5,123.92,0,USD,Shipped
SO-102777,1,2026-06-25,2026-07-15,C-0016,P-ENC-001,PL-02,5,165.76,5,USD,Shipped
SO-102799,1,2026-06-25,2026-07-05,C-0072,P-FAS-012,PL-02,11,23.84,0,USD,Shipped
SO-102810,1,2026-06-25,2026-07-13,C-0044,P-MET-006,PL-02,7,82.78,0,USD,Shipped
SO-102810,2,2026-06-25,2026-06-30,C-0044,P-FAS-008,PL-02,13,27.77,0,USD,Shipped
SO-102818,1,2026-06-25,2026-07-13,C-0040,P-STR-004,PL-01,6,381.68,2,USD,Shipped
SO-102704,1,2026-06-26,2026-07-17,C-0009,P-MET-008,PL-01,3,83.58,2,USD,Shipped
SO-102712,1,2026-06-26,2026-07-16,C-0060,P-FAS-008,PL-01,5,27.59,2,USD,Shipped
SO-102724,1,2026-06-26,2026-07-07,C-0116,P-FAB-008,PL-02,3,1437.53,10,USD,Shipped
SO-102783,1,2026-06-26,2026-07-06,C-0092,P-FAB-001,PL-03,3,1988.35,0,USD,Shipped
SO-102783,2,2026-06-26,2026-07-09,C-0092,P-MET-012,PL-03,5,63.83,0,USD,Shipped
SO-102793,1,2026-06-26,2026-07-16,C-0115,P-MET-006,PL-04,4,87.11,8,USD,Shipped
SO-102797,1,2026-06-26,2026-07-09,C-0127,P-STR-008,PL-04,8,686.59,7,USD,Shipped
SO-102797,2,2026-06-26,2026-07-13,C-0127,P-MET-006,PL-03,5,85.65,5,USD,Shipped
SO-102741,1,2026-06-27,2026-07-18,C-0096,P-MET-005,PL-03,1,123.65,8,USD,Shipped
SO-102741,2,2026-06-27,2026-07-18,C-0096,P-FAS-009,PL-04,1,27.20,8,USD,Shipped
SO-102741,3,2026-06-27,2026-07-09,C-0096,P-FAS-011,PL-01,6,29.05,0,USD,Shipped
SO-102803,1,2026-06-27,2026-06-30,C-0022,P-FAS-008,PL-01,9,29.27,10,USD,Shipped
SO-102803,2,2026-06-27,2026-07-11,C-0022,P-STR-008,PL-03,3,677.35,10,USD,Shipped
SO-102803,3,2026-06-27,2026-07-02,C-0022,P-MET-007,PL-03,5,132.62,10,USD,Shipped
SO-102693,1,2026-06-28,2026-07-07,C-0070,P-ENC-012,PL-02,3,347.73,10,USD,Shipped
SO-102693,2,2026-06-28,2026-07-08,C-0070,P-FAB-008,PL-03,4,1410.93,5,USD,Shipped
SO-102702,1,2026-06-28,2026-07-05,C-0018,P-RET-901,PL-04,5,88.38,0,USD,Shipped
SO-102703,1,2026-06-28,2026-07-18,C-0088,P-MET-008,PL-01,12,81.30,0,USD,Shipped
SO-102703,2,2026-06-28,2026-07-07,C-0088,P-MET-005,PL-04,7,129.37,5,USD,Shipped
SO-102703,3,2026-06-28,2026-07-16,C-0088,P-MET-001,PL-04,2,64.38,0,USD,Shipped
SO-102709,1,2026-06-28,2026-06-30,C-0050,P-FAB-008,PL-01,4,1428.51,10,USD,Shipped
SO-102709,2,2026-06-28,2026-07-12,C-0050,P-STR-005,PL-02,2,346.19,5,USD,Shipped
SO-102709,3,2026-06-28,2026-07-03,C-0050,P-MET-008,PL-01,4,83.56,5,USD,Shipped
SO-102800,1,2026-06-28,2026-07-11,C-0051,P-FAS-002,PL-04,10,20.05,0,USD,Shipped
SO-102800,2,2026-06-28,2026-07-08,C-0051,P-MET-010,PL-04,7,96.36,0,USD,Shipped
SO-102822,1,2026-06-28,2026-07-03,C-0099,P-ENC-008,PL-02,1,273.67,5,USD,Shipped
SO-102683,1,2026-06-29,2026-07-15,C-0094,P-MET-001,PL-02,1,63.89,5,USD,Shipped
SO-102683,2,2026-06-29,2026-07-03,C-0094,P-ENC-002,PL-02,8,350.29,0,USD,Shipped
SO-102683,3,2026-06-29,2026-07-17,C-0094,P-STR-004,PL-03,8,381.09,5,USD,Shipped
SO-102733,1,2026-06-29,2026-07-12,C-0076,P-FAB-002,PL-01,6,1097.54,5,USD,Shipped
SO-102733,2,2026-06-29,2026-07-10,C-0076,P-FAS-008,PL-02,3,28.64,10,USD,Shipped
SO-102752,1,2026-06-29,2026-07-09,C-0099,P-MET-010,PL-01,6,98.92,13,USD,Shipped
SO-102790,1,2026-06-29,2026-07-11,C-0029,P-MET-004,PL-02,1,89.61,5,USD,Shipped
SO-102790,2,2026-06-29,2026-07-16,C-0029,P-FAS-004,PL-04,5,20.42,5,USD,Shipped
SO-102817,1,2026-06-29,2026-07-09,C-0065,P-ENC-008,PL-03,10,271.86,5,USD,Shipped
SO-102785,1,2026-06-30,2026-07-12,C-0078,P-FAB-006,PL-02,2,1186.97,5,USD,Shipped
SO-102808,1,2026-06-30,2026-07-18,C-0123,P-STR-009,PL-02,3,297.68,0,USD,Shipped
SO-102808,2,2026-06-30,2026-07-08,C-0123,P-FAS-006,PL-04,2,18.14,10,USD,Shipped
SO-102808,3,2026-06-30,2026-07-03,C-0123,P-FAS-011,PL-03,24,27.48,0,USD,Shipped
SO-102828,1,2026-07-01,2026-07-03,C-0073,P-STR-008,PL-02,1,663.27,5,USD,Shipped
SO-102864,1,2026-07-01,2026-07-14,C-0135,P-STR-011,PL-02,7,451.62,8,USD,Shipped
SO-102864,2,2026-07-01,2026-07-03,C-0135,P-MET-001,PL-01,6,64.27,0,USD,Shipped
SO-102912,1,2026-07-01,2026-07-13,C-0055,P-ENC-010,PL-01,6,213.64,10,USD,Shipped
SO-102960,1,2026-07-01,2026-07-20,C-0040,P-FAB-006,PL-01,4,1196.09,8,USD,Shipped
SO-102960,2,2026-07-01,2026-07-13,C-0040,P-ENC-005,PL-02,5,186.59,2,USD,Shipped
SO-102963,1,2026-07-01,2026-07-04,C-0039,P-ENC-004,PL-02,5,235.43,10,USD,Shipped
SO-102825,1,2026-07-02,2026-07-09,C-0105,P-FAS-010,PL-03,3,18.17,0,USD,Shipped
SO-102825,2,2026-07-02,2026-07-15,C-0105,P-ENC-009,PL-01,6,188.03,5,USD,Shipped
SO-102834,1,2026-07-02,2026-07-06,C-0035,P-FAS-010,PL-03,2,18.18,8,USD,Shipped
SO-102930,1,2026-07-02,2026-07-21,C-0115,P-STR-011,PL-01,5,457.05,5,USD,Shipped
SO-102943,1,2026-07-02,2026-07-09,C-0071,P-MET-005,PL-02,1,129.08,2,USD,Shipped
SO-102958,1,2026-07-02,2026-07-08,C-0114,P-FAS-008,PL-02,12,28.96,10,USD,Shipped
SO-102958,2,2026-07-02,2026-07-18,C-0114,P-STR-012,PL-03,10,277.45,0,USD,Shipped
SO-102967,1,2026-07-02,2026-07-08,C-0077,P-STR-001,PL-03,7,376.78,10,USD,Shipped
SO-102967,2,2026-07-02,2026-07-22,C-0077,P-MET-006,PL-01,7,86.77,8,USD,Shipped
SO-102967,3,2026-07-02,2026-07-17,C-0077,P-FAS-001,PL-04,7,26.21,0,USD,Shipped
SO-102982,1,2026-07-02,2026-07-13,C-0076,P-MET-007,PL-03,5,134.95,15,USD,Shipped
SO-102857,1,2026-07-03,2026-07-24,C-0029,P-MET-012,PL-03,1,63.84,5,USD,Shipped
SO-102857,2,2026-07-03,2026-07-12,C-0029,P-MET-011,PL-03,3,108.13,2,USD,Shipped
SO-102857,3,2026-07-03,2026-07-08,C-0029,P-ENC-012,PL-04,4,355.29,2,USD,Shipped
SO-102865,1,2026-07-03,2026-07-12,C-0064,P-ENC-007,PL-01,2,358.89,2,USD,Shipped
SO-102865,2,2026-07-03,2026-07-21,C-0064,P-FAS-009,PL-03,6,27.20,0,USD,Shipped
SO-102865,3,2026-07-03,2026-07-08,C-0064,P-FAS-010,PL-03,4,18.46,10,USD,Shipped
SO-102914,1,2026-07-03,2026-07-11,C-0109,P-FAS-004,PL-03,8,20.65,5,USD,Shipped
SO-102918,1,2026-07-03,2026-07-18,C-0082,P-FAB-010,PL-02,13,1626.65,5,USD,Shipped
SO-102925,1,2026-07-03,2026-07-16,C-0095,P-MET-002,PL-02,3,85.82,0,USD,Shipped
SO-102877,1,2026-07-04,2026-07-18,C-0128,P-MET-002,PL-03,2,85.90,5,USD,Shipped
SO-102877,2,2026-07-04,2026-07-13,C-0128,P-MET-012,PL-04,7,65.48,10,USD,Shipped
SO-102923,1,2026-07-04,2026-07-10,C-0124,P-FAS-008,PL-04,9,28.92,13,USD,Shipped
SO-102927,1,2026-07-04,2026-07-20,C-0081,P-ENC-009,PL-04,4,188.90,8,USD,Shipped
SO-102927,2,2026-07-04,2026-07-19,C-0081,P-FAS-003,PL-01,9,11.30,0,USD,Shipped
SO-102927,3,2026-07-04,2026-07-24,C-0081,P-STR-011,PL-02,3,470.91,5,USD,Shipped
SO-102936,1,2026-07-04,2026-07-20,C-0064,P-MET-012,PL-01,4,63.85,8,USD,Shipped
SO-102936,2,2026-07-04,2026-07-10,C-0064,P-FAS-010,PL-01,5,18.76,0,USD,Shipped
SO-102941,1,2026-07-04,2026-07-18,C-0047,P-FAS-011,PL-01,8,28.37,0,USD,Shipped
SO-102964,1,2026-07-04,2026-07-13,C-0073,P-ENC-009,PL-01,3,186.72,2,USD,Shipped
SO-102964,2,2026-07-04,2026-07-06,C-0073,P-FAS-007,PL-03,9,17.98,0,USD,Shipped
SO-102979,1,2026-07-04,2026-07-19,C-0089,P-MET-004,PL-01,6,92.02,8,USD,Shipped
SO-102979,2,2026-07-04,2026-07-18,C-0089,P-MET-006,PL-02,4,83.16,5,USD,Shipped
SO-102979,3,2026-07-04,2026-07-25,C-0089,P-ENC-006,PL-02,6,245.01,0,USD,Shipped
SO-102824,1,2026-07-05,2026-07-18,C-0042,P-FAS-003,PL-02,11,11.29,10,USD,Shipped
SO-102875,1,2026-07-05,2026-07-12,C-0110,P-FAS-003,PL-03,5,11.19,2,USD,Shipped
SO-102915,1,2026-07-05,2026-07-17,C-0055,P-FAS-006,PL-04,6,18.53,5,USD,Shipped
SO-102915,2,2026-07-05,2026-07-23,C-0055,P-MET-002,PL-02,1,88.41,8,USD,Shipped
SO-102915,3,2026-07-05,2026-07-12,C-0055,P-MET-006,PL-02,1,82.91,10,USD,Shipped
SO-102934,1,2026-07-05,2026-07-17,C-0105,P-ENC-004,PL-02,4,234.31,2,USD,Shipped
SO-102942,1,2026-07-05,2026-07-21,C-0139,P-STR-001,PL-02,16,376.41,0,USD,Shipped
SO-102874,1,2026-07-06,2026-07-19,C-0011,P-ENC-001,PL-02,11,169.28,10,USD,Shipped
SO-102874,2,2026-07-06,2026-07-10,C-0011,P-FAB-011,PL-01,6,2061.42,5,USD,Shipped
SO-102910,1,2026-07-06,2026-07-19,C-0066,P-FAB-012,PL-01,5,1180.32,10,USD,Shipped
SO-102910,2,2026-07-06,2026-07-10,C-0066,P-ENC-012,PL-04,2,348.71,10,USD,Shipped
SO-102910,3,2026-07-06,2026-07-23,C-0066,P-ENC-011,PL-04,4,224.75,7,USD,Shipped
SO-102928,1,2026-07-06,2026-07-15,C-0085,P-FAB-008,PL-04,7,1443.32,2,USD,Shipped
SO-102933,1,2026-07-06,2026-07-10,C-0029,P-MET-011,PL-02,10,109.22,5,USD,Shipped
SO-102933,2,2026-07-06,2026-07-21,C-0029,P-FAB-005,PL-02,4,1713.32,5,USD,Shipped
SO-102953,1,2026-07-06,2026-07-11,C-0140,P-MET-004,PL-02,1,88.31,0,USD,Shipped
SO-102953,2,2026-07-06,,C-0140,P-MET-012,PL-01,2,65.54,5,USD,Cancelled
SO-102841,1,2026-07-07,2026-07-25,C-0108,P-FAS-012,PL-01,7,24.19,5,USD,Shipped
SO-102841,2,2026-07-07,2026-07-16,C-0108,P-ENC-011,PL-03,2,224.31,0,USD,Shipped
SO-102841,3,2026-07-07,2026-07-18,C-0108,P-ENC-006,PL-04,4,247.07,0,USD,Shipped
SO-102849,1,2026-07-07,2026-07-21,C-0056,P-MET-011,PL-02,5,107.66,5,USD,Shipped
SO-102887,1,2026-07-07,2026-07-10,C-0055,P-FAS-010,PL-04,10,17.84,2,USD,Shipped
SO-102887,2,2026-07-07,2026-07-26,C-0055,P-FAS-008,PL-01,10,27.74,0,USD,Shipped
SO-102887,3,2026-07-07,2026-07-26,C-0055,P-FAS-011,PL-04,9,28.93,0,USD,Shipped
SO-102937,1,2026-07-07,2026-07-16,C-0071,P-MET-007,PL-01,4,134.82,10,USD,Shipped
SO-102949,1,2026-07-07,2026-07-09,C-0121,P-ENC-005,PL-02,4,190.77,2,USD,Shipped
SO-102863,1,2026-07-08,2026-07-17,C-0083,P-ENC-010,PL-03,4,218.78,2,USD,Shipped
SO-102863,2,2026-07-08,,C-0083,P-MET-001,PL-04,2,64.68,5,USD,Cancelled
SO-102889,1,2026-07-08,2026-07-26,C-0017,P-FAS-012,PL-04,5,23.48,8,USD,Shipped
SO-102897,1,2026-07-08,2026-07-24,C-0018,P-MET-007,PL-03,3,133.56,0,USD,Shipped
SO-102897,2,2026-07-08,2026-07-20,C-0018,P-FAS-007,PL-03,9,17.53,0,USD,Shipped
SO-102913,1,2026-07-08,2026-07-25,C-0109,P-FAS-007,PL-03,7,17.04,2,USD,Shipped
SO-102913,2,2026-07-08,2026-07-22,C-0109,P-MET-001,PL-01,7,65.11,8,USD,Shipped
SO-102929,1,2026-07-09,2026-07-12,C-0096,P-FAB-007,PL-01,4,1024.61,0,USD,Shipped
SO-102951,1,2026-07-09,2026-07-24,C-0134,P-FAS-008,PL-04,19,29.03,2,USD,Shipped
SO-102951,2,2026-07-09,2026-07-15,C-0134,P-FAS-011,PL-02,10,28.78,8,USD,Shipped
SO-102955,1,2026-07-09,2026-07-16,C-0066,P-STR-011,PL-03,1,466.36,13,USD,Shipped
SO-102955,2,2026-07-09,2026-07-14,C-0066,P-FAB-001,PL-04,2,2016.98,5,USD,Shipped
SO-102955,3,2026-07-09,2026-07-30,C-0066,P-ENC-006,PL-01,4,252.85,13,USD,Shipped
SO-102971,1,2026-07-09,2026-07-28,C-0107,P-FAS-010,PL-02,6,18.53,2,USD,Shipped
SO-102977,1,2026-07-09,2026-07-22,C-0099,P-FAS-011,PL-04,8,28.71,10,USD,Shipped
SO-102977,2,2026-07-09,2026-07-25,C-0099,P-FAS-007,PL-02,3,17.51,10,USD,Shipped
SO-102984,1,2026-07-09,2026-07-25,C-0134,P-FAB-004,PL-03,3,1299.16,0,USD,Shipped
SO-102867,1,2026-07-10,2026-07-13,C-0070,P-MET-009,PL-01,4,129.00,2,USD,Shipped
SO-102867,2,2026-07-10,2026-07-28,C-0070,P-ENC-012,PL-01,2,342.37,10,USD,Shipped
SO-102867,3,2026-07-10,2026-07-17,C-0070,P-STR-008,PL-04,18,665.49,10,USD,Shipped
SO-102871,1,2026-07-10,2026-07-31,C-0093,P-ENC-003,PL-03,2,264.14,2,USD,Shipped
SO-102894,1,2026-07-10,2026-07-16,C-0075,P-ENC-002,PL-01,4,340.46,5,USD,Shipped
SO-102894,2,2026-07-10,2026-07-21,C-0075,P-MET-001,PL-01,2,66.04,5,USD,Shipped
SO-102894,3,2026-07-10,2026-07-23,C-0075,P-ENC-009,PL-02,4,187.09,2,USD,Shipped
SO-102911,1,2026-07-10,,C-0011,P-ENC-010,PL-03,4,216.06,5,USD,Cancelled
SO-102911,2,2026-07-10,2026-07-29,C-0011,P-MET-008,PL-03,4,83.49,8,USD,Shipped
SO-102921,1,2026-07-10,2026-07-21,C-0126,P-STR-002,PL-01,7,640.01,5,USD,Shipped
SO-102931,1,2026-07-10,2026-07-13,C-0047,P-ENC-011,PL-02,2,224.90,10,USD,Shipped
SO-102932,1,2026-07-10,2026-07-30,C-0092,P-ENC-011,PL-01,12,224.47,0,USD,Shipped
SO-102961,1,2026-07-10,2026-07-17,C-0031,P-FAS-008,PL-01,9,28.11,8,USD,Shipped
SO-102866,1,2026-07-11,2026-08-01,C-0085,P-FAS-010,PL-02,3,17.71,0,USD,Shipped
SO-102842,1,2026-07-12,2026-07-23,C-0106,P-FAS-004,PL-01,24,19.98,0,USD,Shipped
SO-102842,2,2026-07-12,2026-07-22,C-0106,P-ENC-006,PL-03,3,245.79,10,USD,Shipped
SO-102844,1,2026-07-12,2026-07-24,C-0070,P-ENC-005,PL-01,12,186.89,0,USD,Shipped
SO-102844,2,2026-07-12,2026-07-29,C-0070,P-FAS-007,PL-02,4,16.96,5,USD,Shipped
SO-102846,1,2026-07-12,2026-07-18,C-0009,P-MET-010,PL-04,4,96.99,8,USD,Shipped
SO-102882,1,2026-07-12,2026-07-20,C-0135,P-MET-008,PL-03,6,83.51,5,USD,Shipped
SO-102882,2,2026-07-12,2026-07-29,C-0135,P-FAS-004,PL-02,12,19.70,10,USD,Shipped
SO-102895,1,2026-07-12,2026-07-17,C-0065,P-ENC-011,PL-02,5,229.44,8,USD,Shipped
SO-102895,2,2026-07-12,2026-07-28,C-0065,P-FAB-012,PL-04,12,1168.15,2,USD,Shipped
SO-102895,3,2026-07-12,2026-08-01,C-0065,P-FAB-003,PL-01,5,1820.38,5,USD,Shipped
SO-102898,1,2026-07-12,2026-07-21,C-0078,P-STR-005,PL-03,13,342.86,0,USD,Shipped
SO-102898,2,2026-07-12,2026-07-26,C-0078,P-FAS-010,PL-03,10,18.40,0,USD,Shipped
SO-102898,3,2026-07-12,2026-07-28,C-0078,P-MET-012,PL-01,5,65.65,0,USD,Shipped
SO-102945,1,2026-07-12,2026-07-19,C-0094,P-STR-007,PL-04,3,400.99,8,USD,Shipped
SO-102945,2,2026-07-12,2026-07-22,C-0094,P-MET-009,PL-01,3,130.44,0,USD,Shipped
SO-102945,2,2026-07-12,2026-07-22,C-0094,P-MET-009,PL-01,3,130.44,0,USD,Shipped
SO-102956,1,2026-07-12,2026-08-02,C-0014,P-MET-011,PL-03,3,106.60,8,USD,Shipped
SO-102845,1,2026-07-13,2026-07-21,C-0090,P-MET-003,PL-04,8,117.05,13,USD,Shipped
SO-102845,2,2026-07-13,2026-08-01,C-0090,P-MET-010,PL-04,1,99.09,5,USD,Shipped
SO-102920,1,2026-07-13,2026-07-21,C-0046,P-ENC-006,PL-03,7,256.65,0,USD,Shipped
SO-102920,2,2026-07-13,2026-07-23,C-0046,P-FAS-009,PL-04,12,28.07,2,USD,Shipped
SO-102939,1,2026-07-13,2026-07-23,C-0057,P-MET-008,PL-01,2,84.95,5,USD,Shipped
SO-102952,1,2026-07-13,2026-08-01,C-0044,P-MET-006,PL-02,1,86.12,2,USD,Shipped
SO-102952,2,2026-07-13,2026-07-31,C-0044,P-FAS-011,PL-02,7,28.14,10,USD,Shipped
SO-102954,1,2026-07-13,2026-07-25,C-0054,P-MET-011,PL-02,5,104.55,0,USD,Shipped
SO-102954,2,2026-07-13,,C-0054,P-FAS-006,PL-02,5,18.00,0,USD,Cancelled
SO-102954,3,2026-07-13,2026-07-23,C-0054,P-ENC-006,PL-02,2,244.85,5,USD,Shipped
SO-102837,1,2026-07-14,2026-07-19,C-0080,P-MET-002,PL-03,6,88.15,0,USD,Shipped
SO-102851,1,2026-07-14,2026-07-28,C-0085,P-MET-005,PL-04,13,127.20,2,USD,Shipped
SO-102851,2,2026-07-14,2026-07-29,C-0085,P-STR-009,PL-02,3,295.64,5,USD,Shipped
SO-102853,1,2026-07-14,2026-07-17,C-0007,P-ENC-009,PL-01,3,193.63,0,USD,Shipped
SO-102853,2,2026-07-14,2026-07-16,C-0007,P-FAS-003,PL-03,9,11.37,8,USD,Shipped
SO-102944,1,2026-07-14,2026-07-31,C-0126,P-MET-009,PL-04,4,128.63,2,USD,Shipped
SO-102944,2,2026-07-14,,C-0126,P-MET-011,PL-03,10,103.56,5,USD,Cancelled
SO-102966,1,2026-07-14,2026-07-31,C-0074,P-ENC-009,PL-02,2,196.69,10,USD,Shipped
SO-102970,1,2026-07-14,2026-07-29,C-0101,P-FAS-008,PL-03,10,29.23,10,USD,Shipped
SO-102970,2,2026-07-14,2026-07-31,C-0101,P-FAB-010,PL-01,14,1616.56,5,USD,Shipped
SO-102981,1,2026-07-14,2026-08-04,C-0071,P-MET-006,PL-03,5,83.66,0,USD,Shipped
SO-102836,1,2026-07-15,2026-07-18,C-0070,P-FAS-012,PL-04,12,24.37,0,USD,Shipped
SO-102836,2,2026-07-15,2026-07-31,C-0070,P-STR-003,PL-04,2,282.02,8,USD,Shipped
SO-102854,1,2026-07-15,2026-07-30,C-0138,P-FAS-006,PL-04,4,18.64,0,USD,Shipped
SO-102854,2,2026-07-15,2026-08-02,C-0138,P-MET-012,PL-01,8,65.27,5,USD,Shipped
SO-102854,3,2026-07-15,2026-07-18,C-0138,P-STR-012,PL-04,1,272.86,0,USD,Shipped
SO-102879,1,2026-07-15,2026-07-30,C-0044,P-MET-003,PL-01,6,113.00,10,USD,Shipped
SO-102986,1,2026-07-15,2026-07-29,C-0065,P-FAS-008,PL-02,8,27.73,5,USD,Shipped
SO-102829,1,2026-07-16,2026-08-05,C-0126,P-ENC-001,PL-03,6,168.73,10,USD,Shipped
SO-102868,1,2026-07-16,2026-07-24,C-0029,P-ENC-001,PL-02,6,168.18,8,USD,Shipped
SO-102868,2,2026-07-16,2026-07-27,C-0029,P-FAS-010,PL-04,2,17.89,0,USD,Shipped
SO-102868,3,2026-07-16,2026-08-06,C-0029,P-MET-001,PL-02,2,66.08,5,USD,Shipped
SO-102883,1,2026-07-16,2026-07-31,C-0046,P-STR-012,PL-04,8,272.39,8,USD,Shipped
SO-102902,1,2026-07-16,2026-08-02,C-0078,P-STR-010,PL-02,1,379.84,8,USD,Shipped
SO-102908,1,2026-07-16,2026-07-28,C-0112,P-FAS-012,PL-02,15,24.14,0,USD,Shipped
SO-102919,1,2026-07-16,,C-0071,P-STR-007,PL-03,14,403.64,5,USD,Cancelled
SO-102919,2,2026-07-16,2026-07-27,C-0071,P-FAS-010,PL-04,6,18.31,8,USD,Shipped
SO-102978,1,2026-07-16,2026-07-26,C-0057,P-FAS-010,PL-02,7,17.85,0,USD,Shipped
SO-102978,2,2026-07-16,2026-07-22,C-0057,P-FAS-010,PL-02,2,18.20,8,USD,Shipped
SO-102838,1,2026-07-17,2026-08-05,C-0010,P-FAS-003,PL-03,5,11.27,13,USD,Shipped
SO-102838,2,2026-07-17,2026-07-30,C-0010,P-FAB-006,PL-02,8,1165.30,5,USD,Shipped
SO-102839,1,2026-07-17,2026-08-01,C-0097,P-FAB-007,PL-01,4,1029.07,2,USD,Shipped
SO-102839,2,2026-07-17,2026-07-25,C-0097,P-FAS-004,PL-03,18,20.15,0,USD,Shipped
SO-102843,1,2026-07-17,2026-08-03,C-0029,P-ENC-009,PL-01,10,192.20,0,USD,Shipped
SO-102856,1,2026-07-17,2026-07-27,C-0069,P-ENC-007,PL-02,3,348.97,0,USD,Shipped
SO-102858,1,2026-07-17,2026-07-20,C-0091,P-FAS-002,PL-03,6,20.22,5,USD,Shipped
SO-102861,1,2026-07-17,2026-08-06,C-0084,P-ENC-001,PL-04,11,168.99,0,USD,Shipped
SO-102861,2,2026-07-17,2026-07-21,C-0084,P-STR-001,PL-02,3,383.31,0,USD,Shipped
SO-102886,1,2026-07-17,2026-07-27,C-0028,P-FAS-010,PL-04,1,17.83,0,USD,Shipped
SO-102905,1,2026-07-17,2026-07-25,C-0067,P-MET-001,PL-02,2,63.51,2,USD,Shipped
SO-102876,1,2026-07-18,2026-07-24,C-0130,P-FAS-005,PL-03,4,12.37,10,USD,Shipped
SO-102876,2,2026-07-18,2026-07-23,C-0130,P-STR-004,PL-04,11,378.41,5,USD,Shipped
SO-102891,1,2026-07-18,2026-07-26,C-0132,P-MET-008,PL-03,2,84.30,0,USD,Shipped
SO-102901,1,2026-07-18,2026-07-27,C-0021,P-ENC-011,PL-03,2,229.01,2,USD,Shipped
SO-102901,2,2026-07-18,2026-08-02,C-0021,P-STR-002,PL-02,3,651.54,5,USD,Shipped
SO-102901,3,2026-07-18,2026-08-03,C-0021,P-FAS-007,PL-03,8,17.81,8,USD,Shipped
SO-102901,3,2026-07-18,2026-08-03,C-0021,P-FAS-007,PL-03,8,17.81,8,USD,Shipped
SO-102833,1,2026-07-19,2026-08-02,C-0111,P-MET-004,PL-04,2,88.61,0,USD,Shipped
SO-102833,2,2026-07-19,2026-08-04,C-0111,P-MET-011,PL-02,1,105.13,5,USD,Shipped
SO-102833,3,2026-07-19,2026-07-21,C-0111,P-FAS-004,PL-02,1,20.01,5,USD,Shipped
SO-102859,1,2026-07-19,2026-08-01,C-0023,P-STR-003,PL-04,3,288.00,8,USD,Shipped
SO-102873,1,2026-07-19,2026-07-27,C-0042,P-FAS-012,PL-02,9,24.67,5,USD,Shipped
SO-102873,2,2026-07-19,2026-07-27,C-0042,P-STR-008,PL-04,2,685.05,0,USD,Shipped
SO-102881,1,2026-07-19,2026-08-09,C-0114,P-FAS-012,PL-04,35,24.18,8,USD,Shipped
SO-102881,2,2026-07-19,2026-08-03,C-0114,P-FAS-004,PL-04,5,20.41,10,USD,Shipped
SO-102916,1,2026-07-19,2026-07-23,C-0059,P-MET-011,PL-01,2,103.94,10,USD,Shipped
SO-102916,1,2026-07-19,2026-07-23,C-0059,P-MET-011,PL-01,2,103.94,10,USD,Shipped
SO-102916,2,2026-07-19,2026-07-22,C-0059,P-ENC-004,PL-01,15,239.10,10,USD,Shipped
SO-102916,3,2026-07-19,2026-08-01,C-0059,P-FAS-011,PL-04,16,28.90,5,USD,Shipped
SO-102855,1,2026-07-20,2026-08-09,C-0075,P-FAS-001,PL-04,3,26.01,0,USD,Shipped
SO-102855,2,2026-07-20,2026-07-29,C-0075,P-FAS-003,PL-02,6,11.48,0,USD,Shipped
SO-102860,1,2026-07-20,2026-07-22,C-0032,P-FAS-004,PL-04,6,19.69,8,USD,Shipped
SO-102860,2,2026-07-20,2026-08-06,C-0032,P-FAS-001,PL-01,8,25.97,0,USD,Shipped
SO-102904,1,2026-07-20,2026-08-03,C-0138,P-FAS-005,PL-04,13,12.67,5,USD,Shipped
SO-102957,1,2026-07-20,2026-08-05,C-0118,P-FAB-004,PL-02,6,1287.52,10,USD,Shipped
SO-102959,1,2026-07-20,2026-08-10,C-0134,P-FAB-004,PL-04,11,1295.42,8,USD,Shipped
SO-102959,2,2026-07-20,2026-08-09,C-0134,P-MET-011,PL-03,3,109.06,5,USD,Shipped
SO-102988,1,2026-07-20,2026-08-10,C-0007,P-FAS-001,PL-03,14,26.57,0,USD,Shipped
SO-102988,2,2026-07-20,2026-08-05,C-0007,P-STR-011,PL-01,3,464.11,0,USD,Shipped
SO-102988,3,2026-07-20,2026-08-02,C-0007,P-MET-012,PL-01,4,65.19,0,USD,Shipped
SO-102830,1,2026-07-21,2026-07-30,C-0073,P-FAS-009,PL-04,10,28.16,0,USD,Shipped
SO-102870,1,2026-07-21,2026-07-26,C-0070,P-MET-007,PL-01,1,131.79,5,USD,Shipped
SO-102892,1,2026-07-21,2026-07-23,C-0131,P-FAS-008,PL-04,4,28.82,5,USD,Shipped
SO-102935,1,2026-07-21,2026-08-03,C-0099,P-MET-001,PL-01,1,63.79,10,USD,Shipped
SO-102935,2,2026-07-21,2026-08-02,C-0099,P-ENC-008,PL-04,1,273.60,5,USD,Shipped
SO-102947,1,2026-07-21,2026-08-03,C-0098,P-MET-008,PL-04,7,83.35,0,USD,Shipped
SO-102974,1,2026-07-21,2026-08-07,C-0040,P-FAB-003,PL-03,4,1874.41,5,USD,Shipped
SO-102974,2,2026-07-21,2026-07-23,C-0040,P-ENC-004,PL-01,9,228.75,0,USD,Shipped
SO-102974,3,2026-07-21,2026-07-31,C-0040,P-FAS-007,PL-03,24,17.05,0,USD,Shipped
SO-102831,1,2026-07-22,2026-07-31,C-0055,P-FAS-005,PL-02,6,12.71,5,USD,Shipped
SO-102831,2,2026-07-22,2026-07-25,C-0055,P-STR-006,PL-02,12,565.74,2,USD,Shipped
SO-102850,1,2026-07-22,2026-08-04,C-0039,P-MET-012,PL-04,6,64.80,0,USD,Shipped
SO-102852,1,2026-07-22,2026-07-27,C-0027,P-FAS-001,PL-02,3,25.46,0,USD,Shipped
SO-102938,1,2026-07-22,2026-08-04,C-0082,P-STR-002,PL-01,7,667.92,5,USD,Shipped
SO-102938,2,2026-07-22,,C-0082,P-FAS-005,PL-04,9,12.84,5,USD,Cancelled
SO-102938,3,2026-07-22,2026-08-08,C-0082,P-FAS-003,PL-01,14,11.35,0,USD,Shipped
SO-102973,1,2026-07-22,2026-07-31,C-0016,P-STR-011,PL-02,2,452.58,5,USD,Shipped
SO-102973,2,2026-07-22,2026-07-24,C-0016,P-MET-003,PL-03,6,114.01,10,USD,Shipped
SO-102973,3,2026-07-22,2026-07-31,C-0016,P-ENC-009,PL-04,5,192.77,2,USD,Shipped
SO-102880,1,2026-07-23,2026-08-13,C-0036,P-FAS-006,PL-01,31,17.86,0,USD,Shipped
SO-102880,2,2026-07-23,2026-08-09,C-0036,P-STR-009,PL-01,4,296.79,10,USD,Shipped
SO-102962,1,2026-07-23,2026-08-11,C-0104,P-FAS-008,PL-01,4,29.05,5,USD,Shipped
SO-102983,1,2026-07-23,2026-08-12,C-0121,P-MET-010,PL-02,2,95.03,5,USD,Shipped
SO-102983,2,2026-07-23,2026-08-06,C-0121,P-FAS-011,PL-03,11,28.71,8,USD,Shipped
SO-102840,1,2026-07-24,2026-08-07,C-0042,P-ENC-005,PL-01,8,185.20,5,USD,Shipped
SO-102840,2,2026-07-24,2026-07-30,C-0042,P-STR-006,PL-04,7,565.83,5,USD,Shipped
SO-102878,1,2026-07-24,2026-08-03,C-0121,P-FAS-005,PL-04,15,12.95,5,USD,Shipped
SO-102878,2,2026-07-24,2026-07-29,C-0121,P-FAB-010,PL-02,6,1618.45,8,USD,Shipped
SO-102885,1,2026-07-24,2026-08-04,C-0090,P-ENC-010,PL-02,13,214.69,5,USD,Shipped
SO-102885,2,2026-07-24,2026-07-30,C-0090,P-FAB-002,PL-03,1,1082.98,15,USD,Shipped
SO-102975,1,2026-07-24,2026-08-09,C-0040,P-MET-012,PL-01,4,66.76,10,USD,Shipped
SO-102826,1,2026-07-25,2026-07-30,C-0087,P-MET-003,PL-04,2,115.39,5,USD,Shipped
SO-102847,1,2026-07-25,2026-08-12,C-0038,P-MET-011,PL-02,3,104.52,8,USD,Shipped
SO-102924,1,2026-07-25,2026-08-06,C-0140,P-MET-010,PL-04,2,98.48,0,USD,Shipped
SO-102968,1,2026-07-25,2026-08-07,C-0067,P-STR-001,PL-03,5,385.82,0,USD,Shipped
SO-102899,1,2026-07-26,2026-08-08,C-0088,P-FAB-009,PL-04,1,2008.82,2,USD,Shipped
SO-102899,2,2026-07-26,2026-08-13,C-0088,P-STR-001,PL-03,2,385.70,0,USD,Shipped
SO-102976,1,2026-07-26,2026-08-01,C-0020,P-FAB-010,PL-04,9,1647.01,5,USD,Shipped
SO-102976,2,2026-07-26,2026-08-07,C-0020,P-FAS-003,PL-03,4,11.36,0,USD,Shipped
SO-102976,3,2026-07-26,2026-08-08,C-0020,P-FAS-008,PL-04,8,28.33,2,USD,Shipped
SO-102872,1,2026-07-27,2026-08-01,C-0072,P-MET-001,PL-04,1,64.84,0,USD,Shipped
SO-102893,1,2026-07-27,2026-08-08,C-0082,P-FAS-001,PL-02,5,26.38,10,USD,Shipped
SO-102893,2,2026-07-27,2026-07-31,C-0082,P-FAB-003,PL-04,11,1866.61,0,USD,Shipped
SO-102900,1,2026-07-27,2026-08-14,C-0110,P-ENC-003,PL-03,7,265.56,0,USD,Shipped
SO-102903,1,2026-07-27,2026-08-10,C-0054,P-STR-004,PL-04,5,379.98,0,USD,Shipped
SO-102940,1,2026-07-27,2026-08-13,C-0056,P-STR-002,PL-02,2,654.70,0,USD,Shipped
SO-102940,2,2026-07-27,2026-08-16,C-0056,P-MET-009,PL-01,1,130.41,10,USD,Shipped
SO-102969,1,2026-07-27,2026-08-04,C-0108,P-MET-009,PL-02,6,131.07,0,USD,Shipped
SO-102969,2,2026-07-27,2026-08-16,C-0108,P-FAS-007,PL-03,5,17.57,2,USD,Shipped
SO-102980,1,2026-07-27,2026-08-06,C-0041,P-STR-010,PL-04,5,371.58,0,USD,Shipped
SO-102980,2,2026-07-27,2026-07-30,C-0041,P-FAS-004,PL-03,3,20.59,0,USD,Shipped
SO-102884,1,2026-07-28,2026-08-01,C-0112,P-MET-009,PL-01,4,127.39,10,USD,Shipped
SO-102888,1,2026-07-28,2026-08-05,C-0065,P-STR-006,PL-04,9,549.05,0,USD,Shipped
SO-102888,2,2026-07-28,2026-08-17,C-0065,P-STR-010,PL-01,1,368.42,2,USD,Shipped
SO-102926,1,2026-07-28,2026-08-07,C-0108,P-STR-005,PL-02,3,334.05,0,USD,Shipped
SO-102926,2,2026-07-28,2026-08-14,C-0108,P-MET-011,PL-01,7,109.08,0,USD,Shipped
SO-102926,3,2026-07-28,2026-08-14,C-0108,P-FAS-011,PL-03,7,28.26,0,USD,Shipped
SO-102950,1,2026-07-28,2026-07-30,C-0055,P-FAS-004,PL-02,5,20.49,2,USD,Shipped
SO-102950,2,2026-07-28,2026-08-13,C-0055,P-MET-009,PL-04,4,134.55,0,USD,Shipped
SO-102972,1,2026-07-28,2026-08-01,C-0129,P-FAS-008,PL-04,2,28.73,5,USD,Shipped
SO-102985,1,2026-07-28,2026-08-03,C-0023,P-FAS-005,PL-01,7,12.68,0,USD,Shipped
SO-102862,1,2026-07-29,2026-08-17,C-0074,P-STR-009,PL-04,14,291.18,10,USD,Shipped
SO-102869,1,2026-07-29,2026-08-11,C-0067,P-MET-002,PL-02,2,89.46,2,USD,Shipped
SO-102869,2,2026-07-29,2026-08-05,C-0067,P-ENC-009,PL-02,4,195.44,0,USD,Shipped
SO-102906,1,2026-07-29,2026-08-06,C-0091,P-FAS-009,PL-03,5,28.48,0,USD,Shipped
SO-102906,2,2026-07-29,2026-08-10,C-0091,P-ENC-006,PL-02,8,243.81,8,USD,Shipped
SO-102906,3,2026-07-29,2026-07-31,C-0091,P-FAS-003,PL-03,6,11.74,0,USD,Shipped
SO-102917,1,2026-07-29,2026-08-10,C-0097,P-MET-007,PL-03,10,135.03,0,USD,Shipped
SO-102917,2,2026-07-29,2026-08-19,C-0097,P-FAS-005,PL-03,4,12.74,0,USD,Shipped
SO-102948,1,2026-07-29,2026-08-07,C-0043,P-MET-006,PL-01,3,84.58,0,USD,Shipped
SO-102948,2,2026-07-29,2026-08-07,C-0043,P-FAS-002,PL-02,4,20.27,0,USD,Shipped
SO-102948,3,2026-07-29,2026-08-17,C-0043,P-ENC-002,PL-04,3,346.83,0,USD,Shipped
SO-102965,1,2026-07-29,2026-08-13,C-0021,P-FAS-003,PL-01,6,11.31,0,USD,Shipped
SO-102965,2,2026-07-29,2026-08-15,C-0021,P-MET-011,PL-02,4,106.86,0,USD,Shipped
SO-102827,1,2026-07-30,2026-08-14,C-0062,P-MET-002,PL-03,2,90.36,8,USD,Shipped
SO-102832,1,2026-07-30,2026-08-02,C-0052,P-STR-002,PL-01,6,678.87,0,USD,Shipped
SO-102890,1,2026-07-30,2026-08-03,C-0035,P-STR-004,PL-01,9,390.33,0,USD,Shipped
SO-102896,1,2026-07-30,2026-08-04,C-0016,P-FAS-003,PL-01,7,11.63,0,USD,Shipped
SO-102907,1,2026-07-30,2026-08-05,C-0123,P-MET-008,PL-01,3,83.71,8,USD,Shipped
SO-102907,2,2026-07-30,2026-08-20,C-0123,P-MET-007,PL-03,3,128.56,8,USD,Shipped
SO-102946,1,2026-07-30,2026-08-17,C-0117,P-ENC-002,PL-04,4,354.75,10,USD,Shipped
SO-102835,1,2026-07-31,,C-0040,P-ENC-012,PL-03,1,342.41,5,USD,Cancelled
SO-102835,2,2026-07-31,2026-08-08,C-0040,P-ENC-003,PL-01,4,272.37,0,USD,Shipped
SO-102835,3,2026-07-31,2026-08-09,C-0040,P-STR-009,PL-01,3,290.13,0,USD,Shipped
SO-102848,1,2026-07-31,2026-08-02,C-0027,P-MET-010,PL-04,5,99.99,10,USD,Shipped
SO-102848,2,2026-07-31,2026-08-21,C-0027,P-FAB-008,PL-04,4,1408.63,0,USD,Shipped
SO-102909,1,2026-07-31,2026-08-11,C-0089,P-FAS-003,PL-03,12,11.19,8,USD,Shipped
SO-102909,2,2026-07-31,2026-08-17,C-0089,P-ENC-008,PL-03,5,269.50,0,USD,Shipped
SO-102922,1,2026-07-31,2026-08-11,C-0101,P-FAB-003,PL-04,3,1847.91,15,USD,Shipped
SO-102922,2,2026-07-31,2026-08-16,C-0101,P-FAB-007,PL-03,5,1041.62,5,USD,Shipped
SO-102922,3,2026-07-31,2026-08-17,C-0101,P-FAB-002,PL-03,4,1065.96,13,USD,Shipped
SO-102987,1,2026-07-31,2026-08-03,C-0026,P-FAS-008,PL-02,12,27.70,10,USD,Shipped
SO-102987,2,2026-07-31,2026-08-20,C-0026,P-ENC-009,PL-01,5,186.68,5,USD,Shipped
SO-103020,1,2026-08-01,2026-08-18,C-0021,P-FAS-004,PL-02,3,19.57,8,USD,Shipped
SO-103020,2,2026-08-01,2026-08-05,C-0021,P-ENC-002,PL-02,5,350.61,5,USD,Shipped
SO-103031,1,2026-08-01,2026-08-18,C-0101,P-FAB-001,PL-01,6,2039.69,10,USD,Shipped
SO-103049,1,2026-08-01,2026-08-04,C-0083,P-FAS-002,PL-04,2,19.96,0,USD,Shipped
SO-103115,1,2026-08-01,,C-0045,P-STR-011,PL-04,14,457.10,5,USD,Cancelled
SO-103115,2,2026-08-01,2026-08-13,C-0045,P-FAS-003,PL-01,7,11.47,0,USD,Shipped
SO-103115,3,2026-08-01,2026-08-20,C-0045,P-FAB-010,PL-02,6,1637.07,0,USD,Shipped
SO-102997,1,2026-08-02,2026-08-15,C-0017,P-FAB-005,PL-02,7,1699.04,8,USD,Shipped
SO-102997,2,2026-08-02,2026-08-20,C-0017,P-MET-012,PL-04,5,63.95,0,USD,Shipped
SO-103011,1,2026-08-02,2026-08-14,C-0062,P-STR-006,PL-03,5,580.61,0,USD,Shipped
SO-103022,1,2026-08-02,2026-08-22,C-0038,P-ENC-002,PL-04,5,345.52,5,USD,Shipped
SO-103032,1,2026-08-02,2026-08-16,C-0050,P-FAS-002,PL-01,10,19.89,0,USD,Shipped
SO-103051,1,2026-08-02,2026-08-14,C-0028,P-MET-002,PL-04,1,89.45,0,USD,Shipped
SO-103051,2,2026-08-02,2026-08-06,C-0028,P-ENC-008,PL-04,9,281.80,10,USD,Shipped
SO-103051,3,2026-08-02,2026-08-05,C-0028,P-STR-009,PL-02,9,290.75,0,USD,Shipped
SO-103052,1,2026-08-02,2026-08-10,C-0045,P-FAS-009,PL-04,5,28.23,5,USD,Shipped
SO-103052,2,2026-08-02,2026-08-14,C-0045,P-FAS-012,PL-04,5,24.28,5,USD,Shipped
SO-103073,1,2026-08-02,2026-08-12,C-0009,P-FAS-010,PL-01,7,17.85,0,USD,Shipped
SO-103073,2,2026-08-02,2026-08-17,C-0009,P-FAS-009,PL-03,18,27.60,0,USD,Shipped
SO-103073,3,2026-08-02,2026-08-06,C-0009,P-STR-008,PL-02,3,653.51,2,USD,Shipped
SO-103142,1,2026-08-02,2026-08-08,C-0136,P-MET-004,PL-02,3,88.62,0,USD,Shipped
SO-103142,2,2026-08-02,2026-08-05,C-0136,P-MET-012,PL-04,3,65.93,0,USD,Shipped
SO-102994,1,2026-08-03,2026-08-05,C-0102,P-FAS-001,PL-04,3,25.39,8,USD,Shipped
SO-103013,1,2026-08-03,2026-08-16,C-0016,P-FAS-004,PL-01,7,19.94,0,USD,Shipped
SO-103023,1,2026-08-03,2026-08-19,C-0114,P-STR-012,PL-01,3,270.08,2,USD,Shipped
SO-103099,1,2026-08-03,2026-08-12,C-0038,P-FAS-001,PL-02,9,25.70,5,USD,Shipped
SO-103099,2,2026-08-03,2026-08-14,C-0038,P-FAS-004,PL-03,10,19.64,10,USD,Shipped
SO-103106,1,2026-08-03,2026-08-18,C-0067,P-FAS-010,PL-04,3,18.09,2,USD,Shipped
SO-103131,1,2026-08-03,2026-08-10,C-0113,P-STR-001,PL-04,3,369.90,8,USD,Shipped
SO-103131,2,2026-08-03,2026-08-13,C-0113,P-ENC-008,PL-04,2,280.33,5,USD,Shipped
SO-103131,3,2026-08-03,2026-08-20,C-0113,P-STR-009,PL-04,5,299.35,5,USD,Shipped
SO-102995,1,2026-08-04,2026-08-14,C-0054,P-FAS-008,PL-04,17,27.91,0,USD,Shipped
SO-103041,1,2026-08-04,2026-08-19,C-0104,P-FAS-005,PL-01,9,12.86,0,USD,Shipped
SO-103041,2,2026-08-04,2026-08-08,C-0104,P-ENC-001,PL-02,8,171.77,0,USD,Shipped
SO-103070,1,2026-08-04,2026-08-19,C-0074,P-MET-006,PL-04,6,85.00,0,USD,Shipped
SO-103070,2,2026-08-04,2026-08-17,C-0074,P-FAS-002,PL-02,4,20.89,10,USD,Shipped
SO-103076,1,2026-08-04,,C-0019,P-FAS-006,PL-02,16,18.50,0,USD,Cancelled
SO-103116,1,2026-08-04,2026-08-20,C-0113,P-ENC-011,PL-04,4,226.51,0,USD,Shipped
SO-102989,1,2026-08-05,2026-08-12,C-0021,P-ENC-002,PL-04,7,355.18,0,USD,Shipped
SO-103001,1,2026-08-05,2026-08-20,C-0096,P-FAB-010,PL-01,20,1615.24,0,USD,Shipped
SO-103007,1,2026-08-05,2026-08-10,C-0020,P-ENC-002,PL-03,5,360.05,0,USD,Shipped
SO-103007,2,2026-08-05,2026-08-22,C-0020,P-MET-012,PL-02,2,63.00,0,USD,Shipped
SO-103007,3,2026-08-05,2026-08-22,C-0020,P-FAS-009,PL-03,19,28.11,5,USD,Shipped
SO-103026,1,2026-08-05,,C-0084,P-MET-011,PL-01,3,108.37,0,USD,Cancelled
SO-103026,2,2026-08-05,2026-08-08,C-0084,P-FAB-008,PL-02,4,1405.06,8,USD,Shipped
SO-103047,1,2026-08-05,2026-08-21,C-0080,P-FAS-008,PL-04,11,29.06,2,USD,Shipped
SO-103047,2,2026-08-05,2026-08-16,C-0080,P-MET-010,PL-03,6,96.76,5,USD,Shipped
SO-103029,1,2026-08-06,2026-08-21,C-0081,P-MET-011,PL-01,3,105.11,2,USD,Shipped
SO-103029,2,2026-08-06,2026-08-13,C-0081,P-MET-009,PL-02,1,129.75,8,USD,Shipped
SO-102993,1,2026-08-07,2026-08-10,C-0069,P-FAS-008,PL-02,9,29.13,8,USD,Shipped
SO-103084,1,2026-08-07,2026-08-15,C-0114,P-FAS-001,PL-03,8,25.24,0,USD,Shipped
SO-103084,2,2026-08-07,2026-08-26,C-0114,P-MET-009,PL-01,5,127.70,8,USD,Shipped
SO-103111,1,2026-08-07,2026-08-14,C-0036,P-FAS-001,PL-03,10,25.93,0,USD,Shipped
SO-103137,1,2026-08-07,2026-08-10,C-0055,P-FAS-010,PL-02,13,18.45,5,USD,Shipped
SO-102991,1,2026-08-08,2026-08-23,C-0082,P-FAS-012,PL-03,10,24.51,2,USD,Shipped
SO-102991,2,2026-08-08,2026-08-12,C-0082,P-MET-011,PL-02,6,105.33,5,USD,Shipped
SO-103025,1,2026-08-08,2026-08-17,C-0011,P-MET-002,PL-03,2,88.32,5,USD,Shipped
SO-103027,1,2026-08-08,2026-08-16,C-0126,P-STR-011,PL-02,3,465.38,8,USD,Shipped
SO-103027,2,2026-08-08,2026-08-23,C-0126,P-MET-012,PL-02,9,64.63,0,USD,Shipped
SO-103039,1,2026-08-08,2026-08-20,C-0021,P-STR-011,PL-01,3,456.03,0,USD,Shipped
SO-103039,2,2026-08-08,2026-08-18,C-0021,P-ENC-001,PL-04,3,165.62,8,USD,Shipped
SO-103094,1,2026-08-08,2026-08-22,C-0066,P-FAS-004,PL-03,9,19.48,15,USD,Shipped
SO-103094,2,2026-08-08,2026-08-16,C-0066,P-MET-010,PL-04,2,95.36,5,USD,Shipped
SO-103108,1,2026-08-08,2026-08-10,C-0034,P-STR-009,PL-02,4,286.12,0,USD,Shipped
SO-103128,1,2026-08-08,2026-08-23,C-0128,P-FAS-001,PL-04,13,26.50,10,USD,Shipped
SO-103128,2,2026-08-08,2026-08-11,C-0128,P-ENC-007,PL-04,5,346.82,0,USD,Shipped
SO-103128,3,2026-08-08,2026-08-20,C-0128,P-MET-005,PL-01,5,128.64,5,USD,Shipped
SO-103008,1,2026-08-09,2026-08-13,C-0128,P-MET-010,PL-03,4,95.57,0,USD,Shipped
SO-103008,2,2026-08-09,2026-08-27,C-0128,P-FAS-012,PL-01,8,24.37,0,USD,Shipped
SO-103034,1,2026-08-09,2026-08-27,C-0133,P-FAS-005,PL-01,11,12.72,0,USD,Shipped
SO-103045,1,2026-08-09,2026-08-11,C-0134,P-FAS-012,PL-01,11,24.53,0,USD,Shipped
SO-103087,1,2026-08-09,2026-08-19,C-0002,P-MET-009,PL-03,3,129.20,10,USD,Shipped
SO-103087,2,2026-08-09,2026-08-25,C-0002,P-MET-010,PL-02,2,96.82,0,USD,Shipped
SO-103135,1,2026-08-09,2026-08-14,C-0031,P-MET-005,PL-03,3,124.64,2,USD,Shipped
SO-103139,1,2026-08-09,2026-08-11,C-0085,P-FAS-008,PL-03,8,29.26,0,USD,Shipped
SO-103060,1,2026-08-10,2026-08-24,C-0093,P-FAS-001,PL-02,4,25.38,8,USD,Shipped
SO-103060,2,2026-08-10,2026-08-12,C-0093,P-MET-007,PL-04,3,131.78,0,USD,Shipped
SO-103080,1,2026-08-10,2026-08-22,C-0136,P-FAB-006,PL-03,8,1178.43,8,USD,Shipped
SO-103080,2,2026-08-10,2026-08-31,C-0136,P-MET-010,PL-04,5,98.41,0,USD,Shipped
SO-103104,1,2026-08-10,2026-08-26,C-0114,P-MET-012,PL-04,2,63.56,10,USD,Shipped
SO-103104,2,2026-08-10,2026-08-25,C-0114,P-FAB-006,PL-04,1,1189.08,5,USD,Shipped
SO-103104,3,2026-08-10,2026-08-27,C-0114,P-FAS-001,PL-04,5,25.96,8,USD,Shipped
SO-103017,1,2026-08-11,2026-08-14,C-0046,P-FAB-006,PL-04,6,1183.21,0,USD,Shipped
SO-103017,2,2026-08-11,2026-08-15,C-0046,P-FAS-008,PL-01,11,28.94,8,USD,Shipped
SO-103017,3,2026-08-11,2026-08-29,C-0046,P-FAS-008,PL-02,10,27.96,5,USD,Shipped
SO-103018,1,2026-08-11,2026-08-18,C-0109,P-FAS-009,PL-01,5,27.32,8,USD,Shipped
SO-103044,1,2026-08-11,2026-08-20,C-0087,P-FAB-011,PL-03,21,2016.51,10,USD,Shipped
SO-103044,2,2026-08-11,2026-08-28,C-0087,P-FAS-012,PL-03,21,23.72,5,USD,Shipped
SO-103072,1,2026-08-11,2026-08-28,C-0013,P-FAS-012,PL-04,18,23.72,0,USD,Shipped
SO-103042,1,2026-08-12,2026-08-22,C-0037,P-FAS-001,PL-01,9,25.63,2,USD,Shipped
SO-103042,2,2026-08-12,2026-08-27,C-0037,P-FAS-005,PL-03,12,12.82,0,USD,Shipped
SO-103068,1,2026-08-12,2026-08-23,C-0088,P-STR-005,PL-03,2,337.13,0,USD,Shipped
SO-103068,2,2026-08-12,2026-08-28,C-0088,P-FAS-005,PL-03,13,12.29,8,USD,Shipped
SO-103071,1,2026-08-12,2026-08-27,C-0040,P-FAS-006,PL-02,5,17.79,2,USD,Shipped
SO-103083,1,2026-08-12,2026-08-16,C-0002,P-FAS-008,PL-03,8,28.62,0,USD,Shipped
SO-103083,2,2026-08-12,2026-08-16,C-0002,P-FAS-011,PL-03,5,28.85,5,USD,Shipped
SO-103083,3,2026-08-12,2026-08-26,C-0002,P-FAS-002,PL-01,15,20.96,8,USD,Shipped
SO-103126,1,2026-08-12,2026-08-14,C-0009,P-MET-011,PL-02,2,106.72,0,USD,Shipped
SO-103126,2,2026-08-12,2026-08-24,C-0009,P-MET-002,PL-03,11,87.79,0,USD,Shipped
SO-103021,1,2026-08-13,2026-08-21,C-0132,P-STR-001,PL-01,1,367.83,5,USD,Shipped
SO-103038,1,2026-08-13,2026-08-25,C-0047,P-FAS-008,PL-01,3,28.12,2,USD,Shipped
SO-103038,2,2026-08-13,2026-08-29,C-0047,P-MET-008,PL-02,6,83.82,0,USD,Shipped
SO-103038,3,2026-08-13,2026-08-23,C-0047,P-FAS-008,PL-01,7,28.87,5,USD,Shipped
SO-103059,1,2026-08-13,2026-08-21,C-0072,P-MET-004,PL-04,7,89.69,5,USD,Shipped
SO-103088,1,2026-08-13,2026-08-23,C-0094,P-STR-011,PL-04,13,472.91,2,USD,Shipped
SO-103088,2,2026-08-13,2026-08-28,C-0094,P-MET-007,PL-04,7,129.83,10,USD,Shipped
SO-103088,3,2026-08-13,2026-08-20,C-0094,P-STR-009,PL-02,3,294.30,5,USD,Shipped
SO-103095,1,2026-08-13,2026-08-25,C-0106,P-MET-003,PL-04,3,112.43,0,USD,Shipped
SO-103095,2,2026-08-13,2026-08-18,C-0106,P-FAS-001,PL-02,2,25.90,10,USD,Shipped
SO-103103,1,2026-08-13,2026-08-25,C-0128,P-MET-002,PL-02,12,87.73,8,USD,Shipped
SO-103103,2,2026-08-13,2026-09-02,C-0128,P-STR-003,PL-02,22,288.05,0,USD,Shipped
SO-103109,1,2026-08-13,2026-08-24,C-0107,P-MET-008,PL-01,3,82.16,8,USD,Shipped
SO-103109,2,2026-08-13,2026-08-31,C-0107,P-ENC-008,PL-02,4,282.67,0,USD,Shipped
SO-103062,1,2026-08-14,2026-08-19,C-0023,P-FAS-008,PL-01,18,28.88,2,USD,Shipped
SO-103062,2,2026-08-14,2026-08-29,C-0023,P-MET-008,PL-04,4,82.88,5,USD,Shipped
SO-103075,1,2026-08-14,2026-08-24,C-0105,P-FAS-006,PL-04,4,17.85,2,USD,Shipped
SO-103081,1,2026-08-14,2026-08-17,C-0086,P-FAB-003,PL-02,3,1822.83,5,USD,Shipped
SO-103081,2,2026-08-14,2026-08-28,C-0086,P-FAS-007,PL-04,15,17.23,5,USD,Shipped
SO-103125,1,2026-08-14,2026-09-04,C-0045,P-STR-011,PL-04,6,459.00,0,USD,Shipped
SO-102996,1,2026-08-15,2026-08-27,C-0040,P-FAS-007,PL-03,9,17.49,5,USD,Shipped
SO-102996,2,2026-08-15,2026-08-30,C-0040,P-FAS-011,PL-03,33,27.49,0,USD,Shipped
SO-103014,1,2026-08-16,2026-08-18,C-0069,P-ENC-005,PL-02,11,191.34,0,USD,Shipped
SO-103014,2,2026-08-16,2026-09-02,C-0069,P-MET-008,PL-03,3,80.96,5,USD,Shipped
SO-103014,3,2026-08-16,2026-08-31,C-0069,P-STR-003,PL-03,6,284.08,2,USD,Shipped
SO-103016,1,2026-08-16,2026-08-25,C-0123,P-STR-010,PL-01,2,372.07,5,USD,Shipped
SO-103016,2,2026-08-16,2026-08-18,C-0123,P-MET-001,PL-02,1,65.72,8,USD,Shipped
SO-103016,3,2026-08-16,2026-08-26,C-0123,P-FAS-008,PL-02,4,28.32,8,USD,Shipped
SO-103028,1,2026-08-16,2026-08-26,C-0019,P-MET-004,PL-02,1,89.66,8,USD,Shipped
SO-103028,2,2026-08-16,2026-09-04,C-0019,P-FAS-007,PL-04,2,17.10,5,USD,Shipped
SO-103054,1,2026-08-16,2026-08-24,C-0034,P-FAS-002,PL-04,13,20.64,0,USD,Shipped
SO-103098,1,2026-08-16,2026-08-25,C-0093,P-FAS-005,PL-02,5,12.43,0,USD,Shipped
SO-103118,1,2026-08-16,2026-09-05,C-0038,P-STR-008,PL-02,13,670.01,5,USD,Shipped
SO-103138,1,2026-08-16,2026-09-01,C-0052,P-FAB-009,PL-01,5,2065.32,8,USD,Shipped
SO-103138,2,2026-08-16,2026-08-18,C-0052,P-ENC-012,PL-04,1,344.79,10,USD,Shipped
SO-103003,1,2026-08-17,2026-09-06,C-0021,P-ENC-008,PL-03,19,275.99,2,USD,Shipped
SO-103003,2,2026-08-17,2026-08-20,C-0021,P-ENC-011,PL-02,7,228.15,10,USD,Shipped
SO-103003,3,2026-08-17,2026-08-19,C-0021,P-FAS-011,PL-02,19,28.91,0,USD,Shipped
SO-103015,1,2026-08-17,2026-09-03,C-0060,P-STR-003,PL-01,4,286.54,5,USD,Shipped
SO-103015,2,2026-08-17,2026-08-19,C-0060,P-FAS-005,PL-04,2,12.88,0,USD,Shipped
SO-103056,1,2026-08-17,2026-08-26,C-0119,P-STR-007,PL-02,9,399.58,2,USD,Shipped
SO-103057,1,2026-08-17,2026-08-23,C-0036,P-FAB-009,PL-04,6,2038.55,5,USD,Shipped
SO-103057,2,2026-08-17,2026-08-31,C-0036,P-STR-007,PL-02,3,402.39,5,USD,Shipped
SO-103064,1,2026-08-17,,C-0037,P-FAS-004,PL-02,3,20.19,5,USD,Cancelled
SO-103074,1,2026-08-17,2026-08-21,C-0110,P-STR-005,PL-01,1,348.77,0,USD,Shipped
SO-103091,1,2026-08-17,2026-09-06,C-0094,P-MET-003,PL-03,5,112.58,8,USD,Shipped
SO-103122,1,2026-08-17,2026-08-20,C-0066,P-FAS-002,PL-01,4,20.49,5,USD,Shipped
SO-103122,2,2026-08-17,2026-08-19,C-0066,P-FAS-007,PL-03,5,16.97,7,USD,Shipped
SO-103123,1,2026-08-17,2026-08-22,C-0042,P-FAS-001,PL-03,5,25.46,8,USD,Shipped
SO-103123,2,2026-08-17,2026-08-22,C-0042,P-STR-005,PL-04,2,337.50,5,USD,Shipped
SO-103005,1,2026-08-18,,C-0027,P-FAS-006,PL-02,4,17.85,10,USD,Cancelled
SO-103024,1,2026-08-18,2026-08-27,C-0103,P-MET-007,PL-02,12,129.38,2,USD,Shipped
SO-103110,1,2026-08-18,2026-09-01,C-0068,P-FAS-002,PL-04,7,20.12,0,USD,Shipped
SO-103110,2,2026-08-18,2026-08-20,C-0068,P-STR-002,PL-04,19,675.76,0,USD,Shipped
SO-103124,1,2026-08-18,2026-08-31,C-0010,P-MET-003,PL-02,4,111.71,10,USD,Shipped
SO-103036,1,2026-08-19,2026-09-08,C-0058,P-MET-006,PL-04,10,84.27,2,USD,Shipped
SO-103036,2,2026-08-19,2026-09-09,C-0058,P-MET-006,PL-03,1,86.88,2,USD,Shipped
SO-103102,1,2026-08-19,2026-09-07,C-0009,P-STR-010,PL-01,3,380.57,5,USD,Shipped
SO-103102,2,2026-08-19,2026-08-27,C-0009,P-STR-010,PL-03,2,383.92,5,USD,Shipped
SO-103102,3,2026-08-19,2026-09-01,C-0009,P-FAS-005,PL-02,4,12.64,8,USD,Shipped
SO-103012,1,2026-08-20,2026-09-01,C-0041,P-MET-003,PL-03,3,116.82,0,USD,Shipped
SO-103012,2,2026-08-20,2026-08-28,C-0041,P-FAS-002,PL-01,2,20.10,0,USD,Shipped
SO-103048,1,2026-08-20,2026-09-09,C-0119,P-STR-003,PL-01,4,295.03,0,USD,Shipped
SO-103093,1,2026-08-20,2026-09-09,C-0040,P-MET-005,PL-04,7,124.51,0,USD,Shipped
SO-103093,2,2026-08-20,2026-08-24,C-0040,P-FAS-004,PL-02,3,19.91,0,USD,Shipped
SO-103093,3,2026-08-20,2026-09-10,C-0040,P-FAB-004,PL-02,2,1330.13,5,USD,Shipped
SO-103117,1,2026-08-20,2026-08-29,C-0133,P-FAS-005,PL-04,12,12.41,5,USD,Shipped
SO-103134,1,2026-08-20,2026-08-26,C-0011,P-MET-005,PL-04,1,129.37,5,USD,Shipped
SO-103019,1,2026-08-21,2026-08-30,C-0077,P-ENC-001,PL-04,5,167.82,8,USD,Shipped
SO-103033,1,2026-08-21,2026-08-24,C-0009,P-MET-004,PL-04,7,88.55,0,USD,Shipped
SO-103043,1,2026-08-21,2026-08-23,C-0114,P-MET-012,PL-01,3,64.57,5,USD,Shipped
SO-103043,2,2026-08-21,2026-08-30,C-0114,P-FAS-006,PL-02,20,18.60,0,USD,Shipped
SO-103066,1,2026-08-21,2026-09-05,C-0126,P-FAB-010,PL-03,11,1659.25,5,USD,Shipped
SO-103067,1,2026-08-21,2026-09-11,C-0024,P-FAB-006,PL-02,3,1214.20,5,USD,Shipped
SO-103079,1,2026-08-21,2026-08-28,C-0005,P-FAS-011,PL-03,21,27.56,2,USD,Shipped
SO-103085,1,2026-08-21,2026-09-08,C-0037,P-FAS-005,PL-04,10,12.25,10,USD,Shipped
SO-103085,2,2026-08-21,2026-09-06,C-0037,P-ENC-006,PL-01,15,255.90,5,USD,Shipped
SO-103085,3,2026-08-21,2026-08-26,C-0037,P-ENC-007,PL-03,4,349.96,8,USD,Shipped
SO-103113,1,2026-08-21,2026-08-24,C-0023,P-FAS-009,PL-02,1,27.40,0,USD,Shipped
SO-103136,1,2026-08-21,2026-08-26,C-0031,P-MET-012,PL-04,7,66.02,0,USD,Shipped
SO-103136,2,2026-08-21,2026-09-07,C-0031,P-FAS-009,PL-01,11,28.01,10,USD,Shipped
SO-103009,1,2026-08-22,2026-09-07,C-0099,P-MET-009,PL-01,2,128.11,13,USD,Shipped
SO-103100,1,2026-08-22,2026-08-25,C-0030,P-STR-002,PL-04,2,664.20,2,USD,Shipped
SO-103121,1,2026-08-22,2026-09-05,C-0059,P-ENC-008,PL-02,7,276.37,0,USD,Shipped
SO-103058,1,2026-08-23,,C-0028,P-MET-001,PL-01,2,65.65,8,USD,Cancelled
SO-103061,1,2026-08-23,2026-09-04,C-0131,P-MET-010,PL-03,2,98.46,8,USD,Shipped
SO-103063,1,2026-08-23,2026-09-07,C-0015,P-MET-010,PL-02,4,96.66,10,USD,Shipped
SO-103069,1,2026-08-23,2026-08-29,C-0075,P-FAS-002,PL-01,17,19.90,5,USD,Shipped
SO-103129,1,2026-08-23,2026-09-12,C-0032,P-MET-001,PL-04,2,63.54,10,USD,Shipped
SO-103132,1,2026-08-23,2026-09-04,C-0031,P-ENC-003,PL-04,7,265.67,8,USD,Shipped
SO-103132,2,2026-08-23,2026-09-04,C-0031,P-ENC-011,PL-04,3,219.51,8,USD,Shipped
SO-102998,1,2026-08-24,2026-09-13,C-0002,P-FAS-011,PL-02,7,28.85,5,USD,Shipped
SO-102998,2,2026-08-24,2026-09-14,C-0002,P-ENC-012,PL-01,1,342.28,0,USD,Shipped
SO-102998,3,2026-08-24,2026-09-05,C-0002,P-FAS-008,PL-03,5,28.01,0,USD,Shipped
SO-103000,1,2026-08-24,2026-08-28,C-0025,P-STR-002,PL-03,15,671.00,5,USD,Shipped
SO-103004,1,2026-08-24,2026-09-08,C-0121,P-STR-005,PL-02,3,337.88,5,USD,Shipped
SO-103006,1,2026-08-24,2026-09-11,C-0139,P-MET-012,PL-03,3,64.90,0,USD,Shipped
SO-103006,2,2026-08-24,2026-08-26,C-0139,P-FAS-005,PL-03,11,12.38,0,USD,Shipped
SO-103006,3,2026-08-24,2026-09-13,C-0139,P-FAB-008,PL-01,23,1456.14,5,USD,Shipped
SO-103089,1,2026-08-24,2026-09-12,C-0049,P-STR-008,PL-03,3,662.73,5,USD,Shipped
SO-103089,2,2026-08-24,2026-09-01,C-0049,P-FAS-005,PL-03,7,12.32,2,USD,Shipped
SO-103090,1,2026-08-24,2026-09-06,C-0074,P-ENC-002,PL-01,20,353.19,0,USD,Shipped
SO-103090,2,2026-08-24,2026-08-28,C-0074,P-ENC-009,PL-01,7,187.59,10,USD,Shipped
SO-103141,1,2026-08-24,2026-08-26,C-0116,P-ENC-005,PL-02,6,181.23,10,USD,Shipped
SO-103141,2,2026-08-24,2026-09-13,C-0116,P-MET-010,PL-04,5,98.90,7,USD,Shipped
SO-103141,3,2026-08-24,2026-09-14,C-0116,P-FAS-003,PL-01,10,11.25,10,USD,Shipped
SO-102992,1,2026-08-25,2026-08-27,C-0047,P-STR-009,PL-03,3,295.53,8,USD,Shipped
SO-103092,1,2026-08-25,2026-09-01,C-0012,P-FAB-004,PL-01,6,1320.87,5,USD,Shipped
SO-103092,2,2026-08-25,2026-09-05,C-0012,P-ENC-003,PL-02,8,274.52,5,USD,Shipped
SO-103101,1,2026-08-25,2026-09-05,C-0002,P-FAB-008,PL-02,19,1398.55,0,USD,Shipped
SO-103120,1,2026-08-25,2026-09-11,C-0038,P-FAS-005,PL-04,9,12.46,5,USD,Shipped
SO-103140,1,2026-08-25,2026-09-11,C-0085,P-STR-007,PL-04,2,408.86,10,USD,Shipped
SO-103140,2,2026-08-25,2026-09-07,C-0085,P-ENC-005,PL-02,4,189.03,5,USD,Shipped
SO-103030,1,2026-08-26,2026-09-13,C-0042,P-ENC-012,PL-03,8,348.10,8,USD,Shipped
SO-103030,2,2026-08-26,2026-09-08,C-0042,P-ENC-012,PL-02,5,343.08,5,USD,Shipped
SO-103037,1,2026-08-26,2026-09-06,C-0109,P-MET-005,PL-03,2,128.72,8,USD,Shipped
SO-103046,1,2026-08-26,2026-08-29,C-0095,P-FAS-009,PL-02,5,27.38,0,USD,Shipped
SO-103096,1,2026-08-26,2026-09-08,C-0051,P-MET-008,PL-04,2,80.89,5,USD,Shipped
SO-103114,1,2026-08-26,,C-0050,P-STR-006,PL-04,4,568.90,5,USD,Cancelled
SO-103133,1,2026-08-26,2026-08-30,C-0112,P-ENC-006,PL-02,7,254.41,0,USD,Shipped
SO-103133,2,2026-08-26,2026-09-06,C-0112,P-FAS-010,PL-01,11,17.91,5,USD,Shipped
SO-102990,1,2026-08-27,2026-09-07,C-0131,P-MET-004,PL-01,1,88.23,0,USD,Shipped
SO-103097,1,2026-08-27,2026-09-07,C-0071,P-FAS-002,PL-03,4,20.99,0,USD,Shipped
SO-103107,1,2026-08-27,2026-08-30,C-0072,P-MET-012,PL-04,7,65.07,8,USD,Shipped
SO-103107,2,2026-08-27,2026-09-17,C-0072,P-MET-005,PL-04,2,129.47,5,USD,Shipped
SO-103107,3,2026-08-27,2026-09-01,C-0072,P-FAB-003,PL-03,3,1781.61,0,USD,Shipped
SO-103112,1,2026-08-27,2026-08-29,C-0081,P-ENC-011,PL-02,3,225.03,10,USD,Shipped
SO-103112,2,2026-08-27,2026-09-07,C-0081,P-FAB-001,PL-02,7,2050.92,0,USD,Shipped
SO-103119,1,2026-08-27,2026-09-10,C-0128,P-FAS-005,PL-04,7,12.35,0,USD,Shipped
SO-103130,1,2026-08-27,2026-09-02,C-0113,P-MET-007,PL-02,1,131.01,10,USD,Shipped
SO-103130,2,2026-08-27,2026-09-08,C-0113,P-FAS-002,PL-01,7,20.21,10,USD,Shipped
SO-103010,1,2026-08-28,2026-09-18,C-0050,P-FAS-009,PL-03,2,27.81,0,USD,Shipped
SO-103010,2,2026-08-28,2026-09-04,C-0050,P-ENC-001,PL-03,5,171.11,0,USD,Shipped
SO-103035,1,2026-08-28,2026-09-01,C-0086,P-MET-012,PL-02,3,65.48,0,USD,Shipped
SO-103035,2,2026-08-28,2026-09-01,C-0086,P-ENC-001,PL-03,6,172.02,8,USD,Shipped
SO-103050,1,2026-08-28,2026-09-08,C-0115,P-FAS-007,PL-02,5,17.74,8,USD,Shipped
SO-103078,1,2026-08-28,2026-09-16,C-0022,P-MET-007,PL-02,5,132.52,0,USD,Shipped
SO-103086,1,2026-08-28,2026-09-06,C-0098,P-MET-012,PL-02,6,63.88,10,USD,Shipped
SO-103002,1,2026-08-29,2026-08-31,C-0118,P-MET-010,PL-03,3,98.72,0,USD,Shipped
SO-103040,1,2026-08-29,2026-09-18,C-0116,P-FAB-008,PL-04,2,1422.13,5,USD,Shipped
SO-103055,1,2026-08-29,2026-09-06,C-0068,P-MET-007,PL-02,2,128.36,8,USD,Shipped
SO-103082,1,2026-08-29,2026-09-01,C-0089,P-MET-001,PL-01,7,65.33,0,USD,Shipped
SO-103127,1,2026-08-29,2026-08-28,C-0099,P-FAS-002,PL-01,5,20.12,10,USD,Shipped
SO-102999,1,2026-08-30,2026-09-07,C-0079,P-ENC-005,PL-04,5,185.27,2,USD,Shipped
SO-103077,1,2026-08-30,2026-09-09,C-0081,P-STR-006,PL-02,4,563.12,0,USD,Shipped
SO-103077,2,2026-08-30,2026-09-20,C-0081,P-MET-007,PL-03,5,128.39,5,USD,Shipped
SO-103077,3,2026-08-30,2026-09-02,C-0081,P-FAS-008,PL-04,13,28.29,8,USD,Shipped
SO-103105,1,2026-08-30,2026-09-19,C-0074,P-FAS-012,PL-04,14,24.48,0,USD,Shipped
SO-103105,2,2026-08-30,2026-09-03,C-0074,P-MET-011,PL-02,2,106.80,2,USD,Shipped
SO-103053,1,2026-08-31,2026-09-06,C-0062,P-FAS-008,PL-01,4,28.07,10,USD,Shipped
SO-103065,1,2026-08-31,2026-09-18,C-0053,P-FAS-007,PL-04,2,17.17,5,USD,Shipped
SO-103164,1,2026-09-01,2026-09-09,C-0016,P-STR-001,PL-02,3,373.38,8,USD,Shipped
SO-103164,2,2026-09-01,2026-09-21,C-0016,P-FAS-006,PL-04,14,18.85,0,USD,Shipped
SO-103169,1,2026-09-01,2026-09-08,C-0071,P-MET-005,PL-04,1,126.30,0,USD,Shipped
SO-103169,2,2026-09-01,2026-09-04,C-0071,P-FAS-010,PL-01,5,17.75,8,USD,Shipped
SO-103192,1,2026-09-01,2026-09-20,C-0015,P-STR-011,PL-03,6,451.33,5,USD,Shipped
SO-103192,2,2026-09-01,2026-09-09,C-0015,P-MET-011,PL-04,1,106.30,0,USD,Shipped
SO-103199,1,2026-09-01,2026-09-13,C-0072,P-MET-001,PL-01,13,65.21,2,USD,Shipped
SO-103199,2,2026-09-01,2026-09-16,C-0072,P-FAS-004,PL-02,3,20.29,10,USD,Shipped
SO-103208,1,2026-09-01,,C-0061,P-FAS-009,PL-01,9,27.05,0,USD,Open
SO-103241,1,2026-09-01,,C-0122,P-MET-008,PL-02,23,84.21,0,USD,Cancelled
SO-103241,2,2026-09-01,2026-09-16,C-0122,P-STR-009,PL-01,6,295.07,8,USD,Shipped
SO-103241,3,2026-09-01,2026-09-07,C-0122,P-MET-006,PL-01,2,83.40,2,USD,Shipped
SO-103260,1,2026-09-01,,C-0013,P-STR-008,PL-03,3,690.36,0,USD,Open
SO-103263,1,2026-09-01,,C-0027,P-FAS-002,PL-03,31,20.40,0,USD,Cancelled
SO-103296,1,2026-09-01,2026-09-20,C-0060,P-FAS-010,PL-02,8,17.97,8,USD,Shipped
SO-103308,1,2026-09-01,2026-09-09,C-0130,P-FAS-003,PL-03,5,11.37,10,USD,Shipped
SO-103196,1,2026-09-02,,C-0104,P-FAS-005,PL-03,12,12.69,2,USD,Open
SO-103290,1,2026-09-02,,C-0067,P-MET-009,PL-04,3,127.75,0,USD,Open
SO-103294,1,2026-09-02,2026-09-11,C-0139,P-ENC-008,PL-03,1,269.67,8,USD,Shipped
SO-103161,1,2026-09-03,2026-09-12,C-0077,P-FAB-009,PL-04,5,2030.97,10,USD,Shipped
SO-103161,2,2026-09-03,2026-09-18,C-0077,P-MET-011,PL-04,6,107.72,10,USD,Shipped
SO-103205,1,2026-09-03,,C-0119,P-FAB-007,PL-03,1,1045.91,0,USD,Open
SO-103235,1,2026-09-03,2026-09-15,C-0039,P-MET-012,PL-03,5,65.28,0,USD,Shipped
SO-103156,1,2026-09-04,2026-09-07,C-0061,P-MET-011,PL-02,1,104.41,5,USD,Shipped
SO-103174,1,2026-09-04,2026-09-14,C-0106,P-ENC-005,PL-03,5,182.61,0,USD,Shipped
SO-103275,1,2026-09-04,2026-09-13,C-0047,P-FAS-009,PL-04,24,28.17,0,USD,Shipped
SO-103286,1,2026-09-04,2026-09-16,C-0025,P-ENC-007,PL-03,7,360.46,10,USD,Shipped
SO-103286,2,2026-09-04,,C-0025,P-MET-005,PL-02,6,126.34,8,USD,Open
SO-103312,1,2026-09-04,2026-09-15,C-0025,P-FAB-011,PL-02,2,2007.29,8,USD,Shipped
SO-103312,2,2026-09-04,,C-0025,P-STR-004,PL-03,13,380.07,0,USD,Open
SO-103149,1,2026-09-05,2026-09-24,C-0129,P-ENC-005,PL-03,3,190.56,0,USD,Shipped
SO-103149,2,2026-09-05,2026-09-09,C-0129,P-MET-003,PL-03,3,111.45,0,USD,Shipped
SO-103149,3,2026-09-05,2026-09-07,C-0129,P-FAS-002,PL-02,5,19.96,0,USD,Shipped
SO-103155,1,2026-09-05,2026-09-08,C-0050,P-MET-001,PL-01,3,62.67,10,USD,Shipped
SO-103155,2,2026-09-05,2026-09-17,C-0050,P-MET-003,PL-02,2,112.21,0,USD,Shipped
SO-103155,3,2026-09-05,2026-09-10,C-0050,P-STR-005,PL-04,5,341.93,8,USD,Shipped
SO-103173,1,2026-09-05,2026-09-15,C-0023,P-FAB-012,PL-01,5,1143.92,0,USD,Shipped
SO-103204,1,2026-09-05,2026-09-20,C-0001,P-FAS-012,PL-01,11,23.49,2,USD,Shipped
SO-103204,2,2026-09-05,2026-09-08,C-0001,P-MET-009,PL-04,4,128.07,0,USD,Shipped
SO-103207,1,2026-09-05,,C-0036,P-FAS-004,PL-03,11,19.62,0,USD,Open
SO-103210,1,2026-09-05,,C-0025,P-STR-012,PL-02,2,280.45,5,USD,Open
SO-103210,2,2026-09-05,2026-09-16,C-0025,P-FAS-003,PL-02,10,11.28,2,USD,Shipped
SO-103214,1,2026-09-05,2026-09-15,C-0082,P-MET-003,PL-03,10,114.64,5,USD,Shipped
SO-103278,1,2026-09-05,2026-09-15,C-0037,P-STR-004,PL-04,2,381.94,0,USD,Shipped
SO-103307,1,2026-09-05,,C-0126,P-FAS-004,PL-04,2,20.06,2,USD,Open
SO-103307,2,2026-09-05,2026-09-10,C-0126,P-ENC-005,PL-03,5,186.07,10,USD,Shipped
SO-103315,1,2026-09-05,2026-09-16,C-0109,P-MET-007,PL-04,4,128.35,0,USD,Shipped
SO-103193,1,2026-09-06,2026-09-14,C-0030,P-STR-012,PL-04,6,272.25,8,USD,Shipped
SO-103194,1,2026-09-06,2026-09-21,C-0059,P-MET-003,PL-01,7,117.77,0,USD,Shipped
SO-103194,2,2026-09-06,,C-0059,P-ENC-006,PL-02,5,243.89,2,USD,Open
SO-103198,1,2026-09-06,,C-0015,P-MET-006,PL-01,1,87.34,0,USD,Open
SO-103198,2,2026-09-06,2026-09-16,C-0015,P-ENC-001,PL-01,6,165.30,0,USD,Shipped
SO-103198,3,2026-09-06,2026-09-10,C-0015,P-STR-008,PL-04,3,684.50,0,USD,Shipped
SO-103267,1,2026-09-06,2026-09-18,C-0038,P-ENC-004,PL-03,7,227.60,8,USD,Shipped
SO-103314,1,2026-09-06,2026-09-21,C-0075,P-FAS-002,PL-01,9,20.37,0,USD,Shipped
SO-103180,1,2026-09-07,2026-09-12,C-0015,P-FAB-005,PL-03,4,1729.53,2,USD,Shipped
SO-103197,1,2026-09-07,,C-0061,P-FAS-007,PL-03,10,17.15,10,USD,Open
SO-103197,2,2026-09-07,2026-09-18,C-0061,P-FAS-003,PL-02,15,11.41,5,USD,Shipped
SO-103197,3,2026-09-07,2026-09-20,C-0061,P-MET-003,PL-02,2,111.74,5,USD,Shipped
SO-103228,1,2026-09-07,2026-09-09,C-0126,P-FAS-012,PL-04,4,24.41,8,USD,Shipped
SO-103250,1,2026-09-07,2026-09-18,C-0132,P-FAS-007,PL-03,9,17.32,0,USD,Shipped
SO-103254,1,2026-09-07,,C-0121,P-FAS-009,PL-04,11,28.08,0,USD,Open
SO-103279,1,2026-09-07,2026-09-19,C-0077,P-ENC-012,PL-04,7,355.76,0,USD,Shipped
SO-103143,1,2026-09-08,2026-09-19,C-0127,P-ENC-010,PL-02,5,223.30,5,USD,Shipped
SO-103190,1,2026-09-08,2026-09-28,C-0025,P-ENC-009,PL-02,5,189.04,2,USD,Shipped
SO-103190,2,2026-09-08,,C-0025,P-ENC-010,PL-03,11,218.79,0,USD,Open
SO-103217,1,2026-09-08,2026-09-29,C-0109,P-STR-001,PL-01,4,371.38,0,USD,Shipped
SO-103223,1,2026-09-08,2026-09-13,C-0022,P-FAS-004,PL-04,7,20.46,5,USD,Shipped
SO-103223,2,2026-09-08,2026-09-14,C-0022,P-MET-012,PL-01,7,65.08,2,USD,Shipped
SO-103234,1,2026-09-08,2026-09-11,C-0099,P-FAS-001,PL-03,3,26.24,7,USD,Shipped
SO-103146,1,2026-09-09,2026-09-21,C-0037,P-FAS-009,PL-03,5,27.03,0,USD,Shipped
SO-103146,2,2026-09-09,2026-09-17,C-0037,P-STR-002,PL-04,10,656.06,8,USD,Shipped
SO-103146,3,2026-09-09,2026-09-18,C-0037,P-FAB-007,PL-02,16,1052.92,0,USD,Shipped
SO-103160,1,2026-09-09,2026-09-19,C-0076,P-MET-007,PL-03,3,129.39,5,USD,Shipped
SO-103201,1,2026-09-09,,C-0079,P-FAS-012,PL-04,13,24.28,8,USD,Open
SO-103237,1,2026-09-09,2026-09-11,C-0089,P-STR-002,PL-01,3,660.38,0,USD,Shipped
SO-103245,1,2026-09-09,,C-0086,P-ENC-012,PL-03,7,351.63,8,USD,Open
SO-103293,1,2026-09-09,2026-09-24,C-0003,P-FAS-006,PL-01,26,17.81,8,USD,Shipped
SO-103293,2,2026-09-09,,C-0003,P-FAB-011,PL-04,5,2046.06,0,USD,Open
SO-103304,1,2026-09-09,2026-09-25,C-0017,P-STR-003,PL-01,2,283.53,5,USD,Shipped
SO-103304,2,2026-09-09,2026-09-28,C-0017,P-FAS-012,PL-01,3,23.94,0,USD,Shipped
SO-103304,3,2026-09-09,2026-09-26,C-0017,P-FAS-011,PL-04,7,28.71,8,USD,Shipped
SO-103186,1,2026-09-10,2026-09-15,C-0054,P-FAS-005,PL-02,8,12.79,8,USD,Shipped
SO-103209,1,2026-09-10,2026-09-25,C-0097,P-MET-006,PL-03,7,85.31,0,USD,Shipped
SO-103209,2,2026-09-10,,C-0097,P-ENC-002,PL-03,12,346.74,0,USD,Open
SO-103221,1,2026-09-10,,C-0122,P-MET-004,PL-04,3,91.96,0,USD,Open
SO-103221,2,2026-09-10,2026-09-19,C-0122,P-FAS-009,PL-02,29,27.09,0,USD,Shipped
SO-103224,1,2026-09-10,2026-09-28,C-0103,P-STR-005,PL-01,7,336.45,5,USD,Shipped
SO-103248,1,2026-09-10,2026-09-19,C-0020,P-STR-003,PL-02,7,286.41,5,USD,Shipped
SO-103248,2,2026-09-10,2026-09-18,C-0020,P-FAS-009,PL-04,7,28.27,5,USD,Shipped
SO-103248,3,2026-09-10,2026-09-16,C-0020,P-FAS-007,PL-01,24,17.17,0,USD,Shipped
SO-103274,1,2026-09-10,2026-09-14,C-0135,P-ENC-011,PL-03,8,228.52,2,USD,Shipped
SO-103274,2,2026-09-10,2026-09-19,C-0135,P-FAS-003,PL-01,1,11.39,8,USD,Shipped
SO-103212,1,2026-09-11,2026-09-29,C-0040,P-MET-010,PL-04,3,97.70,5,USD,Shipped
SO-103212,2,2026-09-11,2026-09-25,C-0040,P-STR-001,PL-01,6,367.60,10,USD,Shipped
SO-103212,3,2026-09-11,2026-09-27,C-0040,P-STR-007,PL-01,4,404.61,2,USD,Shipped
SO-103287,1,2026-09-11,2026-09-27,C-0085,P-FAS-012,PL-01,7,23.79,8,USD,Shipped
SO-103287,2,2026-09-11,2026-09-17,C-0085,P-FAS-006,PL-01,8,18.10,10,USD,Shipped
SO-103147,1,2026-09-12,,C-0060,P-STR-008,PL-04,11,654.51,5,USD,Open
SO-103147,2,2026-09-12,2026-09-20,C-0060,P-STR-008,PL-02,1,651.08,8,USD,Shipped
SO-103151,1,2026-09-12,,C-0026,P-MET-003,PL-01,3,113.49,0,USD,Open
SO-103153,1,2026-09-12,2026-09-26,C-0093,P-MET-009,PL-01,22,133.33,2,USD,Shipped
SO-103218,1,2026-09-12,2026-09-20,C-0025,P-FAS-011,PL-01,6,28.27,8,USD,Shipped
SO-103258,1,2026-09-12,2026-09-26,C-0106,P-ENC-011,PL-03,11,224.81,0,USD,Shipped
SO-103295,1,2026-09-12,2026-09-27,C-0067,P-MET-008,PL-02,6,82.86,8,USD,Shipped
SO-103297,1,2026-09-12,2026-09-25,C-0107,P-MET-007,PL-03,4,134.61,0,USD,Shipped
SO-103297,2,2026-09-12,2026-09-19,C-0107,P-FAB-010,PL-03,3,1679.34,2,USD,Shipped
SO-103297,3,2026-09-12,2026-09-27,C-0107,P-FAS-005,PL-01,7,12.43,0,USD,Shipped
SO-103302,1,2026-09-12,,C-0075,P-ENC-012,PL-01,2,347.35,10,USD,Open
SO-103302,2,2026-09-12,2026-09-28,C-0075,P-MET-007,PL-04,4,132.22,8,USD,Shipped
SO-103316,1,2026-09-12,2026-09-16,C-0078,P-FAS-006,PL-04,6,17.86,5,USD,Shipped
SO-103316,2,2026-09-12,,C-0078,P-STR-011,PL-02,2,470.92,0,USD,Open
SO-103152,1,2026-09-13,2026-09-27,C-0095,P-FAB-005,PL-02,8,1685.81,0,USD,Shipped
SO-103229,1,2026-09-13,,C-0039,P-STR-009,PL-04,1,286.40,2,USD,Open
SO-103229,2,2026-09-13,2026-09-19,C-0039,P-FAB-010,PL-02,5,1664.49,0,USD,Shipped
SO-103236,1,2026-09-13,,C-0042,P-MET-012,PL-03,3,63.87,8,USD,Open
SO-103236,2,2026-09-13,2026-09-20,C-0042,P-ENC-012,PL-02,10,347.00,10,USD,Shipped
SO-103236,3,2026-09-13,,C-0042,P-MET-010,PL-03,5,99.04,0,USD,Open
SO-103239,1,2026-09-14,2026-09-28,C-0078,P-FAS-012,PL-03,12,23.81,0,USD,Shipped
SO-103239,2,2026-09-14,,C-0078,P-FAS-004,PL-01,6,20.10,0,USD,Open
SO-103239,3,2026-09-14,2026-09-17,C-0078,P-MET-002,PL-04,4,87.43,5,USD,Shipped
SO-103240,1,2026-09-14,2026-09-18,C-0083,P-MET-012,PL-04,2,65.85,0,USD,Shipped
SO-103251,1,2026-09-14,,C-0050,P-ENC-005,PL-03,2,185.64,5,USD,Open
SO-103266,1,2026-09-14,2026-09-24,C-0099,P-FAS-002,PL-04,2,20.33,7,USD,Shipped
SO-103266,2,2026-09-14,2026-09-16,C-0099,P-ENC-001,PL-02,5,163.73,5,USD,Shipped
SO-103172,1,2026-09-15,,C-0010,P-FAB-008,PL-03,10,1446.66,7,USD,Open
SO-103188,1,2026-09-15,2026-09-18,C-0083,P-ENC-010,PL-03,6,219.69,5,USD,Shipped
SO-103188,2,2026-09-15,2026-09-25,C-0083,P-STR-009,PL-04,1,287.33,0,USD,Shipped
SO-103188,3,2026-09-15,,C-0083,P-MET-010,PL-01,9,98.76,0,USD,Open
SO-103238,1,2026-09-15,,C-0077,P-FAS-006,PL-01,7,18.49,10,USD,Open
SO-103238,2,2026-09-15,2026-09-30,C-0077,P-FAB-001,PL-03,2,1996.16,2,USD,Shipped
SO-103272,1,2026-09-15,2026-09-23,C-0135,P-FAS-005,PL-03,3,12.64,5,USD,Shipped
SO-103272,2,2026-09-15,2026-09-20,C-0135,P-FAS-008,PL-01,12,28.23,5,USD,Shipped
SO-103272,3,2026-09-15,,C-0135,P-ENC-011,PL-01,3,223.63,0,USD,Open
SO-103291,1,2026-09-15,2026-09-24,C-0134,P-MET-009,PL-04,9,127.56,0,USD,Shipped
SO-103291,2,2026-09-15,2026-09-24,C-0134,P-STR-008,PL-03,3,686.28,0,USD,Shipped
SO-103168,1,2026-09-16,,C-0081,P-FAS-002,PL-02,5,20.29,0,USD,Open
SO-103168,2,2026-09-16,2026-09-23,C-0081,P-MET-005,PL-03,4,125.42,0,USD,Shipped
SO-103220,1,2026-09-16,,C-0009,P-ENC-002,PL-04,3,344.45,0,USD,Open
SO-103244,1,2026-09-16,2026-09-23,C-0026,P-MET-001,PL-01,8,66.04,10,USD,Shipped
SO-103262,1,2026-09-16,,C-0003,P-FAS-009,PL-01,10,27.12,5,USD,Open
SO-103262,2,2026-09-16,2026-09-26,C-0003,P-MET-010,PL-03,6,96.68,0,USD,Shipped
SO-103262,3,2026-09-16,2026-09-30,C-0003,P-MET-010,PL-02,6,95.88,5,USD,Shipped
SO-103310,1,2026-09-16,,C-0010,P-FAB-009,PL-02,3,2075.73,10,USD,Open
SO-103184,1,2026-09-17,,C-0088,P-STR-003,PL-04,3,281.42,5,USD,Open
SO-103184,2,2026-09-17,2026-09-27,C-0088,P-MET-010,PL-02,2,95.88,2,USD,Shipped
SO-103200,1,2026-09-17,2026-09-26,C-0107,P-MET-005,PL-02,2,127.03,0,USD,Shipped
SO-103213,1,2026-09-17,2026-09-29,C-0077,P-FAS-008,PL-04,4,27.89,2,USD,Shipped
SO-103215,1,2026-09-17,,C-0031,P-MET-005,PL-02,3,125.70,5,USD,Open
SO-103256,1,2026-09-17,2026-09-21,C-0009,P-ENC-006,PL-03,7,247.98,10,USD,Shipped
SO-103256,2,2026-09-17,,C-0009,P-MET-005,PL-04,6,128.02,2,USD,Open
SO-103283,1,2026-09-17,,C-0041,P-FAB-012,PL-02,4,1187.21,0,USD,Open
SO-103289,1,2026-09-17,,C-0039,P-FAB-003,PL-01,1,1784.05,8,USD,Open
SO-103289,2,2026-09-17,2026-09-21,C-0039,P-MET-012,PL-01,3,63.84,0,USD,Shipped
SO-103171,1,2026-09-18,2026-09-23,C-0017,P-STR-008,PL-03,4,672.51,0,USD,Shipped
SO-103177,1,2026-09-18,2026-09-26,C-0100,P-MET-005,PL-03,1,124.15,0,USD,Shipped
SO-103191,1,2026-09-18,2026-09-23,C-0094,P-FAS-005,PL-04,6,12.72,5,USD,Shipped
SO-103280,1,2026-09-18,,C-0063,P-FAB-002,PL-02,2,1101.05,5,USD,Open
SO-103280,2,2026-09-18,,C-0063,P-FAS-002,PL-03,5,20.73,2,USD,Open
SO-103280,3,2026-09-18,2026-09-21,C-0063,P-ENC-005,PL-03,2,190.47,0,USD,Shipped
SO-103311,1,2026-09-18,2026-09-20,C-0073,P-ENC-012,PL-02,6,347.92,5,USD,Shipped
SO-103311,2,2026-09-18,2026-09-30,C-0073,P-FAS-003,PL-04,6,11.46,0,USD,Shipped
SO-103144,1,2026-09-19,2026-09-21,C-0124,P-ENC-011,PL-01,10,230.12,5,USD,Shipped
SO-103150,1,2026-09-19,,C-0061,P-FAS-009,PL-04,9,27.28,5,USD,Open
SO-103150,2,2026-09-19,2026-09-22,C-0061,P-FAS-005,PL-01,14,12.88,5,USD,Shipped
SO-103150,3,2026-09-19,2026-09-27,C-0061,P-STR-011,PL-04,1,460.51,2,USD,Shipped
SO-103157,1,2026-09-19,,C-0098,P-FAS-007,PL-01,6,17.34,5,USD,Open
SO-103157,2,2026-09-19,,C-0098,P-FAB-001,PL-01,4,2027.63,8,USD,Open
SO-103162,1,2026-09-19,,C-0042,P-ENC-003,PL-01,6,267.87,5,USD,Open
SO-103162,2,2026-09-19,,C-0042,P-FAS-002,PL-02,7,19.91,10,USD,Open
SO-103162,3,2026-09-19,,C-0042,P-MET-002,PL-01,4,86.92,0,USD,Open
SO-103163,1,2026-09-19,,C-0026,P-MET-002,PL-02,1,89.81,0,USD,Open
SO-103163,2,2026-09-19,,C-0026,P-MET-005,PL-03,5,129.88,8,USD,Open
SO-103163,3,2026-09-19,,C-0026,P-STR-012,PL-03,3,273.86,0,USD,Open
SO-103175,1,2026-09-19,,C-0097,P-FAS-007,PL-04,3,17.44,5,USD,Open
SO-103181,1,2026-09-19,2026-09-22,C-0129,P-FAS-011,PL-04,7,27.80,2,USD,Shipped
SO-103269,1,2026-09-19,2026-09-21,C-0057,P-FAS-012,PL-03,17,24.22,5,USD,Shipped
SO-103277,1,2026-09-19,,C-0010,P-FAB-006,PL-03,4,1180.66,10,USD,Open
SO-103277,2,2026-09-19,2026-09-25,C-0010,P-FAB-002,PL-01,6,1064.23,5,USD,Shipped
SO-103288,1,2026-09-19,2026-09-29,C-0106,P-FAS-007,PL-02,9,17.82,5,USD,Shipped
SO-103159,1,2026-09-20,2026-09-29,C-0122,P-ENC-011,PL-01,5,221.23,2,USD,Shipped
SO-103187,1,2026-09-20,,C-0055,P-FAS-003,PL-04,2,11.57,0,USD,Open
SO-103187,2,2026-09-20,,C-0055,P-FAS-001,PL-03,10,26.35,0,USD,Open
SO-103187,3,2026-09-20,,C-0055,P-STR-011,PL-02,7,446.04,0,USD,Open
SO-103195,1,2026-09-20,,C-0072,P-ENC-012,PL-03,13,345.00,0,USD,Open
SO-103249,1,2026-09-20,,C-0054,P-MET-001,PL-04,1,65.95,8,USD,Open
SO-103249,2,2026-09-20,,C-0054,P-STR-001,PL-02,7,369.70,8,USD,Open
SO-103268,1,2026-09-20,,C-0129,P-MET-004,PL-04,13,87.91,5,USD,Open
SO-103268,2,2026-09-20,2026-09-26,C-0129,P-ENC-003,PL-01,3,270.10,5,USD,Shipped
SO-103270,1,2026-09-20,,C-0087,P-ENC-011,PL-03,3,223.33,13,USD,Open
SO-103202,1,2026-09-21,2026-09-28,C-0121,P-STR-005,PL-01,6,353.93,2,USD,Shipped
SO-103202,2,2026-09-21,2026-09-23,C-0121,P-STR-011,PL-02,3,453.52,0,USD,Shipped
SO-103202,3,2026-09-21,,C-0121,P-ENC-005,PL-02,12,186.79,10,USD,Open
SO-103232,1,2026-09-21,2026-09-24,C-0110,P-STR-010,PL-02,5,365.15,0,USD,Shipped
SO-103232,2,2026-09-21,,C-0110,P-FAS-008,PL-01,8,29.29,0,USD,Open
SO-103247,1,2026-09-21,,C-0094,P-STR-002,PL-03,15,649.97,0,USD,Open
SO-103282,1,2026-09-21,,C-0098,P-ENC-005,PL-04,3,191.27,10,USD,Open
SO-103282,2,2026-09-21,,C-0098,P-MET-007,PL-04,3,133.67,5,USD,Open
SO-103284,1,2026-09-21,2026-09-23,C-0111,P-ENC-006,PL-04,27,244.14,5,USD,Shipped
SO-103284,2,2026-09-21,2026-09-26,C-0111,P-MET-001,PL-02,4,66.22,2,USD,Shipped
SO-103309,1,2026-09-21,,C-0130,P-MET-012,PL-02,4,66.18,0,USD,Open
SO-103309,2,2026-09-21,,C-0130,P-ENC-004,PL-04,2,236.13,0,USD,Open
SO-103167,1,2026-09-22,2026-09-28,C-0001,P-MET-002,PL-04,4,90.27,8,USD,Shipped
SO-103185,1,2026-09-22,,C-0099,P-STR-012,PL-04,5,284.10,13,USD,Open
SO-103185,2,2026-09-22,,C-0099,P-ENC-007,PL-03,7,356.96,10,USD,Open
SO-103219,1,2026-09-22,,C-0051,P-STR-009,PL-03,2,284.80,10,USD,Open
SO-103222,1,2026-09-22,2026-09-26,C-0122,P-MET-012,PL-04,1,63.80,8,USD,Shipped
SO-103222,2,2026-09-22,,C-0122,P-FAS-005,PL-03,7,12.27,2,USD,Open
SO-103226,1,2026-09-22,2026-09-28,C-0131,P-FAB-009,PL-02,20,2037.99,5,USD,Shipped
SO-103226,2,2026-09-22,,C-0131,P-FAS-010,PL-02,13,18.64,0,USD,Open
SO-103226,3,2026-09-22,,C-0131,P-FAS-001,PL-02,7,26.70,10,USD,Open
SO-103242,1,2026-09-22,,C-0016,P-FAB-008,PL-03,14,1389.18,10,USD,Open
SO-103252,1,2026-09-22,,C-0137,P-STR-001,PL-03,5,369.06,0,USD,Open
SO-103252,2,2026-09-22,,C-0137,P-STR-006,PL-01,4,568.49,0,USD,Open
SO-103178,1,2026-09-23,,C-0002,P-ENC-001,PL-01,7,169.40,0,USD,Open
SO-103255,1,2026-09-23,2026-09-30,C-0131,P-STR-005,PL-03,6,336.04,8,USD,Shipped
SO-103257,1,2026-09-23,,C-0074,P-ENC-011,PL-04,10,221.02,0,USD,Open
SO-103271,1,2026-09-23,2026-09-29,C-0007,P-STR-007,PL-02,3,395.14,5,USD,Shipped
SO-103154,1,2026-09-24,,C-0090,P-FAB-001,PL-02,3,1967.60,15,USD,Open
SO-103154,2,2026-09-24,,C-0090,P-FAS-006,PL-04,5,18.03,7,USD,Open
SO-103166,1,2026-09-24,2026-09-30,C-0083,P-FAS-003,PL-01,2,11.67,0,USD,Shipped
SO-103206,1,2026-09-24,2026-09-27,C-0069,P-MET-004,PL-01,3,88.94,8,USD,Shipped
SO-103206,2,2026-09-24,,C-0069,P-MET-012,PL-04,1,65.48,0,USD,Open
SO-103216,1,2026-09-24,2026-09-30,C-0090,P-FAB-005,PL-03,6,1660.25,5,USD,Shipped
SO-103216,2,2026-09-24,2026-09-26,C-0090,P-STR-012,PL-01,7,269.15,7,USD,Shipped
SO-103148,1,2026-09-25,,C-0027,P-STR-012,PL-04,1,282.73,0,USD,Open
SO-103148,2,2026-09-25,,C-0027,P-ENC-005,PL-02,1,190.83,0,USD,Open
SO-103182,1,2026-09-25,,C-0063,P-MET-001,PL-01,4,64.23,5,USD,Open
SO-103227,1,2026-09-25,,C-0023,P-MET-004,PL-01,8,89.01,0,USD,Open
SO-103227,2,2026-09-25,,C-0023,P-MET-012,PL-02,7,63.80,0,USD,Open
SO-103227,3,2026-09-25,,C-0023,P-FAS-012,PL-01,6,24.73,5,USD,Open
SO-103253,1,2026-09-25,2026-09-28,C-0118,P-STR-011,PL-04,4,471.69,0,USD,Shipped
SO-103285,1,2026-09-25,,C-0032,P-FAS-002,PL-03,11,20.58,0,USD,Open
SO-103299,1,2026-09-25,,C-0017,P-ENC-001,PL-04,2,168.31,5,USD,Open
SO-103299,2,2026-09-25,,C-0017,P-FAS-011,PL-03,10,28.47,0,USD,Open
SO-103299,3,2026-09-25,,C-0017,P-FAS-006,PL-04,6,18.13,5,USD,Open
SO-103300,1,2026-09-25,,C-0010,P-FAB-004,PL-03,13,1289.85,15,USD,Open
SO-103306,1,2026-09-25,2026-09-30,C-0076,P-MET-003,PL-01,6,112.77,5,USD,Shipped
SO-103145,1,2026-09-26,,C-0125,P-FAS-011,PL-01,8,29.10,5,USD,Open
SO-103145,2,2026-09-26,,C-0125,P-FAS-003,PL-02,4,11.72,0,USD,Open
SO-103165,1,2026-09-26,,C-0050,P-STR-007,PL-03,2,405.90,0,USD,Open
SO-103165,2,2026-09-26,,C-0050,P-STR-003,PL-04,1,290.29,2,USD,Open
SO-103165,3,2026-09-26,,C-0050,P-MET-003,PL-02,5,113.51,0,USD,Open
SO-103176,1,2026-09-26,,C-0050,P-MET-012,PL-02,1,64.18,0,USD,Open
SO-103211,1,2026-09-26,,C-0110,P-ENC-002,PL-02,6,357.84,0,USD,Open
SO-103211,2,2026-09-26,,C-0110,P-ENC-005,PL-02,7,186.25,2,USD,Open
SO-103230,1,2026-09-26,,C-0067,P-FAB-010,PL-04,11,1693.46,8,USD,Open
SO-103230,2,2026-09-26,,C-0067,P-FAS-008,PL-03,4,28.56,0,USD,Open
SO-103231,1,2026-09-26,,C-0053,P-MET-010,PL-02,4,96.06,0,USD,Open
SO-103265,1,2026-09-26,,C-0101,P-FAS-008,PL-03,5,28.84,5,USD,Open
SO-103265,2,2026-09-26,,C-0101,P-MET-004,PL-04,2,91.76,15,USD,Open
SO-103265,3,2026-09-26,,C-0101,P-FAB-010,PL-02,1,1661.40,15,USD,Open
SO-103292,1,2026-09-26,,C-0056,P-ENC-007,PL-03,6,358.00,5,USD,Open
SO-103313,1,2026-09-26,,C-0088,P-FAS-006,PL-02,12,18.01,10,USD,Open
SO-103313,2,2026-09-26,2026-09-30,C-0088,P-MET-008,PL-03,1,80.62,5,USD,Shipped
SO-103313,3,2026-09-26,,C-0088,P-ENC-012,PL-03,11,339.87,5,USD,Open
SO-103170,1,2026-09-27,,C-0019,P-FAB-009,PL-03,7,2035.50,0,USD,Open
SO-103170,2,2026-09-27,,C-0019,P-FAS-009,PL-01,8,28.17,5,USD,Open
SO-103179,1,2026-09-27,,C-0031,P-STR-009,PL-01,3,289.29,10,USD,Open
SO-103243,1,2026-09-27,,C-0028,P-ENC-004,PL-03,3,228.58,5,USD,Open
SO-103259,1,2026-09-27,,C-0095,P-MET-011,PL-03,2,103.82,10,USD,Open
SO-103273,1,2026-09-27,,C-0044,P-STR-001,PL-02,7,365.04,0,USD,Open
SO-103273,2,2026-09-27,,C-0044,P-FAS-003,PL-04,8,11.87,5,USD,Open
SO-103158,1,2026-09-28,,C-0060,P-FAB-007,PL-03,2,1021.34,0,USD,Open
SO-103158,2,2026-09-28,,C-0060,P-ENC-003,PL-02,10,262.69,0,USD,Open
SO-103183,1,2026-09-28,,C-0065,P-FAS-009,PL-01,3,27.09,0,USD,Open
SO-103183,2,2026-09-28,,C-0065,P-FAB-009,PL-04,4,2090.45,8,USD,Open
SO-103203,1,2026-09-28,,C-0011,P-FAB-004,PL-04,12,1310.31,5,USD,Open
SO-103246,1,2026-09-28,,C-0120,P-ENC-007,PL-01,12,358.65,8,USD,Open
SO-103246,2,2026-09-28,,C-0120,P-FAB-004,PL-02,2,1264.11,0,USD,Open
SO-103261,1,2026-09-28,,C-0127,P-ENC-003,PL-01,7,267.83,13,USD,Open
SO-103261,2,2026-09-28,,C-0127,P-STR-004,PL-04,8,387.78,7,USD,Open
SO-103261,3,2026-09-28,,C-0127,P-FAB-010,PL-03,1,1628.94,15,USD,Open
SO-103264,1,2026-09-28,,C-0037,P-ENC-007,PL-04,8,352.57,5,USD,Open
SO-103276,1,2026-09-28,,C-0045,P-FAS-012,PL-01,8,24.16,0,USD,Open
SO-103276,2,2026-09-28,,C-0045,P-MET-002,PL-04,8,86.66,0,USD,Open
SO-103276,3,2026-09-28,,C-0045,P-FAS-007,PL-02,2,17.71,5,USD,Open
SO-103298,1,2026-09-28,,C-0020,P-ENC-005,PL-01,6,188.73,0,USD,Open
SO-103303,1,2026-09-28,,C-0060,P-MET-003,PL-04,2,114.56,0,USD,Open
SO-103305,1,2026-09-28,,C-0033,P-FAS-012,PL-02,5,23.74,8,USD,Open
SO-103189,1,2026-09-30,,C-0025,P-MET-010,PL-02,12,97.28,0,USD,Open
SO-103189,2,2026-09-30,,C-0025,P-MET-012,PL-01,11,64.32,0,USD,Open
SO-103225,1,2026-09-30,,C-0111,P-STR-002,PL-02,2,669.36,5,USD,Open
SO-103225,2,2026-09-30,,C-0111,P-STR-008,PL-02,3,655.72,8,USD,Open
SO-103233,1,2026-09-30,,C-0029,P-ENC-003,PL-02,10,262.19,0,USD,Open
SO-103233,2,2026-09-30,,C-0029,P-MET-007,PL-04,2,134.24,8,USD,Open
SO-103281,1,2026-09-30,,C-0039,P-STR-004,PL-02,8,377.40,2,USD,Open
SO-103301,1,2026-09-30,,C-0125,P-STR-004,PL-04,4,392.46,0,USD,Open
SO-103301,2,2026-09-30,,C-0125,P-MET-002,PL-02,8,88.21,0,USD,Open
SO-900001,2,2026-10-10,,C-0128,P-MET-012,PL-04,7,65.48,10,USD,Open
SO-900000,3,2026-10-16,,C-0107,P-FAS-006,PL-03,5,18.46,0,USD,Open
SO-900002,1,2026-10-26,,C-0012,P-FAS-010,PL-02,11,18.44,8,USD,Open
