encounter_id,patient_id,encounter_date,encounter_time,discharge_date,encounter_type,facility_id,facility_name,department,primary_diagnosis_code,primary_diagnosis_description,attending_provider,discharge_disposition,length_of_stay_days,total_charges
SYN-E-000001,SYN-P-00170,2024-01-01,08:45,2024-01-01,Outpatient,FAC-05,Synthetic Specialty Clinic,Primary Care,I10,Essential (primary) hypertension,Provider SYN-02,Home,0,645.71
SYN-E-000002,SYN-P-00112,2024-01-01,11:30,2024-01-01,Outpatient,FAC-05,Synthetic Specialty Clinic,Endocrinology,E11.9,Type 2 diabetes mellitus without complications,Provider SYN-03,Home,0,450.11
SYN-E-000003,SYN-P-00225,2024-01-01,23:15,2024-01-01,Outpatient,FAC-05,Synthetic Specialty Clinic,Primary Care,Z00.00,Encounter for general adult medical examination,Provider SYN-04,Home,0,196.12
SYN-E-000004,SYN-P-00195,2024-01-02,02:45,2024-01-04,Inpatient,FAC-01,Synthetic Regional Medical Center,Internal Medicine,J18.9,"Pneumonia, unspecified organism",Provider SYN-05,Skilled Nursing Facility,2,13642.54
SYN-E-000005,SYN-P-00247,2024-01-02,02:45,2024-01-02,Outpatient,FAC-04,Synthetic Outpatient Center,Pulmonology,J44.9,"Chronic obstructive pulmonary disease, unspecified",Provider SYN-06,Home,0,
SYN-E-000006,SYN-P-00216,2024-01-02,16:30,2024-01-02,Outpatient,FAC-04,Synthetic Outpatient Center,Primary Care,E11.9,Type 2 diabetes mellitus without complications,Provider SYN-07,Home,0,252.05
SYN-E-000007,SYN-P-00024,2024-01-02,19:15,2024-01-02,Outpatient,FAC-02,Synthetic Community Hospital East,Primary Care,I10,Essential (primary) hypertension,Provider SYN-08,Home,0,185.94
SYN-E-000008,SYN-P-00084,2024-01-03,05:45,2024-01-03,Outpatient,FAC-04,Synthetic Outpatient Center,Pulmonology,J44.9,"Chronic obstructive pulmonary disease, unspecified",Provider SYN-09,Home,0,426.99
SYN-E-000009,SYN-P-00242,2024-01-03,07:30,2024-01-08,Inpatient,FAC-01,Synthetic Regional Medical Center,Cardiology,I50.9,"Heart failure, unspecified",Provider SYN-10,Home,5,19189.82
SYN-E-000010,SYN-P-00027,2024-01-03,12:15,2024-01-03,ED,FAC-03,Synthetic Community Hospital West,Emergency,S93.401A,"Sprain of unspecified ligament of ankle, initial encounter",Provider SYN-11,Home,0,2257.55
SYN-E-000011,SYN-P-00264,2024-01-03,15:00,2024-01-03,Outpatient,FAC-05,Synthetic Specialty Clinic,Primary Care,I10,Essential (primary) hypertension,Provider SYN-12,Home,0,875.90
SYN-E-000012,SYN-P-00113,2024-01-03,15:30,2024-01-03,Outpatient,FAC-05,Synthetic Specialty Clinic,Orthopedics,M17.9,"Osteoarthritis of knee, unspecified",Provider SYN-13,Home,0,228.13
SYN-E-000013,SYN-P-00190,2024-01-04,01:00,2024-01-04,Outpatient,FAC-05,Synthetic Specialty Clinic,Orthopedics,M17.9,"Osteoarthritis of knee, unspecified",Provider SYN-14,Home,0,345.13
SYN-E-000014,SYN-P-00241,2024-01-04,02:15,2024-01-04,Outpatient,FAC-04,Synthetic Outpatient Center,Orthopedics,M17.9,"Osteoarthritis of knee, unspecified",Provider SYN-15,Home,0,292.42
SYN-E-000015,SYN-P-00214,2024-01-04,10:15,2024-01-06,Inpatient,FAC-01,Synthetic Regional Medical Center,Pulmonology,J44.1,Chronic obstructive pulmonary disease with acute exacerbation,Provider SYN-16,Home,2,13458.24
SYN-E-000016,SYN-P-00076,2024-01-04,16:15,2024-01-04,Outpatient,FAC-02,Synthetic Community Hospital East,Orthopedics,M17.9,"Osteoarthritis of knee, unspecified",Provider SYN-17,Home,0,636.01
SYN-E-000017,SYN-P-00290,2024-01-05,09:45,2024-01-05,Observation,FAC-02,Synthetic Community Hospital East,Internal Medicine,R55,Syncope and collapse,Provider SYN-18,Home,0,4254.66
SYN-E-000018,SYN-P-00006,2024-01-06,08:00,2024-01-06,Outpatient,FAC-04,Synthetic Outpatient Center,Pulmonology,J44.9,"Chronic obstructive pulmonary disease, unspecified",Provider SYN-19,Home,0,503.36
SYN-E-000019,SYN-P-00002,2024-01-07,09:00,2024-01-07,ED,FAC-03,Synthetic Community Hospital West,Emergency,R10.9,Unspecified abdominal pain,Provider SYN-20,Home,0,802.53
SYN-E-000020,SYN-P-00135,2024-01-08,01:15,2024-01-08,ED,FAC-02,Synthetic Community Hospital East,Emergency,R07.9,"Chest pain, unspecified",Provider SYN-21,Transferred,0,1691.91
SYN-E-000021,SYN-P-00274,2024-01-10,15:45,2024-01-10,Outpatient,FAC-05,Synthetic Specialty Clinic,Primary Care,I10,Essential (primary) hypertension,Provider SYN-22,Home,0,414.26
SYN-E-000022,SYN-P-00038,2024-01-11,18:45,2024-01-14,Inpatient,FAC-02,Synthetic Community Hospital East,Internal Medicine,E11.65,Type 2 diabetes mellitus with hyperglycemia,Provider SYN-23,Home,3,13899.29
SYN-E-000023,SYN-P-00183,2024-01-11,18:45,2024-01-11,Outpatient,FAC-02,Synthetic Community Hospital East,Orthopedics,M17.9,"Osteoarthritis of knee, unspecified",Provider SYN-24,Home,0,573.02
SYN-E-000024,SYN-P-00029,2024-01-11,23:15,2024-01-11,Observation,FAC-03,Synthetic Community Hospital West,Cardiology,R07.9,"Chest pain, unspecified",Provider SYN-25,Home,0,4092.64
SYN-E-000025,SYN-P-00125,2024-01-12,09:45,2024-01-16,Inpatient,FAC-01,Synthetic Regional Medical Center,Pulmonology,J44.1,Chronic obstructive pulmonary disease with acute exacerbation,Provider SYN-26,Home,4,17319.22
SYN-E-000026,SYN-P-00194,2024-01-12,18:45,2024-01-12,Outpatient,FAC-04,Synthetic Outpatient Center,Endocrinology,E11.9,Type 2 diabetes mellitus without complications,Provider SYN-27,Home,0,376.77
SYN-E-000027,SYN-P-00053,2024-01-14,17:45,2024-01-14,Outpatient,FAC-04,Synthetic Outpatient Center,Pulmonology,J44.9,"Chronic obstructive pulmonary disease, unspecified",Provider SYN-28,Home,0,540.93
SYN-E-000028,SYN-P-00187,2024-01-14,20:00,2024-01-14,Outpatient,FAC-04,Synthetic Outpatient Center,Pulmonology,J44.9,"Chronic obstructive pulmonary disease, unspecified",Provider SYN-29,Home,0,771.01
SYN-E-000029,SYN-P-00072,2024-01-15,16:15,2024-01-15,Outpatient,FAC-05,Synthetic Specialty Clinic,Primary Care,Z00.00,Encounter for general adult medical examination,Provider SYN-30,Home,0,372.81
SYN-E-000030,SYN-P-00215,2024-01-15,19:00,2024-01-15,Outpatient,FAC-05,Synthetic Specialty Clinic,Orthopedics,M17.9,"Osteoarthritis of knee, unspecified",Provider SYN-31,Home,0,544.11
SYN-E-000031,SYN-P-00184,2024-01-15,20:00,2024-01-15,Outpatient,FAC-02,Synthetic Community Hospital East,Orthopedics,M17.9,"Osteoarthritis of knee, unspecified",Provider SYN-32,Home,0,174.84
SYN-E-000032,SYN-P-00057,2024-01-15,22:45,2024-01-15,Outpatient,FAC-05,Synthetic Specialty Clinic,Pulmonology,J44.9,"Chronic obstructive pulmonary disease, unspecified",Provider SYN-33,Home,0,716.92
SYN-E-000033,SYN-P-00082,2024-01-16,13:30,2024-01-16,Outpatient,FAC-04,Synthetic Outpatient Center,Cardiology,I10,Essential (primary) hypertension,Provider SYN-34,Home,0,675.04
SYN-E-000034,SYN-P-00285,2024-01-16,15:30,2024-01-16,Outpatient,FAC-05,Synthetic Specialty Clinic,Orthopedics,M17.9,"Osteoarthritis of knee, unspecified",Provider SYN-35,Home,0,529.55
SYN-E-000035,SYN-P-00248,2024-01-17,12:45,2024-01-17,Outpatient,FAC-04,Synthetic Outpatient Center,Endocrinology,E11.9,Type 2 diabetes mellitus without complications,Provider SYN-36,Home,0,541.66
SYN-E-000036,SYN-P-00033,2024-01-19,13:45,2024-01-20,Observation,FAC-02,Synthetic Community Hospital East,Internal Medicine,R55,Syncope and collapse,Provider SYN-37,Home,1,5174.07
SYN-E-000037,SYN-P-00298,2024-01-20,08:45,2024-01-29,Inpatient,FAC-01,Synthetic Regional Medical Center,Neurology,I63.9,"Cerebral infarction, unspecified",Provider SYN-38,Home,9,29442.59
SYN-E-000038,SYN-P-00186,2024-01-20,20:15,2024-01-20,Outpatient,FAC-04,Synthetic Outpatient Center,Cardiology,I10,Essential (primary) hypertension,Provider SYN-39,Home,0,770.40
SYN-E-000039,SYN-P-00013,2024-01-21,22:45,2024-01-21,Outpatient,FAC-04,Synthetic Outpatient Center,Primary Care,I10,Essential (primary) hypertension,Provider SYN-40,Home,0,357.37
SYN-E-000040,SYN-P-00094,2024-01-22,07:45,2024-01-22,Outpatient,FAC-04,Synthetic Outpatient Center,Pulmonology,J44.9,"Chronic obstructive pulmonary disease, unspecified",Provider SYN-41,Home,0,530.59
SYN-E-000041,SYN-P-00245,2024-01-24,02:30,2024-01-27,Inpatient,FAC-03,Synthetic Community Hospital West,Pulmonology,J44.1,Chronic obstructive pulmonary disease with acute exacerbation,Provider SYN-42,Skilled Nursing Facility,3,13712.75
SYN-E-000042,SYN-P-00171,2024-01-25,15:30,2024-01-26,Observation,FAC-02,Synthetic Community Hospital East,Cardiology,R07.9,"Chest pain, unspecified",Provider SYN-43,Home,1,4797.81
SYN-E-000043,SYN-P-00290,2024-01-25,22:45,2024-01-25,Outpatient,FAC-04,Synthetic Outpatient Center,Primary Care,I10,Essential (primary) hypertension,Provider SYN-44,Home,0,820.69
SYN-E-000044,SYN-P-00056,2024-01-26,00:30,2024-01-26,Outpatient,FAC-04,Synthetic Outpatient Center,Orthopedics,M17.9,"Osteoarthritis of knee, unspecified",Provider SYN-45,Home,0,549.80
SYN-E-000045,SYN-P-00074,2024-01-26,05:15,2024-01-26,Outpatient,FAC-05,Synthetic Specialty Clinic,Pulmonology,J44.9,"Chronic obstructive pulmonary disease, unspecified",Provider SYN-46,Home,0,699.35
SYN-E-000046,SYN-P-00191,2024-01-28,13:45,2024-01-28,Outpatient,FAC-02,Synthetic Community Hospital East,Pulmonology,J44.9,"Chronic obstructive pulmonary disease, unspecified",Provider SYN-47,Home,0,346.43
SYN-E-000047,SYN-P-00161,2024-01-29,22:00,2024-01-30,Inpatient,FAC-02,Synthetic Community Hospital East,Orthopedics,S72.002A,Fracture of unspecified part of neck of left femur,Provider SYN-48,Home,1,11089.39
SYN-E-000048,SYN-P-00101,2024-01-30,02:15,2024-01-30,Outpatient,FAC-02,Synthetic Community Hospital East,Primary Care,I10,Essential (primary) hypertension,Provider SYN-49,Home,0,588.37
SYN-E-000049,SYN-P-00240,2024-01-30,06:00,2024-01-30,Outpatient,FAC-01,Synthetic Regional Medical Center,Pulmonology,J44.9,"Chronic obstructive pulmonary disease, unspecified",Provider SYN-50,Home,0,377.28
SYN-E-000050,SYN-P-00059,2024-01-30,16:45,2024-01-30,ED,FAC-03,Synthetic Community Hospital West,Emergency,R51.9,"Headache, unspecified",Provider SYN-51,Home,0,1072.93
SYN-E-000051,SYN-P-00256,2024-01-30,17:15,2024-01-30,Outpatient,FAC-05,Synthetic Specialty Clinic,Primary Care,Z00.00,Encounter for general adult medical examination,Provider SYN-52,Home,0,858.02
SYN-E-000052,SYN-P-00143,2024-01-31,01:15,2024-01-31,Outpatient,FAC-04,Synthetic Outpatient Center,Primary Care,Z00.00,Encounter for general adult medical examination,Provider SYN-53,Home,0,495.51
SYN-E-000053,SYN-P-00108,2024-01-31,08:30,2024-01-31,Outpatient,FAC-02,Synthetic Community Hospital East,Primary Care,E11.9,Type 2 diabetes mellitus without complications,Provider SYN-54,Home,0,173.34
SYN-E-000054,SYN-P-00248,2024-01-31,16:45,2024-02-02,Inpatient,FAC-03,Synthetic Community Hospital West,Internal Medicine,J18.9,"Pneumonia, unspecified organism",Provider SYN-55,Home,2,12629.67
SYN-E-000055,SYN-P-00156,2024-01-31,18:30,2024-01-31,Outpatient,FAC-04,Synthetic Outpatient Center,Cardiology,I10,Essential (primary) hypertension,Provider SYN-56,Home,0,727.13
SYN-E-000056,SYN-P-00015,2024-02-01,19:45,2024-02-01,Outpatient,FAC-05,Synthetic Specialty Clinic,Pulmonology,J44.9,"Chronic obstructive pulmonary disease, unspecified",Provider SYN-57,Home,0,602.65
SYN-E-000057,SYN-P-00085,2024-02-02,03:15,2024-02-02,Outpatient,FAC-05,Synthetic Specialty Clinic,Orthopedics,M17.9,"Osteoarthritis of knee, unspecified",Provider SYN-58,Home,0,243.12
SYN-E-000058,SYN-P-00278,2024-02-02,14:15,2024-02-03,Inpatient,FAC-02,Synthetic Community Hospital East,Nephrology,N17.9,"Acute kidney failure, unspecified",Provider SYN-59,Home,1,10175.11
SYN-E-000059,SYN-P-00189,2024-02-04,03:45,2024-02-04,Outpatient,FAC-01,Synthetic Regional Medical Center,Primary Care,E11.9,Type 2 diabetes mellitus without complications,Provider SYN-60,Home,0,508.93
SYN-E-000060,SYN-P-00192,2024-02-04,13:30,2024-02-06,Inpatient,FAC-01,Synthetic Regional Medical Center,Nephrology,N17.9,"Acute kidney failure, unspecified",Provider SYN-01,Home,2,12907.01
SYN-E-000061,SYN-P-00267,2024-02-06,00:15,2024-02-07,Inpatient,FAC-03,Synthetic Community Hospital West,Pulmonology,J44.1,Chronic obstructive pulmonary disease with acute exacerbation,Provider SYN-02,Home,1,10939.27
SYN-E-000062,SYN-P-00106,2024-02-06,20:30,2024-02-08,Inpatient,FAC-01,Synthetic Regional Medical Center,Cardiology,I50.9,"Heart failure, unspecified",Provider SYN-03,Home,2,11367.93
SYN-E-000063,SYN-P-00109,2024-02-06,21:30,2024-02-08,Inpatient,FAC-01,Synthetic Regional Medical Center,Cardiology,I50.9,"Heart failure, unspecified",Provider SYN-04,Home,2,13525.84
SYN-E-000064,SYN-P-00298,2024-02-08,08:15,2024-02-12,Inpatient,FAC-02,Synthetic Community Hospital East,Cardiology,I48.91,Unspecified atrial fibrillation,Provider SYN-05,Home,4,16640.83
SYN-E-000065,SYN-P-00248,2024-02-08,21:45,2024-02-14,Inpatient,FAC-02,Synthetic Community Hospital East,Pulmonology,J44.1,Chronic obstructive pulmonary disease with acute exacerbation,Provider SYN-06,Home with Services,6,21740.45
SYN-E-000066,SYN-P-00082,2024-02-08,23:15,2024-02-12,Inpatient,FAC-02,Synthetic Community Hospital East,Orthopedics,S72.002A,Fracture of unspecified part of neck of left femur,Provider SYN-07,Home,4,18708.98
SYN-E-000067,SYN-P-00078,2024-02-09,19:00,2024-02-09,Outpatient,FAC-04,Synthetic Outpatient Center,Pulmonology,J44.9,"Chronic obstructive pulmonary disease, unspecified",Provider SYN-08,Home,0,499.80
SYN-E-000068,SYN-P-00065,2024-02-10,07:00,2024-02-10,Outpatient,FAC-05,Synthetic Specialty Clinic,Primary Care,Z00.00,Encounter for general adult medical examination,Provider SYN-09,Home,0,409.02
SYN-E-000069,SYN-P-00152,2024-02-11,05:15,2024-02-11,Outpatient,FAC-04,Synthetic Outpatient Center,Primary Care,I10,Essential (primary) hypertension,Provider SYN-10,Home,0,544.50
SYN-E-000070,SYN-P-00129,2024-02-11,15:30,2024-02-15,Inpatient,FAC-03,Synthetic Community Hospital West,Nephrology,N17.9,"Acute kidney failure, unspecified",Provider SYN-11,Home,4,16884.13
SYN-E-000071,SYN-P-00100,2024-02-11,20:45,2024-02-11,Outpatient,FAC-03,Synthetic Community Hospital West,Pulmonology,J44.9,"Chronic obstructive pulmonary disease, unspecified",Provider SYN-12,Home,0,724.43
SYN-E-000072,SYN-P-00036,2024-02-11,21:15,2024-02-11,Outpatient,FAC-05,Synthetic Specialty Clinic,Primary Care,Z00.00,Encounter for general adult medical examination,Provider SYN-13,Home,0,713.75
SYN-E-000073,SYN-P-00241,2024-02-12,02:00,2024-02-12,Outpatient,FAC-04,Synthetic Outpatient Center,Cardiology,I10,Essential (primary) hypertension,Provider SYN-14,Home,0,897.31
SYN-E-000074,SYN-P-00128,2024-02-12,11:45,2024-02-12,ED,FAC-02,Synthetic Community Hospital East,Emergency,R51.9,"Headache, unspecified",Provider SYN-15,Home,0,1469.30
SYN-E-000075,SYN-P-00030,2024-02-14,19:45,2024-02-16,Inpatient,FAC-03,Synthetic Community Hospital West,Orthopedics,S72.002A,Fracture of unspecified part of neck of left femur,Provider SYN-16,Home with Services,2,12160.88
SYN-E-000076,SYN-P-00188,2024-02-15,08:45,2024-02-15,ED,FAC-02,Synthetic Community Hospital East,Emergency,S93.401A,"Sprain of unspecified ligament of ankle, initial encounter",Provider SYN-17,Home,0,1891.97
SYN-E-000077,SYN-P-00165,2024-02-16,01:30,2024-02-16,ED,FAC-02,Synthetic Community Hospital East,Emergency,J45.901,Unspecified asthma with (acute) exacerbation,Provider SYN-18,Transferred,0,3287.39
SYN-E-000078,SYN-P-00203,2024-02-16,11:15,2024-02-16,ED,FAC-03,Synthetic Community Hospital West,Emergency,S93.401A,"Sprain of unspecified ligament of ankle, initial encounter",Provider SYN-19,Home,0,2476.70
SYN-E-000079,SYN-P-00277,2024-02-17,15:00,2024-02-18,Observation,FAC-02,Synthetic Community Hospital East,Cardiology,R07.9,"Chest pain, unspecified",Provider SYN-20,Home,1,5948.17
SYN-E-000080,SYN-P-00021,2024-02-17,18:30,2024-02-17,Outpatient,FAC-05,Synthetic Specialty Clinic,Orthopedics,M17.9,"Osteoarthritis of knee, unspecified",Provider SYN-21,Home,0,581.70
SYN-E-000081,SYN-P-00006,2024-02-18,08:00,2024-02-18,Outpatient,FAC-05,Synthetic Specialty Clinic,Cardiology,I10,Essential (primary) hypertension,Provider SYN-22,Home,0,814.10
SYN-E-000082,SYN-P-00279,2024-02-18,08:30,2024-02-18,Outpatient,FAC-04,Synthetic Outpatient Center,Pulmonology,J44.9,"Chronic obstructive pulmonary disease, unspecified",Provider SYN-23,Home,0,553.32
SYN-E-000083,SYN-P-00106,2024-02-20,00:30,2024-02-22,Inpatient,FAC-01,Synthetic Regional Medical Center,Internal Medicine,E11.65,Type 2 diabetes mellitus with hyperglycemia,Provider SYN-24,Home,2,13895.42
SYN-E-000084,SYN-P-00108,2024-02-20,15:45,2024-02-20,ED,FAC-02,Synthetic Community Hospital East,Emergency,R10.9,Unspecified abdominal pain,Provider SYN-25,Home,0,1028.80
SYN-E-000085,SYN-P-00298,2024-02-20,21:15,2024-02-22,Inpatient,FAC-02,Synthetic Community Hospital East,Pulmonology,J44.1,Chronic obstructive pulmonary disease with acute exacerbation,Provider SYN-26,Skilled Nursing Facility,2,12760.11
SYN-E-000086,SYN-P-00068,2024-02-22,17:45,2024-02-22,Outpatient,FAC-03,Synthetic Community Hospital West,Endocrinology,E11.9,Type 2 diabetes mellitus without complications,Provider SYN-27,Home,0,766.45
SYN-E-000087,SYN-P-00042,2024-02-22,22:00,2024-02-22,Outpatient,FAC-04,Synthetic Outpatient Center,Primary Care,Z00.00,Encounter for general adult medical examination,Provider SYN-28,Home,0,736.76
SYN-E-000088,SYN-P-00038,2024-02-25,07:15,2024-03-08,Inpatient,FAC-02,Synthetic Community Hospital East,Pulmonology,J18.9,"Pneumonia, unspecified organism",Provider SYN-29,Skilled Nursing Facility,12,36753.31
SYN-E-000089,SYN-P-00280,2024-02-26,01:15,2024-02-26,ED,FAC-01,Synthetic Regional Medical Center,Emergency,R51.9,"Headache, unspecified",Provider SYN-30,Home,0,1084.10
SYN-E-000090,SYN-P-00007,2024-02-26,20:45,2024-03-02,Inpatient,FAC-02,Synthetic Community Hospital East,Neurology,I63.9,"Cerebral infarction, unspecified",Provider SYN-31,Home,5,19552.84
SYN-E-000091,SYN-P-00129,2024-02-28,05:00,2024-03-03,Inpatient,FAC-03,Synthetic Community Hospital West,Internal Medicine,E11.65,Type 2 diabetes mellitus with hyperglycemia,Provider SYN-32,Home with Services,5,16195.11
SYN-E-000092,SYN-P-00057,2024-02-28,08:30,2024-02-28,ED,FAC-03,Synthetic Community Hospital West,Emergency,R07.9,"Chest pain, unspecified",Provider SYN-33,Home,0,2385.32
SYN-E-000093,SYN-P-00089,2024-02-29,17:00,2024-02-29,Outpatient,FAC-01,Synthetic Regional Medical Center,Pulmonology,J44.9,"Chronic obstructive pulmonary disease, unspecified",Provider SYN-34,Home,0,375.80
SYN-E-000094,SYN-P-00288,2024-02-29,18:30,2024-03-07,Inpatient,FAC-03,Synthetic Community Hospital West,Cardiology,I50.9,"Heart failure, unspecified",Provider SYN-35,Home,7,23832.79
SYN-E-000095,SYN-P-00170,2024-03-01,01:00,2024-03-03,Inpatient,FAC-01,Synthetic Regional Medical Center,Pulmonology,J44.1,Chronic obstructive pulmonary disease with acute exacerbation,Provider SYN-36,Home,2,12479.46
SYN-E-000096,SYN-P-00195,2024-03-01,09:45,2024-03-01,Outpatient,FAC-01,Synthetic Regional Medical Center,Pulmonology,J44.9,"Chronic obstructive pulmonary disease, unspecified",Provider SYN-37,Home,0,475.03
SYN-E-000097,SYN-P-00153,2024-03-02,11:00,2024-03-02,Outpatient,FAC-05,Synthetic Specialty Clinic,Endocrinology,E11.9,Type 2 diabetes mellitus without complications,Provider SYN-38,Home,0,306.75
SYN-E-000098,SYN-P-00118,2024-03-03,01:30,2024-03-03,Outpatient,FAC-05,Synthetic Specialty Clinic,Endocrinology,E11.9,Type 2 diabetes mellitus without complications,Provider SYN-39,Home,0,368.47
SYN-E-000099,SYN-P-00282,2024-03-03,02:15,2024-03-03,Outpatient,FAC-04,Synthetic Outpatient Center,Primary Care,E11.9,Type 2 diabetes mellitus without complications,Provider SYN-40,Home,0,165.41
SYN-E-000100,SYN-P-00204,2024-03-03,02:30,2024-03-03,Outpatient,FAC-04,Synthetic Outpatient Center,Cardiology,I10,Essential (primary) hypertension,Provider SYN-41,Home,0,895.92
SYN-E-000101,SYN-P-00185,2024-03-03,18:00,2024-03-03,ED,FAC-01,Synthetic Regional Medical Center,Emergency,J45.901,Unspecified asthma with (acute) exacerbation,Provider SYN-42,Home,0,1253.83
SYN-E-000102,SYN-P-00077,2024-03-04,04:15,2024-03-09,Inpatient,FAC-01,Synthetic Regional Medical Center,Nephrology,N17.9,"Acute kidney failure, unspecified",Provider SYN-43,Skilled Nursing Facility,5,21026.42
SYN-E-000103,SYN-P-00285,2024-03-05,00:15,2024-03-05,Outpatient,FAC-05,Synthetic Specialty Clinic,Pulmonology,J44.9,"Chronic obstructive pulmonary disease, unspecified",Provider SYN-44,Home,0,252.67
SYN-E-000104,SYN-P-00031,2024-03-06,03:30,2024-03-06,Outpatient,FAC-05,Synthetic Specialty Clinic,Orthopedics,M17.9,"Osteoarthritis of knee, unspecified",Provider SYN-45,Home,0,205.04
SYN-E-000105,SYN-P-00113,2024-03-06,07:15,2024-03-06,ED,FAC-02,Synthetic Community Hospital East,Emergency,J45.901,Unspecified asthma with (acute) exacerbation,Provider SYN-46,Home,0,2347.37
SYN-E-000106,SYN-P-00030,2024-03-06,23:30,2024-03-07,Inpatient,FAC-03,Synthetic Community Hospital West,Cardiology,I48.91,Unspecified atrial fibrillation,Provider SYN-47,Home with Services,1,10523.09
SYN-E-000107,SYN-P-00143,2024-03-07,02:15,2024-03-07,Outpatient,FAC-04,Synthetic Outpatient Center,Primary Care,I10,Essential (primary) hypertension,Provider SYN-48,Home,0,532.38
SYN-E-000108,SYN-P-00160,2024-03-07,04:45,2024-03-07,Outpatient,FAC-05,Synthetic Specialty Clinic,Endocrinology,E11.9,Type 2 diabetes mellitus without complications,Provider SYN-49,Home,0,505.86
SYN-E-000109,SYN-P-00221,2024-03-07,08:45,2024-03-07,Outpatient,FAC-05,Synthetic Specialty Clinic,Primary Care,Z00.00,Encounter for general adult medical examination,Provider SYN-50,Home,0,651.39
SYN-E-000110,SYN-P-00051,2024-03-09,16:00,2024-03-10,Observation,FAC-01,Synthetic Regional Medical Center,Cardiology,R07.9,"Chest pain, unspecified",Provider SYN-51,Home,1,3723.92
SYN-E-000111,SYN-P-00264,2024-03-10,06:45,2024-03-10,Outpatient,FAC-04,Synthetic Outpatient Center,Orthopedics,M17.9,"Osteoarthritis of knee, unspecified",Provider SYN-52,Home,0,854.25
SYN-E-000112,SYN-P-00077,2024-03-10,09:00,2024-03-13,Inpatient,FAC-01,Synthetic Regional Medical Center,Nephrology,N17.9,"Acute kidney failure, unspecified",Provider SYN-53,Home with Services,3,15542.67
SYN-E-000113,SYN-P-00243,2024-03-10,14:45,2024-03-10,Outpatient,FAC-05,Synthetic Specialty Clinic,Primary Care,I10,Essential (primary) hypertension,Provider SYN-54,Home,0,365.38
SYN-E-000114,SYN-P-00281,2024-03-10,23:45,2024-03-10,Outpatient,FAC-02,Synthetic Community Hospital East,Orthopedics,M17.9,"Osteoarthritis of knee, unspecified",Provider SYN-55,Home,0,578.26
SYN-E-000115,SYN-P-00209,2024-03-12,11:45,2024-03-13,Inpatient,FAC-02,Synthetic Community Hospital East,Cardiology,I50.9,"Heart failure, unspecified",Provider SYN-56,Skilled Nursing Facility,1,11351.48
SYN-E-000116,SYN-P-00125,2024-03-13,09:15,2024-03-20,Inpatient,FAC-03,Synthetic Community Hospital West,Cardiology,I50.9,"Heart failure, unspecified",Provider SYN-57,Home with Services,7,24215.72
SYN-E-000117,SYN-P-00037,2024-03-13,23:30,2024-03-13,Outpatient,FAC-04,Synthetic Outpatient Center,Endocrinology,E11.9,Type 2 diabetes mellitus without complications,Provider SYN-58,Home,0,684.02
SYN-E-000118,SYN-P-00213,2024-03-14,11:45,2024-03-14,Outpatient,FAC-05,Synthetic Specialty Clinic,Orthopedics,M17.9,"Osteoarthritis of knee, unspecified",Provider SYN-59,Home,0,638.31
SYN-E-000119,SYN-P-00165,2024-03-14,17:15,2024-03-14,ED,FAC-01,Synthetic Regional Medical Center,Emergency,R51.9,"Headache, unspecified",Provider SYN-60,Home,0,3807.02
SYN-E-000120,SYN-P-00240,2024-03-14,17:15,2024-03-20,Inpatient,FAC-01,Synthetic Regional Medical Center,Internal Medicine,J18.9,"Pneumonia, unspecified organism",Provider SYN-01,Home,6,21544.41
SYN-E-000121,SYN-P-00181,2024-03-14,23:30,2024-03-15,Observation,FAC-03,Synthetic Community Hospital West,Internal Medicine,R55,Syncope and collapse,Provider SYN-02,Home,1,4086.03
SYN-E-000122,SYN-P-00215,2024-03-15,06:30,2024-03-15,ED,FAC-01,Synthetic Regional Medical Center,Emergency,J45.901,Unspecified asthma with (acute) exacerbation,Provider SYN-03,Transferred,0,1944.55
SYN-E-000123,SYN-P-00047,2024-03-16,05:45,2024-03-16,Outpatient,FAC-05,Synthetic Specialty Clinic,Primary Care,Z00.00,Encounter for general adult medical examination,Provider SYN-04,Home,0,332.46
SYN-E-000124,SYN-P-00028,2024-03-16,15:15,2024-03-16,Outpatient,FAC-04,Synthetic Outpatient Center,Primary Care,E11.9,Type 2 diabetes mellitus without complications,Provider SYN-05,Home,0,204.14
SYN-E-000125,SYN-P-00056,2024-03-17,15:30,2024-03-22,Inpatient,FAC-03,Synthetic Community Hospital West,Cardiology,I50.9,"Heart failure, unspecified",Provider SYN-06,Home,5,20534.57
SYN-E-000126,SYN-P-00043,2024-03-18,23:30,2024-03-18,ED,FAC-02,Synthetic Community Hospital East,Emergency,J45.901,Unspecified asthma with (acute) exacerbation,Provider SYN-07,Home,0,2463.15
SYN-E-000127,SYN-P-00105,2024-03-18,23:30,2024-03-18,ED,FAC-01,Synthetic Regional Medical Center,Emergency,J45.901,Unspecified asthma with (acute) exacerbation,Provider SYN-08,Home,0,2508.18
SYN-E-000128,SYN-P-00242,2024-03-19,06:00,2024-03-19,Outpatient,FAC-01,Synthetic Regional Medical Center,Orthopedics,M17.9,"Osteoarthritis of knee, unspecified",Provider SYN-09,Home,0,804.62
SYN-E-000129,SYN-P-00132,2024-03-19,15:45,2024-03-24,Inpatient,FAC-02,Synthetic Community Hospital East,Nephrology,N17.9,"Acute kidney failure, unspecified",Provider SYN-10,Home with Services,5,20460.33
SYN-E-000130,SYN-P-00013,2024-03-20,09:45,2024-03-20,ED,FAC-02,Synthetic Community Hospital East,Emergency,R07.9,"Chest pain, unspecified",Provider SYN-11,Transferred,0,2384.30
SYN-E-000131,SYN-P-00192,2024-03-21,02:45,2024-03-21,Outpatient,FAC-01,Synthetic Regional Medical Center,Primary Care,Z00.00,Encounter for general adult medical examination,Provider SYN-12,Home,0,789.27
SYN-E-000132,SYN-P-00128,2024-03-21,22:00,2024-03-25,Inpatient,FAC-02,Synthetic Community Hospital East,Neurology,I63.9,"Cerebral infarction, unspecified",Provider SYN-13,Home,4,16263.06
SYN-E-000133,SYN-P-00263,2024-03-22,05:45,2024-03-22,Outpatient,FAC-02,Synthetic Community Hospital East,Primary Care,Z00.00,Encounter for general adult medical examination,Provider SYN-14,Home,0,199.20
SYN-E-000134,SYN-P-00030,2024-03-22,22:30,2024-03-28,Inpatient,FAC-03,Synthetic Community Hospital West,Internal Medicine,J18.9,"Pneumonia, unspecified organism",Provider SYN-15,Home,6,23612.76
SYN-E-000135,SYN-P-00066,2024-03-22,22:30,2024-03-22,Outpatient,FAC-04,Synthetic Outpatient Center,Pulmonology,J44.9,"Chronic obstructive pulmonary disease, unspecified",Provider SYN-16,Home,0,790.01
SYN-E-000136,SYN-P-00274,2024-03-24,09:00,2024-03-26,Inpatient,FAC-01,Synthetic Regional Medical Center,Nephrology,N17.9,"Acute kidney failure, unspecified",Provider SYN-17,Home,2,11552.47
SYN-E-000137,SYN-P-00011,2024-03-24,20:30,2024-03-24,Outpatient,FAC-05,Synthetic Specialty Clinic,Orthopedics,M17.9,"Osteoarthritis of knee, unspecified",Provider SYN-18,Home,0,858.64
SYN-E-000138,SYN-P-00188,2024-03-25,23:30,2024-03-30,Inpatient,FAC-02,Synthetic Community Hospital East,Internal Medicine,E11.65,Type 2 diabetes mellitus with hyperglycemia,Provider SYN-19,Skilled Nursing Facility,5,18815.87
SYN-E-000139,SYN-P-00190,2024-03-27,10:00,2024-03-27,Outpatient,FAC-04,Synthetic Outpatient Center,Endocrinology,E11.9,Type 2 diabetes mellitus without complications,Provider SYN-20,Home,0,625.78
SYN-E-000140,SYN-P-00101,2024-03-30,01:30,2024-03-30,Outpatient,FAC-02,Synthetic Community Hospital East,Endocrinology,E11.9,Type 2 diabetes mellitus without complications,Provider SYN-21,Home,0,291.76
SYN-E-000141,SYN-P-00024,2024-04-02,04:15,2024-04-02,Outpatient,FAC-02,Synthetic Community Hospital East,Endocrinology,E11.9,Type 2 diabetes mellitus without complications,Provider SYN-22,Home,0,640.65
SYN-E-000142,SYN-P-00186,2024-04-02,15:15,2024-04-05,Inpatient,FAC-02,Synthetic Community Hospital East,Internal Medicine,E11.65,Type 2 diabetes mellitus with hyperglycemia,Provider SYN-23,Home,3,14079.59
SYN-E-000143,SYN-P-00216,2024-04-02,18:00,2024-04-14,Inpatient,FAC-02,Synthetic Community Hospital East,Orthopedics,S72.002A,Fracture of unspecified part of neck of left femur,Provider SYN-24,Home with Services,12,36891.82
SYN-E-000144,SYN-P-00205,2024-04-03,14:15,2024-04-03,Outpatient,FAC-02,Synthetic Community Hospital East,Primary Care,I10,Essential (primary) hypertension,Provider SYN-25,Home,0,246.68
SYN-E-000145,SYN-P-00176,2024-04-04,04:00,2024-04-04,Outpatient,FAC-02,Synthetic Community Hospital East,Orthopedics,M17.9,"Osteoarthritis of knee, unspecified",Provider SYN-26,Home,0,607.23
SYN-E-000146,SYN-P-00285,2024-04-04,15:30,2024-04-09,Inpatient,FAC-03,Synthetic Community Hospital West,Cardiology,I48.91,Unspecified atrial fibrillation,Provider SYN-27,Home,5,19807.18
SYN-E-000147,SYN-P-00046,2024-04-05,00:45,2024-04-05,ED,FAC-01,Synthetic Regional Medical Center,Emergency,J45.901,Unspecified asthma with (acute) exacerbation,Provider SYN-28,Home,0,3968.72
SYN-E-000148,SYN-P-00290,2024-04-05,09:30,2024-04-05,ED,FAC-01,Synthetic Regional Medical Center,Emergency,J45.901,Unspecified asthma with (acute) exacerbation,Provider SYN-29,Home,0,2396.41
SYN-E-000149,SYN-P-00031,2024-04-05,10:00,2024-04-05,ED,FAC-01,Synthetic Regional Medical Center,Emergency,R07.9,"Chest pain, unspecified",Provider SYN-30,Home,0,1056.96
SYN-E-000150,SYN-P-00065,2024-04-05,10:15,2024-04-06,Inpatient,FAC-01,Synthetic Regional Medical Center,Internal Medicine,E11.65,Type 2 diabetes mellitus with hyperglycemia,Provider SYN-31,Home,1,8507.54
SYN-E-000151,SYN-P-00146,2024-04-05,18:00,2024-04-05,Outpatient,FAC-04,Synthetic Outpatient Center,Cardiology,I10,Essential (primary) hypertension,Provider SYN-32,Home,0,775.23
SYN-E-000152,SYN-P-00038,2024-04-07,21:30,2024-04-07,ED,FAC-02,Synthetic Community Hospital East,Emergency,R10.9,Unspecified abdominal pain,Provider SYN-33,Home,0,3124.98
SYN-E-000153,SYN-P-00259,2024-04-09,04:00,2024-04-16,Inpatient,FAC-03,Synthetic Community Hospital West,Pulmonology,J44.1,Chronic obstructive pulmonary disease with acute exacerbation,Provider SYN-34,Home,7,24377.71
SYN-E-000154,SYN-P-00138,2024-04-09,18:30,2024-04-09,Outpatient,FAC-05,Synthetic Specialty Clinic,Primary Care,Z00.00,Encounter for general adult medical examination,Provider SYN-35,Home,0,530.40
SYN-E-000155,SYN-P-00003,2024-04-11,05:00,2024-04-11,Outpatient,FAC-04,Synthetic Outpatient Center,Primary Care,Z00.00,Encounter for general adult medical examination,Provider SYN-36,Home,0,275.12
SYN-E-000156,SYN-P-00053,2024-04-11,16:45,2024-04-11,Outpatient,FAC-05,Synthetic Specialty Clinic,Pulmonology,J44.9,"Chronic obstructive pulmonary disease, unspecified",Provider SYN-37,Home,0,422.52
SYN-E-000157,SYN-P-00223,2024-04-12,00:30,2024-04-12,ED,FAC-03,Synthetic Community Hospital West,Emergency,S93.401A,"Sprain of unspecified ligament of ankle, initial encounter",Provider SYN-38,Transferred,0,3059.33
SYN-E-000158,SYN-P-00196,2024-04-12,03:30,2024-04-12,Outpatient,FAC-05,Synthetic Specialty Clinic,Orthopedics,M17.9,"Osteoarthritis of knee, unspecified",Provider SYN-39,Home,0,640.49
SYN-E-000159,SYN-P-00174,2024-04-12,05:45,2024-04-12,Observation,FAC-02,Synthetic Community Hospital East,Internal Medicine,R55,Syncope and collapse,Provider SYN-40,Home with Services,0,5281.53
SYN-E-000160,SYN-P-00165,2024-04-12,15:30,2024-04-12,Outpatient,FAC-05,Synthetic Specialty Clinic,Orthopedics,M17.9,"Osteoarthritis of knee, unspecified",Provider SYN-41,Home,0,651.85
SYN-E-000161,SYN-P-00171,2024-04-13,12:45,2024-04-13,Outpatient,FAC-04,Synthetic Outpatient Center,Orthopedics,M17.9,"Osteoarthritis of knee, unspecified",Provider SYN-42,Home,0,666.83
SYN-E-000162,SYN-P-00068,2024-04-13,14:45,2024-04-13,Outpatient,FAC-03,Synthetic Community Hospital West,Pulmonology,J44.9,"Chronic obstructive pulmonary disease, unspecified",Provider SYN-43,Home,0,570.17
SYN-E-000163,SYN-P-00264,2024-04-14,11:15,2024-04-21,Inpatient,FAC-01,Synthetic Regional Medical Center,Cardiology,I50.9,"Heart failure, unspecified",Provider SYN-44,Home,7,24170.11
SYN-E-000164,SYN-P-00086,2024-04-15,08:00,2024-04-15,Outpatient,FAC-05,Synthetic Specialty Clinic,Primary Care,E11.9,Type 2 diabetes mellitus without complications,Provider SYN-45,Home,0,779.85
SYN-E-000165,SYN-P-00100,2024-04-15,08:15,2024-04-15,Outpatient,FAC-05,Synthetic Specialty Clinic,Primary Care,Z00.00,Encounter for general adult medical examination,Provider SYN-46,Home,0,599.78
SYN-E-000166,SYN-P-00131,2024-04-16,09:15,2024-04-16,Outpatient,FAC-02,Synthetic Community Hospital East,Pulmonology,J44.9,"Chronic obstructive pulmonary disease, unspecified",Provider SYN-47,Home,0,604.69
SYN-E-000167,SYN-P-00202,2024-04-16,11:00,2024-04-16,Outpatient,FAC-04,Synthetic Outpatient Center,Cardiology,I10,Essential (primary) hypertension,Provider SYN-48,Home,0,625.95
SYN-E-000168,SYN-P-00123,2024-04-16,11:15,2024-04-16,Outpatient,FAC-03,Synthetic Community Hospital West,Cardiology,I10,Essential (primary) hypertension,Provider SYN-49,Home,0,561.41
SYN-E-000169,SYN-P-00112,2024-04-17,04:45,2024-04-20,Inpatient,FAC-02,Synthetic Community Hospital East,Neurology,I63.9,"Cerebral infarction, unspecified",Provider SYN-50,Home,3,13714.30
SYN-E-000170,SYN-P-00213,2024-04-18,12:30,2024-04-18,Outpatient,FAC-01,Synthetic Regional Medical Center,Primary Care,Z00.00,Encounter for general adult medical examination,Provider SYN-51,Home,0,179.96
SYN-E-000171,SYN-P-00008,2024-04-18,15:15,2024-04-18,ED,FAC-02,Synthetic Community Hospital East,Emergency,R51.9,"Headache, unspecified",Provider SYN-52,Home,0,3973.92
SYN-E-000172,SYN-P-00122,2024-04-20,17:15,2024-04-20,Outpatient,FAC-04,Synthetic Outpatient Center,Primary Care,Z00.00,Encounter for general adult medical examination,Provider SYN-53,Home,0,685.10
SYN-E-000173,SYN-P-00288,2024-04-21,03:15,2024-04-21,ED,FAC-02,Synthetic Community Hospital East,Emergency,J45.901,Unspecified asthma with (acute) exacerbation,Provider SYN-54,Home,0,2987.90
SYN-E-000174,SYN-P-00005,2024-04-21,09:30,2024-04-21,Outpatient,FAC-04,Synthetic Outpatient Center,Cardiology,I10,Essential (primary) hypertension,Provider SYN-55,Home,0,683.90
SYN-E-000175,SYN-P-00006,2024-04-22,05:45,2024-04-22,Outpatient,FAC-04,Synthetic Outpatient Center,Orthopedics,M17.9,"Osteoarthritis of knee, unspecified",Provider SYN-56,Home,0,874.77
SYN-E-000176,SYN-P-00059,2024-04-22,12:30,2024-04-22,ED,FAC-03,Synthetic Community Hospital West,Emergency,J45.901,Unspecified asthma with (acute) exacerbation,Provider SYN-57,Home,0,3993.79
SYN-E-000177,SYN-P-00207,2024-04-22,17:00,2024-04-22,Outpatient,FAC-05,Synthetic Specialty Clinic,Primary Care,Z00.00,Encounter for general adult medical examination,Provider SYN-58,Home,0,419.30
SYN-E-000178,SYN-P-00074,2024-04-23,21:00,2024-04-23,Outpatient,FAC-05,Synthetic Specialty Clinic,Primary Care,I10,Essential (primary) hypertension,Provider SYN-59,Home,0,403.23
SYN-E-000179,SYN-P-00001,2024-04-23,21:15,2024-04-23,Outpatient,FAC-04,Synthetic Outpatient Center,Pulmonology,J44.9,"Chronic obstructive pulmonary disease, unspecified",Provider SYN-60,Home,0,334.97
SYN-E-000180,SYN-P-00108,2024-04-24,18:15,2024-04-24,Outpatient,FAC-02,Synthetic Community Hospital East,Pulmonology,J44.9,"Chronic obstructive pulmonary disease, unspecified",Provider SYN-01,Home,0,193.25
SYN-E-000181,SYN-P-00111,2024-04-25,03:45,2024-04-30,Inpatient,FAC-01,Synthetic Regional Medical Center,Internal Medicine,J18.9,"Pneumonia, unspecified organism",Provider SYN-02,Home,5,19090.36
SYN-E-000182,SYN-P-00276,2024-04-25,06:15,2024-04-30,Inpatient,FAC-03,Synthetic Community Hospital West,Neurology,I63.9,"Cerebral infarction, unspecified",Provider SYN-03,Skilled Nursing Facility,5,21276.81
SYN-E-000183,SYN-P-00153,2024-04-25,22:30,2024-04-25,Outpatient,FAC-04,Synthetic Outpatient Center,Orthopedics,M17.9,"Osteoarthritis of knee, unspecified",Provider SYN-04,Home,0,273.69
SYN-E-000184,SYN-P-00215,2024-04-26,03:15,2024-04-26,Outpatient,FAC-04,Synthetic Outpatient Center,Primary Care,I10,Essential (primary) hypertension,Provider SYN-05,Home,0,290.88
SYN-E-000185,SYN-P-00176,2024-04-26,14:00,2024-04-26,Outpatient,FAC-04,Synthetic Outpatient Center,Cardiology,I10,Essential (primary) hypertension,Provider SYN-06,Home,0,704.78
SYN-E-000186,SYN-P-00254,2024-04-27,03:30,2024-04-27,Outpatient,FAC-04,Synthetic Outpatient Center,Orthopedics,M17.9,"Osteoarthritis of knee, unspecified",Provider SYN-07,Home,0,747.46
SYN-E-000187,SYN-P-00189,2024-04-28,00:15,2024-04-28,Outpatient,FAC-04,Synthetic Outpatient Center,Primary Care,I10,Essential (primary) hypertension,Provider SYN-08,Home,0,645.35
SYN-E-000188,SYN-P-00089,2024-04-28,08:45,2024-04-28,Outpatient,FAC-05,Synthetic Specialty Clinic,Endocrinology,E11.9,Type 2 diabetes mellitus without complications,Provider SYN-09,Home,0,622.92
SYN-E-000189,SYN-P-00278,2024-04-29,10:00,2024-05-01,Inpatient,FAC-02,Synthetic Community Hospital East,Nephrology,N17.9,"Acute kidney failure, unspecified",Provider SYN-10,Home,2,13040.01
SYN-E-000190,SYN-P-00206,2024-04-29,18:45,2024-04-29,ED,FAC-02,Synthetic Community Hospital East,Emergency,S93.401A,"Sprain of unspecified ligament of ankle, initial encounter",Provider SYN-11,Home,0,2350.23
SYN-E-000191,SYN-P-00192,2024-04-29,19:45,2024-04-29,Outpatient,FAC-05,Synthetic Specialty Clinic,Pulmonology,J44.9,"Chronic obstructive pulmonary disease, unspecified",Provider SYN-12,Home,0,256.06
SYN-E-000192,SYN-P-00225,2024-04-29,21:30,2024-04-29,Outpatient,FAC-01,Synthetic Regional Medical Center,Pulmonology,J44.9,"Chronic obstructive pulmonary disease, unspecified",Provider SYN-13,Home,0,219.74
SYN-E-000193,SYN-P-00100,2024-05-01,01:30,2024-05-06,Inpatient,FAC-03,Synthetic Community Hospital West,Orthopedics,S72.002A,Fracture of unspecified part of neck of left femur,Provider SYN-14,Home with Services,5,19206.35
SYN-E-000194,SYN-P-00193,2024-05-01,11:00,2024-05-01,Outpatient,FAC-04,Synthetic Outpatient Center,Primary Care,E11.9,Type 2 diabetes mellitus without complications,Provider SYN-15,Home,0,181.15
SYN-E-000195,SYN-P-00042,2024-05-01,16:15,2024-05-04,Inpatient,FAC-03,Synthetic Community Hospital West,Pulmonology,J44.1,Chronic obstructive pulmonary disease with acute exacerbation,Provider SYN-16,Home with Services,3,15490.98
SYN-E-000196,SYN-P-00290,2024-05-01,21:30,2024-05-03,Inpatient,FAC-03,Synthetic Community Hospital West,Cardiology,I50.9,"Heart failure, unspecified",Provider SYN-17,Home with Services,2,12568.79
SYN-E-000197,SYN-P-00152,2024-05-03,10:45,2024-05-03,ED,FAC-02,Synthetic Community Hospital East,Emergency,S93.401A,"Sprain of unspecified ligament of ankle, initial encounter",Provider SYN-18,Home,0,3271.64
SYN-E-000198,SYN-P-00137,2024-05-03,15:45,2024-05-03,Outpatient,FAC-02,Synthetic Community Hospital East,Endocrinology,E11.9,Type 2 diabetes mellitus without complications,Provider SYN-19,Home,0,464.55
SYN-E-000199,SYN-P-00158,2024-05-03,20:30,2024-05-15,Inpatient,FAC-01,Synthetic Regional Medical Center,Internal Medicine,J18.9,"Pneumonia, unspecified organism",Provider SYN-20,Home,12,38803.00
SYN-E-000200,SYN-P-00174,2024-05-03,21:00,2024-05-03,Outpatient,FAC-02,Synthetic Community Hospital East,Orthopedics,M17.9,"Osteoarthritis of knee, unspecified",Provider SYN-21,Home,0,783.72
SYN-E-000201,SYN-P-00202,2024-05-04,01:00,2024-05-06,Inpatient,FAC-03,Synthetic Community Hospital West,Internal Medicine,E11.65,Type 2 diabetes mellitus with hyperglycemia,Provider SYN-22,Home,2,13717.39
SYN-E-000202,SYN-P-00124,2024-05-04,15:45,2024-05-04,Outpatient,FAC-04,Synthetic Outpatient Center,Orthopedics,M17.9,"Osteoarthritis of knee, unspecified",Provider SYN-23,Home,0,348.58
SYN-E-000203,SYN-P-00267,2024-05-04,18:00,2024-05-04,Outpatient,FAC-04,Synthetic Outpatient Center,Primary Care,Z00.00,Encounter for general adult medical examination,Provider SYN-24,Home,0,332.34
SYN-E-000204,SYN-P-00076,2024-05-04,23:45,2024-05-04,Outpatient,FAC-04,Synthetic Outpatient Center,Primary Care,E11.9,Type 2 diabetes mellitus without complications,Provider SYN-25,Home,0,851.87
SYN-E-000205,SYN-P-00286,2024-05-05,04:45,2024-05-06,Observation,FAC-02,Synthetic Community Hospital East,Cardiology,R07.9,"Chest pain, unspecified",Provider SYN-26,Home with Services,1,4821.64
SYN-E-000206,SYN-P-00242,2024-05-05,18:00,2024-05-05,Outpatient,FAC-04,Synthetic Outpatient Center,Endocrinology,E11.9,Type 2 diabetes mellitus without complications,Provider SYN-27,Home,0,691.74
SYN-E-000207,SYN-P-00042,2024-05-06,09:15,2024-05-11,Inpatient,FAC-03,Synthetic Community Hospital West,Cardiology,I48.91,Unspecified atrial fibrillation,Provider SYN-28,Skilled Nursing Facility,5,20556.61
SYN-E-000208,SYN-P-00069,2024-05-06,18:15,2024-05-06,ED,FAC-01,Synthetic Regional Medical Center,Emergency,S93.401A,"Sprain of unspecified ligament of ankle, initial encounter",Provider SYN-29,Left Before Completion,0,3035.84
SYN-E-000209,SYN-P-00264,2024-05-06,21:15,2024-05-06,Outpatient,FAC-01,Synthetic Regional Medical Center,Cardiology,I10,Essential (primary) hypertension,Provider SYN-30,Home,0,800.23
SYN-E-000210,SYN-P-00214,2024-05-06,21:30,2024-05-06,Outpatient,FAC-05,Synthetic Specialty Clinic,Pulmonology,J44.9,"Chronic obstructive pulmonary disease, unspecified",Provider SYN-31,Home,0,156.50
SYN-E-000211,SYN-P-00197,2024-05-07,03:15,2024-05-07,Outpatient,FAC-05,Synthetic Specialty Clinic,Pulmonology,J44.9,"Chronic obstructive pulmonary disease, unspecified",Provider SYN-32,Home,0,708.57
SYN-E-000212,SYN-P-00195,2024-05-07,14:00,2024-05-07,Outpatient,FAC-05,Synthetic Specialty Clinic,Primary Care,Z00.00,Encounter for general adult medical examination,Provider SYN-33,Home,0,598.06
SYN-E-000213,SYN-P-00263,2024-05-09,08:00,2024-05-09,Outpatient,FAC-02,Synthetic Community Hospital East,Cardiology,I10,Essential (primary) hypertension,Provider SYN-34,Home,0,374.89
SYN-E-000214,SYN-P-00085,2024-05-09,10:30,2024-05-09,Outpatient,FAC-04,Synthetic Outpatient Center,Primary Care,Z00.00,Encounter for general adult medical examination,Provider SYN-35,Home,0,229.88
SYN-E-000215,SYN-P-00178,2024-05-09,10:30,2024-05-09,Outpatient,FAC-04,Synthetic Outpatient Center,Primary Care,I10,Essential (primary) hypertension,Provider SYN-36,Home,0,549.93
SYN-E-000216,SYN-P-00146,2024-05-10,23:00,2024-05-10,ED,FAC-02,Synthetic Community Hospital East,Emergency,S93.401A,"Sprain of unspecified ligament of ankle, initial encounter",Provider SYN-37,Home,0,1728.61
SYN-E-000217,SYN-P-00027,2024-05-12,05:30,2024-05-12,Outpatient,FAC-04,Synthetic Outpatient Center,Primary Care,Z00.00,Encounter for general adult medical examination,Provider SYN-38,Home,0,544.15
SYN-E-000218,SYN-P-00156,2024-05-12,18:00,2024-05-12,Outpatient,FAC-05,Synthetic Specialty Clinic,Primary Care,Z00.00,Encounter for general adult medical examination,Provider SYN-39,Home,0,291.87
SYN-E-000219,SYN-P-00183,2024-05-12,21:15,2024-05-12,Outpatient,FAC-05,Synthetic Specialty Clinic,Orthopedics,M17.9,"Osteoarthritis of knee, unspecified",Provider SYN-40,Home,0,597.52
SYN-E-000220,SYN-P-00084,2024-05-13,16:30,2024-05-13,ED,FAC-03,Synthetic Community Hospital West,Emergency,J45.901,Unspecified asthma with (acute) exacerbation,Provider SYN-41,Transferred,0,2395.54
SYN-E-000221,SYN-P-00184,2024-05-14,07:00,2024-05-14,Outpatient,FAC-04,Synthetic Outpatient Center,Orthopedics,M17.9,"Osteoarthritis of knee, unspecified",Provider SYN-42,Home,0,633.22
SYN-E-000222,SYN-P-00078,2024-05-15,07:30,2024-05-15,Outpatient,FAC-05,Synthetic Specialty Clinic,Primary Care,I10,Essential (primary) hypertension,Provider SYN-43,Home,0,343.97
SYN-E-000223,SYN-P-00229,2024-05-15,11:15,2024-05-15,Outpatient,FAC-04,Synthetic Outpatient Center,Pulmonology,J44.9,"Chronic obstructive pulmonary disease, unspecified",Provider SYN-44,Home,0,867.40
SYN-E-000224,SYN-P-00164,2024-05-15,19:45,2024-05-15,Outpatient,FAC-05,Synthetic Specialty Clinic,Primary Care,E11.9,Type 2 diabetes mellitus without complications,Provider SYN-45,Home,0,167.17
SYN-E-000225,SYN-P-00031,2024-05-15,23:30,2024-05-15,Outpatient,FAC-05,Synthetic Specialty Clinic,Pulmonology,J44.9,"Chronic obstructive pulmonary disease, unspecified",Provider SYN-46,Home,0,391.00
SYN-E-000226,SYN-P-00106,2024-05-16,12:45,2024-05-16,Outpatient,FAC-05,Synthetic Specialty Clinic,Cardiology,I10,Essential (primary) hypertension,Provider SYN-47,Home,0,255.93
SYN-E-000227,SYN-P-00239,2024-05-17,09:30,2024-05-17,ED,FAC-03,Synthetic Community Hospital West,Emergency,J45.901,Unspecified asthma with (acute) exacerbation,Provider SYN-48,Transferred,0,3100.79
SYN-E-000228,SYN-P-00121,2024-05-17,11:30,2024-05-17,Outpatient,FAC-02,Synthetic Community Hospital East,Orthopedics,M17.9,"Osteoarthritis of knee, unspecified",Provider SYN-49,Home,0,618.70
SYN-E-000229,SYN-P-00258,2024-05-17,18:00,2024-05-21,Inpatient,FAC-03,Synthetic Community Hospital West,Cardiology,I50.9,"Heart failure, unspecified",Provider SYN-50,Transferred,4,17958.83
SYN-E-000230,SYN-P-00046,2024-05-17,20:45,2024-05-17,ED,FAC-01,Synthetic Regional Medical Center,Emergency,S93.401A,"Sprain of unspecified ligament of ankle, initial encounter",Provider SYN-51,Home,0,3674.07
SYN-E-000231,SYN-P-00261,2024-05-18,13:00,2024-05-18,Observation,FAC-02,Synthetic Community Hospital East,Cardiology,R07.9,"Chest pain, unspecified",Provider SYN-52,Home with Services,0,3906.10
SYN-E-000232,SYN-P-00056,2024-05-18,22:30,2024-05-18,ED,FAC-03,Synthetic Community Hospital West,Emergency,R07.9,"Chest pain, unspecified",Provider SYN-53,Home,0,2487.74
SYN-E-000233,SYN-P-00245,2024-05-19,02:45,2024-05-19,Outpatient,FAC-04,Synthetic Outpatient Center,Orthopedics,M17.9,"Osteoarthritis of knee, unspecified",Provider SYN-54,Home,0,472.15
SYN-E-000234,SYN-P-00015,2024-05-19,23:45,2024-05-19,ED,FAC-01,Synthetic Regional Medical Center,Emergency,R51.9,"Headache, unspecified",Provider SYN-55,Transferred,0,3537.69
SYN-E-000235,SYN-P-00094,2024-05-22,10:00,2024-05-22,Outpatient,FAC-02,Synthetic Community Hospital East,Pulmonology,J44.9,"Chronic obstructive pulmonary disease, unspecified",Provider SYN-56,Home,0,605.94
SYN-E-000236,SYN-P-00136,2024-05-23,05:15,2024-05-24,Inpatient,FAC-01,Synthetic Regional Medical Center,Orthopedics,S72.002A,Fracture of unspecified part of neck of left femur,Provider SYN-57,Home,1,11205.62
SYN-E-000237,SYN-P-00162,2024-05-23,05:30,2024-05-30,Inpatient,FAC-03,Synthetic Community Hospital West,Cardiology,I50.9,"Heart failure, unspecified",Provider SYN-58,Home,7,25679.66
SYN-E-000238,SYN-P-00072,2024-05-23,10:15,2024-05-25,Inpatient,FAC-02,Synthetic Community Hospital East,Pulmonology,J44.1,Chronic obstructive pulmonary disease with acute exacerbation,Provider SYN-59,Home with Services,2,12844.63
SYN-E-000239,SYN-P-00026,2024-05-24,20:45,2024-05-24,Outpatient,FAC-02,Synthetic Community Hospital East,Cardiology,I10,Essential (primary) hypertension,Provider SYN-60,Home,0,835.84
SYN-E-000240,SYN-P-00254,2024-05-24,21:30,2024-05-24,Outpatient,FAC-01,Synthetic Regional Medical Center,Endocrinology,E11.9,Type 2 diabetes mellitus without complications,Provider SYN-01,Home,0,244.14
SYN-E-000241,SYN-P-00298,2024-05-25,01:45,2024-05-26,Observation,FAC-01,Synthetic Regional Medical Center,Cardiology,R07.9,"Chest pain, unspecified",Provider SYN-02,Home,1,2466.42
SYN-E-000242,SYN-P-00045,2024-05-25,11:00,2024-05-26,Observation,FAC-02,Synthetic Community Hospital East,Internal Medicine,R55,Syncope and collapse,Provider SYN-03,Home,1,3589.97
SYN-E-000243,SYN-P-00033,2024-05-25,16:45,2024-05-26,Inpatient,FAC-03,Synthetic Community Hospital West,Orthopedics,S72.002A,Fracture of unspecified part of neck of left femur,Provider SYN-04,Home with Services,2,9500.46
SYN-E-000244,SYN-P-00281,2024-05-26,11:30,2024-05-26,Outpatient,FAC-04,Synthetic Outpatient Center,Orthopedics,M17.9,"Osteoarthritis of knee, unspecified",Provider SYN-05,Home,0,898.49
SYN-E-000245,SYN-P-00024,2024-05-26,15:15,2024-05-30,Inpatient,FAC-02,Synthetic Community Hospital East,Cardiology,I48.91,Unspecified atrial fibrillation,Provider SYN-06,Home,4,16002.23
SYN-E-000246,SYN-P-00251,2024-05-27,01:00,2024-05-27,Outpatient,FAC-04,Synthetic Outpatient Center,Orthopedics,M17.9,"Osteoarthritis of knee, unspecified",Provider SYN-07,Home,0,755.95
SYN-E-000247,SYN-P-00029,2024-05-27,11:00,2024-05-27,ED,FAC-03,Synthetic Community Hospital West,Emergency,R07.9,"Chest pain, unspecified",Provider SYN-08,Home,0,2500.56
SYN-E-000248,SYN-P-00186,2024-05-27,20:45,2024-05-27,Outpatient,FAC-05,Synthetic Specialty Clinic,Orthopedics,M17.9,"Osteoarthritis of knee, unspecified",Provider SYN-09,Home,0,176.69
SYN-E-000249,SYN-P-00041,2024-05-28,00:15,2024-05-28,Outpatient,FAC-04,Synthetic Outpatient Center,Primary Care,I10,Essential (primary) hypertension,Provider SYN-10,Home,0,680.59
SYN-E-000250,SYN-P-00185,2024-05-28,12:45,2024-05-30,Inpatient,FAC-01,Synthetic Regional Medical Center,Cardiology,I50.9,"Heart failure, unspecified",Provider SYN-11,Home with Services,2,11759.51
SYN-E-000251,SYN-P-00285,2024-05-29,00:30,2024-05-31,Inpatient,FAC-02,Synthetic Community Hospital East,Orthopedics,S72.002A,Fracture of unspecified part of neck of left femur,Provider SYN-12,Home,2,11316.36
SYN-E-000252,SYN-P-00279,2024-05-29,13:45,2024-05-31,Inpatient,FAC-03,Synthetic Community Hospital West,Cardiology,I50.9,"Heart failure, unspecified",Provider SYN-13,Home with Services,2,13576.84
SYN-E-000253,SYN-P-00247,2024-05-30,03:45,2024-05-30,Outpatient,FAC-05,Synthetic Specialty Clinic,Pulmonology,J44.9,"Chronic obstructive pulmonary disease, unspecified",Provider SYN-14,Home,0,435.18
SYN-E-000254,SYN-P-00120,2024-05-31,03:30,2024-05-31,Outpatient,FAC-04,Synthetic Outpatient Center,Primary Care,Z00.00,Encounter for general adult medical examination,Provider SYN-15,Home,0,210.25
SYN-E-000255,SYN-P-00217,2024-05-31,20:45,2024-06-03,Inpatient,FAC-02,Synthetic Community Hospital East,Pulmonology,J44.1,Chronic obstructive pulmonary disease with acute exacerbation,Provider SYN-16,Home with Services,3,15952.48
SYN-E-000256,SYN-P-00194,2024-05-31,23:00,2024-06-05,Inpatient,FAC-02,Synthetic Community Hospital East,Cardiology,I48.91,Unspecified atrial fibrillation,Provider SYN-17,Home,5,19883.12
SYN-E-000257,SYN-P-00077,2024-06-01,09:15,2024-06-01,Outpatient,FAC-05,Synthetic Specialty Clinic,Primary Care,I10,Essential (primary) hypertension,Provider SYN-18,Home,0,326.51
SYN-E-000258,SYN-P-00005,2024-06-02,04:15,2024-06-05,Inpatient,FAC-01,Synthetic Regional Medical Center,Cardiology,I48.91,Unspecified atrial fibrillation,Provider SYN-19,Skilled Nursing Facility,3,13592.12
SYN-E-000259,SYN-P-00202,2024-06-02,08:30,2024-06-02,Outpatient,FAC-04,Synthetic Outpatient Center,Cardiology,I10,Essential (primary) hypertension,Provider SYN-20,Home,0,365.16
SYN-E-000260,SYN-P-00282,2024-06-03,05:30,2024-06-03,Outpatient,FAC-05,Synthetic Specialty Clinic,Endocrinology,E11.9,Type 2 diabetes mellitus without complications,Provider SYN-21,Home,0,564.90
SYN-E-000261,SYN-P-00271,2024-06-03,18:45,2024-06-03,Outpatient,FAC-05,Synthetic Specialty Clinic,Orthopedics,M17.9,"Osteoarthritis of knee, unspecified",Provider SYN-22,Home,0,449.99
SYN-E-000262,SYN-P-00288,2024-06-03,19:15,2024-06-08,Inpatient,FAC-01,Synthetic Regional Medical Center,Neurology,I63.9,"Cerebral infarction, unspecified",Provider SYN-23,Home,5,19501.92
SYN-E-000263,SYN-P-00137,2024-06-03,21:15,2024-06-07,Inpatient,FAC-02,Synthetic Community Hospital East,Internal Medicine,E11.65,Type 2 diabetes mellitus with hyperglycemia,Provider SYN-24,Transferred,4,18254.62
SYN-E-000264,SYN-P-00001,2024-06-03,21:30,2024-06-06,Inpatient,FAC-01,Synthetic Regional Medical Center,Neurology,I63.9,"Cerebral infarction, unspecified",Provider SYN-25,Home,3,15174.91
SYN-E-000265,SYN-P-00031,2024-06-04,17:30,2024-06-04,Outpatient,FAC-05,Synthetic Specialty Clinic,Primary Care,Z00.00,Encounter for general adult medical examination,Provider SYN-26,Home,0,773.06
SYN-E-000266,SYN-P-00129,2024-06-04,22:15,2024-06-04,Outpatient,FAC-05,Synthetic Specialty Clinic,Primary Care,Z00.00,Encounter for general adult medical examination,Provider SYN-27,Home,0,412.86
SYN-E-000267,SYN-P-00170,2024-06-04,23:15,2024-06-04,Outpatient,FAC-04,Synthetic Outpatient Center,Orthopedics,M17.9,"Osteoarthritis of knee, unspecified",Provider SYN-28,Home,0,480.69
SYN-E-000268,SYN-P-00021,2024-06-05,14:30,2024-06-05,ED,FAC-03,Synthetic Community Hospital West,Emergency,R51.9,"Headache, unspecified",Provider SYN-29,Home,0,3007.47
SYN-E-000269,SYN-P-00013,2024-06-06,14:45,2024-06-06,Outpatient,FAC-05,Synthetic Specialty Clinic,Endocrinology,E11.9,Type 2 diabetes mellitus without complications,Provider SYN-30,Home,0,314.24
SYN-E-000270,SYN-P-00111,2024-06-06,18:45,2024-06-06,ED,FAC-01,Synthetic Regional Medical Center,Emergency,R07.9,"Chest pain, unspecified",Provider SYN-31,Transferred,0,1133.83
SYN-E-000271,SYN-P-00006,2024-06-06,22:30,2024-06-06,Outpatient,FAC-04,Synthetic Outpatient Center,Orthopedics,M17.9,"Osteoarthritis of knee, unspecified",Provider SYN-32,Home,0,155.61
SYN-E-000272,SYN-P-00082,2024-06-07,01:15,2024-06-07,Outpatient,FAC-02,Synthetic Community Hospital East,Primary Care,E11.9,Type 2 diabetes mellitus without complications,Provider SYN-33,Home,0,677.31
SYN-E-000273,SYN-P-00002,2024-06-07,08:45,2024-06-07,ED,FAC-03,Synthetic Community Hospital West,Emergency,R07.9,"Chest pain, unspecified",Provider SYN-34,Home,0,1500.63
SYN-E-000274,SYN-P-00094,2024-06-09,00:30,2024-06-09,Outpatient,FAC-02,Synthetic Community Hospital East,Pulmonology,J44.9,"Chronic obstructive pulmonary disease, unspecified",Provider SYN-35,Home,0,697.88
SYN-E-000275,SYN-P-00124,2024-06-09,17:00,2024-06-09,Outpatient,FAC-04,Synthetic Outpatient Center,Orthopedics,M17.9,"Osteoarthritis of knee, unspecified",Provider SYN-36,Home,0,489.51
SYN-E-000276,SYN-P-00292,2024-06-10,20:00,2024-06-10,Outpatient,FAC-04,Synthetic Outpatient Center,Primary Care,E11.9,Type 2 diabetes mellitus without complications,Provider SYN-37,Home,0,706.28
SYN-E-000277,SYN-P-00167,2024-06-10,23:00,2024-06-11,Observation,FAC-02,Synthetic Community Hospital East,Internal Medicine,R55,Syncope and collapse,Provider SYN-38,Home,1,3826.30
SYN-E-000278,SYN-P-00205,2024-06-11,00:30,2024-06-11,Outpatient,FAC-04,Synthetic Outpatient Center,Primary Care,Z00.00,Encounter for general adult medical examination,Provider SYN-39,Home,0,860.01
SYN-E-000279,SYN-P-00075,2024-06-11,02:15,2024-06-11,Outpatient,FAC-05,Synthetic Specialty Clinic,Primary Care,I10,Essential (primary) hypertension,Provider SYN-40,Home,0,178.86
SYN-E-000280,SYN-P-00177,2024-06-11,06:45,2024-06-11,Outpatient,FAC-05,Synthetic Specialty Clinic,Pulmonology,J44.9,"Chronic obstructive pulmonary disease, unspecified",Provider SYN-41,Home,0,361.59
SYN-E-000281,SYN-P-00092,2024-06-12,00:15,2024-06-12,Outpatient,FAC-03,Synthetic Community Hospital West,Endocrinology,E11.9,Type 2 diabetes mellitus without complications,Provider SYN-42,Home,0,234.81
SYN-E-000282,SYN-P-00245,2024-06-12,06:15,2024-06-12,Outpatient,FAC-04,Synthetic Outpatient Center,Primary Care,E11.9,Type 2 diabetes mellitus without complications,Provider SYN-43,Home,0,370.74
SYN-E-000283,SYN-P-00158,2024-06-12,08:30,2024-06-19,Inpatient,FAC-01,Synthetic Regional Medical Center,Nephrology,N17.9,"Acute kidney failure, unspecified",Provider SYN-44,Home with Services,7,24299.52
SYN-E-000284,SYN-P-00072,2024-06-12,20:30,2024-06-17,Inpatient,FAC-01,Synthetic Regional Medical Center,Cardiology,I48.91,Unspecified atrial fibrillation,Provider SYN-45,Home,5,19229.11
SYN-E-000285,SYN-P-00125,2024-06-13,14:30,2024-06-13,Outpatient,FAC-05,Synthetic Specialty Clinic,Pulmonology,J44.9,"Chronic obstructive pulmonary disease, unspecified",Provider SYN-46,Home,0,863.71
SYN-E-000286,SYN-P-00132,2024-06-13,21:30,2024-06-13,Outpatient,FAC-05,Synthetic Specialty Clinic,Pulmonology,J44.9,"Chronic obstructive pulmonary disease, unspecified",Provider SYN-47,Home,0,461.14
SYN-E-000287,SYN-P-00189,2024-06-13,22:15,2024-06-13,ED,FAC-01,Synthetic Regional Medical Center,Emergency,J45.901,Unspecified asthma with (acute) exacerbation,Provider SYN-48,Home,0,2113.27
SYN-E-000288,SYN-P-00161,2024-06-14,07:15,2024-06-14,ED,FAC-02,Synthetic Community Hospital East,Emergency,R51.9,"Headache, unspecified",Provider SYN-49,Home,0,989.11
SYN-E-000289,SYN-P-00160,2024-06-14,13:00,2024-06-16,Inpatient,FAC-01,Synthetic Regional Medical Center,Cardiology,I48.91,Unspecified atrial fibrillation,Provider SYN-50,Home with Services,2,12809.83
SYN-E-000290,SYN-P-00074,2024-06-15,05:45,2024-06-15,Outpatient,FAC-05,Synthetic Specialty Clinic,Pulmonology,J44.9,"Chronic obstructive pulmonary disease, unspecified",Provider SYN-51,Home,0,867.97
SYN-E-000291,SYN-P-00130,2024-06-15,10:30,2024-06-15,ED,FAC-03,Synthetic Community Hospital West,Emergency,J45.901,Unspecified asthma with (acute) exacerbation,Provider SYN-52,Home,0,2828.05
SYN-E-000292,SYN-P-00240,2024-06-15,21:30,2024-06-15,Outpatient,FAC-04,Synthetic Outpatient Center,Endocrinology,E11.9,Type 2 diabetes mellitus without complications,Provider SYN-53,Home,0,863.79
SYN-E-000293,SYN-P-00051,2024-06-16,06:00,2024-06-16,Outpatient,FAC-04,Synthetic Outpatient Center,Orthopedics,M17.9,"Osteoarthritis of knee, unspecified",Provider SYN-54,Home,0,635.90
SYN-E-000294,SYN-P-00027,2024-06-16,13:00,2024-06-28,Inpatient,FAC-03,Synthetic Community Hospital West,Pulmonology,J44.1,Chronic obstructive pulmonary disease with acute exacerbation,Provider SYN-55,Home,12,38938.04
SYN-E-000295,SYN-P-00190,2024-06-16,13:45,2024-06-16,Outpatient,FAC-04,Synthetic Outpatient Center,Pulmonology,J44.9,"Chronic obstructive pulmonary disease, unspecified",Provider SYN-56,Home,0,325.30
SYN-E-000296,SYN-P-00187,2024-06-16,17:45,2024-06-16,Outpatient,FAC-04,Synthetic Outpatient Center,Pulmonology,J44.9,"Chronic obstructive pulmonary disease, unspecified",Provider SYN-57,Home,0,294.93
SYN-E-000297,SYN-P-00216,2024-06-17,21:00,2024-06-17,Outpatient,FAC-04,Synthetic Outpatient Center,Primary Care,E11.9,Type 2 diabetes mellitus without complications,Provider SYN-58,Home,0,304.68
SYN-E-000298,SYN-P-00184,2024-06-18,00:15,2024-06-18,Outpatient,FAC-02,Synthetic Community Hospital East,Orthopedics,M17.9,"Osteoarthritis of knee, unspecified",Provider SYN-59,Home,0,651.23
SYN-E-000299,SYN-P-00028,2024-06-18,01:45,2024-06-18,ED,FAC-02,Synthetic Community Hospital East,Emergency,S93.401A,"Sprain of unspecified ligament of ankle, initial encounter",Provider SYN-60,Home,0,3795.56
SYN-E-000300,SYN-P-00274,2024-06-18,09:15,2024-06-18,Outpatient,FAC-05,Synthetic Specialty Clinic,Orthopedics,M17.9,"Osteoarthritis of knee, unspecified",Provider SYN-01,Home,0,627.46
SYN-E-000301,SYN-P-00191,2024-06-19,02:30,2024-06-19,ED,FAC-02,Synthetic Community Hospital East,Emergency,R51.9,"Headache, unspecified",Provider SYN-02,Home,0,2060.39
SYN-E-000302,SYN-P-00059,2024-06-19,04:15,2024-06-19,ED,FAC-03,Synthetic Community Hospital West,Emergency,S93.401A,"Sprain of unspecified ligament of ankle, initial encounter",Provider SYN-03,Home,0,3471.25
SYN-E-000303,SYN-P-00241,2024-06-21,17:15,2024-06-21,Outpatient,FAC-05,Synthetic Specialty Clinic,Pulmonology,J44.9,"Chronic obstructive pulmonary disease, unspecified",Provider SYN-04,Home,0,706.39
SYN-E-000304,SYN-P-00277,2024-06-21,18:30,2024-06-21,Outpatient,FAC-05,Synthetic Specialty Clinic,Primary Care,I10,Essential (primary) hypertension,Provider SYN-05,Home,0,422.23
SYN-E-000305,SYN-P-00231,2024-06-21,21:30,2024-06-21,Outpatient,FAC-05,Synthetic Specialty Clinic,Primary Care,I10,Essential (primary) hypertension,Provider SYN-06,Home,0,405.20
SYN-E-000306,SYN-P-00109,2024-06-22,07:15,2024-06-22,Outpatient,FAC-05,Synthetic Specialty Clinic,Pulmonology,J44.9,"Chronic obstructive pulmonary disease, unspecified",Provider SYN-07,Home,0,842.31
SYN-E-000307,SYN-P-00248,2024-06-22,20:30,2024-06-22,Outpatient,FAC-05,Synthetic Specialty Clinic,Pulmonology,J44.9,"Chronic obstructive pulmonary disease, unspecified",Provider SYN-08,Home,0,417.31
SYN-E-000308,SYN-P-00061,2024-06-22,23:00,2024-06-22,Outpatient,FAC-05,Synthetic Specialty Clinic,Endocrinology,E11.9,Type 2 diabetes mellitus without complications,Provider SYN-09,Home,0,791.30
SYN-E-000309,SYN-P-00067,2024-06-23,13:30,2024-06-23,Outpatient,FAC-05,Synthetic Specialty Clinic,Primary Care,I10,Essential (primary) hypertension,Provider SYN-10,Home,0,856.02
SYN-E-000310,SYN-P-00036,2024-06-23,19:15,2024-06-23,Outpatient,FAC-01,Synthetic Regional Medical Center,Pulmonology,J44.9,"Chronic obstructive pulmonary disease, unspecified",Provider SYN-11,Home,0,506.95
SYN-E-000311,SYN-P-00258,2024-06-23,23:15,2024-06-23,Outpatient,FAC-05,Synthetic Specialty Clinic,Cardiology,I10,Essential (primary) hypertension,Provider SYN-12,Home,0,255.10
SYN-E-000312,SYN-P-00214,2024-06-25,10:45,2024-06-25,Outpatient,FAC-04,Synthetic Outpatient Center,Primary Care,Z00.00,Encounter for general adult medical examination,Provider SYN-13,Home,0,477.93
SYN-E-000313,SYN-P-00025,2024-06-25,20:15,2024-06-25,Outpatient,FAC-05,Synthetic Specialty Clinic,Pulmonology,J44.9,"Chronic obstructive pulmonary disease, unspecified",Provider SYN-14,Home,0,594.10
SYN-E-000314,SYN-P-00276,2024-06-26,14:30,2024-06-30,Inpatient,FAC-01,Synthetic Regional Medical Center,Cardiology,I50.9,"Heart failure, unspecified",Provider SYN-15,Home with Services,4,18595.88
SYN-E-000315,SYN-P-00294,2024-06-27,06:30,2024-06-27,Outpatient,FAC-05,Synthetic Specialty Clinic,Primary Care,E11.9,Type 2 diabetes mellitus without complications,Provider SYN-16,Home,0,585.21
SYN-E-000316,SYN-P-00182,2024-06-27,07:00,2024-06-27,Outpatient,FAC-05,Synthetic Specialty Clinic,Cardiology,I10,Essential (primary) hypertension,Provider SYN-17,Home,0,429.51
SYN-E-000317,SYN-P-00143,2024-06-28,04:30,2024-06-28,ED,FAC-01,Synthetic Regional Medical Center,Emergency,S93.401A,"Sprain of unspecified ligament of ankle, initial encounter",Provider SYN-18,Home,0,2749.12
SYN-E-000318,SYN-P-00117,2024-06-29,16:00,2024-06-29,Outpatient,FAC-01,Synthetic Regional Medical Center,Endocrinology,E11.9,Type 2 diabetes mellitus without complications,Provider SYN-19,Home,0,0.00
SYN-E-000319,SYN-P-00098,2024-06-30,05:30,2024-06-30,Outpatient,FAC-03,Synthetic Community Hospital West,Endocrinology,E11.9,Type 2 diabetes mellitus without complications,Provider SYN-20,Home,0,628.23
SYN-E-000320,SYN-P-00084,2024-07-01,06:00,2024-07-01,Outpatient,FAC-04,Synthetic Outpatient Center,Primary Care,Z00.00,Encounter for general adult medical examination,Provider SYN-21,Home,0,333.78
SYN-E-000321,SYN-P-00070,2024-07-01,09:45,2024-07-01,Outpatient,FAC-04,Synthetic Outpatient Center,Pulmonology,J44.9,"Chronic obstructive pulmonary disease, unspecified",Provider SYN-22,Home,0,760.60
SYN-E-000322,SYN-P-00245,2024-07-01,12:30,2024-07-01,Outpatient,FAC-05,Synthetic Specialty Clinic,Orthopedics,M17.9,"Osteoarthritis of knee, unspecified",Provider SYN-23,Home,0,351.66
SYN-E-000323,SYN-P-00233,2024-07-01,16:45,2024-07-01,Outpatient,FAC-05,Synthetic Specialty Clinic,Orthopedics,M17.9,"Osteoarthritis of knee, unspecified",Provider SYN-24,Home,0,739.47
SYN-E-000324,SYN-P-00041,2024-07-02,07:00,2024-07-11,Inpatient,FAC-03,Synthetic Community Hospital West,Neurology,I63.9,"Cerebral infarction, unspecified",Provider SYN-25,Home,9,29365.84
SYN-E-000325,SYN-P-00190,2024-07-02,09:30,2024-07-02,Outpatient,FAC-04,Synthetic Outpatient Center,Primary Care,I10,Essential (primary) hypertension,Provider SYN-26,Home,0,552.96
SYN-E-000326,SYN-P-00128,2024-07-02,18:15,2024-07-02,Outpatient,FAC-02,Synthetic Community Hospital East,Primary Care,Z00.00,Encounter for general adult medical examination,Provider SYN-27,Home,0,166.38
SYN-E-000327,SYN-P-00001,2024-07-02,23:30,2024-07-03,Inpatient,FAC-02,Synthetic Community Hospital East,Nephrology,N17.9,"Acute kidney failure, unspecified",Provider SYN-28,Home with Services,2,8892.77
SYN-E-000328,SYN-P-00213,2024-07-03,00:30,2024-07-09,Inpatient,FAC-01,Synthetic Regional Medical Center,Pulmonology,J18.9,"Pneumonia, unspecified organism",Provider SYN-29,Skilled Nursing Facility,6,21698.49
SYN-E-000329,SYN-P-00181,2024-07-03,09:00,2024-07-03,Outpatient,FAC-03,Synthetic Community Hospital West,Orthopedics,M17.9,"Osteoarthritis of knee, unspecified",Provider SYN-30,Home,0,300.86
SYN-E-000330,SYN-P-00256,2024-07-03,14:15,2024-07-03,Outpatient,FAC-04,Synthetic Outpatient Center,Primary Care,E11.9,Type 2 diabetes mellitus without complications,Provider SYN-31,Home,0,783.14
SYN-E-000331,SYN-P-00133,2024-07-04,15:15,2024-07-04,Outpatient,FAC-05,Synthetic Specialty Clinic,Endocrinology,E11.9,Type 2 diabetes mellitus without complications,Provider SYN-32,Home,0,188.49
SYN-E-000332,SYN-P-00287,2024-07-05,05:15,2024-07-05,Outpatient,FAC-05,Synthetic Specialty Clinic,Orthopedics,M17.9,"Osteoarthritis of knee, unspecified",Provider SYN-33,Home,0,217.21
SYN-E-000333,SYN-P-00051,2024-07-05,10:30,2024-07-06,Observation,FAC-01,Synthetic Regional Medical Center,Internal Medicine,R55,Syncope and collapse,Provider SYN-34,Home,1,3360.26
SYN-E-000334,SYN-P-00164,2024-07-05,16:15,2024-07-05,ED,FAC-01,Synthetic Regional Medical Center,Emergency,R10.9,Unspecified abdominal pain,Provider SYN-35,Home,0,3473.98
SYN-E-000335,SYN-P-00220,2024-07-06,15:15,2024-07-07,Inpatient,FAC-02,Synthetic Community Hospital East,Neurology,I63.9,"Cerebral infarction, unspecified",Provider SYN-36,Home with Services,1,9574.23
SYN-E-000336,SYN-P-00180,2024-07-06,22:00,2024-07-11,Inpatient,FAC-02,Synthetic Community Hospital East,Pulmonology,J44.1,Chronic obstructive pulmonary disease with acute exacerbation,Provider SYN-37,Home with Services,5,20966.34
SYN-E-000337,SYN-P-00101,2024-07-07,07:30,2024-07-07,Outpatient,FAC-05,Synthetic Specialty Clinic,Cardiology,I10,Essential (primary) hypertension,Provider SYN-38,Home,0,476.27
SYN-E-000338,SYN-P-00178,2024-07-07,16:00,2024-07-07,Outpatient,FAC-04,Synthetic Outpatient Center,Primary Care,Z00.00,Encounter for general adult medical examination,Provider SYN-39,Home,0,803.38
SYN-E-000339,SYN-P-00267,2024-07-07,19:45,2024-07-07,ED,FAC-01,Synthetic Regional Medical Center,Emergency,J45.901,Unspecified asthma with (acute) exacerbation,Provider SYN-40,Home,0,2355.47
SYN-E-000340,SYN-P-00029,2024-07-07,23:45,2024-07-07,Outpatient,FAC-05,Synthetic Specialty Clinic,Orthopedics,M17.9,"Osteoarthritis of knee, unspecified",Provider SYN-41,Home,0,200.77
SYN-E-000341,SYN-P-00037,2024-07-08,00:45,2024-07-13,Inpatient,FAC-03,Synthetic Community Hospital West,Orthopedics,S72.002A,Fracture of unspecified part of neck of left femur,Provider SYN-42,Home with Services,5,20197.75
SYN-E-000342,SYN-P-00111,2024-07-08,08:00,2024-07-11,Inpatient,FAC-01,Synthetic Regional Medical Center,Internal Medicine,E11.65,Type 2 diabetes mellitus with hyperglycemia,Provider SYN-43,Home,3,14196.21
SYN-E-000343,SYN-P-00251,2024-07-08,12:00,2024-07-10,Inpatient,FAC-02,Synthetic Community Hospital East,Cardiology,I48.91,Unspecified atrial fibrillation,Provider SYN-44,Home,2,11297.77
SYN-E-000344,SYN-P-00215,2024-07-08,16:00,2024-07-08,ED,FAC-02,Synthetic Community Hospital East,Emergency,S93.401A,"Sprain of unspecified ligament of ankle, initial encounter",Provider SYN-45,Home,0,1104.48
SYN-E-000345,SYN-P-00249,2024-07-08,18:45,2024-07-08,Observation,FAC-03,Synthetic Community Hospital West,Internal Medicine,R55,Syncope and collapse,Provider SYN-46,Home,0,3520.20
SYN-E-000346,SYN-P-00057,2024-07-09,10:00,2024-07-09,Outpatient,FAC-04,Synthetic Outpatient Center,Endocrinology,E11.9,Type 2 diabetes mellitus without complications,Provider SYN-47,Home,0,805.37
SYN-E-000347,SYN-P-00167,2024-07-09,15:15,2024-07-09,Outpatient,FAC-05,Synthetic Specialty Clinic,Pulmonology,J44.9,"Chronic obstructive pulmonary disease, unspecified",Provider SYN-48,Home,0,698.90
SYN-E-000348,SYN-P-00105,2024-07-09,18:00,2024-07-09,Outpatient,FAC-04,Synthetic Outpatient Center,Orthopedics,M17.9,"Osteoarthritis of knee, unspecified",Provider SYN-49,Home,0,281.12
SYN-E-000349,SYN-P-00259,2024-07-10,12:45,2024-07-10,Outpatient,FAC-04,Synthetic Outpatient Center,Pulmonology,J44.9,"Chronic obstructive pulmonary disease, unspecified",Provider SYN-50,Home,0,700.22
SYN-E-000350,SYN-P-00276,2024-07-12,17:15,2024-07-14,Inpatient,FAC-02,Synthetic Community Hospital East,Pulmonology,J44.1,Chronic obstructive pulmonary disease with acute exacerbation,Provider SYN-51,Home,2,13324.09
SYN-E-000351,SYN-P-00163,2024-07-12,21:45,2024-07-12,Observation,FAC-01,Synthetic Regional Medical Center,Cardiology,R07.9,"Chest pain, unspecified",Provider SYN-52,Home,0,3678.70
SYN-E-000352,SYN-P-00138,2024-07-13,18:15,2024-07-13,Outpatient,FAC-05,Synthetic Specialty Clinic,Cardiology,I10,Essential (primary) hypertension,Provider SYN-53,Home,0,494.86
SYN-E-000353,SYN-P-00149,2024-07-13,18:15,2024-07-13,Outpatient,FAC-05,Synthetic Specialty Clinic,Primary Care,E11.9,Type 2 diabetes mellitus without complications,Provider SYN-54,Home,0,516.52
SYN-E-000354,SYN-P-00261,2024-07-13,18:45,2024-07-13,ED,FAC-03,Synthetic Community Hospital West,Emergency,S93.401A,"Sprain of unspecified ligament of ankle, initial encounter",Provider SYN-55,Home,0,2405.74
SYN-E-000355,SYN-P-00038,2024-07-14,05:45,2024-07-16,Inpatient,FAC-02,Synthetic Community Hospital East,Internal Medicine,E11.65,Type 2 diabetes mellitus with hyperglycemia,Provider SYN-56,Home,2,13758.75
SYN-E-000356,SYN-P-00204,2024-07-14,15:30,2024-07-14,Outpatient,FAC-05,Synthetic Specialty Clinic,Primary Care,Z00.00,Encounter for general adult medical examination,Provider SYN-57,Home,0,299.24
SYN-E-000357,SYN-P-00203,2024-07-14,21:15,2024-07-14,ED,FAC-03,Synthetic Community Hospital West,Emergency,J45.901,Unspecified asthma with (acute) exacerbation,Provider SYN-58,Home,0,2252.62
SYN-E-000358,SYN-P-00085,2024-07-15,11:45,2024-07-21,Inpatient,FAC-01,Synthetic Regional Medical Center,Pulmonology,J18.9,"Pneumonia, unspecified organism",Provider SYN-59,Home,6,23317.01
SYN-E-000359,SYN-P-00264,2024-07-16,02:00,2024-07-23,Inpatient,FAC-01,Synthetic Regional Medical Center,Internal Medicine,E11.65,Type 2 diabetes mellitus with hyperglycemia,Provider SYN-60,Home with Services,7,26022.65
SYN-E-000360,SYN-P-00123,2024-07-16,21:00,2024-07-16,Outpatient,FAC-05,Synthetic Specialty Clinic,Orthopedics,M17.9,"Osteoarthritis of knee, unspecified",Provider SYN-01,Home,0,709.20
SYN-E-000361,SYN-P-00065,2024-07-16,22:00,2024-07-16,Outpatient,FAC-04,Synthetic Outpatient Center,Primary Care,I10,Essential (primary) hypertension,Provider SYN-02,Home,0,584.44
SYN-E-000362,SYN-P-00112,2024-07-16,23:30,2024-07-16,Outpatient,FAC-04,Synthetic Outpatient Center,Orthopedics,M17.9,"Osteoarthritis of knee, unspecified",Provider SYN-03,Home,0,196.07
SYN-E-000363,SYN-P-00258,2024-07-17,14:15,2024-07-17,Outpatient,FAC-03,Synthetic Community Hospital West,Orthopedics,M17.9,"Osteoarthritis of knee, unspecified",Provider SYN-04,Home,0,528.84
SYN-E-000364,SYN-P-00171,2024-07-17,20:15,2024-07-17,ED,FAC-02,Synthetic Community Hospital East,Emergency,R51.9,"Headache, unspecified",Provider SYN-05,Home,0,2425.90
SYN-E-000365,SYN-P-00056,2024-07-18,09:30,2024-07-18,Outpatient,FAC-03,Synthetic Community Hospital West,Pulmonology,J44.9,"Chronic obstructive pulmonary disease, unspecified",Provider SYN-06,Home,0,155.04
SYN-E-000366,SYN-P-00064,2024-07-18,17:45,2024-07-18,Outpatient,FAC-05,Synthetic Specialty Clinic,Pulmonology,J44.9,"Chronic obstructive pulmonary disease, unspecified",Provider SYN-07,Home,0,247.66
SYN-E-000367,SYN-P-00250,2024-07-18,23:15,2024-07-18,Outpatient,FAC-04,Synthetic Outpatient Center,Pulmonology,J44.9,"Chronic obstructive pulmonary disease, unspecified",Provider SYN-08,Home,0,879.30
SYN-E-000368,SYN-P-00290,2024-07-18,23:45,2024-07-18,Outpatient,FAC-05,Synthetic Specialty Clinic,Orthopedics,M17.9,"Osteoarthritis of knee, unspecified",Provider SYN-09,Home,0,166.55
SYN-E-000369,SYN-P-00129,2024-07-20,06:00,2024-07-20,Outpatient,FAC-03,Synthetic Community Hospital West,Primary Care,E11.9,Type 2 diabetes mellitus without complications,Provider SYN-10,Home,0,487.17
SYN-E-000370,SYN-P-00159,2024-07-20,09:45,2024-07-20,Outpatient,FAC-03,Synthetic Community Hospital West,Cardiology,I10,Essential (primary) hypertension,Provider SYN-11,Home,0,215.54
SYN-E-000371,SYN-P-00243,2024-07-21,09:15,2024-07-21,Outpatient,FAC-04,Synthetic Outpatient Center,Primary Care,I10,Essential (primary) hypertension,Provider SYN-12,Home,0,443.41
SYN-E-000372,SYN-P-00176,2024-07-21,11:45,2024-07-26,Inpatient,FAC-02,Synthetic Community Hospital East,Internal Medicine,J18.9,"Pneumonia, unspecified organism",Provider SYN-13,Skilled Nursing Facility,5,20833.44
SYN-E-000373,SYN-P-00043,2024-07-21,13:30,2024-07-22,Inpatient,FAC-02,Synthetic Community Hospital East,Neurology,I63.9,"Cerebral infarction, unspecified",Provider SYN-14,Skilled Nursing Facility,1,8831.08
SYN-E-000374,SYN-P-00239,2024-07-21,17:15,2024-07-21,Outpatient,FAC-03,Synthetic Community Hospital West,Primary Care,Z00.00,Encounter for general adult medical examination,Provider SYN-15,Home,0,879.02
SYN-E-000375,SYN-P-00027,2024-07-22,07:15,2024-07-25,Inpatient,FAC-03,Synthetic Community Hospital West,Pulmonology,J18.9,"Pneumonia, unspecified organism",Provider SYN-16,Skilled Nursing Facility,3,15069.46
SYN-E-000376,SYN-P-00052,2024-07-23,01:45,2024-07-23,Outpatient,FAC-04,Synthetic Outpatient Center,Pulmonology,J44.9,"Chronic obstructive pulmonary disease, unspecified",Provider SYN-17,Home,0,367.75
SYN-E-000377,SYN-P-00086,2024-07-23,07:15,2024-07-23,Outpatient,FAC-01,Synthetic Regional Medical Center,Primary Care,I10,Essential (primary) hypertension,Provider SYN-18,Home,0,406.06
SYN-E-000378,SYN-P-00026,2024-07-23,20:45,2024-07-23,Outpatient,FAC-04,Synthetic Outpatient Center,Primary Care,Z00.00,Encounter for general adult medical examination,Provider SYN-19,Home,0,412.46
SYN-E-000379,SYN-P-00217,2024-07-24,02:45,2024-07-24,Outpatient,FAC-02,Synthetic Community Hospital East,Pulmonology,J44.9,"Chronic obstructive pulmonary disease, unspecified",Provider SYN-20,Home,0,828.44
SYN-E-000380,SYN-P-00118,2024-07-24,22:00,2024-07-27,Inpatient,FAC-01,Synthetic Regional Medical Center,Internal Medicine,E11.65,Type 2 diabetes mellitus with hyperglycemia,Provider SYN-21,Home with Services,3,14188.87
SYN-E-000381,SYN-P-00161,2024-07-25,21:15,2024-07-26,Observation,FAC-02,Synthetic Community Hospital East,Cardiology,R07.9,"Chest pain, unspecified",Provider SYN-22,Home,1,4697.51
SYN-E-000382,SYN-P-00132,2024-07-26,14:00,2024-07-29,Inpatient,FAC-02,Synthetic Community Hospital East,Pulmonology,J44.1,Chronic obstructive pulmonary disease with acute exacerbation,Provider SYN-23,Home with Services,3,14548.71
SYN-E-000383,SYN-P-00300,2024-07-26,16:45,2024-07-26,Outpatient,FAC-04,Synthetic Outpatient Center,Endocrinology,E11.9,Type 2 diabetes mellitus without complications,Provider SYN-24,Home,0,611.57
SYN-E-000384,SYN-P-00079,2024-07-27,15:45,2024-07-27,Outpatient,FAC-04,Synthetic Outpatient Center,Orthopedics,M17.9,"Osteoarthritis of knee, unspecified",Provider SYN-25,Home,0,536.83
SYN-E-000385,SYN-P-00221,2024-07-28,01:45,2024-07-28,Outpatient,FAC-01,Synthetic Regional Medical Center,Primary Care,I10,Essential (primary) hypertension,Provider SYN-26,Home,0,327.44
SYN-E-000386,SYN-P-00297,2024-07-28,02:30,2024-07-28,Outpatient,FAC-05,Synthetic Specialty Clinic,Endocrinology,E11.9,Type 2 diabetes mellitus without complications,Provider SYN-27,Home,0,322.57
SYN-E-000387,SYN-P-00294,2024-07-28,07:45,2024-07-28,Outpatient,FAC-03,Synthetic Community Hospital West,Cardiology,I10,Essential (primary) hypertension,Provider SYN-28,Home,0,520.60
SYN-E-000388,SYN-P-00280,2024-07-29,07:00,2024-08-01,Inpatient,FAC-01,Synthetic Regional Medical Center,Internal Medicine,E11.65,Type 2 diabetes mellitus with hyperglycemia,Provider SYN-29,Home with Services,3,15154.30
SYN-E-000389,SYN-P-00113,2024-07-29,13:45,2024-07-29,Outpatient,FAC-02,Synthetic Community Hospital East,Primary Care,E11.9,Type 2 diabetes mellitus without complications,Provider SYN-30,Home,0,344.77
SYN-E-000390,SYN-P-00047,2024-07-30,01:15,2024-07-30,Outpatient,FAC-04,Synthetic Outpatient Center,Endocrinology,E11.9,Type 2 diabetes mellitus without complications,Provider SYN-31,Home,0,497.07
SYN-E-000391,SYN-P-00170,2024-07-30,08:15,2024-07-30,ED,FAC-02,Synthetic Community Hospital East,Emergency,S93.401A,"Sprain of unspecified ligament of ankle, initial encounter",Provider SYN-32,Home,0,1381.08
SYN-E-000392,SYN-P-00108,2024-08-01,14:00,2024-08-01,Outpatient,FAC-05,Synthetic Specialty Clinic,Pulmonology,J44.9,"Chronic obstructive pulmonary disease, unspecified",Provider SYN-33,Home,0,722.95
SYN-E-000393,SYN-P-00072,2024-08-01,20:45,2024-08-08,Inpatient,FAC-01,Synthetic Regional Medical Center,Pulmonology,J44.1,Chronic obstructive pulmonary disease with acute exacerbation,Provider SYN-34,Home,7,24997.03
SYN-E-000394,SYN-P-00172,2024-08-02,02:30,2024-08-02,Outpatient,FAC-04,Synthetic Outpatient Center,Cardiology,I10,Essential (primary) hypertension,Provider SYN-35,Home,0,837.73
SYN-E-000395,SYN-P-00207,2024-08-02,04:15,2024-08-02,Outpatient,FAC-04,Synthetic Outpatient Center,Pulmonology,J44.9,"Chronic obstructive pulmonary disease, unspecified",Provider SYN-36,Home,0,448.40
SYN-E-000396,SYN-P-00070,2024-08-02,09:00,2024-08-02,Outpatient,FAC-04,Synthetic Outpatient Center,Primary Care,Z00.00,Encounter for general adult medical examination,Provider SYN-37,Home,0,431.49
SYN-E-000397,SYN-P-00060,2024-08-02,14:15,2024-08-02,Outpatient,FAC-04,Synthetic Outpatient Center,Primary Care,Z00.00,Encounter for general adult medical examination,Provider SYN-38,Home,0,288.04
SYN-E-000398,SYN-P-00110,2024-08-03,04:45,2024-08-03,ED,FAC-02,Synthetic Community Hospital East,Emergency,R10.9,Unspecified abdominal pain,Provider SYN-39,Home,0,2503.40
SYN-E-000399,SYN-P-00002,2024-08-03,09:15,2024-08-07,Inpatient,FAC-03,Synthetic Community Hospital West,Orthopedics,S72.002A,Fracture of unspecified part of neck of left femur,Provider SYN-40,Home,4,18938.55
SYN-E-000400,SYN-P-00018,2024-08-03,11:45,2024-08-03,ED,FAC-03,Synthetic Community Hospital West,Emergency,R10.9,Unspecified abdominal pain,Provider SYN-41,Home,0,2057.62
SYN-E-000401,SYN-P-00254,2024-08-03,19:45,2024-08-03,Outpatient,FAC-04,Synthetic Outpatient Center,Cardiology,I10,Essential (primary) hypertension,Provider SYN-42,Home,0,679.77
SYN-E-000402,SYN-P-00183,2024-08-04,13:30,2024-08-04,Outpatient,FAC-02,Synthetic Community Hospital East,Primary Care,I10,Essential (primary) hypertension,Provider SYN-43,Home,0,802.34
SYN-E-000403,SYN-P-00281,2024-08-05,04:00,2024-08-05,Outpatient,FAC-02,Synthetic Community Hospital East,Orthopedics,M17.9,"Osteoarthritis of knee, unspecified",Provider SYN-44,Home,0,519.13
SYN-E-000404,SYN-P-00156,2024-08-06,13:45,2024-08-07,Inpatient,FAC-02,Synthetic Community Hospital East,Orthopedics,S72.002A,Fracture of unspecified part of neck of left femur,Provider SYN-45,Home,1,11073.95
SYN-E-000405,SYN-P-00068,2024-08-06,22:00,2024-08-06,ED,FAC-03,Synthetic Community Hospital West,Emergency,S93.401A,"Sprain of unspecified ligament of ankle, initial encounter",Provider SYN-46,Home,0,3388.10
SYN-E-000406,SYN-P-00074,2024-08-07,04:15,2024-08-07,Outpatient,FAC-05,Synthetic Specialty Clinic,Pulmonology,J44.9,"Chronic obstructive pulmonary disease, unspecified",Provider SYN-47,Home,0,593.64
SYN-E-000407,SYN-P-00122,2024-08-07,14:45,2024-08-07,Observation,FAC-01,Synthetic Regional Medical Center,Cardiology,R07.9,"Chest pain, unspecified",Provider SYN-48,Home,0,4363.69
SYN-E-000408,SYN-P-00285,2024-08-08,00:45,2024-08-08,Outpatient,FAC-04,Synthetic Outpatient Center,Primary Care,Z00.00,Encounter for general adult medical examination,Provider SYN-49,Home,0,515.01
SYN-E-000409,SYN-P-00274,2024-08-08,17:00,2024-08-08,ED,FAC-03,Synthetic Community Hospital West,Emergency,J45.901,Unspecified asthma with (acute) exacerbation,Provider SYN-50,Home,0,1046.20
SYN-E-000410,SYN-P-00182,2024-08-08,18:00,2024-08-08,ED,FAC-03,Synthetic Community Hospital West,Emergency,S93.401A,"Sprain of unspecified ligament of ankle, initial encounter",Provider SYN-51,Left Before Completion,0,1789.24
SYN-E-000411,SYN-P-00290,2024-08-09,02:30,2024-08-09,Outpatient,FAC-04,Synthetic Outpatient Center,Orthopedics,M17.9,"Osteoarthritis of knee, unspecified",Provider SYN-52,Home,0,327.10
SYN-E-000412,SYN-P-00242,2024-08-09,03:00,2024-08-09,Outpatient,FAC-01,Synthetic Regional Medical Center,Orthopedics,M17.9,"Osteoarthritis of knee, unspecified",Provider SYN-53,Home,0,441.97
SYN-E-000413,SYN-P-00016,2024-08-09,04:45,2024-08-09,Outpatient,FAC-04,Synthetic Outpatient Center,Primary Care,E11.9,Type 2 diabetes mellitus without complications,Provider SYN-54,Home,0,275.41
SYN-E-000414,SYN-P-00244,2024-08-09,08:45,2024-08-09,Outpatient,FAC-04,Synthetic Outpatient Center,Endocrinology,E11.9,Type 2 diabetes mellitus without complications,Provider SYN-55,Home,0,720.64
SYN-E-000415,SYN-P-00053,2024-08-10,23:15,2024-08-10,ED,FAC-02,Synthetic Community Hospital East,Emergency,R51.9,"Headache, unspecified",Provider SYN-56,Home,0,2501.77
SYN-E-000416,SYN-P-00145,2024-08-11,06:45,2024-08-11,Outpatient,FAC-05,Synthetic Specialty Clinic,Pulmonology,J44.9,"Chronic obstructive pulmonary disease, unspecified",Provider SYN-57,Home,0,598.23
SYN-E-000417,SYN-P-00209,2024-08-11,13:15,2024-08-20,Inpatient,FAC-02,Synthetic Community Hospital East,Pulmonology,J44.1,Chronic obstructive pulmonary disease with acute exacerbation,Provider SYN-58,Home,9,30916.33
SYN-E-000418,SYN-P-00275,2024-08-11,18:00,2024-08-11,Outpatient,FAC-05,Synthetic Specialty Clinic,Primary Care,I10,Essential (primary) hypertension,Provider SYN-59,Home,0,823.74
SYN-E-000419,SYN-P-00024,2024-08-11,19:45,2024-08-11,Outpatient,FAC-04,Synthetic Outpatient Center,Orthopedics,M17.9,"Osteoarthritis of knee, unspecified",Provider SYN-60,Home,0,565.92
SYN-E-000420,SYN-P-00137,2024-08-12,21:45,2024-08-12,Outpatient,FAC-02,Synthetic Community Hospital East,Pulmonology,J44.9,"Chronic obstructive pulmonary disease, unspecified",Provider SYN-01,Home,0,541.67
SYN-E-000421,SYN-P-00057,2024-08-13,07:15,2024-08-17,Inpatient,FAC-03,Synthetic Community Hospital West,Pulmonology,J44.1,Chronic obstructive pulmonary disease with acute exacerbation,Provider SYN-02,Home,4,16342.50
SYN-E-000422,SYN-P-00100,2024-08-14,05:00,2024-08-14,Outpatient,FAC-03,Synthetic Community Hospital West,Orthopedics,M17.9,"Osteoarthritis of knee, unspecified",Provider SYN-03,Home,0,388.48
SYN-E-000423,SYN-P-00131,2024-08-14,05:15,2024-08-14,ED,FAC-02,Synthetic Community Hospital East,Emergency,J45.901,Unspecified asthma with (acute) exacerbation,Provider SYN-04,Home,0,3721.71
SYN-E-000424,SYN-P-00232,2024-08-14,05:15,2024-08-18,Inpatient,FAC-03,Synthetic Community Hospital West,Pulmonology,J44.1,Chronic obstructive pulmonary disease with acute exacerbation,Provider SYN-05,Skilled Nursing Facility,4,16127.56
SYN-E-000425,SYN-P-00038,2024-08-14,23:45,2024-08-16,Inpatient,FAC-02,Synthetic Community Hospital East,Nephrology,N17.9,"Acute kidney failure, unspecified",Provider SYN-06,Home with Services,2,11164.45
SYN-E-000426,SYN-P-00260,2024-08-16,07:30,2024-08-16,Outpatient,FAC-02,Synthetic Community Hospital East,Primary Care,Z00.00,Encounter for general adult medical examination,Provider SYN-07,Home,0,863.06
SYN-E-000427,SYN-P-00288,2024-08-16,14:30,2024-08-16,Outpatient,FAC-04,Synthetic Outpatient Center,Pulmonology,J44.9,"Chronic obstructive pulmonary disease, unspecified",Provider SYN-08,Home,0,728.41
SYN-E-000428,SYN-P-00006,2024-08-16,20:00,2024-08-17,Observation,FAC-01,Synthetic Regional Medical Center,Cardiology,R07.9,"Chest pain, unspecified",Provider SYN-09,Home with Services,1,3516.07
SYN-E-000429,SYN-P-00278,2024-08-16,21:45,2024-08-16,Outpatient,FAC-04,Synthetic Outpatient Center,Endocrinology,E11.9,Type 2 diabetes mellitus without complications,Provider SYN-10,Home,0,410.47
SYN-E-000430,SYN-P-00090,2024-08-17,01:00,2024-08-17,Outpatient,FAC-04,Synthetic Outpatient Center,Pulmonology,J44.9,"Chronic obstructive pulmonary disease, unspecified",Provider SYN-11,Home,0,397.74
SYN-E-000431,SYN-P-00171,2024-08-17,04:15,2024-08-17,ED,FAC-02,Synthetic Community Hospital East,Emergency,J45.901,Unspecified asthma with (acute) exacerbation,Provider SYN-12,Transferred,0,2169.36
SYN-E-000432,SYN-P-00196,2024-08-17,05:00,2024-08-17,ED,FAC-02,Synthetic Community Hospital East,Emergency,R51.9,"Headache, unspecified",Provider SYN-13,Home,0,947.20
SYN-E-000433,SYN-P-00198,2024-08-17,20:00,2024-08-17,Outpatient,FAC-04,Synthetic Outpatient Center,Pulmonology,J44.9,"Chronic obstructive pulmonary disease, unspecified",Provider SYN-14,Home,0,533.72
SYN-E-000434,SYN-P-00040,2024-08-17,22:00,2024-08-17,Outpatient,FAC-05,Synthetic Specialty Clinic,Orthopedics,M17.9,"Osteoarthritis of knee, unspecified",Provider SYN-15,Home,0,770.10
SYN-E-000435,SYN-P-00066,2024-08-19,14:00,2024-08-19,Outpatient,FAC-04,Synthetic Outpatient Center,Cardiology,I10,Essential (primary) hypertension,Provider SYN-16,Home,0,201.42
SYN-E-000436,SYN-P-00191,2024-08-19,22:00,2024-08-28,Inpatient,FAC-02,Synthetic Community Hospital East,Neurology,I63.9,"Cerebral infarction, unspecified",Provider SYN-17,Home,9,28805.20
SYN-E-000437,SYN-P-00027,2024-08-20,17:30,2024-08-23,Inpatient,FAC-02,Synthetic Community Hospital East,Pulmonology,J44.1,Chronic obstructive pulmonary disease with acute exacerbation,Provider SYN-18,Home with Services,3,13700.18
SYN-E-000438,SYN-P-00011,2024-08-21,01:30,2024-08-21,Outpatient,FAC-05,Synthetic Specialty Clinic,Endocrinology,E11.9,Type 2 diabetes mellitus without complications,Provider SYN-19,Home,0,568.43
SYN-E-000439,SYN-P-00259,2024-08-21,04:30,2024-08-21,Outpatient,FAC-04,Synthetic Outpatient Center,Pulmonology,J44.9,"Chronic obstructive pulmonary disease, unspecified",Provider SYN-20,Home,0,705.93
SYN-E-000440,SYN-P-00125,2024-08-21,09:30,2024-08-21,Outpatient,FAC-04,Synthetic Outpatient Center,Pulmonology,J44.9,"Chronic obstructive pulmonary disease, unspecified",Provider SYN-21,Home,0,737.23
SYN-E-000441,SYN-P-00188,2024-08-21,18:45,2024-08-24,Inpatient,FAC-02,Synthetic Community Hospital East,Nephrology,N17.9,"Acute kidney failure, unspecified",Provider SYN-22,Home,3,14465.71
SYN-E-000442,SYN-P-00282,2024-08-22,03:45,2024-08-23,Observation,FAC-02,Synthetic Community Hospital East,Internal Medicine,R55,Syncope and collapse,Provider SYN-23,Home,1,5249.14
SYN-E-000443,SYN-P-00015,2024-08-22,21:30,2024-08-22,Outpatient,FAC-04,Synthetic Outpatient Center,Pulmonology,J44.9,"Chronic obstructive pulmonary disease, unspecified",Provider SYN-24,Home,0,216.65
SYN-E-000444,SYN-P-00195,2024-08-23,02:00,2024-08-23,Outpatient,FAC-05,Synthetic Specialty Clinic,Orthopedics,M17.9,"Osteoarthritis of knee, unspecified",Provider SYN-25,Home,0,706.05
SYN-E-000445,SYN-P-00120,2024-08-23,08:30,2024-08-23,Outpatient,FAC-03,Synthetic Community Hospital West,Cardiology,I10,Essential (primary) hypertension,Provider SYN-26,Home,0,639.42
SYN-E-000446,SYN-P-00186,2024-08-23,16:30,2024-08-24,Observation,FAC-03,Synthetic Community Hospital West,Internal Medicine,R55,Syncope and collapse,Provider SYN-27,Home,1,3716.21
SYN-E-000447,SYN-P-00132,2024-08-24,03:15,2024-08-24,Outpatient,FAC-05,Synthetic Specialty Clinic,Orthopedics,M17.9,"Osteoarthritis of knee, unspecified",Provider SYN-28,Home,0,749.49
SYN-E-000448,SYN-P-00165,2024-08-25,05:15,2024-08-25,Outpatient,FAC-04,Synthetic Outpatient Center,Primary Care,E11.9,Type 2 diabetes mellitus without complications,Provider SYN-29,Home,0,451.22
SYN-E-000449,SYN-P-00250,2024-08-25,17:30,2024-08-28,Inpatient,FAC-02,Synthetic Community Hospital East,Pulmonology,J18.9,"Pneumonia, unspecified organism",Provider SYN-30,Home,3,13531.69
SYN-E-000450,SYN-P-00146,2024-08-25,19:30,2024-08-25,Outpatient,FAC-02,Synthetic Community Hospital East,Cardiology,I10,Essential (primary) hypertension,Provider SYN-31,Home,0,596.91
SYN-E-000451,SYN-P-00225,2024-08-26,07:00,2024-08-30,Inpatient,FAC-01,Synthetic Regional Medical Center,Pulmonology,J18.9,"Pneumonia, unspecified organism",Provider SYN-32,Skilled Nursing Facility,4,16341.65
SYN-E-000452,SYN-P-00218,2024-08-27,14:45,2024-08-27,Outpatient,FAC-04,Synthetic Outpatient Center,Pulmonology,J44.9,"Chronic obstructive pulmonary disease, unspecified",Provider SYN-33,Home,0,741.90
SYN-E-000453,SYN-P-00041,2024-08-27,17:30,2024-09-03,Inpatient,FAC-03,Synthetic Community Hospital West,Internal Medicine,J18.9,"Pneumonia, unspecified organism",Provider SYN-34,Home,7,23927.33
SYN-E-000454,SYN-P-00300,2024-08-28,07:45,2024-08-28,Outpatient,FAC-05,Synthetic Specialty Clinic,Cardiology,I10,Essential (primary) hypertension,Provider SYN-35,Home,0,488.62
SYN-E-000455,SYN-P-00213,2024-08-29,00:15,2024-09-03,Inpatient,FAC-01,Synthetic Regional Medical Center,Cardiology,I48.91,Unspecified atrial fibrillation,Provider SYN-36,Home,5,19855.02
SYN-E-000456,SYN-P-00008,2024-08-30,01:30,2024-08-30,Outpatient,FAC-02,Synthetic Community Hospital East,Pulmonology,J44.9,"Chronic obstructive pulmonary disease, unspecified",Provider SYN-37,Home,0,269.64
SYN-E-000457,SYN-P-00182,2024-08-30,04:00,2024-08-30,Outpatient,FAC-04,Synthetic Outpatient Center,Endocrinology,E11.9,Type 2 diabetes mellitus without complications,Provider SYN-38,Home,0,548.72
SYN-E-000458,SYN-P-00030,2024-08-30,05:30,2024-08-30,Outpatient,FAC-03,Synthetic Community Hospital West,Endocrinology,E11.9,Type 2 diabetes mellitus without complications,Provider SYN-39,Home,0,754.99
SYN-E-000459,SYN-P-00226,2024-08-31,01:00,2024-08-31,Outpatient,FAC-04,Synthetic Outpatient Center,Primary Care,I10,Essential (primary) hypertension,Provider SYN-40,Home,0,321.84
SYN-E-000460,SYN-P-00101,2024-08-31,02:30,2024-08-31,Outpatient,FAC-05,Synthetic Specialty Clinic,Primary Care,I10,Essential (primary) hypertension,Provider SYN-41,Home,0,234.54
SYN-E-000461,SYN-P-00283,2024-08-31,03:45,2024-08-31,Outpatient,FAC-03,Synthetic Community Hospital West,Pulmonology,J44.9,"Chronic obstructive pulmonary disease, unspecified",Provider SYN-42,Home,0,832.68
SYN-E-000462,SYN-P-00223,2024-08-31,04:00,2024-08-31,Outpatient,FAC-05,Synthetic Specialty Clinic,Primary Care,Z00.00,Encounter for general adult medical examination,Provider SYN-43,Home,0,721.55
SYN-E-000463,SYN-P-00176,2024-08-31,05:00,2024-08-31,Outpatient,FAC-02,Synthetic Community Hospital East,Orthopedics,M17.9,"Osteoarthritis of knee, unspecified",Provider SYN-44,Home,0,213.91
SYN-E-000464,SYN-P-00136,2024-08-31,07:15,2024-08-31,ED,FAC-01,Synthetic Regional Medical Center,Emergency,R51.9,"Headache, unspecified",Provider SYN-45,Home,0,2542.64
SYN-E-000465,SYN-P-00123,2024-08-31,11:45,2024-08-31,Outpatient,FAC-04,Synthetic Outpatient Center,Orthopedics,M17.9,"Osteoarthritis of knee, unspecified",Provider SYN-46,Home,0,365.47
SYN-E-000466,SYN-P-00184,2024-09-01,04:30,2024-09-01,Outpatient,FAC-04,Synthetic Outpatient Center,Primary Care,Z00.00,Encounter for general adult medical examination,Provider SYN-47,Home,0,247.69
SYN-E-000467,SYN-P-00287,2024-09-03,22:15,2024-09-03,Outpatient,FAC-04,Synthetic Outpatient Center,Orthopedics,M17.9,"Osteoarthritis of knee, unspecified",Provider SYN-48,Home,0,731.47
SYN-E-000468,SYN-P-00260,2024-09-03,23:15,2024-09-06,Inpatient,FAC-02,Synthetic Community Hospital East,Nephrology,N17.9,"Acute kidney failure, unspecified",Provider SYN-49,Home,3,13532.41
SYN-E-000469,SYN-P-00001,2024-09-04,06:00,2024-09-07,Inpatient,FAC-02,Synthetic Community Hospital East,Internal Medicine,E11.65,Type 2 diabetes mellitus with hyperglycemia,Provider SYN-50,Home with Services,3,14316.51
SYN-E-000470,SYN-P-00064,2024-09-04,06:00,2024-09-04,Outpatient,FAC-05,Synthetic Specialty Clinic,Primary Care,I10,Essential (primary) hypertension,Provider SYN-51,Home,0,850.86
SYN-E-000471,SYN-P-00052,2024-09-04,14:15,2024-09-04,Outpatient,FAC-04,Synthetic Outpatient Center,Pulmonology,J44.9,"Chronic obstructive pulmonary disease, unspecified",Provider SYN-52,Home,0,212.43
SYN-E-000472,SYN-P-00179,2024-09-04,20:00,2024-09-04,Outpatient,FAC-05,Synthetic Specialty Clinic,Pulmonology,J44.9,"Chronic obstructive pulmonary disease, unspecified",Provider SYN-53,Home,0,204.59
SYN-E-000473,SYN-P-00271,2024-09-05,12:30,2024-09-17,Inpatient,FAC-02,Synthetic Community Hospital East,Cardiology,I50.9,"Heart failure, unspecified",Provider SYN-54,Home,12,37122.99
SYN-E-000474,SYN-P-00048,2024-09-06,08:15,2024-09-06,Outpatient,FAC-03,Synthetic Community Hospital West,Pulmonology,J44.9,"Chronic obstructive pulmonary disease, unspecified",Provider SYN-55,Home,0,474.41
SYN-E-000475,SYN-P-00044,2024-09-06,13:45,2024-09-06,ED,FAC-01,Synthetic Regional Medical Center,Emergency,J45.901,Unspecified asthma with (acute) exacerbation,Provider SYN-56,Transferred,0,1539.57
SYN-E-000476,SYN-P-00145,2024-09-07,09:30,2024-09-07,Outpatient,FAC-05,Synthetic Specialty Clinic,Primary Care,Z00.00,Encounter for general adult medical examination,Provider SYN-57,Home,0,238.91
SYN-E-000477,SYN-P-00196,2024-09-07,12:00,2024-09-07,Outpatient,FAC-04,Synthetic Outpatient Center,Pulmonology,J44.9,"Chronic obstructive pulmonary disease, unspecified",Provider SYN-58,Home,0,440.26
SYN-E-000478,SYN-P-00018,2024-09-07,22:15,2024-09-07,Outpatient,FAC-05,Synthetic Specialty Clinic,Primary Care,Z00.00,Encounter for general adult medical examination,Provider SYN-59,Home,0,584.33
SYN-E-000479,SYN-P-00072,2024-09-08,12:30,2024-09-12,Inpatient,FAC-01,Synthetic Regional Medical Center,Pulmonology,J18.9,"Pneumonia, unspecified organism",Provider SYN-60,Home,4,16123.67
SYN-E-000480,SYN-P-00162,2024-09-09,01:30,2024-09-09,Outpatient,FAC-05,Synthetic Specialty Clinic,Pulmonology,J44.9,"Chronic obstructive pulmonary disease, unspecified",Provider SYN-01,Home,0,883.38
SYN-E-000481,SYN-P-00121,2024-09-09,04:00,2024-09-09,Outpatient,FAC-05,Synthetic Specialty Clinic,Endocrinology,E11.9,Type 2 diabetes mellitus without complications,Provider SYN-02,Home,0,256.03
SYN-E-000482,SYN-P-00147,2024-09-09,06:00,2024-09-09,ED,FAC-03,Synthetic Community Hospital West,Emergency,R10.9,Unspecified abdominal pain,Provider SYN-03,Home,0,2082.30
SYN-E-000483,SYN-P-00071,2024-09-09,16:45,2024-09-09,Outpatient,FAC-04,Synthetic Outpatient Center,Primary Care,Z00.00,Encounter for general adult medical examination,Provider SYN-04,Home,0,210.36
SYN-E-000484,SYN-P-00005,2024-09-09,19:30,2024-09-09,ED,FAC-01,Synthetic Regional Medical Center,Emergency,J45.901,Unspecified asthma with (acute) exacerbation,Provider SYN-05,Home,0,1545.70
SYN-E-000485,SYN-P-00250,2024-09-11,02:00,2024-09-13,Inpatient,FAC-02,Synthetic Community Hospital East,Pulmonology,J44.1,Chronic obstructive pulmonary disease with acute exacerbation,Provider SYN-06,Home with Services,2,13247.13
SYN-E-000486,SYN-P-00298,2024-09-11,12:00,2024-09-11,Outpatient,FAC-05,Synthetic Specialty Clinic,Pulmonology,J44.9,"Chronic obstructive pulmonary disease, unspecified",Provider SYN-07,Home,0,388.54
SYN-E-000487,SYN-P-00215,2024-09-11,12:15,2024-09-11,Outpatient,FAC-04,Synthetic Outpatient Center,Primary Care,E11.9,Type 2 diabetes mellitus without complications,Provider SYN-08,Home,0,888.28
SYN-E-000488,SYN-P-00066,2024-09-11,14:00,2024-09-12,Observation,FAC-01,Synthetic Regional Medical Center,Internal Medicine,R55,Syncope and collapse,Provider SYN-09,Home,1,2976.37
SYN-E-000489,SYN-P-00134,2024-09-11,18:30,2024-09-11,Outpatient,FAC-04,Synthetic Outpatient Center,Orthopedics,M17.9,"Osteoarthritis of knee, unspecified",Provider SYN-10,Home,0,588.75
SYN-E-000490,SYN-P-00253,2024-09-12,08:00,2024-09-12,Outpatient,FAC-01,Synthetic Regional Medical Center,Pulmonology,J44.9,"Chronic obstructive pulmonary disease, unspecified",Provider SYN-11,Home,0,225.72
SYN-E-000491,SYN-P-00124,2024-09-12,15:00,2024-09-12,ED,FAC-02,Synthetic Community Hospital East,Emergency,R10.9,Unspecified abdominal pain,Provider SYN-12,Home,0,3157.32
SYN-E-000492,SYN-P-00112,2024-09-12,20:00,2024-09-12,Outpatient,FAC-02,Synthetic Community Hospital East,Orthopedics,M17.9,"Osteoarthritis of knee, unspecified",Provider SYN-13,Home,0,775.63
SYN-E-000493,SYN-P-00232,2024-09-13,08:45,2024-09-15,Inpatient,FAC-03,Synthetic Community Hospital West,Neurology,I63.9,"Cerebral infarction, unspecified",Provider SYN-14,Home,2,11988.40
SYN-E-000494,SYN-P-00075,2024-09-13,17:00,2024-09-13,ED,FAC-03,Synthetic Community Hospital West,Emergency,S93.401A,"Sprain of unspecified ligament of ankle, initial encounter",Provider SYN-15,Home,0,3200.77
SYN-E-000495,SYN-P-00130,2024-09-13,22:00,2024-09-13,ED,FAC-03,Synthetic Community Hospital West,Emergency,J45.901,Unspecified asthma with (acute) exacerbation,Provider SYN-16,Home,0,2883.02
SYN-E-000496,SYN-P-00138,2024-09-14,18:45,2024-09-14,Outpatient,FAC-05,Synthetic Specialty Clinic,Primary Care,I10,Essential (primary) hypertension,Provider SYN-17,Home,0,484.03
SYN-E-000497,SYN-P-00169,2024-09-14,21:00,2024-09-14,Outpatient,FAC-04,Synthetic Outpatient Center,Primary Care,E11.9,Type 2 diabetes mellitus without complications,Provider SYN-18,Home,0,715.92
SYN-E-000498,SYN-P-00047,2024-09-15,00:45,2024-09-15,Outpatient,FAC-05,Synthetic Specialty Clinic,Primary Care,I10,Essential (primary) hypertension,Provider SYN-19,Home,0,710.24
SYN-E-000499,SYN-P-00045,2024-09-16,00:45,2024-09-16,Outpatient,FAC-02,Synthetic Community Hospital East,Cardiology,I10,Essential (primary) hypertension,Provider SYN-20,Home,0,271.61
SYN-E-000500,SYN-P-00166,2024-09-16,18:00,2024-09-16,Outpatient,FAC-05,Synthetic Specialty Clinic,Pulmonology,J44.9,"Chronic obstructive pulmonary disease, unspecified",Provider SYN-21,Home,0,708.28
SYN-E-000501,SYN-P-00225,2024-09-18,07:15,2024-09-21,Inpatient,FAC-01,Synthetic Regional Medical Center,Cardiology,I50.9,"Heart failure, unspecified",Provider SYN-22,Home with Services,3,15613.03
SYN-E-000502,SYN-P-00025,2024-09-19,06:00,2024-09-19,Outpatient,FAC-04,Synthetic Outpatient Center,Cardiology,I10,Essential (primary) hypertension,Provider SYN-23,Home,0,782.98
SYN-E-000503,SYN-P-00202,2024-09-19,06:00,2024-09-23,Inpatient,FAC-02,Synthetic Community Hospital East,Cardiology,I48.91,Unspecified atrial fibrillation,Provider SYN-24,Home with Services,4,16066.59
SYN-E-000504,SYN-P-00221,2024-09-19,23:00,2024-09-21,Inpatient,FAC-01,Synthetic Regional Medical Center,Cardiology,I50.9,"Heart failure, unspecified",Provider SYN-25,Home,2,11940.14
SYN-E-000505,SYN-P-00111,2024-09-20,01:30,2024-09-20,ED,FAC-01,Synthetic Regional Medical Center,Emergency,R51.9,"Headache, unspecified",Provider SYN-26,Home,0,2526.82
SYN-E-000506,SYN-P-00177,2024-09-20,03:45,2024-09-20,Outpatient,FAC-05,Synthetic Specialty Clinic,Primary Care,Z00.00,Encounter for general adult medical examination,Provider SYN-27,Home,0,316.84
SYN-E-000507,SYN-P-00251,2024-09-20,04:15,2024-09-20,Outpatient,FAC-02,Synthetic Community Hospital East,Pulmonology,J44.9,"Chronic obstructive pulmonary disease, unspecified",Provider SYN-28,Home,0,257.57
SYN-E-000508,SYN-P-00206,2024-09-20,06:30,2024-09-20,Outpatient,FAC-04,Synthetic Outpatient Center,Primary Care,Z00.00,Encounter for general adult medical examination,Provider SYN-29,Home,0,506.67
SYN-E-000509,SYN-P-00264,2024-09-20,13:30,2024-09-20,Outpatient,FAC-05,Synthetic Specialty Clinic,Primary Care,I10,Essential (primary) hypertension,Provider SYN-30,Home,0,169.24
SYN-E-000510,SYN-P-00028,2024-09-21,18:15,2024-09-21,Outpatient,FAC-04,Synthetic Outpatient Center,Endocrinology,E11.9,Type 2 diabetes mellitus without complications,Provider SYN-31,Home,0,623.45
SYN-E-000511,SYN-P-00048,2024-09-22,15:45,2024-09-22,Outpatient,FAC-03,Synthetic Community Hospital West,Pulmonology,J44.9,"Chronic obstructive pulmonary disease, unspecified",Provider SYN-32,Home,0,545.23
SYN-E-000512,SYN-P-00185,2024-09-23,04:30,2024-09-23,Observation,FAC-03,Synthetic Community Hospital West,Internal Medicine,R55,Syncope and collapse,Provider SYN-33,Home,0,4095.28
SYN-E-000513,SYN-P-00174,2024-09-23,05:45,2024-09-23,ED,FAC-02,Synthetic Community Hospital East,Emergency,J45.901,Unspecified asthma with (acute) exacerbation,Provider SYN-34,Home,0,2521.94
SYN-E-000514,SYN-P-00019,2024-09-24,03:30,2024-09-24,Outpatient,FAC-05,Synthetic Specialty Clinic,Primary Care,E11.9,Type 2 diabetes mellitus without complications,Provider SYN-35,Home,0,477.61
SYN-E-000515,SYN-P-00258,2024-09-24,07:00,2024-09-24,Outpatient,FAC-03,Synthetic Community Hospital West,Primary Care,E11.9,Type 2 diabetes mellitus without complications,Provider SYN-36,Home,0,207.47
SYN-E-000516,SYN-P-00213,2024-09-24,11:00,2024-09-26,Inpatient,FAC-01,Synthetic Regional Medical Center,Cardiology,I50.9,"Heart failure, unspecified",Provider SYN-37,Skilled Nursing Facility,2,12374.80
SYN-E-000517,SYN-P-00015,2024-09-24,17:15,2024-09-24,Outpatient,FAC-04,Synthetic Outpatient Center,Pulmonology,J44.9,"Chronic obstructive pulmonary disease, unspecified",Provider SYN-38,Home,0,712.41
SYN-E-000518,SYN-P-00195,2024-09-24,22:30,2024-09-24,Outpatient,FAC-04,Synthetic Outpatient Center,Pulmonology,J44.9,"Chronic obstructive pulmonary disease, unspecified",Provider SYN-39,Home,0,475.47
SYN-E-000519,SYN-P-00107,2024-09-25,08:00,2024-09-25,Observation,FAC-01,Synthetic Regional Medical Center,Cardiology,R07.9,"Chest pain, unspecified",Provider SYN-40,Home,0,3492.14
SYN-E-000520,SYN-P-00076,2024-09-26,16:45,2024-09-26,Outpatient,FAC-05,Synthetic Specialty Clinic,Primary Care,Z00.00,Encounter for general adult medical examination,Provider SYN-41,Home,0,399.28
SYN-E-000521,SYN-P-00236,2024-09-26,19:45,2024-10-01,Inpatient,FAC-03,Synthetic Community Hospital West,Pulmonology,J44.1,Chronic obstructive pulmonary disease with acute exacerbation,Provider SYN-42,Skilled Nursing Facility,5,18566.83
SYN-E-000522,SYN-P-00013,2024-09-27,11:30,2024-09-27,ED,FAC-02,Synthetic Community Hospital East,Emergency,J45.901,Unspecified asthma with (acute) exacerbation,Provider SYN-43,Home,0,1995.61
SYN-E-000523,SYN-P-00105,2024-09-27,19:30,2024-09-27,Outpatient,FAC-04,Synthetic Outpatient Center,Orthopedics,M17.9,"Osteoarthritis of knee, unspecified",Provider SYN-44,Home,0,592.31
SYN-E-000524,SYN-P-00106,2024-09-28,05:30,2024-09-28,Outpatient,FAC-01,Synthetic Regional Medical Center,Orthopedics,M17.9,"Osteoarthritis of knee, unspecified",Provider SYN-45,Home,0,816.64
SYN-E-000525,SYN-P-00042,2024-09-29,15:45,2024-09-29,Outpatient,FAC-05,Synthetic Specialty Clinic,Primary Care,E11.9,Type 2 diabetes mellitus without complications,Provider SYN-46,Home,0,270.44
SYN-E-000526,SYN-P-00244,2024-09-29,19:45,2024-09-29,ED,FAC-02,Synthetic Community Hospital East,Emergency,R51.9,"Headache, unspecified",Provider SYN-47,Home,0,1460.06
SYN-E-000527,SYN-P-00290,2024-09-29,21:45,2024-09-29,Outpatient,FAC-04,Synthetic Outpatient Center,Pulmonology,J44.9,"Chronic obstructive pulmonary disease, unspecified",Provider SYN-48,Home,0,258.66
SYN-E-000528,SYN-P-00032,2024-09-30,10:15,2024-09-30,Outpatient,FAC-04,Synthetic Outpatient Center,Pulmonology,J44.9,"Chronic obstructive pulmonary disease, unspecified",Provider SYN-49,Home,0,217.33
SYN-E-000529,SYN-P-00160,2024-09-30,17:00,2024-09-30,Outpatient,FAC-05,Synthetic Specialty Clinic,Cardiology,I10,Essential (primary) hypertension,Provider SYN-50,Home,0,596.10
SYN-E-000530,SYN-P-00056,2024-09-30,19:15,2024-09-30,Outpatient,FAC-04,Synthetic Outpatient Center,Orthopedics,M17.9,"Osteoarthritis of knee, unspecified",Provider SYN-51,Home,0,298.74
SYN-E-000531,SYN-P-00193,2024-10-02,06:30,2024-10-02,Outpatient,FAC-04,Synthetic Outpatient Center,Orthopedics,M17.9,"Osteoarthritis of knee, unspecified",Provider SYN-52,Home,0,630.54
SYN-E-000532,SYN-P-00085,2024-10-03,10:30,2024-10-03,Outpatient,FAC-05,Synthetic Specialty Clinic,Orthopedics,M17.9,"Osteoarthritis of knee, unspecified",Provider SYN-53,Home,0,382.61
SYN-E-000533,SYN-P-00261,2024-10-03,11:45,2024-10-03,Outpatient,FAC-05,Synthetic Specialty Clinic,Primary Care,E11.9,Type 2 diabetes mellitus without complications,Provider SYN-54,Home,0,161.79
SYN-E-000534,SYN-P-00223,2024-10-03,13:45,2024-10-03,Outpatient,FAC-05,Synthetic Specialty Clinic,Orthopedics,M17.9,"Osteoarthritis of knee, unspecified",Provider SYN-55,Home,0,762.10
SYN-E-000535,SYN-P-00120,2024-10-03,19:45,2024-10-03,Outpatient,FAC-05,Synthetic Specialty Clinic,Primary Care,E11.9,Type 2 diabetes mellitus without complications,Provider SYN-56,Home,0,486.58
SYN-E-000536,SYN-P-00227,2024-10-03,21:30,2024-10-03,Outpatient,FAC-04,Synthetic Outpatient Center,Orthopedics,M17.9,"Osteoarthritis of knee, unspecified",Provider SYN-57,Home,0,315.86
SYN-E-000537,SYN-P-00127,2024-10-03,22:00,2024-10-03,ED,FAC-01,Synthetic Regional Medical Center,Emergency,R51.9,"Headache, unspecified",Provider SYN-58,Home,0,3184.13
SYN-E-000538,SYN-P-00163,2024-10-04,02:30,2024-10-07,Inpatient,FAC-01,Synthetic Regional Medical Center,Internal Medicine,E11.65,Type 2 diabetes mellitus with hyperglycemia,Provider SYN-59,Home,3,14488.63
SYN-E-000539,SYN-P-00058,2024-10-04,06:00,2024-10-04,ED,FAC-02,Synthetic Community Hospital East,Emergency,J45.901,Unspecified asthma with (acute) exacerbation,Provider SYN-60,Transferred,0,2637.59
SYN-E-000540,SYN-P-00241,2024-10-04,11:45,2024-10-07,Inpatient,FAC-02,Synthetic Community Hospital East,Neurology,I63.9,"Cerebral infarction, unspecified",Provider SYN-01,Home,3,15572.01
SYN-E-000541,SYN-P-00021,2024-10-04,13:45,2024-10-16,Inpatient,FAC-03,Synthetic Community Hospital West,Cardiology,I48.91,Unspecified atrial fibrillation,Provider SYN-02,Home with Services,12,38022.73
SYN-E-000542,SYN-P-00025,2024-10-05,12:30,2024-10-09,Inpatient,FAC-03,Synthetic Community Hospital West,Internal Medicine,E11.65,Type 2 diabetes mellitus with hyperglycemia,Provider SYN-03,Home with Services,4,16557.20
SYN-E-000543,SYN-P-00225,2024-10-05,14:00,2024-10-05,Outpatient,FAC-04,Synthetic Outpatient Center,Primary Care,I10,Essential (primary) hypertension,Provider SYN-04,Home,0,234.27
SYN-E-000544,SYN-P-00286,2024-10-06,01:45,2024-10-08,Inpatient,FAC-02,Synthetic Community Hospital East,Internal Medicine,E11.65,Type 2 diabetes mellitus with hyperglycemia,Provider SYN-05,Home,2,11207.14
SYN-E-000545,SYN-P-00197,2024-10-06,05:15,2024-10-06,Outpatient,FAC-05,Synthetic Specialty Clinic,Orthopedics,M17.9,"Osteoarthritis of knee, unspecified",Provider SYN-06,Home,0,789.78
SYN-E-000546,SYN-P-00235,2024-10-06,10:00,2024-10-07,Observation,FAC-03,Synthetic Community Hospital West,Cardiology,R07.9,"Chest pain, unspecified",Provider SYN-07,Home,1,3613.50
SYN-E-000547,SYN-P-00078,2024-10-06,11:45,2024-10-10,Inpatient,FAC-01,Synthetic Regional Medical Center,Nephrology,N17.9,"Acute kidney failure, unspecified",Provider SYN-08,Skilled Nursing Facility,4,17804.31
SYN-E-000548,SYN-P-00039,2024-10-06,12:30,2024-10-06,Outpatient,FAC-04,Synthetic Outpatient Center,Primary Care,Z00.00,Encounter for general adult medical examination,Provider SYN-09,Home,0,543.19
SYN-E-000549,SYN-P-00165,2024-10-07,08:15,2024-10-07,Outpatient,FAC-04,Synthetic Outpatient Center,Primary Care,E11.9,Type 2 diabetes mellitus without complications,Provider SYN-10,Home,0,436.08
SYN-E-000550,SYN-P-00229,2024-10-07,10:00,2024-10-07,Outpatient,FAC-04,Synthetic Outpatient Center,Orthopedics,M17.9,"Osteoarthritis of knee, unspecified",Provider SYN-11,Home,0,251.58
SYN-E-000551,SYN-P-00086,2024-10-07,11:45,2024-10-07,Outpatient,FAC-01,Synthetic Regional Medical Center,Orthopedics,M17.9,"Osteoarthritis of knee, unspecified",Provider SYN-12,Home,0,336.18
SYN-E-000552,SYN-P-00081,2024-10-07,12:30,2024-10-07,Outpatient,FAC-01,Synthetic Regional Medical Center,Primary Care,I10,Essential (primary) hypertension,Provider SYN-13,Home,0,161.47
SYN-E-000553,SYN-P-00091,2024-10-07,14:30,2024-10-08,Observation,FAC-03,Synthetic Community Hospital West,Cardiology,R07.9,"Chest pain, unspecified",Provider SYN-14,Home,1,4915.58
SYN-E-000554,SYN-P-00054,2024-10-07,17:30,2024-10-07,Outpatient,FAC-03,Synthetic Community Hospital West,Orthopedics,M17.9,"Osteoarthritis of knee, unspecified",Provider SYN-15,Home,0,472.87
SYN-E-000555,SYN-P-00252,2024-10-07,18:15,2024-10-07,Outpatient,FAC-05,Synthetic Specialty Clinic,Endocrinology,E11.9,Type 2 diabetes mellitus without complications,Provider SYN-16,Home,0,551.51
SYN-E-000556,SYN-P-00288,2024-10-08,05:15,2024-10-08,ED,FAC-02,Synthetic Community Hospital East,Emergency,J45.901,Unspecified asthma with (acute) exacerbation,Provider SYN-17,Home,0,835.22
SYN-E-000557,SYN-P-00230,2024-10-08,11:00,2024-10-08,ED,FAC-01,Synthetic Regional Medical Center,Emergency,J45.901,Unspecified asthma with (acute) exacerbation,Provider SYN-18,Home,0,3578.36
SYN-E-000558,SYN-P-00280,2024-10-08,14:45,2024-10-09,Observation,FAC-01,Synthetic Regional Medical Center,Cardiology,R07.9,"Chest pain, unspecified",Provider SYN-19,Home with Services,1,2928.38
SYN-E-000559,SYN-P-00164,2024-10-09,04:45,2024-10-09,Outpatient,FAC-05,Synthetic Specialty Clinic,Primary Care,E11.9,Type 2 diabetes mellitus without complications,Provider SYN-20,Home,0,592.40
SYN-E-000560,SYN-P-00094,2024-10-10,18:15,2024-10-10,Outpatient,FAC-05,Synthetic Specialty Clinic,Primary Care,I10,Essential (primary) hypertension,Provider SYN-21,Home,0,461.70
SYN-E-000561,SYN-P-00211,2024-10-10,20:30,2024-10-11,Observation,FAC-02,Synthetic Community Hospital East,Cardiology,R07.9,"Chest pain, unspecified",Provider SYN-22,Home,1,3938.51
SYN-E-000562,SYN-P-00109,2024-10-11,06:15,2024-10-11,Outpatient,FAC-01,Synthetic Regional Medical Center,Orthopedics,M17.9,"Osteoarthritis of knee, unspecified",Provider SYN-23,Home,0,422.46
SYN-E-000563,SYN-P-00133,2024-10-12,02:15,2024-10-12,ED,FAC-03,Synthetic Community Hospital West,Emergency,S93.401A,"Sprain of unspecified ligament of ankle, initial encounter",Provider SYN-24,Home,0,3440.98
SYN-E-000564,SYN-P-00139,2024-10-12,07:30,2024-10-12,Outpatient,FAC-05,Synthetic Specialty Clinic,Primary Care,Z00.00,Encounter for general adult medical examination,Provider SYN-25,Home,0,766.53
SYN-E-000565,SYN-P-00111,2024-10-12,11:15,2024-10-12,ED,FAC-01,Synthetic Regional Medical Center,Emergency,R10.9,Unspecified abdominal pain,Provider SYN-26,Home,0,2753.52
SYN-E-000566,SYN-P-00069,2024-10-12,13:15,2024-10-12,Outpatient,FAC-04,Synthetic Outpatient Center,Orthopedics,M17.9,"Osteoarthritis of knee, unspecified",Provider SYN-27,Home,0,685.84
SYN-E-000567,SYN-P-00166,2024-10-12,20:15,2024-10-12,Outpatient,FAC-05,Synthetic Specialty Clinic,Primary Care,Z00.00,Encounter for general adult medical examination,Provider SYN-28,Home,0,185.58
SYN-E-000568,SYN-P-00129,2024-10-13,00:00,2024-10-13,ED,FAC-03,Synthetic Community Hospital West,Emergency,R10.9,Unspecified abdominal pain,Provider SYN-29,Home,0,1701.43
SYN-E-000569,SYN-P-00004,2024-10-13,02:00,2024-10-25,Inpatient,FAC-01,Synthetic Regional Medical Center,Neurology,I63.9,"Cerebral infarction, unspecified",Provider SYN-30,Home,12,37104.42
SYN-E-000570,SYN-P-00183,2024-10-13,15:45,2024-10-13,ED,FAC-02,Synthetic Community Hospital East,Emergency,R07.9,"Chest pain, unspecified",Provider SYN-31,Home,0,3378.04
SYN-E-000571,SYN-P-00068,2024-10-14,09:15,2024-10-14,ED,FAC-03,Synthetic Community Hospital West,Emergency,R51.9,"Headache, unspecified",Provider SYN-32,Home,0,3773.13
SYN-E-000572,SYN-P-00249,2024-10-14,14:00,2024-10-14,Outpatient,FAC-05,Synthetic Specialty Clinic,Pulmonology,J44.9,"Chronic obstructive pulmonary disease, unspecified",Provider SYN-33,Home,0,519.54
SYN-E-000573,SYN-P-00024,2024-10-14,19:45,2024-10-20,Inpatient,FAC-02,Synthetic Community Hospital East,Neurology,I63.9,"Cerebral infarction, unspecified",Provider SYN-34,Home with Services,6,23241.97
SYN-E-000574,SYN-P-00254,2024-10-15,05:15,2024-10-17,Inpatient,FAC-01,Synthetic Regional Medical Center,Nephrology,N17.9,"Acute kidney failure, unspecified",Provider SYN-35,Home,2,12601.86
SYN-E-000575,SYN-P-00260,2024-10-15,05:15,2024-10-20,Inpatient,FAC-02,Synthetic Community Hospital East,Nephrology,N17.9,"Acute kidney failure, unspecified",Provider SYN-36,Home with Services,5,21419.50
SYN-E-000576,SYN-P-00138,2024-10-15,06:00,2024-10-15,Outpatient,FAC-05,Synthetic Specialty Clinic,Endocrinology,E11.9,Type 2 diabetes mellitus without complications,Provider SYN-37,Home,0,431.36
SYN-E-000577,SYN-P-00263,2024-10-15,06:00,2024-10-15,Outpatient,FAC-02,Synthetic Community Hospital East,Orthopedics,M17.9,"Osteoarthritis of knee, unspecified",Provider SYN-38,Home,0,276.64
SYN-E-000578,SYN-P-00041,2024-10-15,08:15,2024-10-17,Inpatient,FAC-03,Synthetic Community Hospital West,Pulmonology,J18.9,"Pneumonia, unspecified organism",Provider SYN-39,Home with Services,2,12766.43
SYN-E-000579,SYN-P-00028,2024-10-15,09:45,2024-10-20,Inpatient,FAC-02,Synthetic Community Hospital East,Nephrology,N17.9,"Acute kidney failure, unspecified",Provider SYN-40,Skilled Nursing Facility,5,19778.34
SYN-E-000580,SYN-P-00053,2024-10-15,10:30,2024-10-19,Inpatient,FAC-02,Synthetic Community Hospital East,Internal Medicine,E11.65,Type 2 diabetes mellitus with hyperglycemia,Provider SYN-41,Home with Services,4,16058.55
SYN-E-000581,SYN-P-00218,2024-10-17,04:30,2024-10-23,Inpatient,FAC-01,Synthetic Regional Medical Center,Cardiology,I48.91,Unspecified atrial fibrillation,Provider SYN-42,Home,6,21634.57
SYN-E-000582,SYN-P-00271,2024-10-17,06:00,2024-10-19,Inpatient,FAC-02,Synthetic Community Hospital East,Pulmonology,J18.9,"Pneumonia, unspecified organism",Provider SYN-43,Home,2,12523.66
SYN-E-000583,SYN-P-00050,2024-10-17,07:30,2024-10-17,Outpatient,FAC-04,Synthetic Outpatient Center,Endocrinology,E11.9,Type 2 diabetes mellitus without complications,Provider SYN-44,Home,0,502.27
SYN-E-000584,SYN-P-00283,2024-10-17,09:30,2024-10-17,Outpatient,FAC-05,Synthetic Specialty Clinic,Pulmonology,J44.9,"Chronic obstructive pulmonary disease, unspecified",Provider SYN-45,Home,0,576.94
SYN-E-000585,SYN-P-00274,2024-10-17,19:00,2024-10-17,Outpatient,FAC-05,Synthetic Specialty Clinic,Pulmonology,J44.9,"Chronic obstructive pulmonary disease, unspecified",Provider SYN-46,Home,0,589.95
SYN-E-000586,SYN-P-00060,2024-10-17,19:45,2024-10-17,ED,FAC-03,Synthetic Community Hospital West,Emergency,S93.401A,"Sprain of unspecified ligament of ankle, initial encounter",Provider SYN-47,Home,0,1214.92
SYN-E-000587,SYN-P-00276,2024-10-17,20:45,2024-10-17,Outpatient,FAC-04,Synthetic Outpatient Center,Primary Care,E11.9,Type 2 diabetes mellitus without complications,Provider SYN-48,Home,0,399.07
SYN-E-000588,SYN-P-00194,2024-10-18,01:15,2024-10-18,Outpatient,FAC-05,Synthetic Specialty Clinic,Primary Care,E11.9,Type 2 diabetes mellitus without complications,Provider SYN-49,Home,0,674.61
SYN-E-000589,SYN-P-00118,2024-10-18,19:30,2024-10-18,ED,FAC-03,Synthetic Community Hospital West,Emergency,R10.9,Unspecified abdominal pain,Provider SYN-50,Home,0,3033.66
SYN-E-000590,SYN-P-00072,2024-10-19,12:30,2024-10-21,Inpatient,FAC-03,Synthetic Community Hospital West,Pulmonology,J18.9,"Pneumonia, unspecified organism",Provider SYN-51,Transferred,2,13245.82
SYN-E-000591,SYN-P-00198,2024-10-19,20:00,2024-10-19,ED,FAC-02,Synthetic Community Hospital East,Emergency,J45.901,Unspecified asthma with (acute) exacerbation,Provider SYN-52,Home,0,3335.17
SYN-E-000592,SYN-P-00051,2024-10-19,23:00,2024-10-20,Inpatient,FAC-01,Synthetic Regional Medical Center,Pulmonology,J44.1,Chronic obstructive pulmonary disease with acute exacerbation,Provider SYN-53,Transferred,1,9439.87
SYN-E-000593,SYN-P-00279,2024-10-20,00:30,2024-10-20,ED,FAC-03,Synthetic Community Hospital West,Emergency,R51.9,"Headache, unspecified",Provider SYN-54,Home,0,3935.12
SYN-E-000594,SYN-P-00200,2024-10-20,06:00,2024-10-23,Inpatient,FAC-01,Synthetic Regional Medical Center,Orthopedics,S72.002A,Fracture of unspecified part of neck of left femur,Provider SYN-55,Home,3,14727.24
SYN-E-000595,SYN-P-00012,2024-10-20,09:00,2024-10-20,Outpatient,FAC-05,Synthetic Specialty Clinic,Primary Care,E11.9,Type 2 diabetes mellitus without complications,Provider SYN-56,Home,0,474.07
SYN-E-000596,SYN-P-00158,2024-10-21,17:15,2024-10-21,Outpatient,FAC-01,Synthetic Regional Medical Center,Primary Care,Z00.00,Encounter for general adult medical examination,Provider SYN-57,Home,0,287.73
SYN-E-000597,SYN-P-00149,2024-10-21,23:30,2024-10-21,Outpatient,FAC-04,Synthetic Outpatient Center,Primary Care,Z00.00,Encounter for general adult medical examination,Provider SYN-58,Home,0,478.39
SYN-E-000598,SYN-P-00264,2024-10-23,00:15,2024-10-23,Outpatient,FAC-05,Synthetic Specialty Clinic,Pulmonology,J44.9,"Chronic obstructive pulmonary disease, unspecified",Provider SYN-59,Home,0,301.91
SYN-E-000599,SYN-P-00038,2024-10-23,11:15,2024-10-23,ED,FAC-02,Synthetic Community Hospital East,Emergency,R51.9,"Headache, unspecified",Provider SYN-60,Home,0,1241.85
SYN-E-000600,SYN-P-00132,2024-10-24,02:30,2024-10-24,Outpatient,FAC-04,Synthetic Outpatient Center,Orthopedics,M17.9,"Osteoarthritis of knee, unspecified",Provider SYN-01,Home,0,344.86
SYN-E-000601,SYN-P-00157,2024-10-24,14:30,2024-10-24,Outpatient,FAC-04,Synthetic Outpatient Center,Orthopedics,M17.9,"Osteoarthritis of knee, unspecified",Provider SYN-02,Home,0,703.48
SYN-E-000602,SYN-P-00213,2024-10-24,17:00,2024-10-26,Inpatient,FAC-01,Synthetic Regional Medical Center,Pulmonology,J44.1,Chronic obstructive pulmonary disease with acute exacerbation,Provider SYN-03,Home,2,12414.37
SYN-E-000603,SYN-P-00143,2024-10-24,20:15,2024-10-24,Observation,FAC-01,Synthetic Regional Medical Center,Internal Medicine,R55,Syncope and collapse,Provider SYN-04,Home,0,5500.26
SYN-E-000604,SYN-P-00026,2024-10-25,15:15,2024-11-06,Inpatient,FAC-02,Synthetic Community Hospital East,Cardiology,I48.91,Unspecified atrial fibrillation,Provider SYN-05,Skilled Nursing Facility,13,38405.64
SYN-E-000605,SYN-P-00292,2024-10-26,02:45,2024-10-26,Outpatient,FAC-05,Synthetic Specialty Clinic,Primary Care,I10,Essential (primary) hypertension,Provider SYN-06,Home,0,641.99
SYN-E-000606,SYN-P-00033,2024-10-26,17:00,2024-10-26,Outpatient,FAC-05,Synthetic Specialty Clinic,Orthopedics,M17.9,"Osteoarthritis of knee, unspecified",Provider SYN-07,Home,0,895.74
SYN-E-000607,SYN-P-00215,2024-10-26,18:00,2024-10-27,Inpatient,FAC-01,Synthetic Regional Medical Center,Nephrology,N17.9,"Acute kidney failure, unspecified",Provider SYN-08,Home with Services,1,11108.86
SYN-E-000608,SYN-P-00174,2024-10-27,05:45,2024-10-27,Outpatient,FAC-02,Synthetic Community Hospital East,Orthopedics,M17.9,"Osteoarthritis of knee, unspecified",Provider SYN-09,Home,0,410.83
SYN-E-000609,SYN-P-00270,2024-10-28,15:00,2024-10-28,ED,FAC-03,Synthetic Community Hospital West,Emergency,R10.9,Unspecified abdominal pain,Provider SYN-10,Home,0,954.14
SYN-E-000610,SYN-P-00172,2024-10-29,12:15,2024-11-01,Inpatient,FAC-02,Synthetic Community Hospital East,Pulmonology,J44.1,Chronic obstructive pulmonary disease with acute exacerbation,Provider SYN-11,Home,3,14088.24
SYN-E-000611,SYN-P-00195,2024-10-29,15:15,2024-10-29,Outpatient,FAC-04,Synthetic Outpatient Center,Primary Care,I10,Essential (primary) hypertension,Provider SYN-12,Home,0,217.03
SYN-E-000612,SYN-P-00047,2024-10-29,23:00,2024-10-29,ED,FAC-01,Synthetic Regional Medical Center,Emergency,R51.9,"Headache, unspecified",Provider SYN-13,Home,0,1082.96
SYN-E-000613,SYN-P-00222,2024-10-30,10:45,2024-10-30,ED,FAC-02,Synthetic Community Hospital East,Emergency,J45.901,Unspecified asthma with (acute) exacerbation,Provider SYN-14,Home,0,1939.53
SYN-E-000614,SYN-P-00139,2024-10-30,11:00,2024-10-30,Outpatient,FAC-04,Synthetic Outpatient Center,Primary Care,I10,Essential (primary) hypertension,Provider SYN-15,Home,0,152.14
SYN-E-000615,SYN-P-00277,2024-10-30,13:00,2024-10-30,ED,FAC-02,Synthetic Community Hospital East,Emergency,R07.9,"Chest pain, unspecified",Provider SYN-16,Home,0,1272.80
SYN-E-000616,SYN-P-00163,2024-10-31,00:15,2024-11-03,Inpatient,FAC-01,Synthetic Regional Medical Center,Pulmonology,J18.9,"Pneumonia, unspecified organism",Provider SYN-17,Home,3,14588.49
SYN-E-000617,SYN-P-00098,2024-10-31,01:15,2024-10-31,Outpatient,FAC-04,Synthetic Outpatient Center,Endocrinology,E11.9,Type 2 diabetes mellitus without complications,Provider SYN-18,Home,0,457.41
SYN-E-000618,SYN-P-00094,2024-10-31,01:30,2024-10-31,Outpatient,FAC-04,Synthetic Outpatient Center,Primary Care,I10,Essential (primary) hypertension,Provider SYN-19,Home,0,741.68
SYN-E-000619,SYN-P-00188,2024-11-01,10:30,2024-11-01,ED,FAC-02,Synthetic Community Hospital East,Emergency,J45.901,Unspecified asthma with (acute) exacerbation,Provider SYN-20,Home,0,1159.10
SYN-E-000620,SYN-P-00140,2024-11-01,20:15,2024-11-01,Outpatient,FAC-04,Synthetic Outpatient Center,Endocrinology,E11.9,Type 2 diabetes mellitus without complications,Provider SYN-21,Home,0,280.34
SYN-E-000621,SYN-P-00064,2024-11-01,22:45,2024-11-01,ED,FAC-02,Synthetic Community Hospital East,Emergency,J45.901,Unspecified asthma with (acute) exacerbation,Provider SYN-22,Home,0,1005.15
SYN-E-000622,SYN-P-00148,2024-11-02,23:30,2024-11-02,Outpatient,FAC-04,Synthetic Outpatient Center,Primary Care,E11.9,Type 2 diabetes mellitus without complications,Provider SYN-23,Home,0,700.35
SYN-E-000623,SYN-P-00271,2024-11-03,12:00,2024-11-03,Outpatient,FAC-05,Synthetic Specialty Clinic,Orthopedics,M17.9,"Osteoarthritis of knee, unspecified",Provider SYN-24,Home,0,412.00
SYN-E-000624,SYN-P-00285,2024-11-03,12:15,2024-11-03,Outpatient,FAC-04,Synthetic Outpatient Center,Cardiology,I10,Essential (primary) hypertension,Provider SYN-25,Home,0,358.81
SYN-E-000625,SYN-P-00259,2024-11-03,23:30,2024-11-03,Outpatient,FAC-04,Synthetic Outpatient Center,Primary Care,I10,Essential (primary) hypertension,Provider SYN-26,Home,0,498.08
SYN-E-000626,SYN-P-00049,2024-11-04,13:00,2024-11-16,Inpatient,FAC-01,Synthetic Regional Medical Center,Internal Medicine,E11.65,Type 2 diabetes mellitus with hyperglycemia,Provider SYN-27,Home,12,38274.27
SYN-E-000627,SYN-P-00082,2024-11-04,17:00,2024-11-07,Inpatient,FAC-02,Synthetic Community Hospital East,Neurology,I63.9,"Cerebral infarction, unspecified",Provider SYN-28,Skilled Nursing Facility,3,14891.06
SYN-E-000628,SYN-P-00043,2024-11-04,17:45,2024-11-04,Outpatient,FAC-04,Synthetic Outpatient Center,Primary Care,E11.9,Type 2 diabetes mellitus without complications,Provider SYN-29,Home,0,477.32
SYN-E-000629,SYN-P-00008,2024-11-05,00:45,2024-11-07,Inpatient,FAC-02,Synthetic Community Hospital East,Pulmonology,J44.1,Chronic obstructive pulmonary disease with acute exacerbation,Provider SYN-30,Skilled Nursing Facility,2,11949.78
SYN-E-000630,SYN-P-00042,2024-11-05,10:30,2024-11-10,Inpatient,FAC-03,Synthetic Community Hospital West,Nephrology,N17.9,"Acute kidney failure, unspecified",Provider SYN-31,Home,5,20538.33
SYN-E-000631,SYN-P-00248,2024-11-05,12:00,2024-11-09,Inpatient,FAC-03,Synthetic Community Hospital West,Cardiology,I50.9,"Heart failure, unspecified",Provider SYN-32,Home,4,17505.17
SYN-E-000632,SYN-P-00186,2024-11-06,06:45,2024-11-07,Inpatient,FAC-02,Synthetic Community Hospital East,Pulmonology,J44.1,Chronic obstructive pulmonary disease with acute exacerbation,Provider SYN-33,Home with Services,1,8586.79
SYN-E-000633,SYN-P-00220,2024-11-07,03:00,2024-11-07,ED,FAC-02,Synthetic Community Hospital East,Emergency,S93.401A,"Sprain of unspecified ligament of ankle, initial encounter",Provider SYN-34,Home,0,1175.42
SYN-E-000634,SYN-P-00032,2024-11-07,08:45,2024-11-08,Inpatient,FAC-03,Synthetic Community Hospital West,Pulmonology,J44.1,Chronic obstructive pulmonary disease with acute exacerbation,Provider SYN-35,Home,1,10231.24
SYN-E-000635,SYN-P-00078,2024-11-07,11:15,2024-11-07,Outpatient,FAC-04,Synthetic Outpatient Center,Pulmonology,J44.9,"Chronic obstructive pulmonary disease, unspecified",Provider SYN-36,Home,0,273.34
SYN-E-000636,SYN-P-00011,2024-11-07,13:30,2024-11-07,Outpatient,FAC-04,Synthetic Outpatient Center,Cardiology,I10,Essential (primary) hypertension,Provider SYN-37,Home,0,220.36
SYN-E-000637,SYN-P-00035,2024-11-08,00:15,2024-11-08,Outpatient,FAC-05,Synthetic Specialty Clinic,Cardiology,I10,Essential (primary) hypertension,Provider SYN-38,Home,0,250.46
SYN-E-000638,SYN-P-00021,2024-11-08,04:45,2024-11-09,Inpatient,FAC-03,Synthetic Community Hospital West,Pulmonology,J18.9,"Pneumonia, unspecified organism",Provider SYN-39,Home,1,9068.59
SYN-E-000639,SYN-P-00056,2024-11-08,12:45,2024-11-10,Inpatient,FAC-03,Synthetic Community Hospital West,Orthopedics,S72.002A,Fracture of unspecified part of neck of left femur,Provider SYN-40,Home with Services,2,13491.11
SYN-E-000640,SYN-P-00254,2024-11-09,02:30,2024-11-09,Outpatient,FAC-04,Synthetic Outpatient Center,Pulmonology,J44.9,"Chronic obstructive pulmonary disease, unspecified",Provider SYN-41,Home,0,461.44
SYN-E-000641,SYN-P-00180,2024-07-10,04:30,2024-07-10,Outpatient,FAC-05,Synthetic Specialty Clinic,Pulmonology,J44.9,"Chronic obstructive pulmonary disease, unspecified",Provider SYN-42,Home,0,300.34
SYN-E-000642,SYN-P-00216,2024-11-09,06:30,2024-11-09,ED,FAC-03,Synthetic Community Hospital West,Emergency,S93.401A,"Sprain of unspecified ligament of ankle, initial encounter",Provider SYN-43,Home,0,2689.58
SYN-E-000643,SYN-P-00106,2024-11-09,11:45,2024-11-09,Outpatient,FAC-01,Synthetic Regional Medical Center,Endocrinology,E11.9,Type 2 diabetes mellitus without complications,Provider SYN-44,Home,0,829.90
SYN-E-000644,SYN-P-00181,2024-11-09,16:00,2024-11-09,ED,FAC-03,Synthetic Community Hospital West,Emergency,R51.9,"Headache, unspecified",Provider SYN-45,Home,0,3551.57
SYN-E-000645,SYN-P-00249,2024-11-09,19:30,2024-11-09,Observation,FAC-02,Synthetic Community Hospital East,Internal Medicine,R55,Syncope and collapse,Provider SYN-46,Home,0,2050.11
SYN-E-000646,SYN-P-00242,2024-11-10,18:30,2024-11-14,Inpatient,FAC-01,Synthetic Regional Medical Center,Pulmonology,J44.1,Chronic obstructive pulmonary disease with acute exacerbation,Provider SYN-47,Skilled Nursing Facility,4,16094.71
SYN-E-000647,SYN-P-00189,2024-11-11,04:00,2024-11-20,Inpatient,FAC-01,Synthetic Regional Medical Center,Cardiology,I50.9,"Heart failure, unspecified",Provider SYN-48,Home,9,30255.86
SYN-E-000648,SYN-P-00130,2024-11-11,04:15,2024-11-23,Inpatient,FAC-01,Synthetic Regional Medical Center,Internal Medicine,E11.65,Type 2 diabetes mellitus with hyperglycemia,Provider SYN-49,Home,12,36410.14
SYN-E-000649,SYN-P-00167,2024-11-12,11:30,2024-11-12,Outpatient,FAC-05,Synthetic Specialty Clinic,Pulmonology,J44.9,"Chronic obstructive pulmonary disease, unspecified",Provider SYN-50,Home,0,827.68
SYN-E-000650,SYN-P-00025,2024-11-12,11:45,2024-11-16,Inpatient,FAC-03,Synthetic Community Hospital West,Nephrology,N17.9,"Acute kidney failure, unspecified",Provider SYN-51,Home,4,16814.55
SYN-E-000651,SYN-P-00051,2024-11-12,12:00,2024-11-13,Inpatient,FAC-01,Synthetic Regional Medical Center,Pulmonology,J44.1,Chronic obstructive pulmonary disease with acute exacerbation,Provider SYN-52,Home,1,10559.96
SYN-E-000652,SYN-P-00230,2024-11-12,20:00,2024-11-13,Observation,FAC-01,Synthetic Regional Medical Center,Cardiology,R07.9,"Chest pain, unspecified",Provider SYN-53,Home,1,4077.50
SYN-E-000653,SYN-P-00293,2024-11-14,07:30,2024-11-14,Outpatient,FAC-04,Synthetic Outpatient Center,Primary Care,Z00.00,Encounter for general adult medical examination,Provider SYN-54,Home,0,453.59
SYN-E-000654,SYN-P-00240,2024-11-14,09:15,2024-11-14,Outpatient,FAC-04,Synthetic Outpatient Center,Primary Care,E11.9,Type 2 diabetes mellitus without complications,Provider SYN-55,Home,0,569.25
SYN-E-000655,SYN-P-00279,2024-11-14,09:15,2024-11-14,Outpatient,FAC-04,Synthetic Outpatient Center,Primary Care,I10,Essential (primary) hypertension,Provider SYN-56,Home,0,785.61
SYN-E-000656,SYN-P-00065,2024-11-14,12:00,2024-11-18,Inpatient,FAC-01,Synthetic Regional Medical Center,Pulmonology,J44.1,Chronic obstructive pulmonary disease with acute exacerbation,Provider SYN-57,Home,4,18905.38
SYN-E-000657,SYN-P-00092,2024-11-15,01:30,2024-11-27,Inpatient,FAC-03,Synthetic Community Hospital West,Cardiology,I48.91,Unspecified atrial fibrillation,Provider SYN-58,Home,12,36404.24
SYN-E-000658,SYN-P-00079,2024-11-15,17:00,2024-11-15,Outpatient,FAC-04,Synthetic Outpatient Center,Orthopedics,M17.9,"Osteoarthritis of knee, unspecified",Provider SYN-59,Home,0,491.12
SYN-E-000659,SYN-P-00289,2024-11-16,03:00,2024-11-16,ED,FAC-03,Synthetic Community Hospital West,Emergency,R07.9,"Chest pain, unspecified",Provider SYN-60,Transferred,0,3963.10
SYN-E-000660,SYN-P-00057,2024-11-16,15:45,2024-11-17,Inpatient,FAC-02,Synthetic Community Hospital East,Internal Medicine,E11.65,Type 2 diabetes mellitus with hyperglycemia,Provider SYN-01,Home with Services,1,11320.87
SYN-E-000661,SYN-P-00061,2024-11-16,18:30,2024-11-16,Outpatient,FAC-05,Synthetic Specialty Clinic,Endocrinology,E11.9,Type 2 diabetes mellitus without complications,Provider SYN-02,Home,0,894.67
SYN-E-000662,SYN-P-00173,2024-11-17,05:30,2024-11-17,Outpatient,FAC-04,Synthetic Outpatient Center,Orthopedics,M17.9,"Osteoarthritis of knee, unspecified",Provider SYN-03,Home,0,200.82
SYN-E-000663,SYN-P-00294,2024-11-17,09:45,2024-11-17,Outpatient,FAC-03,Synthetic Community Hospital West,Cardiology,I10,Essential (primary) hypertension,Provider SYN-04,Home,0,745.48
SYN-E-000664,SYN-P-00107,2024-11-17,19:15,2024-11-17,Outpatient,FAC-05,Synthetic Specialty Clinic,Primary Care,Z00.00,Encounter for general adult medical examination,Provider SYN-05,Home,0,449.44
SYN-E-000665,SYN-P-00005,2024-11-17,21:30,2024-11-17,Outpatient,FAC-01,Synthetic Regional Medical Center,Pulmonology,J44.9,"Chronic obstructive pulmonary disease, unspecified",Provider SYN-06,Home,0,563.97
SYN-E-000666,SYN-P-00187,2024-11-18,03:45,2024-11-18,ED,FAC-02,Synthetic Community Hospital East,Emergency,R07.9,"Chest pain, unspecified",Provider SYN-07,Transferred,0,3228.83
SYN-E-000667,SYN-P-00163,2024-11-18,13:45,2024-11-22,Inpatient,FAC-01,Synthetic Regional Medical Center,Orthopedics,S72.002A,Fracture of unspecified part of neck of left femur,Provider SYN-08,Skilled Nursing Facility,4,16035.48
SYN-E-000668,SYN-P-00108,2024-11-19,04:00,2024-11-19,Outpatient,FAC-05,Synthetic Specialty Clinic,Primary Care,E11.9,Type 2 diabetes mellitus without complications,Provider SYN-09,Home,0,745.91
SYN-E-000669,SYN-P-00040,2024-11-19,06:45,2024-11-19,Outpatient,FAC-04,Synthetic Outpatient Center,Pulmonology,J44.9,"Chronic obstructive pulmonary disease, unspecified",Provider SYN-10,Home,0,548.09
SYN-E-000670,SYN-P-00170,2024-11-19,10:45,2024-11-19,Outpatient,FAC-05,Synthetic Specialty Clinic,Orthopedics,M17.9,"Osteoarthritis of knee, unspecified",Provider SYN-11,Home,0,258.48
SYN-E-000671,SYN-P-00164,2024-11-19,11:00,2024-11-19,Outpatient,FAC-01,Synthetic Regional Medical Center,Pulmonology,J44.9,"Chronic obstructive pulmonary disease, unspecified",Provider SYN-12,Home,0,395.48
SYN-E-000672,SYN-P-00099,2024-11-19,16:30,2024-11-19,ED,FAC-02,Synthetic Community Hospital East,Emergency,R10.9,Unspecified abdominal pain,Provider SYN-13,Home,0,3964.21
SYN-E-000673,SYN-P-00161,2024-11-19,22:00,2024-11-20,Observation,FAC-02,Synthetic Community Hospital East,Internal Medicine,R55,Syncope and collapse,Provider SYN-14,Home,1,3346.82
SYN-E-000674,SYN-P-00236,2024-11-20,06:15,2024-11-20,Outpatient,FAC-04,Synthetic Outpatient Center,Pulmonology,J44.9,"Chronic obstructive pulmonary disease, unspecified",Provider SYN-15,Home,0,264.53
SYN-E-000675,SYN-P-00017,2024-11-20,08:30,2024-11-20,Outpatient,FAC-05,Synthetic Specialty Clinic,Primary Care,E11.9,Type 2 diabetes mellitus without complications,Provider SYN-16,Home,0,625.93
SYN-E-000676,SYN-P-00178,2024-11-21,03:00,2024-11-21,ED,FAC-01,Synthetic Regional Medical Center,Emergency,J45.901,Unspecified asthma with (acute) exacerbation,Provider SYN-17,Home,0,2244.24
SYN-E-000677,SYN-P-00067,2024-11-21,08:15,2024-11-21,Outpatient,FAC-05,Synthetic Specialty Clinic,Orthopedics,M17.9,"Osteoarthritis of knee, unspecified",Provider SYN-18,Home,0,740.13
SYN-E-000678,SYN-P-00245,2024-11-21,08:15,2024-11-21,Outpatient,FAC-04,Synthetic Outpatient Center,Endocrinology,E11.9,Type 2 diabetes mellitus without complications,Provider SYN-19,Home,0,478.16
SYN-E-000679,SYN-P-00298,2024-11-21,13:30,2024-11-21,Outpatient,FAC-04,Synthetic Outpatient Center,Pulmonology,J44.9,"Chronic obstructive pulmonary disease, unspecified",Provider SYN-20,Home,0,210.37
SYN-E-000680,SYN-P-00295,2024-11-22,20:00,2024-11-22,Outpatient,FAC-05,Synthetic Specialty Clinic,Orthopedics,M17.9,"Osteoarthritis of knee, unspecified",Provider SYN-21,Home,0,851.10
SYN-E-000681,SYN-P-00182,2024-11-23,07:15,2024-11-23,Outpatient,FAC-04,Synthetic Outpatient Center,Orthopedics,M17.9,"Osteoarthritis of knee, unspecified",Provider SYN-22,Home,0,
SYN-E-000682,SYN-P-00026,2024-11-23,16:15,2024-11-24,Inpatient,FAC-02,Synthetic Community Hospital East,Nephrology,N17.9,"Acute kidney failure, unspecified",Provider SYN-23,Home with Services,1,10802.76
SYN-E-000683,SYN-P-00001,2024-11-24,07:30,2024-11-24,ED,FAC-02,Synthetic Community Hospital East,Emergency,S93.401A,"Sprain of unspecified ligament of ankle, initial encounter",Provider SYN-24,Home,0,1802.50
SYN-E-000684,SYN-P-00267,2024-11-25,16:30,2024-11-28,Inpatient,FAC-01,Synthetic Regional Medical Center,Internal Medicine,E11.65,Type 2 diabetes mellitus with hyperglycemia,Provider SYN-25,Home,3,14793.25
SYN-E-000685,SYN-P-00276,2024-11-25,20:15,2024-11-25,Outpatient,FAC-04,Synthetic Outpatient Center,Pulmonology,J44.9,"Chronic obstructive pulmonary disease, unspecified",Provider SYN-26,Home,0,162.46
SYN-E-000686,SYN-P-00112,2024-11-26,00:30,2024-11-26,ED,FAC-02,Synthetic Community Hospital East,Emergency,J45.901,Unspecified asthma with (acute) exacerbation,Provider SYN-27,Home,0,3713.88
SYN-E-000687,SYN-P-00272,2024-11-26,13:00,2024-11-26,Outpatient,FAC-05,Synthetic Specialty Clinic,Orthopedics,M17.9,"Osteoarthritis of knee, unspecified",Provider SYN-28,Home,0,247.91
SYN-E-000688,SYN-P-00006,2024-11-26,17:15,2024-11-26,Outpatient,FAC-01,Synthetic Regional Medical Center,Orthopedics,M17.9,"Osteoarthritis of knee, unspecified",Provider SYN-29,Home,0,678.84
SYN-E-000689,SYN-P-00231,2024-11-27,16:15,2024-11-27,Outpatient,FAC-05,Synthetic Specialty Clinic,Cardiology,I10,Essential (primary) hypertension,Provider SYN-30,Home,0,745.49
SYN-E-000690,SYN-P-00078,2024-11-28,08:15,2024-11-28,ED,FAC-01,Synthetic Regional Medical Center,Emergency,R51.9,"Headache, unspecified",Provider SYN-31,Home,0,1309.85
SYN-E-000691,SYN-P-00233,2024-11-28,15:15,2024-12-01,Inpatient,FAC-01,Synthetic Regional Medical Center,Cardiology,I48.91,Unspecified atrial fibrillation,Provider SYN-32,Home,3,15252.64
SYN-E-000692,SYN-P-00117,2024-11-28,20:00,2024-11-28,Outpatient,FAC-04,Synthetic Outpatient Center,Primary Care,E11.9,Type 2 diabetes mellitus without complications,Provider SYN-33,Home,0,833.97
SYN-E-000693,SYN-P-00029,2024-11-28,20:45,2024-11-28,Outpatient,FAC-03,Synthetic Community Hospital West,Orthopedics,M17.9,"Osteoarthritis of knee, unspecified",Provider SYN-34,Home,0,251.90
SYN-E-000694,SYN-P-00271,2024-11-29,18:30,2024-12-02,Inpatient,FAC-02,Synthetic Community Hospital East,Neurology,I63.9,"Cerebral infarction, unspecified",Provider SYN-35,Home,3,15419.03
SYN-E-000695,SYN-P-00240,2024-12-01,22:15,2024-12-01,Outpatient,FAC-05,Synthetic Specialty Clinic,Orthopedics,M17.9,"Osteoarthritis of knee, unspecified",Provider SYN-36,Home,0,774.77
SYN-E-000696,SYN-P-00214,2024-12-02,17:00,2024-12-03,Observation,FAC-01,Synthetic Regional Medical Center,Cardiology,R07.9,"Chest pain, unspecified",Provider SYN-37,Home,1,5595.96
SYN-E-000697,SYN-P-00202,2024-12-02,17:30,2024-12-02,Outpatient,FAC-04,Synthetic Outpatient Center,Primary Care,I10,Essential (primary) hypertension,Provider SYN-38,Home,0,153.11
SYN-E-000698,SYN-P-00098,2024-12-02,20:30,2024-12-04,Inpatient,FAC-03,Synthetic Community Hospital West,Nephrology,N17.9,"Acute kidney failure, unspecified",Provider SYN-39,Home with Services,2,11335.28
SYN-E-000699,SYN-P-00053,2024-12-02,23:15,2024-12-02,Outpatient,FAC-02,Synthetic Community Hospital East,Orthopedics,M17.9,"Osteoarthritis of knee, unspecified",Provider SYN-40,Home,0,223.16
SYN-E-000700,SYN-P-00203,2024-12-03,02:00,2024-12-08,Inpatient,FAC-03,Synthetic Community Hospital West,Cardiology,I50.9,"Heart failure, unspecified",Provider SYN-41,Home with Services,5,20578.41
SYN-E-000701,SYN-P-00032,2024-12-03,14:30,2024-12-03,Outpatient,FAC-04,Synthetic Outpatient Center,Primary Care,Z00.00,Encounter for general adult medical examination,Provider SYN-42,Home,0,545.74
SYN-E-000702,SYN-P-00058,2024-12-03,19:30,2024-12-03,ED,FAC-01,Synthetic Regional Medical Center,Emergency,S93.401A,"Sprain of unspecified ligament of ankle, initial encounter",Provider SYN-43,Home,0,2652.03
SYN-E-000703,SYN-P-00243,2024-12-04,16:30,2024-12-04,ED,FAC-03,Synthetic Community Hospital West,Emergency,R51.9,"Headache, unspecified",Provider SYN-44,Home,0,2253.26
SYN-E-000704,SYN-P-00245,2024-12-05,01:30,2024-12-06,Inpatient,FAC-03,Synthetic Community Hospital West,Internal Medicine,E11.65,Type 2 diabetes mellitus with hyperglycemia,Provider SYN-45,Home,1,10863.53
SYN-E-000705,SYN-P-00084,2024-12-05,14:45,2024-12-05,Outpatient,FAC-05,Synthetic Specialty Clinic,Orthopedics,M17.9,"Osteoarthritis of knee, unspecified",Provider SYN-46,Home,0,611.06
SYN-E-000706,SYN-P-00207,2024-12-05,15:15,2024-12-05,ED,FAC-02,Synthetic Community Hospital East,Emergency,J45.901,Unspecified asthma with (acute) exacerbation,Provider SYN-47,Home,0,1978.58
SYN-E-000707,SYN-P-00277,2024-12-06,08:00,2024-12-06,ED,FAC-02,Synthetic Community Hospital East,Emergency,R07.9,"Chest pain, unspecified",Provider SYN-48,Left Before Completion,0,1204.42
SYN-E-000708,SYN-P-00204,2024-12-06,15:45,2024-12-11,Inpatient,FAC-01,Synthetic Regional Medical Center,Pulmonology,J18.9,"Pneumonia, unspecified organism",Provider SYN-49,Transferred,5,19741.88
SYN-E-000709,SYN-P-00103,2024-12-06,16:00,2024-12-06,Outpatient,FAC-01,Synthetic Regional Medical Center,Primary Care,I10,Essential (primary) hypertension,Provider SYN-50,Home,0,560.18
SYN-E-000710,SYN-P-00256,2024-12-06,21:15,2024-12-06,ED,FAC-03,Synthetic Community Hospital West,Emergency,R51.9,"Headache, unspecified",Provider SYN-51,Home,0,2072.59
SYN-E-000711,SYN-P-00217,2024-12-07,07:30,2024-12-07,ED,FAC-02,Synthetic Community Hospital East,Emergency,J45.901,Unspecified asthma with (acute) exacerbation,Provider SYN-52,Home,0,3583.55
SYN-E-000712,SYN-P-00278,2024-12-07,16:30,2024-12-07,Outpatient,FAC-04,Synthetic Outpatient Center,Endocrinology,E11.9,Type 2 diabetes mellitus without complications,Provider SYN-53,Home,0,328.29
SYN-E-000713,SYN-P-00133,2024-12-07,17:30,2024-12-07,Outpatient,FAC-04,Synthetic Outpatient Center,Primary Care,Z00.00,Encounter for general adult medical examination,Provider SYN-54,Home,0,418.74
SYN-E-000714,SYN-P-00170,2024-12-07,20:00,2024-12-07,Outpatient,FAC-04,Synthetic Outpatient Center,Pulmonology,J44.9,"Chronic obstructive pulmonary disease, unspecified",Provider SYN-55,Home,0,268.83
SYN-E-000715,SYN-P-00234,2024-12-07,21:15,2024-12-07,Outpatient,FAC-05,Synthetic Specialty Clinic,Orthopedics,M17.9,"Osteoarthritis of knee, unspecified",Provider SYN-56,Home,0,516.16
SYN-E-000716,SYN-P-00264,2024-12-07,23:45,2024-12-07,ED,FAC-01,Synthetic Regional Medical Center,Emergency,J45.901,Unspecified asthma with (acute) exacerbation,Provider SYN-57,Home,0,1234.19
SYN-E-000717,SYN-P-00159,2024-12-09,00:45,2024-12-09,Outpatient,FAC-05,Synthetic Specialty Clinic,Primary Care,E11.9,Type 2 diabetes mellitus without complications,Provider SYN-58,Home,0,195.59
SYN-E-000718,SYN-P-00275,2024-12-09,15:00,2024-12-09,ED,FAC-03,Synthetic Community Hospital West,Emergency,R51.9,"Headache, unspecified",Provider SYN-59,Home,0,1646.25
SYN-E-000719,SYN-P-00027,2024-12-10,10:15,2024-12-12,Inpatient,FAC-01,Synthetic Regional Medical Center,Pulmonology,J44.1,Chronic obstructive pulmonary disease with acute exacerbation,Provider SYN-60,Skilled Nursing Facility,2,12074.89
SYN-E-000720,SYN-P-00189,2024-12-10,19:45,2024-12-10,Outpatient,FAC-05,Synthetic Specialty Clinic,Primary Care,I10,Essential (primary) hypertension,Provider SYN-01,Home,0,310.15
SYN-E-000721,SYN-P-00013,2024-12-11,00:30,2024-12-11,Outpatient,FAC-05,Synthetic Specialty Clinic,Pulmonology,J44.9,"Chronic obstructive pulmonary disease, unspecified",Provider SYN-02,Home,0,484.55
SYN-E-000722,SYN-P-00081,2024-12-11,01:00,2024-12-11,ED,FAC-01,Synthetic Regional Medical Center,Emergency,R10.9,Unspecified abdominal pain,Provider SYN-03,Home,0,1350.78
SYN-E-000723,SYN-P-00242,2024-12-11,02:45,2024-12-13,Inpatient,FAC-01,Synthetic Regional Medical Center,Pulmonology,J44.1,Chronic obstructive pulmonary disease with acute exacerbation,Provider SYN-04,Home,2,11327.25
SYN-E-000724,SYN-P-00010,2024-12-11,13:30,2024-12-12,Inpatient,FAC-01,Synthetic Regional Medical Center,Neurology,I63.9,"Cerebral infarction, unspecified",Provider SYN-05,Home,1,10826.18
SYN-E-000725,SYN-P-00287,2024-12-12,13:45,2024-12-12,Outpatient,FAC-05,Synthetic Specialty Clinic,Primary Care,E11.9,Type 2 diabetes mellitus without complications,Provider SYN-06,Home,0,863.02
SYN-E-000726,SYN-P-00071,2024-12-12,19:00,2024-12-12,Outpatient,FAC-05,Synthetic Specialty Clinic,Pulmonology,J44.9,"Chronic obstructive pulmonary disease, unspecified",Provider SYN-07,Home,0,797.55
SYN-E-000727,SYN-P-00166,2024-12-12,21:15,2024-12-12,ED,FAC-01,Synthetic Regional Medical Center,Emergency,R10.9,Unspecified abdominal pain,Provider SYN-08,Home,0,1478.86
SYN-E-000728,SYN-P-00177,2024-12-12,22:45,2024-12-12,Outpatient,FAC-01,Synthetic Regional Medical Center,Pulmonology,J44.9,"Chronic obstructive pulmonary disease, unspecified",Provider SYN-09,Home,0,522.31
SYN-E-000729,SYN-P-00090,2024-12-13,00:45,2024-12-14,Observation,FAC-01,Synthetic Regional Medical Center,Internal Medicine,R55,Syncope and collapse,Provider SYN-10,Home,1,2951.66
SYN-E-000730,SYN-P-00044,2024-12-13,03:15,2024-12-13,Outpatient,FAC-05,Synthetic Specialty Clinic,Cardiology,I10,Essential (primary) hypertension,Provider SYN-11,Home,0,289.64
SYN-E-000731,SYN-P-00227,2024-12-13,05:45,2024-12-13,Outpatient,FAC-05,Synthetic Specialty Clinic,Endocrinology,E11.9,Type 2 diabetes mellitus without complications,Provider SYN-12,Home,0,897.11
SYN-E-000732,SYN-P-00019,2024-12-13,08:00,2024-12-13,Outpatient,FAC-05,Synthetic Specialty Clinic,Orthopedics,M17.9,"Osteoarthritis of knee, unspecified",Provider SYN-13,Home,0,530.77
SYN-E-000733,SYN-P-00037,2024-12-13,23:15,2024-12-13,Outpatient,FAC-05,Synthetic Specialty Clinic,Pulmonology,J44.9,"Chronic obstructive pulmonary disease, unspecified",Provider SYN-14,Home,0,475.56
SYN-E-000734,SYN-P-00070,2024-12-14,01:30,2024-12-19,Inpatient,FAC-03,Synthetic Community Hospital West,Pulmonology,J18.9,"Pneumonia, unspecified organism",Provider SYN-15,Home,5,21377.98
SYN-E-000735,SYN-P-00149,2024-12-14,14:15,2024-12-16,Inpatient,FAC-01,Synthetic Regional Medical Center,Internal Medicine,E11.65,Type 2 diabetes mellitus with hyperglycemia,Provider SYN-16,Home with Services,2,12747.62
SYN-E-000736,SYN-P-00076,2024-12-14,20:30,2024-12-16,Inpatient,FAC-02,Synthetic Community Hospital East,Nephrology,N17.9,"Acute kidney failure, unspecified",Provider SYN-17,Transferred,2,13804.29
SYN-E-000737,SYN-P-00267,2024-12-15,15:15,2024-12-19,Inpatient,FAC-01,Synthetic Regional Medical Center,Cardiology,I50.9,"Heart failure, unspecified",Provider SYN-18,Home,4,18455.00
SYN-E-000738,SYN-P-00250,2024-12-15,22:00,2024-12-15,Outpatient,FAC-05,Synthetic Specialty Clinic,Endocrinology,E11.9,Type 2 diabetes mellitus without complications,Provider SYN-19,Home,0,360.00
SYN-E-000739,SYN-P-00131,2024-12-15,23:45,2024-12-15,Outpatient,FAC-05,Synthetic Specialty Clinic,Orthopedics,M17.9,"Osteoarthritis of knee, unspecified",Provider SYN-20,Home,0,227.53
SYN-E-000740,SYN-P-00163,2024-12-16,01:00,2024-12-18,Inpatient,FAC-01,Synthetic Regional Medical Center,Cardiology,I50.9,"Heart failure, unspecified",Provider SYN-21,Home with Services,2,12194.59
SYN-E-000741,SYN-P-00113,2024-12-16,20:00,2024-12-16,ED,FAC-02,Synthetic Community Hospital East,Emergency,R10.9,Unspecified abdominal pain,Provider SYN-22,Home,0,3218.34
SYN-E-000742,SYN-P-00240,2024-12-16,21:00,2024-12-16,Outpatient,FAC-01,Synthetic Regional Medical Center,Primary Care,E11.9,Type 2 diabetes mellitus without complications,Provider SYN-23,Home,0,234.00
SYN-E-000743,SYN-P-00061,2024-12-17,07:00,2024-12-18,Inpatient,FAC-01,Synthetic Regional Medical Center,Cardiology,I48.91,Unspecified atrial fibrillation,Provider SYN-24,Transferred,1,9445.45
SYN-E-000744,SYN-P-00057,2024-12-17,08:00,2024-12-17,Outpatient,FAC-04,Synthetic Outpatient Center,Orthopedics,M17.9,"Osteoarthritis of knee, unspecified",Provider SYN-25,Home,0,833.78
SYN-E-000745,SYN-P-00290,2024-12-17,22:30,2024-12-17,Outpatient,FAC-05,Synthetic Specialty Clinic,Primary Care,I10,Essential (primary) hypertension,Provider SYN-26,Home,0,759.26
SYN-E-000746,SYN-P-00106,2024-12-18,01:45,2024-12-22,Inpatient,FAC-01,Synthetic Regional Medical Center,Neurology,I63.9,"Cerebral infarction, unspecified",Provider SYN-27,Home with Services,4,16642.21
SYN-E-000747,SYN-P-00144,2024-12-18,15:30,2024-12-18,Outpatient,FAC-04,Synthetic Outpatient Center,Pulmonology,J44.9,"Chronic obstructive pulmonary disease, unspecified",Provider SYN-28,Home,0,530.93
SYN-E-000748,SYN-P-00181,2024-12-19,21:30,2024-12-19,Outpatient,FAC-04,Synthetic Outpatient Center,Cardiology,I10,Essential (primary) hypertension,Provider SYN-29,Home,0,496.54
SYN-E-000749,SYN-P-00145,2024-12-20,17:45,2024-12-20,Outpatient,FAC-05,Synthetic Specialty Clinic,Pulmonology,J44.9,"Chronic obstructive pulmonary disease, unspecified",Provider SYN-30,Home,0,155.85
SYN-E-000750,SYN-P-00098,2024-12-21,02:00,2024-12-23,Inpatient,FAC-03,Synthetic Community Hospital West,Internal Medicine,E11.65,Type 2 diabetes mellitus with hyperglycemia,Provider SYN-31,Skilled Nursing Facility,2,11750.68
SYN-E-000751,SYN-P-00053,2024-12-21,05:45,2024-12-27,Inpatient,FAC-02,Synthetic Community Hospital East,Cardiology,I50.9,"Heart failure, unspecified",Provider SYN-32,Home,6,22624.03
SYN-E-000752,SYN-P-00255,2024-12-21,14:00,2024-12-22,Inpatient,FAC-03,Synthetic Community Hospital West,Pulmonology,J44.1,Chronic obstructive pulmonary disease with acute exacerbation,Provider SYN-33,Home,1,9343.03
SYN-E-000753,SYN-P-00223,2024-12-21,18:15,2024-12-23,Inpatient,FAC-01,Synthetic Regional Medical Center,Cardiology,I50.9,"Heart failure, unspecified",Provider SYN-34,Home with Services,2,11005.97
SYN-E-000754,SYN-P-00274,2024-12-22,00:45,2024-12-22,Outpatient,FAC-04,Synthetic Outpatient Center,Pulmonology,J44.9,"Chronic obstructive pulmonary disease, unspecified",Provider SYN-35,Home,0,733.25
SYN-E-000755,SYN-P-00130,2024-12-22,03:15,2024-12-24,Inpatient,FAC-01,Synthetic Regional Medical Center,Cardiology,I50.9,"Heart failure, unspecified",Provider SYN-36,Skilled Nursing Facility,2,12627.74
SYN-E-000756,SYN-P-00239,2024-12-22,10:45,2024-12-26,Inpatient,FAC-03,Synthetic Community Hospital West,Pulmonology,J18.9,"Pneumonia, unspecified organism",Provider SYN-37,Home,4,16478.40
SYN-E-000757,SYN-P-00257,2024-12-22,11:45,2024-12-22,Outpatient,FAC-04,Synthetic Outpatient Center,Primary Care,I10,Essential (primary) hypertension,Provider SYN-38,Home,0,813.73
SYN-E-000758,SYN-P-00066,2024-12-23,02:30,2024-12-23,Outpatient,FAC-05,Synthetic Specialty Clinic,Cardiology,I10,Essential (primary) hypertension,Provider SYN-39,Home,0,177.68
SYN-E-000759,SYN-P-00149,2024-12-23,02:45,2024-12-28,Inpatient,FAC-02,Synthetic Community Hospital East,Internal Medicine,E11.65,Type 2 diabetes mellitus with hyperglycemia,Provider SYN-40,Home,5,19537.60
SYN-E-000760,SYN-P-00241,2024-12-23,09:45,2024-12-23,Outpatient,FAC-04,Synthetic Outpatient Center,Orthopedics,M17.9,"Osteoarthritis of knee, unspecified",Provider SYN-41,Home,0,589.60
SYN-E-000761,SYN-P-00083,2024-12-23,13:45,2024-12-23,Outpatient,FAC-04,Synthetic Outpatient Center,Primary Care,E11.9,Type 2 diabetes mellitus without complications,Provider SYN-42,Home,0,615.78
SYN-E-000762,SYN-P-00043,2024-12-23,22:45,2024-12-23,ED,FAC-03,Synthetic Community Hospital West,Emergency,S93.401A,"Sprain of unspecified ligament of ankle, initial encounter",Provider SYN-43,Home,0,3042.14
SYN-E-000763,SYN-P-00052,2024-12-24,00:15,2024-12-24,Outpatient,FAC-04,Synthetic Outpatient Center,Pulmonology,J44.9,"Chronic obstructive pulmonary disease, unspecified",Provider SYN-44,Home,0,526.04
SYN-E-000764,SYN-P-00198,2024-12-24,08:30,2024-12-24,Outpatient,FAC-04,Synthetic Outpatient Center,Pulmonology,J44.9,"Chronic obstructive pulmonary disease, unspecified",Provider SYN-45,Home,0,823.67
SYN-E-000765,SYN-P-00193,2024-12-24,10:15,2024-12-24,Outpatient,FAC-05,Synthetic Specialty Clinic,Endocrinology,E11.9,Type 2 diabetes mellitus without complications,Provider SYN-46,Home,0,598.81
SYN-E-000766,SYN-P-00297,2024-12-24,22:30,2024-12-24,ED,FAC-02,Synthetic Community Hospital East,Emergency,R51.9,"Headache, unspecified",Provider SYN-47,Home,0,1576.60
SYN-E-000767,SYN-P-00121,2024-12-25,01:30,2024-12-28,Inpatient,FAC-02,Synthetic Community Hospital East,Internal Medicine,E11.65,Type 2 diabetes mellitus with hyperglycemia,Provider SYN-48,Skilled Nursing Facility,3,15239.94
SYN-E-000768,SYN-P-00160,2024-12-25,02:00,2024-12-25,Outpatient,FAC-05,Synthetic Specialty Clinic,Endocrinology,E11.9,Type 2 diabetes mellitus without complications,Provider SYN-49,Home,0,887.56
SYN-E-000769,SYN-P-00061,2024-12-25,10:15,2024-12-27,Inpatient,FAC-02,Synthetic Community Hospital East,Orthopedics,S72.002A,Fracture of unspecified part of neck of left femur,Provider SYN-50,Home,2,12264.44
SYN-E-000770,SYN-P-00162,2024-12-25,20:15,2024-12-25,Outpatient,FAC-04,Synthetic Outpatient Center,Orthopedics,M17.9,"Osteoarthritis of knee, unspecified",Provider SYN-51,Home,0,199.71
SYN-E-000771,SYN-P-00091,2024-12-26,03:00,2024-12-26,ED,FAC-03,Synthetic Community Hospital West,Emergency,S93.401A,"Sprain of unspecified ligament of ankle, initial encounter",Provider SYN-52,Home,0,3711.20
SYN-E-000772,SYN-P-00275,2024-12-26,09:15,2024-12-31,Inpatient,FAC-02,Synthetic Community Hospital East,Neurology,I63.9,"Cerebral infarction, unspecified",Provider SYN-53,Home,5,20659.55
SYN-E-000773,SYN-P-00261,2024-12-27,02:00,2024-12-27,Outpatient,FAC-04,Synthetic Outpatient Center,Cardiology,I10,Essential (primary) hypertension,Provider SYN-54,Home,0,801.80
SYN-E-000774,SYN-P-00156,2024-12-27,03:30,2024-12-27,ED,FAC-02,Synthetic Community Hospital East,Emergency,R07.9,"Chest pain, unspecified",Provider SYN-55,Home,0,2599.79
SYN-E-000775,SYN-P-00183,2024-12-27,06:15,2024-12-27,Outpatient,FAC-02,Synthetic Community Hospital East,Pulmonology,J44.9,"Chronic obstructive pulmonary disease, unspecified",Provider SYN-56,Home,0,165.90
SYN-E-000776,SYN-P-00204,2024-12-27,06:30,2024-12-31,Inpatient,FAC-01,Synthetic Regional Medical Center,Pulmonology,J44.1,Chronic obstructive pulmonary disease with acute exacerbation,Provider SYN-57,Home,4,16161.46
SYN-E-000777,SYN-P-00182,2024-12-27,17:45,2024-12-27,Outpatient,FAC-03,Synthetic Community Hospital West,Pulmonology,J44.9,"Chronic obstructive pulmonary disease, unspecified",Provider SYN-58,Home,0,251.07
SYN-E-000778,SYN-P-00070,2024-12-27,22:15,2024-12-29,Inpatient,FAC-02,Synthetic Community Hospital East,Internal Medicine,E11.65,Type 2 diabetes mellitus with hyperglycemia,Provider SYN-59,Home with Services,2,11188.61
SYN-E-000779,SYN-P-00104,2024-12-27,23:30,2024-12-30,Inpatient,FAC-01,Synthetic Regional Medical Center,Pulmonology,J44.1,Chronic obstructive pulmonary disease with acute exacerbation,Provider SYN-60,Home with Services,3,13967.34
SYN-E-000780,SYN-P-00207,2024-12-28,07:45,2024-12-30,Inpatient,FAC-02,Synthetic Community Hospital East,Internal Medicine,E11.65,Type 2 diabetes mellitus with hyperglycemia,Provider SYN-01,Home,2,12425.98
SYN-E-000781,SYN-P-00254,2024-12-30,00:15,2024-12-30,ED,FAC-01,Synthetic Regional Medical Center,Emergency,R07.9,"Chest pain, unspecified",Provider SYN-02,Home,0,3635.68
SYN-E-000782,SYN-P-00228,2024-12-30,11:00,2024-12-30,Outpatient,FAC-04,Synthetic Outpatient Center,Primary Care,Z00.00,Encounter for general adult medical examination,Provider SYN-03,Home,0,275.59
SYN-E-000783,SYN-P-00171,2024-12-31,15:45,2024-12-31,ED,FAC-02,Synthetic Community Hospital East,Emergency,S93.401A,"Sprain of unspecified ligament of ankle, initial encounter",Provider SYN-04,Transferred,0,3409.21
SYN-E-000784,SYN-P-00060,2025-01-01,00:00,2025-01-01,Outpatient,FAC-04,Synthetic Outpatient Center,Orthopedics,M17.9,"Osteoarthritis of knee, unspecified",Provider SYN-05,Home,0,171.57
SYN-E-000785,SYN-P-00221,2025-01-02,08:45,2025-01-02,Outpatient,FAC-01,Synthetic Regional Medical Center,Primary Care,E11.9,Type 2 diabetes mellitus without complications,Provider SYN-06,Home,0,388.83
SYN-E-000786,SYN-P-00129,2025-01-03,12:45,2025-01-03,Outpatient,FAC-05,Synthetic Specialty Clinic,Pulmonology,J44.9,"Chronic obstructive pulmonary disease, unspecified",Provider SYN-07,Home,0,741.99
SYN-E-000787,SYN-P-00085,2025-01-03,13:15,2025-01-03,ED,FAC-01,Synthetic Regional Medical Center,Emergency,R51.9,"Headache, unspecified",Provider SYN-08,Left Before Completion,0,2144.12
SYN-E-000788,SYN-P-00023,2025-01-04,15:45,2025-01-04,Outpatient,FAC-03,Synthetic Community Hospital West,Primary Care,Z00.00,Encounter for general adult medical examination,Provider SYN-09,Home,0,233.72
SYN-E-000789,SYN-P-00179,2025-01-05,06:00,2025-01-05,Outpatient,FAC-04,Synthetic Outpatient Center,Primary Care,I10,Essential (primary) hypertension,Provider SYN-10,Home,0,894.04
SYN-E-000790,SYN-P-00122,2025-01-06,18:00,2025-01-06,ED,FAC-01,Synthetic Regional Medical Center,Emergency,R51.9,"Headache, unspecified",Provider SYN-11,Home,0,3932.56
SYN-E-000791,SYN-P-00169,2025-01-06,19:00,2025-01-06,ED,FAC-03,Synthetic Community Hospital West,Emergency,J45.901,Unspecified asthma with (acute) exacerbation,Provider SYN-12,Home,0,1098.95
SYN-E-000792,SYN-P-00282,2025-01-07,02:45,2025-01-07,Outpatient,FAC-05,Synthetic Specialty Clinic,Primary Care,Z00.00,Encounter for general adult medical examination,Provider SYN-13,Home,0,578.56
SYN-E-000793,SYN-P-00191,2025-01-07,07:30,2025-01-11,Inpatient,FAC-02,Synthetic Community Hospital East,Pulmonology,J44.1,Chronic obstructive pulmonary disease with acute exacerbation,Provider SYN-14,Skilled Nursing Facility,4,17432.58
SYN-E-000794,SYN-P-00013,2025-01-07,13:45,2025-01-07,ED,FAC-01,Synthetic Regional Medical Center,Emergency,J45.901,Unspecified asthma with (acute) exacerbation,Provider SYN-15,Home,0,853.42
SYN-E-000795,SYN-P-00222,2025-01-08,06:00,2025-01-08,Outpatient,FAC-04,Synthetic Outpatient Center,Orthopedics,M17.9,"Osteoarthritis of knee, unspecified",Provider SYN-16,Home,0,405.04
SYN-E-000796,SYN-P-00141,2025-01-08,12:30,2025-01-08,ED,FAC-03,Synthetic Community Hospital West,Emergency,R51.9,"Headache, unspecified",Provider SYN-17,Home,0,3742.20
SYN-E-000797,SYN-P-00032,2025-01-09,02:45,2025-01-09,ED,FAC-01,Synthetic Regional Medical Center,Emergency,R10.9,Unspecified abdominal pain,Provider SYN-18,Home,0,920.05
SYN-E-000798,SYN-P-00291,2025-01-09,04:45,2025-01-09,Outpatient,FAC-04,Synthetic Outpatient Center,Endocrinology,E11.9,Type 2 diabetes mellitus without complications,Provider SYN-19,Home,0,366.80
SYN-E-000799,SYN-P-00081,2025-01-09,13:45,2025-01-11,Inpatient,FAC-01,Synthetic Regional Medical Center,Cardiology,I48.91,Unspecified atrial fibrillation,Provider SYN-20,Home,2,12378.55
SYN-E-000800,SYN-P-00195,2025-01-09,18:30,2025-01-10,Inpatient,FAC-01,Synthetic Regional Medical Center,Nephrology,N17.9,"Acute kidney failure, unspecified",Provider SYN-21,Home,1,11376.95
SYN-E-000801,SYN-P-00281,2025-01-10,13:30,2025-01-11,Inpatient,FAC-02,Synthetic Community Hospital East,Internal Medicine,E11.65,Type 2 diabetes mellitus with hyperglycemia,Provider SYN-22,Home,1,10209.65
SYN-E-000802,SYN-P-00080,2025-01-10,14:00,2025-01-10,Outpatient,FAC-05,Synthetic Specialty Clinic,Primary Care,E11.9,Type 2 diabetes mellitus without complications,Provider SYN-23,Home,0,623.16
SYN-E-000803,SYN-P-00263,2025-01-10,16:45,2025-01-10,Outpatient,FAC-04,Synthetic Outpatient Center,Cardiology,I10,Essential (primary) hypertension,Provider SYN-24,Home,0,453.51
SYN-E-000804,SYN-P-00006,2025-01-11,18:15,2025-01-11,Outpatient,FAC-05,Synthetic Specialty Clinic,Cardiology,I10,Essential (primary) hypertension,Provider SYN-25,Home,0,524.43
SYN-E-000805,SYN-P-00211,2025-01-12,04:45,2025-01-12,Outpatient,FAC-04,Synthetic Outpatient Center,Endocrinology,E11.9,Type 2 diabetes mellitus without complications,Provider SYN-26,Home,0,827.14
SYN-E-000806,SYN-P-00186,2025-01-12,07:15,2025-01-12,Outpatient,FAC-04,Synthetic Outpatient Center,Pulmonology,J44.9,"Chronic obstructive pulmonary disease, unspecified",Provider SYN-27,Home,0,265.59
SYN-E-000807,SYN-P-00062,2025-01-12,18:15,2025-01-12,Outpatient,FAC-05,Synthetic Specialty Clinic,Endocrinology,E11.9,Type 2 diabetes mellitus without complications,Provider SYN-28,Home,0,401.42
SYN-E-000808,SYN-P-00134,2025-01-13,11:30,2025-01-13,Outpatient,FAC-05,Synthetic Specialty Clinic,Primary Care,Z00.00,Encounter for general adult medical examination,Provider SYN-29,Home,0,628.47
SYN-E-000809,SYN-P-00027,2025-01-13,21:15,2025-01-22,Inpatient,FAC-03,Synthetic Community Hospital West,Pulmonology,J44.1,Chronic obstructive pulmonary disease with acute exacerbation,Provider SYN-30,Home,9,29819.41
SYN-E-000810,SYN-P-00016,2025-01-13,21:30,2025-01-13,Outpatient,FAC-04,Synthetic Outpatient Center,Orthopedics,M17.9,"Osteoarthritis of knee, unspecified",Provider SYN-31,Home,0,205.37
SYN-E-000811,SYN-P-00056,2025-01-14,05:30,2025-01-15,Observation,FAC-03,Synthetic Community Hospital West,Internal Medicine,R55,Syncope and collapse,Provider SYN-32,Home,1,2137.99
SYN-E-000812,SYN-P-00048,2025-01-14,07:15,2025-01-14,Outpatient,FAC-03,Synthetic Community Hospital West,Orthopedics,M17.9,"Osteoarthritis of knee, unspecified",Provider SYN-33,Home,0,890.79
SYN-E-000813,SYN-P-00138,2025-01-15,04:15,2025-01-15,Outpatient,FAC-05,Synthetic Specialty Clinic,Primary Care,E11.9,Type 2 diabetes mellitus without complications,Provider SYN-34,Home,0,510.74
SYN-E-000814,SYN-P-00044,2025-01-15,13:30,2025-01-15,ED,FAC-01,Synthetic Regional Medical Center,Emergency,J45.901,Unspecified asthma with (acute) exacerbation,Provider SYN-35,Home,0,2367.48
SYN-E-000815,SYN-P-00196,2025-01-16,06:45,2025-01-18,Inpatient,FAC-03,Synthetic Community Hospital West,Cardiology,I50.9,"Heart failure, unspecified",Provider SYN-36,Home,2,11063.39
SYN-E-000816,SYN-P-00004,2025-01-17,07:30,2025-01-17,ED,FAC-01,Synthetic Regional Medical Center,Emergency,R07.9,"Chest pain, unspecified",Provider SYN-37,Left Before Completion,0,3866.23
SYN-E-000817,SYN-P-00280,2025-01-17,12:15,2025-01-17,Outpatient,FAC-01,Synthetic Regional Medical Center,Endocrinology,E11.9,Type 2 diabetes mellitus without complications,Provider SYN-38,Home,0,315.22
SYN-E-000818,SYN-P-00017,2025-01-18,00:15,2025-01-18,Outpatient,FAC-04,Synthetic Outpatient Center,Primary Care,Z00.00,Encounter for general adult medical examination,Provider SYN-39,Home,0,834.67
SYN-E-000819,SYN-P-00194,2025-01-18,10:00,2025-01-23,Inpatient,FAC-02,Synthetic Community Hospital East,Orthopedics,S72.002A,Fracture of unspecified part of neck of left femur,Provider SYN-40,Home,5,19395.70
SYN-E-000820,SYN-P-00037,2025-01-18,12:45,2025-01-21,Inpatient,FAC-01,Synthetic Regional Medical Center,Cardiology,I50.9,"Heart failure, unspecified",Provider SYN-41,Home,3,14167.20
SYN-E-000821,SYN-P-00185,2025-01-19,13:00,2025-01-19,Outpatient,FAC-05,Synthetic Specialty Clinic,Endocrinology,E11.9,Type 2 diabetes mellitus without complications,Provider SYN-42,Home,0,190.93
SYN-E-000822,SYN-P-00203,2025-01-20,03:15,2025-01-20,Outpatient,FAC-04,Synthetic Outpatient Center,Pulmonology,J44.9,"Chronic obstructive pulmonary disease, unspecified",Provider SYN-43,Home,0,206.06
SYN-E-000823,SYN-P-00164,2025-01-21,12:15,2025-01-21,Outpatient,FAC-01,Synthetic Regional Medical Center,Pulmonology,J44.9,"Chronic obstructive pulmonary disease, unspecified",Provider SYN-44,Home,0,288.12
SYN-E-000824,SYN-P-00272,2025-01-21,15:45,2025-01-21,Outpatient,FAC-04,Synthetic Outpatient Center,Cardiology,I10,Essential (primary) hypertension,Provider SYN-45,Home,0,297.26
SYN-E-000825,SYN-P-00028,2025-01-21,19:30,2025-01-21,Outpatient,FAC-04,Synthetic Outpatient Center,Primary Care,I10,Essential (primary) hypertension,Provider SYN-46,Home,0,894.10
SYN-E-000826,SYN-P-00223,2025-01-22,23:30,2025-01-25,Inpatient,FAC-02,Synthetic Community Hospital East,Cardiology,I50.9,"Heart failure, unspecified",Provider SYN-47,Home,3,15861.55
SYN-E-000827,SYN-P-00022,2025-01-23,03:45,2025-01-26,Inpatient,FAC-03,Synthetic Community Hospital West,Nephrology,N17.9,"Acute kidney failure, unspecified",Provider SYN-48,Home,3,14182.67
SYN-E-000828,SYN-P-00220,2025-01-23,10:45,2025-01-23,Outpatient,FAC-02,Synthetic Community Hospital East,Orthopedics,M17.9,"Osteoarthritis of knee, unspecified",Provider SYN-49,Home,0,193.60
SYN-E-000829,SYN-P-00014,2025-01-23,12:00,2025-01-23,Outpatient,FAC-05,Synthetic Specialty Clinic,Cardiology,I10,Essential (primary) hypertension,Provider SYN-50,Home,0,165.42
SYN-E-000830,SYN-P-00225,2025-01-25,06:30,2025-01-26,Observation,FAC-01,Synthetic Regional Medical Center,Cardiology,R07.9,"Chest pain, unspecified",Provider SYN-51,Home,1,3201.60
SYN-E-000831,SYN-P-00127,2025-01-25,16:00,2025-01-25,Outpatient,FAC-01,Synthetic Regional Medical Center,Primary Care,I10,Essential (primary) hypertension,Provider SYN-52,Home,0,860.47
SYN-E-000832,SYN-P-00125,2025-01-25,22:15,2025-01-25,Outpatient,FAC-04,Synthetic Outpatient Center,Orthopedics,M17.9,"Osteoarthritis of knee, unspecified",Provider SYN-53,Home,0,315.84
SYN-E-000833,SYN-P-00285,2025-01-26,00:30,2025-01-26,Outpatient,FAC-05,Synthetic Specialty Clinic,Orthopedics,M17.9,"Osteoarthritis of knee, unspecified",Provider SYN-54,Home,0,667.31
SYN-E-000834,SYN-P-00120,2025-01-26,04:30,2025-01-26,ED,FAC-03,Synthetic Community Hospital West,Emergency,J45.901,Unspecified asthma with (acute) exacerbation,Provider SYN-55,Home,0,3567.83
SYN-E-000835,SYN-P-00111,2025-01-26,06:00,2025-01-26,ED,FAC-01,Synthetic Regional Medical Center,Emergency,R51.9,"Headache, unspecified",Provider SYN-56,Home,0,3779.62
SYN-E-000836,SYN-P-00065,2025-01-26,07:45,2025-01-28,Inpatient,FAC-02,Synthetic Community Hospital East,Neurology,I63.9,"Cerebral infarction, unspecified",Provider SYN-57,Home,2,13482.80
SYN-E-000837,SYN-P-00213,2025-01-27,09:00,2025-02-08,Inpatient,FAC-01,Synthetic Regional Medical Center,Orthopedics,S72.002A,Fracture of unspecified part of neck of left femur,Provider SYN-58,Home,12,38292.06
SYN-E-000838,SYN-P-00079,2025-01-28,22:15,2025-01-28,Observation,FAC-03,Synthetic Community Hospital West,Internal Medicine,R55,Syncope and collapse,Provider SYN-59,Home,0,4943.49
SYN-E-000839,SYN-P-00176,2025-01-28,22:45,2025-01-28,ED,FAC-02,Synthetic Community Hospital East,Emergency,S93.401A,"Sprain of unspecified ligament of ankle, initial encounter",Provider SYN-60,Home,0,1205.77
SYN-E-000840,SYN-P-00239,2025-01-29,03:45,2025-02-03,Inpatient,FAC-03,Synthetic Community Hospital West,Internal Medicine,E11.65,Type 2 diabetes mellitus with hyperglycemia,Provider SYN-01,Home,5,20797.02
SYN-E-000841,SYN-P-00237,2025-01-29,15:30,2025-01-31,Inpatient,FAC-03,Synthetic Community Hospital West,Internal Medicine,E11.65,Type 2 diabetes mellitus with hyperglycemia,Provider SYN-02,Home with Services,2,13711.17
SYN-E-000842,SYN-P-00226,2025-01-29,19:30,2025-01-29,ED,FAC-03,Synthetic Community Hospital West,Emergency,J45.901,Unspecified asthma with (acute) exacerbation,Provider SYN-03,Home,0,2915.90
SYN-E-000843,SYN-P-00090,2025-01-29,22:45,2025-01-29,ED,FAC-01,Synthetic Regional Medical Center,Emergency,J45.901,Unspecified asthma with (acute) exacerbation,Provider SYN-04,Home,0,2866.72
SYN-E-000844,SYN-P-00215,2025-01-29,23:00,2025-01-29,Outpatient,FAC-04,Synthetic Outpatient Center,Cardiology,I10,Essential (primary) hypertension,Provider SYN-05,Home,0,314.20
SYN-E-000845,SYN-P-00251,2025-01-30,04:15,2025-01-30,Outpatient,FAC-02,Synthetic Community Hospital East,Orthopedics,M17.9,"Osteoarthritis of knee, unspecified",Provider SYN-06,Home,0,590.91
SYN-E-000846,SYN-P-00039,2025-01-30,15:00,2025-01-30,Observation,FAC-02,Synthetic Community Hospital East,Cardiology,R07.9,"Chest pain, unspecified",Provider SYN-07,Home,0,2722.67
SYN-E-000847,SYN-P-00030,2025-01-31,08:00,2025-01-31,Outpatient,FAC-03,Synthetic Community Hospital West,Endocrinology,E11.9,Type 2 diabetes mellitus without complications,Provider SYN-08,Home,0,294.64
SYN-E-000848,SYN-P-00140,2025-01-31,19:15,2025-02-04,Inpatient,FAC-02,Synthetic Community Hospital East,Orthopedics,S72.002A,Fracture of unspecified part of neck of left femur,Provider SYN-09,Home,4,16595.49
SYN-E-000849,SYN-P-00123,2025-01-31,23:45,2025-02-03,Inpatient,FAC-03,Synthetic Community Hospital West,Orthopedics,S72.002A,Fracture of unspecified part of neck of left femur,Provider SYN-10,Home,3,15565.16
SYN-E-000850,SYN-P-00050,2025-02-01,05:00,2025-02-01,Outpatient,FAC-05,Synthetic Specialty Clinic,Primary Care,Z00.00,Encounter for general adult medical examination,Provider SYN-11,Home,0,841.63
SYN-E-000851,SYN-P-00150,2025-02-01,06:00,2025-02-01,Outpatient,FAC-04,Synthetic Outpatient Center,Primary Care,Z00.00,Encounter for general adult medical examination,Provider SYN-12,Home,0,252.01
SYN-E-000852,SYN-P-00116,2025-02-02,08:15,2025-02-02,Outpatient,FAC-04,Synthetic Outpatient Center,Primary Care,Z00.00,Encounter for general adult medical examination,Provider SYN-13,Home,0,542.66
SYN-E-000853,SYN-P-00242,2024-12-12,10:30,2024-12-12,Outpatient,FAC-01,Synthetic Regional Medical Center,Cardiology,I10,Essential (primary) hypertension,Provider SYN-14,Home,0,567.05
SYN-E-000854,SYN-P-00212,2025-02-02,14:00,2025-02-02,Outpatient,FAC-05,Synthetic Specialty Clinic,Pulmonology,J44.9,"Chronic obstructive pulmonary disease, unspecified",Provider SYN-15,Home,0,243.00
SYN-E-000855,SYN-P-00197,2025-02-02,16:00,2025-02-03,Observation,FAC-01,Synthetic Regional Medical Center,Cardiology,R07.9,"Chest pain, unspecified",Provider SYN-16,Home,1,4548.28
SYN-E-000856,SYN-P-00257,2025-02-03,04:45,2025-02-09,Inpatient,FAC-02,Synthetic Community Hospital East,Nephrology,N17.9,"Acute kidney failure, unspecified",Provider SYN-17,Home,6,22160.85
SYN-E-000857,SYN-P-00112,2025-02-03,05:00,2025-02-03,Outpatient,FAC-02,Synthetic Community Hospital East,Orthopedics,M17.9,"Osteoarthritis of knee, unspecified",Provider SYN-18,Home,0,185.81
SYN-E-000858,SYN-P-00148,2025-02-03,07:00,2025-02-03,Outpatient,FAC-04,Synthetic Outpatient Center,Orthopedics,M17.9,"Osteoarthritis of knee, unspecified",Provider SYN-19,Home,0,838.46
SYN-E-000859,SYN-P-00086,2025-02-03,18:00,2025-02-03,Outpatient,FAC-04,Synthetic Outpatient Center,Primary Care,Z00.00,Encounter for general adult medical examination,Provider SYN-20,Home,0,201.00
SYN-E-000860,SYN-P-00252,2025-02-04,02:30,2025-02-04,Outpatient,FAC-04,Synthetic Outpatient Center,Primary Care,I10,Essential (primary) hypertension,Provider SYN-21,Home,0,530.41
SYN-E-000861,SYN-P-00244,2025-02-05,09:15,2025-02-05,Outpatient,FAC-05,Synthetic Specialty Clinic,Primary Care,Z00.00,Encounter for general adult medical examination,Provider SYN-22,Home,0,731.86
SYN-E-000862,SYN-P-00188,2025-02-06,05:45,2025-02-06,Outpatient,FAC-05,Synthetic Specialty Clinic,Primary Care,Z00.00,Encounter for general adult medical examination,Provider SYN-23,Home,0,285.52
SYN-E-000863,SYN-P-00223,2025-02-06,07:30,2025-02-07,Inpatient,FAC-01,Synthetic Regional Medical Center,Cardiology,I50.9,"Heart failure, unspecified",Provider SYN-24,Home,1,10937.86
SYN-E-000864,SYN-P-00268,2025-02-06,21:45,2025-02-06,Outpatient,FAC-04,Synthetic Outpatient Center,Primary Care,I10,Essential (primary) hypertension,Provider SYN-25,Home,0,641.74
SYN-E-000865,SYN-P-00067,2025-02-07,18:15,2025-02-07,Outpatient,FAC-05,Synthetic Specialty Clinic,Orthopedics,M17.9,"Osteoarthritis of knee, unspecified",Provider SYN-26,Home,0,301.90
SYN-E-000866,SYN-P-00202,2025-02-07,18:45,2025-02-07,Outpatient,FAC-04,Synthetic Outpatient Center,Endocrinology,E11.9,Type 2 diabetes mellitus without complications,Provider SYN-27,Home,0,
SYN-E-000867,SYN-P-00073,2025-02-07,19:15,2025-02-07,Outpatient,FAC-05,Synthetic Specialty Clinic,Cardiology,I10,Essential (primary) hypertension,Provider SYN-28,Home,0,277.25
SYN-E-000868,SYN-P-00005,2025-02-07,22:30,2025-02-07,Outpatient,FAC-01,Synthetic Regional Medical Center,Pulmonology,J44.9,"Chronic obstructive pulmonary disease, unspecified",Provider SYN-29,Home,0,448.59
SYN-E-000869,SYN-P-00024,2025-02-08,06:30,2025-02-09,Inpatient,FAC-02,Synthetic Community Hospital East,Neurology,I63.9,"Cerebral infarction, unspecified",Provider SYN-30,Home,1,9076.40
SYN-E-000870,SYN-P-00179,2025-02-08,11:15,2025-02-08,ED,FAC-01,Synthetic Regional Medical Center,Emergency,S93.401A,"Sprain of unspecified ligament of ankle, initial encounter",Provider SYN-31,Home,0,2908.74
SYN-E-000871,SYN-P-00174,2025-02-08,17:15,2025-02-08,Outpatient,FAC-02,Synthetic Community Hospital East,Primary Care,Z00.00,Encounter for general adult medical examination,Provider SYN-32,Home,0,834.17
SYN-E-000872,SYN-P-00158,2025-02-08,20:00,2025-02-08,Outpatient,FAC-05,Synthetic Specialty Clinic,Orthopedics,M17.9,"Osteoarthritis of knee, unspecified",Provider SYN-33,Home,0,351.65
SYN-E-000873,SYN-P-00186,2025-02-09,09:00,2025-02-09,ED,FAC-02,Synthetic Community Hospital East,Emergency,R10.9,Unspecified abdominal pain,Provider SYN-34,Home,0,2318.79
SYN-E-000874,SYN-P-00122,2025-02-10,03:15,2025-02-10,Outpatient,FAC-04,Synthetic Outpatient Center,Orthopedics,M17.9,"Osteoarthritis of knee, unspecified",Provider SYN-35,Home,0,621.87
SYN-E-000875,SYN-P-00260,2025-02-10,07:30,2025-02-10,Outpatient,FAC-04,Synthetic Outpatient Center,Pulmonology,J44.9,"Chronic obstructive pulmonary disease, unspecified",Provider SYN-36,Home,0,0.00
SYN-E-000876,SYN-P-00172,2025-02-11,07:00,2025-02-11,ED,FAC-01,Synthetic Regional Medical Center,Emergency,J45.901,Unspecified asthma with (acute) exacerbation,Provider SYN-37,Home,0,3797.58
SYN-E-000877,SYN-P-00286,2025-02-11,10:00,2025-02-11,ED,FAC-02,Synthetic Community Hospital East,Emergency,J45.901,Unspecified asthma with (acute) exacerbation,Provider SYN-38,Home,0,1800.01
SYN-E-000878,SYN-P-00255,2025-02-11,14:00,2025-02-11,ED,FAC-03,Synthetic Community Hospital West,Emergency,S93.401A,"Sprain of unspecified ligament of ankle, initial encounter",Provider SYN-39,Home,0,2727.24
SYN-E-000879,SYN-P-00289,2025-02-11,18:45,2025-02-12,Inpatient,FAC-01,Synthetic Regional Medical Center,Neurology,I63.9,"Cerebral infarction, unspecified",Provider SYN-40,Home with Services,1,10441.05
SYN-E-000880,SYN-P-00075,2025-02-12,02:30,2025-02-12,ED,FAC-03,Synthetic Community Hospital West,Emergency,S93.401A,"Sprain of unspecified ligament of ankle, initial encounter",Provider SYN-41,Home,0,1407.50
SYN-E-000881,SYN-P-00166,2025-02-12,03:00,2025-02-13,Inpatient,FAC-01,Synthetic Regional Medical Center,Internal Medicine,E11.65,Type 2 diabetes mellitus with hyperglycemia,Provider SYN-42,Transferred,1,9843.66
SYN-E-000882,SYN-P-00264,2025-02-12,03:15,2025-02-12,Outpatient,FAC-05,Synthetic Specialty Clinic,Primary Care,I10,Essential (primary) hypertension,Provider SYN-43,Home,0,527.95
SYN-E-000883,SYN-P-00105,2025-02-12,10:15,2025-02-12,Outpatient,FAC-04,Synthetic Outpatient Center,Pulmonology,J44.9,"Chronic obstructive pulmonary disease, unspecified",Provider SYN-44,Home,0,558.96
SYN-E-000884,SYN-P-00235,2025-02-12,23:00,2025-02-12,ED,FAC-02,Synthetic Community Hospital East,Emergency,R10.9,Unspecified abdominal pain,Provider SYN-45,Home,0,3344.80
SYN-E-000885,SYN-P-00118,2025-02-12,23:30,2025-02-12,Outpatient,FAC-04,Synthetic Outpatient Center,Primary Care,E11.9,Type 2 diabetes mellitus without complications,Provider SYN-46,Home,0,631.56
SYN-E-000886,SYN-P-00144,2025-02-12,23:30,2025-02-12,Outpatient,FAC-04,Synthetic Outpatient Center,Endocrinology,E11.9,Type 2 diabetes mellitus without complications,Provider SYN-47,Home,0,495.71
SYN-E-000887,SYN-P-00262,2025-02-13,02:45,2025-02-13,Outpatient,FAC-05,Synthetic Specialty Clinic,Primary Care,I10,Essential (primary) hypertension,Provider SYN-48,Home,0,629.74
SYN-E-000888,SYN-P-00288,2025-02-13,07:15,2025-02-16,Inpatient,FAC-03,Synthetic Community Hospital West,Internal Medicine,E11.65,Type 2 diabetes mellitus with hyperglycemia,Provider SYN-49,Home,3,15451.03
SYN-E-000889,SYN-P-00276,2025-02-13,13:30,2025-02-15,Inpatient,FAC-02,Synthetic Community Hospital East,Internal Medicine,E11.65,Type 2 diabetes mellitus with hyperglycemia,Provider SYN-50,Skilled Nursing Facility,2,13717.46
SYN-E-000890,SYN-P-00038,2025-02-13,14:30,2025-02-13,ED,FAC-02,Synthetic Community Hospital East,Emergency,R51.9,"Headache, unspecified",Provider SYN-51,Home,0,2502.73
SYN-E-000891,SYN-P-00062,2025-02-14,02:15,2025-02-14,Observation,FAC-01,Synthetic Regional Medical Center,Cardiology,R07.9,"Chest pain, unspecified",Provider SYN-52,Home,0,5459.64
SYN-E-000892,SYN-P-00211,2025-02-16,20:15,2025-02-16,ED,FAC-03,Synthetic Community Hospital West,Emergency,R07.9,"Chest pain, unspecified",Provider SYN-53,Home,0,3505.62
SYN-E-000893,SYN-P-00245,2025-02-17,00:15,2025-02-17,Outpatient,FAC-05,Synthetic Specialty Clinic,Orthopedics,M17.9,"Osteoarthritis of knee, unspecified",Provider SYN-54,Home,0,567.49
SYN-E-000894,SYN-P-00045,2025-02-17,00:45,2025-02-20,Inpatient,FAC-02,Synthetic Community Hospital East,Pulmonology,J44.1,Chronic obstructive pulmonary disease with acute exacerbation,Provider SYN-55,Home,3,15319.54
SYN-E-000895,SYN-P-00196,2025-02-17,06:45,2025-02-17,Outpatient,FAC-04,Synthetic Outpatient Center,Primary Care,E11.9,Type 2 diabetes mellitus without complications,Provider SYN-56,Home,0,353.44
SYN-E-000896,SYN-P-00159,2025-02-17,20:45,2025-02-17,Outpatient,FAC-03,Synthetic Community Hospital West,Cardiology,I10,Essential (primary) hypertension,Provider SYN-57,Home,0,171.92
SYN-E-000897,SYN-P-00229,2025-02-18,01:30,2025-02-18,Observation,FAC-03,Synthetic Community Hospital West,Internal Medicine,R55,Syncope and collapse,Provider SYN-58,Home,0,4964.63
SYN-E-000898,SYN-P-00224,2025-02-18,06:45,2025-02-18,Outpatient,FAC-04,Synthetic Outpatient Center,Orthopedics,M17.9,"Osteoarthritis of knee, unspecified",Provider SYN-59,Home,0,169.68
SYN-E-000899,SYN-P-00029,2025-02-18,07:30,2025-02-18,Outpatient,FAC-05,Synthetic Specialty Clinic,Endocrinology,E11.9,Type 2 diabetes mellitus without complications,Provider SYN-60,Home,0,556.84
SYN-E-000900,SYN-P-00253,2025-02-18,10:30,2025-02-18,ED,FAC-01,Synthetic Regional Medical Center,Emergency,S93.401A,"Sprain of unspecified ligament of ankle, initial encounter",Provider SYN-01,Home,0,3907.84
SYN-E-000901,SYN-P-00037,2025-02-19,02:00,2025-02-20,Inpatient,FAC-02,Synthetic Community Hospital East,Cardiology,I48.91,Unspecified atrial fibrillation,Provider SYN-02,Transferred,1,10918.85
SYN-E-000902,SYN-P-00157,2025-02-20,20:15,2025-02-20,Outpatient,FAC-05,Synthetic Specialty Clinic,Endocrinology,E11.9,Type 2 diabetes mellitus without complications,Provider SYN-03,Home,0,438.96
SYN-E-000903,SYN-P-00156,2025-02-21,06:00,2025-02-21,Observation,FAC-02,Synthetic Community Hospital East,Cardiology,R07.9,"Chest pain, unspecified",Provider SYN-04,Home,0,4230.08
SYN-E-000904,SYN-P-00073,2025-02-21,15:00,2025-02-21,Outpatient,FAC-05,Synthetic Specialty Clinic,Orthopedics,M17.9,"Osteoarthritis of knee, unspecified",Provider SYN-05,Home,0,393.45
SYN-E-000905,SYN-P-00108,2025-02-22,04:00,2025-02-22,ED,FAC-02,Synthetic Community Hospital East,Emergency,R51.9,"Headache, unspecified",Provider SYN-06,Transferred,0,1824.99
SYN-E-000906,SYN-P-00066,2025-02-22,10:45,2025-02-22,Outpatient,FAC-04,Synthetic Outpatient Center,Primary Care,E11.9,Type 2 diabetes mellitus without complications,Provider SYN-07,Home,0,803.57
SYN-E-000907,SYN-P-00203,2025-02-23,02:00,2025-02-23,ED,FAC-03,Synthetic Community Hospital West,Emergency,R07.9,"Chest pain, unspecified",Provider SYN-08,Home,0,3346.13
SYN-E-000908,SYN-P-00012,2025-02-23,10:15,2025-02-26,Inpatient,FAC-01,Synthetic Regional Medical Center,Internal Medicine,E11.65,Type 2 diabetes mellitus with hyperglycemia,Provider SYN-09,Home,3,13755.25
SYN-E-000909,SYN-P-00095,2025-02-23,10:15,2025-02-24,Observation,FAC-03,Synthetic Community Hospital West,Cardiology,R07.9,"Chest pain, unspecified",Provider SYN-10,Home,1,5575.82
SYN-E-000910,SYN-P-00216,2025-02-23,17:15,2025-02-23,Observation,FAC-01,Synthetic Regional Medical Center,Cardiology,R07.9,"Chest pain, unspecified",Provider SYN-11,Home,0,5914.14
SYN-E-000911,SYN-P-00283,2025-02-24,16:00,2025-02-27,Inpatient,FAC-03,Synthetic Community Hospital West,Cardiology,I48.91,Unspecified atrial fibrillation,Provider SYN-12,Skilled Nursing Facility,3,16107.14
SYN-E-000912,SYN-P-00194,2025-02-25,09:00,2025-02-25,Outpatient,FAC-04,Synthetic Outpatient Center,Primary Care,I10,Essential (primary) hypertension,Provider SYN-13,Home,0,714.52
SYN-E-000913,SYN-P-00231,2025-02-26,10:15,2025-03-03,Inpatient,FAC-01,Synthetic Regional Medical Center,Cardiology,I50.9,"Heart failure, unspecified",Provider SYN-14,Home,5,21254.44
SYN-E-000914,SYN-P-00176,2025-02-27,14:45,2025-02-27,Outpatient,FAC-05,Synthetic Specialty Clinic,Orthopedics,M17.9,"Osteoarthritis of knee, unspecified",Provider SYN-15,Home,0,548.41
SYN-E-000915,SYN-P-00244,2025-02-28,01:15,2025-02-28,Outpatient,FAC-05,Synthetic Specialty Clinic,Primary Care,E11.9,Type 2 diabetes mellitus without complications,Provider SYN-16,Home,0,441.30
SYN-E-000916,SYN-P-00250,2025-02-28,10:15,2025-03-09,Inpatient,FAC-02,Synthetic Community Hospital East,Internal Medicine,E11.65,Type 2 diabetes mellitus with hyperglycemia,Provider SYN-17,Home,9,29947.89
SYN-E-000917,SYN-P-00081,2025-02-28,14:15,2025-02-28,Outpatient,FAC-01,Synthetic Regional Medical Center,Orthopedics,M17.9,"Osteoarthritis of knee, unspecified",Provider SYN-18,Home,0,634.55
SYN-E-000918,SYN-P-00041,2025-02-28,15:00,2025-02-28,Outpatient,FAC-03,Synthetic Community Hospital West,Primary Care,Z00.00,Encounter for general adult medical examination,Provider SYN-19,Home,0,163.05
SYN-E-000919,SYN-P-00200,2025-02-28,21:00,2025-02-28,Outpatient,FAC-05,Synthetic Specialty Clinic,Cardiology,I10,Essential (primary) hypertension,Provider SYN-20,Home,0,390.49
SYN-E-000920,SYN-P-00295,2025-03-01,13:45,2025-03-01,Outpatient,FAC-05,Synthetic Specialty Clinic,Cardiology,I10,Essential (primary) hypertension,Provider SYN-21,Home,0,343.30
SYN-E-000921,SYN-P-00293,2025-03-01,18:45,2025-03-01,Outpatient,FAC-04,Synthetic Outpatient Center,Primary Care,Z00.00,Encounter for general adult medical examination,Provider SYN-22,Home,0,187.69
SYN-E-000922,SYN-P-00251,2025-03-01,19:45,2025-03-01,Outpatient,FAC-04,Synthetic Outpatient Center,Orthopedics,M17.9,"Osteoarthritis of knee, unspecified",Provider SYN-23,Home,0,206.58
SYN-E-000923,SYN-P-00042,2025-03-02,03:30,2025-03-02,Outpatient,FAC-05,Synthetic Specialty Clinic,Orthopedics,M17.9,"Osteoarthritis of knee, unspecified",Provider SYN-24,Home,0,172.82
SYN-E-000924,SYN-P-00178,2025-03-03,22:30,2025-03-03,Outpatient,FAC-05,Synthetic Specialty Clinic,Endocrinology,E11.9,Type 2 diabetes mellitus without complications,Provider SYN-25,Home,0,845.38
SYN-E-000925,SYN-P-00072,2025-03-04,08:30,2025-03-04,Outpatient,FAC-05,Synthetic Specialty Clinic,Cardiology,I10,Essential (primary) hypertension,Provider SYN-26,Home,0,845.34
SYN-E-000926,SYN-P-00170,2025-03-05,08:45,2025-03-06,Inpatient,FAC-03,Synthetic Community Hospital West,Nephrology,N17.9,"Acute kidney failure, unspecified",Provider SYN-27,Home,1,11269.13
SYN-E-000927,SYN-P-00162,2025-03-06,00:45,2025-03-12,Inpatient,FAC-03,Synthetic Community Hospital West,Pulmonology,J44.1,Chronic obstructive pulmonary disease with acute exacerbation,Provider SYN-28,Home,6,23638.60
SYN-E-000928,SYN-P-00139,2025-03-07,15:15,2025-03-07,Outpatient,FAC-05,Synthetic Specialty Clinic,Pulmonology,J44.9,"Chronic obstructive pulmonary disease, unspecified",Provider SYN-29,Home,0,745.69
SYN-E-000929,SYN-P-00273,2025-03-07,17:15,2025-03-07,Outpatient,FAC-05,Synthetic Specialty Clinic,Endocrinology,E11.9,Type 2 diabetes mellitus without complications,Provider SYN-30,Home,0,816.37
SYN-E-000930,SYN-P-00092,2025-03-08,15:15,2025-03-09,Inpatient,FAC-03,Synthetic Community Hospital West,Orthopedics,S72.002A,Fracture of unspecified part of neck of left femur,Provider SYN-31,Home,1,9367.83
SYN-E-000931,SYN-P-00241,2025-03-08,20:45,2025-03-08,Outpatient,FAC-04,Synthetic Outpatient Center,Orthopedics,M17.9,"Osteoarthritis of knee, unspecified",Provider SYN-32,Home,0,724.92
SYN-E-000932,SYN-P-00106,2025-03-09,11:15,2025-03-09,Outpatient,FAC-01,Synthetic Regional Medical Center,Pulmonology,J44.9,"Chronic obstructive pulmonary disease, unspecified",Provider SYN-33,Home,0,323.58
SYN-E-000933,SYN-P-00210,2025-03-09,21:00,2025-03-12,Inpatient,FAC-03,Synthetic Community Hospital West,Nephrology,N17.9,"Acute kidney failure, unspecified",Provider SYN-34,Home with Services,3,13858.51
SYN-E-000934,SYN-P-00026,2025-03-10,17:45,2025-03-10,Outpatient,FAC-02,Synthetic Community Hospital East,Orthopedics,M17.9,"Osteoarthritis of knee, unspecified",Provider SYN-35,Home,0,692.62
SYN-E-000935,SYN-P-00129,2025-03-11,01:45,2025-03-12,Inpatient,FAC-03,Synthetic Community Hospital West,Orthopedics,S72.002A,Fracture of unspecified part of neck of left femur,Provider SYN-36,Skilled Nursing Facility,1,9700.94
SYN-E-000936,SYN-P-00014,2025-03-11,05:30,2025-03-11,Outpatient,FAC-05,Synthetic Specialty Clinic,Pulmonology,J44.9,"Chronic obstructive pulmonary disease, unspecified",Provider SYN-37,Home,0,404.44
SYN-E-000937,SYN-P-00052,2025-03-11,08:15,2025-03-11,Outpatient,FAC-01,Synthetic Regional Medical Center,Endocrinology,E11.9,Type 2 diabetes mellitus without complications,Provider SYN-38,Home,0,690.52
SYN-E-000938,SYN-P-00076,2025-03-12,03:30,2025-03-12,Outpatient,FAC-02,Synthetic Community Hospital East,Orthopedics,M17.9,"Osteoarthritis of knee, unspecified",Provider SYN-39,Home,0,373.01
SYN-E-000939,SYN-P-00268,2025-03-12,07:00,2025-03-12,ED,FAC-01,Synthetic Regional Medical Center,Emergency,J45.901,Unspecified asthma with (acute) exacerbation,Provider SYN-40,Home,0,1773.53
SYN-E-000940,SYN-P-00143,2025-03-12,08:30,2025-03-12,Outpatient,FAC-04,Synthetic Outpatient Center,Primary Care,I10,Essential (primary) hypertension,Provider SYN-41,Home,0,643.57
SYN-E-000941,SYN-P-00243,2025-03-12,12:15,2025-03-12,Outpatient,FAC-05,Synthetic Specialty Clinic,Cardiology,I10,Essential (primary) hypertension,Provider SYN-42,Home,0,274.71
SYN-E-000942,SYN-P-00054,2025-03-14,00:00,2025-03-14,Observation,FAC-03,Synthetic Community Hospital West,Cardiology,R07.9,"Chest pain, unspecified",Provider SYN-43,Home,0,5523.45
SYN-E-000943,SYN-P-00011,2025-03-14,15:30,2025-03-14,ED,FAC-03,Synthetic Community Hospital West,Emergency,J45.901,Unspecified asthma with (acute) exacerbation,Provider SYN-44,Home,0,824.32
SYN-E-000944,SYN-P-00132,2025-03-14,16:45,2025-03-14,Outpatient,FAC-02,Synthetic Community Hospital East,Orthopedics,M17.9,"Osteoarthritis of knee, unspecified",Provider SYN-45,Home,0,612.36
SYN-E-000945,SYN-P-00028,2025-03-14,17:30,2025-03-14,Outpatient,FAC-05,Synthetic Specialty Clinic,Pulmonology,J44.9,"Chronic obstructive pulmonary disease, unspecified",Provider SYN-46,Home,0,853.66
SYN-E-000946,SYN-P-00236,2025-03-14,18:45,2025-03-16,Inpatient,FAC-03,Synthetic Community Hospital West,Cardiology,I50.9,"Heart failure, unspecified",Provider SYN-47,Home,2,11396.44
SYN-E-000947,SYN-P-00021,2025-03-15,02:00,2025-03-15,ED,FAC-03,Synthetic Community Hospital West,Emergency,R51.9,"Headache, unspecified",Provider SYN-48,Home,0,1905.14
SYN-E-000948,SYN-P-00144,2025-03-15,18:30,2025-03-15,ED,FAC-01,Synthetic Regional Medical Center,Emergency,R51.9,"Headache, unspecified",Provider SYN-49,Home,0,1787.61
SYN-E-000949,SYN-P-00041,2025-03-16,23:45,2025-03-19,Inpatient,FAC-03,Synthetic Community Hospital West,Neurology,I63.9,"Cerebral infarction, unspecified",Provider SYN-50,Home,3,15374.39
SYN-E-000950,SYN-P-00213,2025-03-17,09:30,2025-03-29,Inpatient,FAC-01,Synthetic Regional Medical Center,Cardiology,I50.9,"Heart failure, unspecified",Provider SYN-51,Home,12,38432.90
SYN-E-000951,SYN-P-00270,2025-03-17,09:30,2025-03-17,Outpatient,FAC-04,Synthetic Outpatient Center,Orthopedics,M17.9,"Osteoarthritis of knee, unspecified",Provider SYN-52,Home,0,632.86
SYN-E-000952,SYN-P-00183,2025-03-17,14:30,2025-03-17,Outpatient,FAC-04,Synthetic Outpatient Center,Pulmonology,J44.9,"Chronic obstructive pulmonary disease, unspecified",Provider SYN-53,Home,0,190.45
SYN-E-000953,SYN-P-00286,2025-03-18,14:00,2025-03-18,Outpatient,FAC-02,Synthetic Community Hospital East,Primary Care,E11.9,Type 2 diabetes mellitus without complications,Provider SYN-54,Home,0,250.44
SYN-E-000954,SYN-P-00210,2025-03-18,16:30,2025-03-20,Inpatient,FAC-02,Synthetic Community Hospital East,Nephrology,N17.9,"Acute kidney failure, unspecified",Provider SYN-55,Home,2,12381.16
SYN-E-000955,SYN-P-00080,2025-03-19,05:45,2025-03-19,Outpatient,FAC-04,Synthetic Outpatient Center,Primary Care,Z00.00,Encounter for general adult medical examination,Provider SYN-56,Home,0,421.60
SYN-E-000956,SYN-P-00086,2025-03-19,08:15,2025-03-19,ED,FAC-01,Synthetic Regional Medical Center,Emergency,R10.9,Unspecified abdominal pain,Provider SYN-57,Home,0,3248.74
SYN-E-000957,SYN-P-00006,2025-03-19,21:45,2025-03-19,Outpatient,FAC-01,Synthetic Regional Medical Center,Primary Care,Z00.00,Encounter for general adult medical examination,Provider SYN-58,Home,0,896.38
SYN-E-000958,SYN-P-00130,2025-03-20,01:15,2025-03-20,Outpatient,FAC-05,Synthetic Specialty Clinic,Primary Care,Z00.00,Encounter for general adult medical examination,Provider SYN-59,Home,0,159.76
SYN-E-000959,SYN-P-00049,2025-03-20,14:00,2025-03-20,Outpatient,FAC-01,Synthetic Regional Medical Center,Pulmonology,J44.9,"Chronic obstructive pulmonary disease, unspecified",Provider SYN-60,Home,0,308.34
SYN-E-000960,SYN-P-00264,2025-03-20,21:00,2025-03-20,Outpatient,FAC-04,Synthetic Outpatient Center,Primary Care,I10,Essential (primary) hypertension,Provider SYN-01,Home,0,630.68
SYN-E-000961,SYN-P-00193,2025-03-21,05:30,2025-03-21,Outpatient,FAC-04,Synthetic Outpatient Center,Primary Care,I10,Essential (primary) hypertension,Provider SYN-02,Home,0,161.61
SYN-E-000962,SYN-P-00222,2025-03-22,08:45,2025-03-22,ED,FAC-02,Synthetic Community Hospital East,Emergency,J45.901,Unspecified asthma with (acute) exacerbation,Provider SYN-03,Home,0,1759.33
SYN-E-000963,SYN-P-00005,2025-03-22,10:45,2025-03-22,ED,FAC-01,Synthetic Regional Medical Center,Emergency,R07.9,"Chest pain, unspecified",Provider SYN-04,Home,0,2087.36
SYN-E-000964,SYN-P-00166,2025-03-22,15:30,2025-03-22,Outpatient,FAC-04,Synthetic Outpatient Center,Primary Care,I10,Essential (primary) hypertension,Provider SYN-05,Home,0,758.21
SYN-E-000965,SYN-P-00180,2025-03-22,23:15,2025-03-24,Inpatient,FAC-02,Synthetic Community Hospital East,Cardiology,I50.9,"Heart failure, unspecified",Provider SYN-06,Skilled Nursing Facility,2,12389.58
SYN-E-000966,SYN-P-00283,2025-03-24,02:30,2025-03-24,Outpatient,FAC-04,Synthetic Outpatient Center,Pulmonology,J44.9,"Chronic obstructive pulmonary disease, unspecified",Provider SYN-07,Home,0,355.28
SYN-E-000967,SYN-P-00277,2025-03-24,03:15,2025-03-24,Outpatient,FAC-04,Synthetic Outpatient Center,Primary Care,Z00.00,Encounter for general adult medical examination,Provider SYN-08,Home,0,563.48
SYN-E-000968,SYN-P-00056,2025-03-24,23:15,2025-03-24,ED,FAC-03,Synthetic Community Hospital West,Emergency,R10.9,Unspecified abdominal pain,Provider SYN-09,Home,0,2456.10
SYN-E-000969,SYN-P-00043,2025-03-25,03:00,2025-04-06,Inpatient,FAC-02,Synthetic Community Hospital East,Pulmonology,J44.1,Chronic obstructive pulmonary disease with acute exacerbation,Provider SYN-10,Home,12,37833.39
SYN-E-000970,SYN-P-00121,2025-03-25,19:45,2025-03-27,Inpatient,FAC-02,Synthetic Community Hospital East,Orthopedics,S72.002A,Fracture of unspecified part of neck of left femur,Provider SYN-11,Home,2,11689.21
SYN-E-000971,SYN-P-00298,2025-03-26,06:15,2025-03-26,Outpatient,FAC-04,Synthetic Outpatient Center,Primary Care,Z00.00,Encounter for general adult medical examination,Provider SYN-12,Home,0,428.38
SYN-E-000972,SYN-P-00181,2025-03-26,06:45,2025-03-26,Outpatient,FAC-03,Synthetic Community Hospital West,Orthopedics,M17.9,"Osteoarthritis of knee, unspecified",Provider SYN-13,Home,0,246.80
SYN-E-000973,SYN-P-00052,2025-03-26,16:15,2025-03-26,Outpatient,FAC-04,Synthetic Outpatient Center,Pulmonology,J44.9,"Chronic obstructive pulmonary disease, unspecified",Provider SYN-14,Home,0,352.96
SYN-E-000974,SYN-P-00275,2025-03-26,23:45,2025-03-26,Outpatient,FAC-05,Synthetic Specialty Clinic,Primary Care,I10,Essential (primary) hypertension,Provider SYN-15,Home,0,450.47
SYN-E-000975,SYN-P-00259,2025-03-27,07:30,2025-03-27,Outpatient,FAC-03,Synthetic Community Hospital West,Pulmonology,J44.9,"Chronic obstructive pulmonary disease, unspecified",Provider SYN-16,Home,0,739.20
SYN-E-000976,SYN-P-00141,2025-03-27,10:45,2025-03-27,ED,FAC-02,Synthetic Community Hospital East,Emergency,R07.9,"Chest pain, unspecified",Provider SYN-17,Home,0,2653.65
SYN-E-000977,SYN-P-00276,2025-03-27,11:00,2025-03-27,Outpatient,FAC-04,Synthetic Outpatient Center,Primary Care,Z00.00,Encounter for general adult medical examination,Provider SYN-18,Home,0,638.81
SYN-E-000978,SYN-P-00133,2025-03-27,15:30,2025-03-27,Outpatient,FAC-04,Synthetic Outpatient Center,Pulmonology,J44.9,"Chronic obstructive pulmonary disease, unspecified",Provider SYN-19,Home,0,360.13
SYN-E-000979,SYN-P-00233,2025-03-27,23:45,2025-04-03,Inpatient,FAC-03,Synthetic Community Hospital West,Pulmonology,J44.1,Chronic obstructive pulmonary disease with acute exacerbation,Provider SYN-20,Home,7,25915.69
SYN-E-000980,SYN-P-00033,2025-03-28,06:30,2025-03-28,ED,FAC-03,Synthetic Community Hospital West,Emergency,S93.401A,"Sprain of unspecified ligament of ankle, initial encounter",Provider SYN-21,Home,0,1929.49
SYN-E-000981,SYN-P-00235,2025-03-28,11:00,2025-03-28,ED,FAC-01,Synthetic Regional Medical Center,Emergency,J45.901,Unspecified asthma with (acute) exacerbation,Provider SYN-22,Transferred,0,2998.68
SYN-E-000982,SYN-P-00292,2025-03-28,15:00,2025-03-28,ED,FAC-03,Synthetic Community Hospital West,Emergency,R10.9,Unspecified abdominal pain,Provider SYN-23,Home,0,3578.64
SYN-E-000983,SYN-P-00195,2025-03-28,16:00,2025-03-28,Observation,FAC-01,Synthetic Regional Medical Center,Internal Medicine,R55,Syncope and collapse,Provider SYN-24,Home with Services,0,3349.75
SYN-E-000984,SYN-P-00010,2025-03-29,06:15,2025-03-29,ED,FAC-01,Synthetic Regional Medical Center,Emergency,J45.901,Unspecified asthma with (acute) exacerbation,Provider SYN-25,Home,0,2508.79
SYN-E-000985,SYN-P-00012,2025-03-30,17:45,2025-03-30,Outpatient,FAC-01,Synthetic Regional Medical Center,Primary Care,E11.9,Type 2 diabetes mellitus without complications,Provider SYN-26,Home,0,167.73
SYN-E-000986,SYN-P-00249,2025-03-31,04:00,2025-04-02,Inpatient,FAC-03,Synthetic Community Hospital West,Cardiology,I50.9,"Heart failure, unspecified",Provider SYN-27,Home with Services,2,11886.32
SYN-E-000987,SYN-P-00127,2025-03-31,08:00,2025-04-01,Inpatient,FAC-01,Synthetic Regional Medical Center,Pulmonology,J18.9,"Pneumonia, unspecified organism",Provider SYN-28,Home,1,9919.69
SYN-E-000988,SYN-P-00131,2025-04-01,01:15,2025-04-01,Outpatient,FAC-02,Synthetic Community Hospital East,Orthopedics,M17.9,"Osteoarthritis of knee, unspecified",Provider SYN-29,Home,0,884.21
SYN-E-000989,SYN-P-00241,2025-04-01,06:15,2025-04-01,Outpatient,FAC-04,Synthetic Outpatient Center,Orthopedics,M17.9,"Osteoarthritis of knee, unspecified",Provider SYN-30,Home,0,190.53
SYN-E-000990,SYN-P-00107,2025-04-01,06:30,2025-04-06,Inpatient,FAC-01,Synthetic Regional Medical Center,Cardiology,I50.9,"Heart failure, unspecified",Provider SYN-31,Home,5,19852.42
SYN-E-000991,SYN-P-00287,2025-04-01,14:00,2025-04-01,Outpatient,FAC-04,Synthetic Outpatient Center,Orthopedics,M17.9,"Osteoarthritis of knee, unspecified",Provider SYN-32,Home,0,217.28
SYN-E-000992,SYN-P-00103,2025-04-01,17:00,2025-04-01,Outpatient,FAC-05,Synthetic Specialty Clinic,Primary Care,Z00.00,Encounter for general adult medical examination,Provider SYN-33,Home,0,478.20
SYN-E-000993,SYN-P-00126,2025-04-02,00:15,2025-04-02,Outpatient,FAC-05,Synthetic Specialty Clinic,Endocrinology,E11.9,Type 2 diabetes mellitus without complications,Provider SYN-34,Home,0,517.37
SYN-E-000994,SYN-P-00042,2025-04-02,09:45,2025-04-02,Outpatient,FAC-03,Synthetic Community Hospital West,Primary Care,Z00.00,Encounter for general adult medical examination,Provider SYN-35,Home,0,382.68
SYN-E-000995,SYN-P-00274,2025-04-02,12:15,2025-04-02,Outpatient,FAC-05,Synthetic Specialty Clinic,Pulmonology,J44.9,"Chronic obstructive pulmonary disease, unspecified",Provider SYN-36,Home,0,582.21
SYN-E-000996,SYN-P-00170,2025-04-02,14:30,2025-04-04,Inpatient,FAC-02,Synthetic Community Hospital East,Internal Medicine,E11.65,Type 2 diabetes mellitus with hyperglycemia,Provider SYN-37,Home,2,12165.22
SYN-E-000997,SYN-P-00064,2025-04-02,17:45,2025-04-09,Inpatient,FAC-02,Synthetic Community Hospital East,Cardiology,I50.9,"Heart failure, unspecified",Provider SYN-38,Home,7,24826.60
SYN-E-000998,SYN-P-00082,2025-04-02,22:15,2025-04-02,Outpatient,FAC-04,Synthetic Outpatient Center,Orthopedics,M17.9,"Osteoarthritis of knee, unspecified",Provider SYN-39,Home,0,215.36
SYN-E-000999,SYN-P-00265,2025-04-03,00:15,2025-04-09,Inpatient,FAC-01,Synthetic Regional Medical Center,Cardiology,I50.9,"Heart failure, unspecified",Provider SYN-40,Home,6,21787.91
SYN-E-001000,SYN-P-00108,2025-04-03,01:00,2025-04-03,Outpatient,FAC-04,Synthetic Outpatient Center,Primary Care,E11.9,Type 2 diabetes mellitus without complications,Provider SYN-41,Home,0,452.91
SYN-E-001001,SYN-P-00214,2025-04-03,09:45,2025-04-05,Inpatient,FAC-01,Synthetic Regional Medical Center,Cardiology,I48.91,Unspecified atrial fibrillation,Provider SYN-42,Skilled Nursing Facility,2,11048.66
SYN-E-001002,SYN-P-00057,2025-04-04,00:00,2025-04-04,Outpatient,FAC-04,Synthetic Outpatient Center,Primary Care,Z00.00,Encounter for general adult medical examination,Provider SYN-43,Home,0,769.16
SYN-E-001003,SYN-P-00248,2025-04-04,11:15,2025-04-04,Outpatient,FAC-04,Synthetic Outpatient Center,Pulmonology,J44.9,"Chronic obstructive pulmonary disease, unspecified",Provider SYN-44,Home,0,474.74
SYN-E-001004,SYN-P-00008,2025-04-04,16:45,2025-04-04,Outpatient,FAC-02,Synthetic Community Hospital East,Pulmonology,J44.9,"Chronic obstructive pulmonary disease, unspecified",Provider SYN-45,Home,0,440.45
SYN-E-001005,SYN-P-00167,2025-04-05,04:30,2025-04-10,Inpatient,FAC-03,Synthetic Community Hospital West,Pulmonology,J44.1,Chronic obstructive pulmonary disease with acute exacerbation,Provider SYN-46,Transferred,5,19384.64
SYN-E-001006,SYN-P-00178,2025-04-05,15:15,2025-04-14,Inpatient,FAC-02,Synthetic Community Hospital East,Orthopedics,S72.002A,Fracture of unspecified part of neck of left femur,Provider SYN-47,Skilled Nursing Facility,9,29796.53
SYN-E-001007,SYN-P-00098,2025-04-05,16:00,2025-04-05,Outpatient,FAC-04,Synthetic Outpatient Center,Endocrinology,E11.9,Type 2 diabetes mellitus without complications,Provider SYN-48,Home,0,783.39
SYN-E-001008,SYN-P-00285,2025-04-06,12:45,2025-04-06,Outpatient,FAC-05,Synthetic Specialty Clinic,Orthopedics,M17.9,"Osteoarthritis of knee, unspecified",Provider SYN-49,Home,0,872.60
SYN-E-001009,SYN-P-00112,2025-04-06,17:45,2025-04-06,Outpatient,FAC-02,Synthetic Community Hospital East,Primary Care,E11.9,Type 2 diabetes mellitus without complications,Provider SYN-50,Home,0,391.60
SYN-E-001010,SYN-P-00094,2025-04-06,19:00,2025-04-08,Inpatient,FAC-02,Synthetic Community Hospital East,Orthopedics,S72.002A,Fracture of unspecified part of neck of left femur,Provider SYN-51,Home,2,12335.27
SYN-E-001011,SYN-P-00023,2025-04-07,00:30,2025-04-07,Outpatient,FAC-03,Synthetic Community Hospital West,Orthopedics,M17.9,"Osteoarthritis of knee, unspecified",Provider SYN-52,Home,0,
SYN-E-001012,SYN-P-00041,2025-04-07,03:30,2025-04-08,Inpatient,FAC-03,Synthetic Community Hospital West,Pulmonology,J44.1,Chronic obstructive pulmonary disease with acute exacerbation,Provider SYN-53,Home,1,10060.75
SYN-E-001013,SYN-P-00210,2025-04-07,07:30,2025-04-07,Outpatient,FAC-04,Synthetic Outpatient Center,Primary Care,E11.9,Type 2 diabetes mellitus without complications,Provider SYN-54,Home,0,350.76
SYN-E-001014,SYN-P-00030,2025-04-07,13:30,2025-04-07,Outpatient,FAC-05,Synthetic Specialty Clinic,Orthopedics,M17.9,"Osteoarthritis of knee, unspecified",Provider SYN-55,Home,0,854.47
SYN-E-001015,SYN-P-00024,2025-04-07,20:15,2025-04-07,Outpatient,FAC-04,Synthetic Outpatient Center,Endocrinology,E11.9,Type 2 diabetes mellitus without complications,Provider SYN-56,Home,0,659.69
SYN-E-001016,SYN-P-00115,2025-04-07,21:00,2025-04-07,Outpatient,FAC-04,Synthetic Outpatient Center,Primary Care,I10,Essential (primary) hypertension,Provider SYN-57,Home,0,628.36
SYN-E-001017,SYN-P-00148,2025-04-08,03:45,2025-04-08,Outpatient,FAC-04,Synthetic Outpatient Center,Pulmonology,J44.9,"Chronic obstructive pulmonary disease, unspecified",Provider SYN-58,Home,0,271.25
SYN-E-001018,SYN-P-00296,2025-04-08,04:30,2025-04-08,Outpatient,FAC-01,Synthetic Regional Medical Center,Cardiology,I10,Essential (primary) hypertension,Provider SYN-59,Home,0,846.56
SYN-E-001019,SYN-P-00173,2025-04-08,05:00,2025-04-08,Outpatient,FAC-05,Synthetic Specialty Clinic,Primary Care,I10,Essential (primary) hypertension,Provider SYN-60,Home,0,529.00
SYN-E-001020,SYN-P-00097,2025-04-09,00:30,2025-04-09,Outpatient,FAC-02,Synthetic Community Hospital East,Pulmonology,J44.9,"Chronic obstructive pulmonary disease, unspecified",Provider SYN-01,Home,0,759.66
SYN-E-001021,SYN-P-00155,2025-04-09,02:45,2025-04-10,Observation,FAC-01,Synthetic Regional Medical Center,Cardiology,R07.9,"Chest pain, unspecified",Provider SYN-02,Home,1,4807.92
SYN-E-001022,SYN-P-00269,2025-04-09,03:30,2025-04-09,Outpatient,FAC-04,Synthetic Outpatient Center,Pulmonology,J44.9,"Chronic obstructive pulmonary disease, unspecified",Provider SYN-03,Home,0,278.31
SYN-E-001023,SYN-P-00053,2025-04-09,21:00,2025-04-09,Outpatient,FAC-05,Synthetic Specialty Clinic,Pulmonology,J44.9,"Chronic obstructive pulmonary disease, unspecified",Provider SYN-04,Home,0,681.77
SYN-E-001024,SYN-P-00263,2025-04-10,01:00,2025-04-10,Outpatient,FAC-04,Synthetic Outpatient Center,Cardiology,I10,Essential (primary) hypertension,Provider SYN-05,Home,0,393.50
SYN-E-001025,SYN-P-00013,2025-04-10,06:30,2025-04-10,Outpatient,FAC-05,Synthetic Specialty Clinic,Orthopedics,M17.9,"Osteoarthritis of knee, unspecified",Provider SYN-06,Home,0,429.92
SYN-E-001026,SYN-P-00283,2025-04-11,00:45,2025-04-17,Inpatient,FAC-03,Synthetic Community Hospital West,Nephrology,N17.9,"Acute kidney failure, unspecified",Provider SYN-07,Home,6,21481.06
SYN-E-001027,SYN-P-00027,2025-04-11,02:45,2025-04-11,Outpatient,FAC-05,Synthetic Specialty Clinic,Pulmonology,J44.9,"Chronic obstructive pulmonary disease, unspecified",Provider SYN-08,Home,0,810.27
SYN-E-001028,SYN-P-00221,2025-04-11,06:30,2025-04-11,Outpatient,FAC-04,Synthetic Outpatient Center,Endocrinology,E11.9,Type 2 diabetes mellitus without complications,Provider SYN-09,Home,0,395.70
SYN-E-001029,SYN-P-00009,2025-04-11,11:30,2025-04-11,Outpatient,FAC-01,Synthetic Regional Medical Center,Pulmonology,J44.9,"Chronic obstructive pulmonary disease, unspecified",Provider SYN-10,Home,0,183.74
SYN-E-001030,SYN-P-00229,2025-04-11,16:15,2025-04-11,Outpatient,FAC-04,Synthetic Outpatient Center,Orthopedics,M17.9,"Osteoarthritis of knee, unspecified",Provider SYN-11,Home,0,593.60
SYN-E-001031,SYN-P-00168,2025-04-11,23:00,2025-04-11,ED,FAC-03,Synthetic Community Hospital West,Emergency,S93.401A,"Sprain of unspecified ligament of ankle, initial encounter",Provider SYN-12,Home,0,1136.15
SYN-E-001032,SYN-P-00099,2025-04-12,03:00,2025-04-17,Inpatient,FAC-03,Synthetic Community Hospital West,Cardiology,I50.9,"Heart failure, unspecified",Provider SYN-13,Transferred,5,18812.90
SYN-E-001033,SYN-P-00104,2025-04-12,07:00,2025-04-12,Outpatient,FAC-05,Synthetic Specialty Clinic,Cardiology,I10,Essential (primary) hypertension,Provider SYN-14,Home,0,318.95
SYN-E-001034,SYN-P-00225,2025-04-13,01:45,2025-04-13,Outpatient,FAC-05,Synthetic Specialty Clinic,Primary Care,E11.9,Type 2 diabetes mellitus without complications,Provider SYN-15,Home,0,219.55
SYN-E-001035,SYN-P-00065,2025-04-13,09:30,2025-04-13,Outpatient,FAC-05,Synthetic Specialty Clinic,Primary Care,I10,Essential (primary) hypertension,Provider SYN-16,Home,0,681.54
SYN-E-001036,SYN-P-00220,2025-04-13,21:00,2025-04-13,Outpatient,FAC-02,Synthetic Community Hospital East,Primary Care,Z00.00,Encounter for general adult medical examination,Provider SYN-17,Home,0,409.48
SYN-E-001037,SYN-P-00180,2025-04-16,00:30,2025-04-25,Inpatient,FAC-02,Synthetic Community Hospital East,Cardiology,I50.9,"Heart failure, unspecified",Provider SYN-18,Home,9,28582.82
SYN-E-001038,SYN-P-00035,2025-04-17,00:30,2025-04-29,Inpatient,FAC-02,Synthetic Community Hospital East,Orthopedics,S72.002A,Fracture of unspecified part of neck of left femur,Provider SYN-19,Skilled Nursing Facility,12,37407.10
SYN-E-001039,SYN-P-00010,2025-04-17,06:00,2025-04-17,ED,FAC-01,Synthetic Regional Medical Center,Emergency,R10.9,Unspecified abdominal pain,Provider SYN-20,Home,0,3740.95
SYN-E-001040,SYN-P-00140,2025-04-17,12:00,2025-04-17,ED,FAC-02,Synthetic Community Hospital East,Emergency,S93.401A,"Sprain of unspecified ligament of ankle, initial encounter",Provider SYN-21,Home,0,2440.36
SYN-E-001041,SYN-P-00230,2025-04-17,21:30,2025-04-17,Outpatient,FAC-05,Synthetic Specialty Clinic,Orthopedics,M17.9,"Osteoarthritis of knee, unspecified",Provider SYN-22,Home,0,246.86
SYN-E-001042,SYN-P-00162,2025-04-18,00:15,2025-04-22,Inpatient,FAC-01,Synthetic Regional Medical Center,Pulmonology,J18.9,"Pneumonia, unspecified organism",Provider SYN-23,Transferred,4,17863.06
SYN-E-001043,SYN-P-00215,2025-04-18,01:45,2025-04-18,ED,FAC-03,Synthetic Community Hospital West,Emergency,R51.9,"Headache, unspecified",Provider SYN-24,Home,0,1560.42
SYN-E-001044,SYN-P-00233,2025-04-18,14:00,2025-04-20,Inpatient,FAC-01,Synthetic Regional Medical Center,Internal Medicine,E11.65,Type 2 diabetes mellitus with hyperglycemia,Provider SYN-25,Skilled Nursing Facility,2,13949.54
SYN-E-001045,SYN-P-00039,2025-04-18,18:30,2025-04-18,ED,FAC-02,Synthetic Community Hospital East,Emergency,S93.401A,"Sprain of unspecified ligament of ankle, initial encounter",Provider SYN-26,Home,0,2095.53
SYN-E-001046,SYN-P-00125,2025-04-19,00:45,2025-04-19,ED,FAC-03,Synthetic Community Hospital West,Emergency,R07.9,"Chest pain, unspecified",Provider SYN-27,Home,0,2790.23
SYN-E-001047,SYN-P-00257,2025-04-20,16:30,2025-04-20,Outpatient,FAC-04,Synthetic Outpatient Center,Endocrinology,E11.9,Type 2 diabetes mellitus without complications,Provider SYN-28,Home,0,660.46
SYN-E-001048,SYN-P-00034,2025-04-21,02:45,2025-04-21,Outpatient,FAC-02,Synthetic Community Hospital East,Primary Care,E11.9,Type 2 diabetes mellitus without complications,Provider SYN-29,Home,0,594.02
SYN-E-001049,SYN-P-00186,2025-04-21,21:30,2025-04-24,Inpatient,FAC-03,Synthetic Community Hospital West,Orthopedics,S72.002A,Fracture of unspecified part of neck of left femur,Provider SYN-30,Transferred,3,14141.47
SYN-E-001050,SYN-P-00045,2025-04-22,20:45,2025-04-22,Outpatient,FAC-02,Synthetic Community Hospital East,Endocrinology,E11.9,Type 2 diabetes mellitus without complications,Provider SYN-31,Home,0,454.20
SYN-E-001051,SYN-P-00239,2025-04-22,23:15,2025-04-22,Outpatient,FAC-04,Synthetic Outpatient Center,Primary Care,Z00.00,Encounter for general adult medical examination,Provider SYN-32,Home,0,796.88
SYN-E-001052,SYN-P-00088,2025-04-23,10:00,2025-04-23,ED,FAC-02,Synthetic Community Hospital East,Emergency,J45.901,Unspecified asthma with (acute) exacerbation,Provider SYN-33,Home,0,3793.31
SYN-E-001053,SYN-P-00052,2025-04-23,20:45,2025-04-23,ED,FAC-01,Synthetic Regional Medical Center,Emergency,R51.9,"Headache, unspecified",Provider SYN-34,Home,0,2340.59
SYN-E-001054,SYN-P-00028,2025-04-24,01:15,2025-04-24,Outpatient,FAC-05,Synthetic Specialty Clinic,Endocrinology,E11.9,Type 2 diabetes mellitus without complications,Provider SYN-35,Home,0,660.25
SYN-E-001055,SYN-P-00050,2025-04-24,06:15,2025-04-24,Outpatient,FAC-04,Synthetic Outpatient Center,Orthopedics,M17.9,"Osteoarthritis of knee, unspecified",Provider SYN-36,Home,0,670.02
SYN-E-001056,SYN-P-00228,2025-04-25,01:45,2025-04-27,Inpatient,FAC-03,Synthetic Community Hospital West,Cardiology,I50.9,"Heart failure, unspecified",Provider SYN-37,Home with Services,2,13956.24
SYN-E-001057,SYN-P-00233,2025-04-25,19:00,2025-04-30,Inpatient,FAC-01,Synthetic Regional Medical Center,Internal Medicine,E11.65,Type 2 diabetes mellitus with hyperglycemia,Provider SYN-38,Home,5,20250.32
SYN-E-001058,SYN-P-00227,2025-04-25,19:45,2025-04-25,Outpatient,FAC-02,Synthetic Community Hospital East,Orthopedics,M17.9,"Osteoarthritis of knee, unspecified",Provider SYN-39,Home,0,452.61
SYN-E-001059,SYN-P-00014,2025-04-26,11:45,2025-04-26,Outpatient,FAC-05,Synthetic Specialty Clinic,Primary Care,Z00.00,Encounter for general adult medical examination,Provider SYN-40,Home,0,452.26
SYN-E-001060,SYN-P-00064,2025-04-26,15:30,2025-04-30,Inpatient,FAC-02,Synthetic Community Hospital East,Cardiology,I48.91,Unspecified atrial fibrillation,Provider SYN-41,Home with Services,4,17151.03
SYN-E-001061,SYN-P-00244,2025-04-26,18:30,2025-04-26,Outpatient,FAC-04,Synthetic Outpatient Center,Primary Care,I10,Essential (primary) hypertension,Provider SYN-42,Home,0,577.88
SYN-E-001062,SYN-P-00224,2025-04-26,20:15,2025-05-01,Inpatient,FAC-02,Synthetic Community Hospital East,Pulmonology,J44.1,Chronic obstructive pulmonary disease with acute exacerbation,Provider SYN-43,Home,5,19909.99
SYN-E-001063,SYN-P-00290,2025-04-27,01:30,2025-04-27,Outpatient,FAC-04,Synthetic Outpatient Center,Endocrinology,E11.9,Type 2 diabetes mellitus without complications,Provider SYN-44,Home,0,356.43
SYN-E-001064,SYN-P-00090,2025-04-27,13:00,2025-04-27,ED,FAC-01,Synthetic Regional Medical Center,Emergency,R07.9,"Chest pain, unspecified",Provider SYN-45,Home,0,849.11
SYN-E-001065,SYN-P-00234,2025-04-28,00:45,2025-04-28,Outpatient,FAC-05,Synthetic Specialty Clinic,Cardiology,I10,Essential (primary) hypertension,Provider SYN-46,Home,0,187.41
SYN-E-001066,SYN-P-00267,2025-04-28,23:30,2025-04-30,Inpatient,FAC-01,Synthetic Regional Medical Center,Neurology,I63.9,"Cerebral infarction, unspecified",Provider SYN-47,Home,2,12804.63
SYN-E-001067,SYN-P-00265,2025-04-29,08:30,2025-04-29,ED,FAC-02,Synthetic Community Hospital East,Emergency,R07.9,"Chest pain, unspecified",Provider SYN-48,Home,0,882.08
SYN-E-001068,SYN-P-00011,2025-04-29,12:00,2025-04-29,Outpatient,FAC-04,Synthetic Outpatient Center,Pulmonology,J44.9,"Chronic obstructive pulmonary disease, unspecified",Provider SYN-49,Home,0,518.11
SYN-E-001069,SYN-P-00278,2025-04-30,13:45,2025-04-30,Outpatient,FAC-05,Synthetic Specialty Clinic,Orthopedics,M17.9,"Osteoarthritis of knee, unspecified",Provider SYN-50,Home,0,458.55
SYN-E-001070,SYN-P-00191,2025-04-30,15:30,2025-04-30,ED,FAC-02,Synthetic Community Hospital East,Emergency,R51.9,"Headache, unspecified",Provider SYN-51,Home,0,3563.94
SYN-E-001071,SYN-P-00201,2025-04-30,17:45,2025-05-12,Inpatient,FAC-01,Synthetic Regional Medical Center,Internal Medicine,E11.65,Type 2 diabetes mellitus with hyperglycemia,Provider SYN-52,Home,12,37995.06
SYN-E-001072,SYN-P-00297,2025-05-01,06:00,2025-05-03,Inpatient,FAC-02,Synthetic Community Hospital East,Nephrology,N17.9,"Acute kidney failure, unspecified",Provider SYN-53,Skilled Nursing Facility,2,12190.34
SYN-E-001073,SYN-P-00276,2025-05-01,06:15,2025-05-01,Outpatient,FAC-04,Synthetic Outpatient Center,Primary Care,E11.9,Type 2 diabetes mellitus without complications,Provider SYN-54,Home,0,257.25
SYN-E-001074,SYN-P-00199,2025-05-01,14:15,2025-05-01,Outpatient,FAC-05,Synthetic Specialty Clinic,Primary Care,Z00.00,Encounter for general adult medical examination,Provider SYN-55,Home,0,543.53
SYN-E-001075,SYN-P-00286,2025-05-02,09:15,2025-05-02,Outpatient,FAC-02,Synthetic Community Hospital East,Orthopedics,M17.9,"Osteoarthritis of knee, unspecified",Provider SYN-56,Home,0,587.61
SYN-E-001076,SYN-P-00091,2025-05-02,12:15,2025-05-02,ED,FAC-03,Synthetic Community Hospital West,Emergency,J45.901,Unspecified asthma with (acute) exacerbation,Provider SYN-57,Home,0,3971.82
SYN-E-001077,SYN-P-00296,2025-05-03,14:00,2025-05-03,Outpatient,FAC-04,Synthetic Outpatient Center,Primary Care,E11.9,Type 2 diabetes mellitus without complications,Provider SYN-58,Home,0,447.76
SYN-E-001078,SYN-P-00107,2025-04-05,05:00,2025-04-05,Outpatient,FAC-04,Synthetic Outpatient Center,Orthopedics,M17.9,"Osteoarthritis of knee, unspecified",Provider SYN-59,Home,0,331.54
SYN-E-001079,SYN-P-00019,2025-05-04,11:30,2025-05-04,Outpatient,FAC-04,Synthetic Outpatient Center,Orthopedics,M17.9,"Osteoarthritis of knee, unspecified",Provider SYN-60,Home,0,289.20
SYN-E-001080,SYN-P-00189,2025-05-04,23:00,2025-05-04,Outpatient,FAC-04,Synthetic Outpatient Center,Orthopedics,M17.9,"Osteoarthritis of knee, unspecified",Provider SYN-01,Home,0,671.73
SYN-E-001081,SYN-P-00203,2025-05-05,03:15,2025-05-05,ED,FAC-03,Synthetic Community Hospital West,Emergency,R10.9,Unspecified abdominal pain,Provider SYN-02,Home,0,1747.35
SYN-E-001082,SYN-P-00099,2025-05-06,19:15,2025-05-10,Inpatient,FAC-02,Synthetic Community Hospital East,Orthopedics,S72.002A,Fracture of unspecified part of neck of left femur,Provider SYN-03,Home,4,17289.34
SYN-E-001083,SYN-P-00271,2025-05-07,07:45,2025-05-07,Outpatient,FAC-05,Synthetic Specialty Clinic,Orthopedics,M17.9,"Osteoarthritis of knee, unspecified",Provider SYN-04,Home,0,298.31
SYN-E-001084,SYN-P-00256,2025-05-07,12:00,2025-05-09,Inpatient,FAC-02,Synthetic Community Hospital East,Orthopedics,S72.002A,Fracture of unspecified part of neck of left femur,Provider SYN-05,Home with Services,2,11782.47
SYN-E-001085,SYN-P-00157,2025-05-08,02:45,2025-05-08,Outpatient,FAC-04,Synthetic Outpatient Center,Primary Care,E11.9,Type 2 diabetes mellitus without complications,Provider SYN-06,Home,0,714.10
SYN-E-001086,SYN-P-00208,2025-05-08,07:45,2025-05-08,Outpatient,FAC-05,Synthetic Specialty Clinic,Primary Care,I10,Essential (primary) hypertension,Provider SYN-07,Home,0,889.72
SYN-E-001087,SYN-P-00096,2025-05-09,05:15,2025-05-09,ED,FAC-03,Synthetic Community Hospital West,Emergency,R51.9,"Headache, unspecified",Provider SYN-08,Home,0,3759.36
SYN-E-001088,SYN-P-00217,2025-05-09,15:45,2025-05-12,Inpatient,FAC-02,Synthetic Community Hospital East,Orthopedics,S72.002A,Fracture of unspecified part of neck of left femur,Provider SYN-09,Home,3,14758.25
SYN-E-001089,SYN-P-00120,2025-05-10,09:45,2025-05-10,Outpatient,FAC-03,Synthetic Community Hospital West,Primary Care,I10,Essential (primary) hypertension,Provider SYN-10,Home,0,691.98
SYN-E-001090,SYN-P-00222,2025-05-10,10:15,2025-05-10,ED,FAC-02,Synthetic Community Hospital East,Emergency,J45.901,Unspecified asthma with (acute) exacerbation,Provider SYN-11,Left Before Completion,0,2859.58
SYN-E-001091,SYN-P-00238,2025-05-10,16:15,2025-05-10,Outpatient,FAC-04,Synthetic Outpatient Center,Endocrinology,E11.9,Type 2 diabetes mellitus without complications,Provider SYN-12,Home,0,355.27
SYN-E-001092,SYN-P-00063,2025-05-11,08:00,2025-05-16,Inpatient,FAC-03,Synthetic Community Hospital West,Orthopedics,S72.002A,Fracture of unspecified part of neck of left femur,Provider SYN-13,Home with Services,5,20423.59
SYN-E-001093,SYN-P-00106,2025-05-11,10:00,2025-05-16,Inpatient,FAC-01,Synthetic Regional Medical Center,Cardiology,I50.9,"Heart failure, unspecified",Provider SYN-14,Home,5,21327.83
SYN-E-001094,SYN-P-00139,2025-05-11,17:00,2025-05-11,Outpatient,FAC-05,Synthetic Specialty Clinic,Primary Care,Z00.00,Encounter for general adult medical examination,Provider SYN-15,Home,0,895.82
SYN-E-001095,SYN-P-00262,2025-05-12,13:45,2025-05-12,ED,FAC-03,Synthetic Community Hospital West,Emergency,R51.9,"Headache, unspecified",Provider SYN-16,Transferred,0,3438.29
SYN-E-001096,SYN-P-00257,2025-05-13,10:30,2025-05-13,Outpatient,FAC-05,Synthetic Specialty Clinic,Pulmonology,J44.9,"Chronic obstructive pulmonary disease, unspecified",Provider SYN-17,Home,0,253.02
SYN-E-001097,SYN-P-00242,2025-05-13,12:00,2025-05-13,ED,FAC-01,Synthetic Regional Medical Center,Emergency,J45.901,Unspecified asthma with (acute) exacerbation,Provider SYN-18,Home,0,1402.16
SYN-E-001098,SYN-P-00045,2025-05-13,13:15,2025-05-13,Outpatient,FAC-02,Synthetic Community Hospital East,Pulmonology,J44.9,"Chronic obstructive pulmonary disease, unspecified",Provider SYN-19,Home,0,365.02
SYN-E-001099,SYN-P-00072,2025-05-13,17:15,2025-05-13,ED,FAC-03,Synthetic Community Hospital West,Emergency,R51.9,"Headache, unspecified",Provider SYN-20,Home,0,2348.46
SYN-E-001100,SYN-P-00048,2025-05-13,19:30,2025-05-13,Outpatient,FAC-04,Synthetic Outpatient Center,Cardiology,I10,Essential (primary) hypertension,Provider SYN-21,Home,0,353.84
SYN-E-001101,SYN-P-00044,2025-05-14,04:30,2025-05-14,Outpatient,FAC-05,Synthetic Specialty Clinic,Cardiology,I10,Essential (primary) hypertension,Provider SYN-22,Home,0,536.27
SYN-E-001102,SYN-P-00093,2025-05-14,17:45,2025-05-20,Inpatient,FAC-01,Synthetic Regional Medical Center,Cardiology,I48.91,Unspecified atrial fibrillation,Provider SYN-23,Home,6,22480.09
SYN-E-001103,SYN-P-00071,2025-05-16,04:00,2025-05-16,Outpatient,FAC-04,Synthetic Outpatient Center,Orthopedics,M17.9,"Osteoarthritis of knee, unspecified",Provider SYN-24,Home,0,181.42
SYN-E-001104,SYN-P-00006,2025-05-17,15:45,2025-05-17,ED,FAC-01,Synthetic Regional Medical Center,Emergency,J45.901,Unspecified asthma with (acute) exacerbation,Provider SYN-25,Home,0,3972.77
SYN-E-001105,SYN-P-00034,2025-05-18,10:45,2025-05-18,Outpatient,FAC-04,Synthetic Outpatient Center,Pulmonology,J44.9,"Chronic obstructive pulmonary disease, unspecified",Provider SYN-26,Home,0,802.64
SYN-E-001106,SYN-P-00292,2025-05-18,16:00,2025-05-18,Outpatient,FAC-05,Synthetic Specialty Clinic,Primary Care,I10,Essential (primary) hypertension,Provider SYN-27,Home,0,416.04
SYN-E-001107,SYN-P-00063,2025-05-19,03:30,2025-05-22,Inpatient,FAC-03,Synthetic Community Hospital West,Orthopedics,S72.002A,Fracture of unspecified part of neck of left femur,Provider SYN-28,Home,3,14424.76
SYN-E-001108,SYN-P-00083,2025-05-19,17:15,2025-05-19,Outpatient,FAC-04,Synthetic Outpatient Center,Primary Care,E11.9,Type 2 diabetes mellitus without complications,Provider SYN-29,Home,0,767.34
SYN-E-001109,SYN-P-00180,2025-05-19,19:00,2025-05-19,Outpatient,FAC-04,Synthetic Outpatient Center,Primary Care,I10,Essential (primary) hypertension,Provider SYN-30,Home,0,518.66
SYN-E-001110,SYN-P-00191,2025-05-20,10:45,2025-05-20,Outpatient,FAC-04,Synthetic Outpatient Center,Cardiology,I10,Essential (primary) hypertension,Provider SYN-31,Home,0,886.89
SYN-E-001111,SYN-P-00275,2025-05-20,12:15,2025-05-20,Outpatient,FAC-04,Synthetic Outpatient Center,Pulmonology,J44.9,"Chronic obstructive pulmonary disease, unspecified",Provider SYN-32,Home,0,828.10
SYN-E-001112,SYN-P-00264,2025-05-20,14:15,2025-05-26,Inpatient,FAC-01,Synthetic Regional Medical Center,Internal Medicine,E11.65,Type 2 diabetes mellitus with hyperglycemia,Provider SYN-33,Home with Services,6,23516.00
SYN-E-001113,SYN-P-00213,2025-05-20,18:00,2025-05-21,Observation,FAC-01,Synthetic Regional Medical Center,Internal Medicine,R55,Syncope and collapse,Provider SYN-34,Home,1,3926.57
SYN-E-001114,SYN-P-00016,2025-05-21,11:30,2025-05-21,Outpatient,FAC-04,Synthetic Outpatient Center,Primary Care,Z00.00,Encounter for general adult medical examination,Provider SYN-35,Home,0,794.68
SYN-E-001115,SYN-P-00198,2025-05-21,21:45,2025-05-24,Inpatient,FAC-02,Synthetic Community Hospital East,Pulmonology,J44.1,Chronic obstructive pulmonary disease with acute exacerbation,Provider SYN-36,Home,3,13894.08
SYN-E-001116,SYN-P-00141,2025-05-23,12:30,2025-05-23,ED,FAC-02,Synthetic Community Hospital East,Emergency,R51.9,"Headache, unspecified",Provider SYN-37,Home,0,2601.17
SYN-E-001117,SYN-P-00217,2025-05-25,13:15,2025-05-30,Inpatient,FAC-02,Synthetic Community Hospital East,Pulmonology,J18.9,"Pneumonia, unspecified organism",Provider SYN-38,Home with Services,5,21058.05
SYN-E-001118,SYN-P-00062,2025-05-25,15:00,2025-05-25,Outpatient,FAC-05,Synthetic Specialty Clinic,Orthopedics,M17.9,"Osteoarthritis of knee, unspecified",Provider SYN-39,Home,0,270.40
SYN-E-001119,SYN-P-00144,2025-05-26,00:15,2025-05-26,Outpatient,FAC-05,Synthetic Specialty Clinic,Pulmonology,J44.9,"Chronic obstructive pulmonary disease, unspecified",Provider SYN-40,Home,0,567.23
SYN-E-001120,SYN-P-00097,2025-05-26,08:45,2025-05-26,Outpatient,FAC-05,Synthetic Specialty Clinic,Pulmonology,J44.9,"Chronic obstructive pulmonary disease, unspecified",Provider SYN-41,Home,0,468.93
SYN-E-001121,SYN-P-00076,2025-05-26,22:30,2025-05-26,Outpatient,FAC-04,Synthetic Outpatient Center,Orthopedics,M17.9,"Osteoarthritis of knee, unspecified",Provider SYN-42,Home,0,763.62
SYN-E-001122,SYN-P-00093,2025-05-27,02:30,2025-05-28,Inpatient,FAC-01,Synthetic Regional Medical Center,Internal Medicine,J18.9,"Pneumonia, unspecified organism",Provider SYN-43,Home with Services,1,11493.90
SYN-E-001123,SYN-P-00035,2025-05-27,13:15,2025-05-30,Inpatient,FAC-03,Synthetic Community Hospital West,Cardiology,I50.9,"Heart failure, unspecified",Provider SYN-44,Home,3,15951.52
SYN-E-001124,SYN-P-00119,2025-05-27,16:45,2025-05-27,Observation,FAC-02,Synthetic Community Hospital East,Cardiology,R07.9,"Chest pain, unspecified",Provider SYN-45,Home,0,5245.69
SYN-E-001125,SYN-P-00261,2025-05-27,18:30,2025-06-02,Inpatient,FAC-01,Synthetic Regional Medical Center,Pulmonology,J44.1,Chronic obstructive pulmonary disease with acute exacerbation,Provider SYN-46,Home,6,22087.75
SYN-E-001126,SYN-P-00149,2025-05-28,05:30,2025-05-28,ED,FAC-03,Synthetic Community Hospital West,Emergency,S93.401A,"Sprain of unspecified ligament of ankle, initial encounter",Provider SYN-47,Home,0,1295.24
SYN-E-001127,SYN-P-00297,2025-05-28,18:30,2025-05-28,Outpatient,FAC-05,Synthetic Specialty Clinic,Primary Care,I10,Essential (primary) hypertension,Provider SYN-48,Home,0,552.95
SYN-E-001128,SYN-P-00148,2025-05-28,21:15,2025-05-28,Outpatient,FAC-05,Synthetic Specialty Clinic,Primary Care,E11.9,Type 2 diabetes mellitus without complications,Provider SYN-49,Home,0,579.74
SYN-E-001129,SYN-P-00122,2025-05-28,22:15,2025-05-28,Outpatient,FAC-05,Synthetic Specialty Clinic,Pulmonology,J44.9,"Chronic obstructive pulmonary disease, unspecified",Provider SYN-50,Home,0,213.27
SYN-E-001130,SYN-P-00066,2025-05-29,13:45,2025-05-29,Outpatient,FAC-04,Synthetic Outpatient Center,Cardiology,I10,Essential (primary) hypertension,Provider SYN-51,Home,0,247.45
SYN-E-001131,SYN-P-00112,2025-05-30,07:30,2025-06-08,Inpatient,FAC-02,Synthetic Community Hospital East,Nephrology,N17.9,"Acute kidney failure, unspecified",Provider SYN-52,Home with Services,9,29991.96
SYN-E-001132,SYN-P-00038,2025-05-30,14:00,2025-06-04,Inpatient,FAC-02,Synthetic Community Hospital East,Neurology,I63.9,"Cerebral infarction, unspecified",Provider SYN-53,Home,5,19483.51
SYN-E-001133,SYN-P-00237,2025-06-01,12:45,2025-06-01,ED,FAC-03,Synthetic Community Hospital West,Emergency,R07.9,"Chest pain, unspecified",Provider SYN-54,Home,0,3007.26
SYN-E-001134,SYN-P-00129,2025-06-01,14:45,2025-06-01,Outpatient,FAC-04,Synthetic Outpatient Center,Pulmonology,J44.9,"Chronic obstructive pulmonary disease, unspecified",Provider SYN-55,Home,0,586.77
SYN-E-001135,SYN-P-00022,2025-06-01,16:15,2025-06-01,Outpatient,FAC-03,Synthetic Community Hospital West,Pulmonology,J44.9,"Chronic obstructive pulmonary disease, unspecified",Provider SYN-56,Home,0,868.96
SYN-E-001136,SYN-P-00252,2025-06-02,16:15,2025-06-02,Outpatient,FAC-03,Synthetic Community Hospital West,Orthopedics,M17.9,"Osteoarthritis of knee, unspecified",Provider SYN-57,Home,0,597.95
SYN-E-001137,SYN-P-00214,2025-06-02,19:15,2025-06-05,Inpatient,FAC-01,Synthetic Regional Medical Center,Internal Medicine,E11.65,Type 2 diabetes mellitus with hyperglycemia,Provider SYN-58,Home,3,15753.54
SYN-E-001138,SYN-P-00061,2025-06-02,19:30,2025-06-02,ED,FAC-02,Synthetic Community Hospital East,Emergency,J45.901,Unspecified asthma with (acute) exacerbation,Provider SYN-59,Home,0,1192.30
SYN-E-001139,SYN-P-00212,2025-06-03,08:30,2025-06-03,Outpatient,FAC-05,Synthetic Specialty Clinic,Pulmonology,J44.9,"Chronic obstructive pulmonary disease, unspecified",Provider SYN-60,Home,0,416.96
SYN-E-001140,SYN-P-00204,2025-06-03,15:30,2025-06-03,ED,FAC-01,Synthetic Regional Medical Center,Emergency,R10.9,Unspecified abdominal pain,Provider SYN-01,Transferred,0,2092.06
SYN-E-001141,SYN-P-00019,2025-06-03,19:15,2025-06-03,Outpatient,FAC-03,Synthetic Community Hospital West,Primary Care,I10,Essential (primary) hypertension,Provider SYN-02,Home,0,891.43
SYN-E-001142,SYN-P-00292,2025-06-05,00:45,2025-06-05,Outpatient,FAC-05,Synthetic Specialty Clinic,Endocrinology,E11.9,Type 2 diabetes mellitus without complications,Provider SYN-03,Home,0,294.05
SYN-E-001143,SYN-P-00020,2025-06-05,01:00,2025-06-05,Outpatient,FAC-05,Synthetic Specialty Clinic,Pulmonology,J44.9,"Chronic obstructive pulmonary disease, unspecified",Provider SYN-04,Home,0,264.30
SYN-E-001144,SYN-P-00183,2025-06-05,11:45,2025-06-05,ED,FAC-02,Synthetic Community Hospital East,Emergency,R10.9,Unspecified abdominal pain,Provider SYN-05,Home,0,3609.12
SYN-E-001145,SYN-P-00270,2025-06-05,16:00,2025-06-05,Outpatient,FAC-05,Synthetic Specialty Clinic,Primary Care,Z00.00,Encounter for general adult medical examination,Provider SYN-06,Home,0,324.00
SYN-E-001146,SYN-P-00195,2025-06-05,22:00,2025-06-05,Outpatient,FAC-05,Synthetic Specialty Clinic,Primary Care,E11.9,Type 2 diabetes mellitus without complications,Provider SYN-07,Home,0,527.41
SYN-E-001147,SYN-P-00114,2025-06-06,11:00,2025-06-06,Outpatient,FAC-02,Synthetic Community Hospital East,Primary Care,I10,Essential (primary) hypertension,Provider SYN-08,Home,0,324.61
SYN-E-001148,SYN-P-00065,2025-06-06,23:15,2025-06-06,ED,FAC-01,Synthetic Regional Medical Center,Emergency,S93.401A,"Sprain of unspecified ligament of ankle, initial encounter",Provider SYN-09,Home,0,3703.11
SYN-E-001149,SYN-P-00225,2025-06-07,11:30,2025-06-09,Inpatient,FAC-01,Synthetic Regional Medical Center,Nephrology,N17.9,"Acute kidney failure, unspecified",Provider SYN-10,Home,2,11019.00
SYN-E-001150,SYN-P-00175,2025-06-07,15:45,2025-06-09,Inpatient,FAC-01,Synthetic Regional Medical Center,Cardiology,I50.9,"Heart failure, unspecified",Provider SYN-11,Home,2,12953.55
SYN-E-001151,SYN-P-00207,2025-06-08,02:15,2025-06-08,Outpatient,FAC-02,Synthetic Community Hospital East,Primary Care,I10,Essential (primary) hypertension,Provider SYN-12,Home,0,603.36
SYN-E-001152,SYN-P-00277,2025-06-09,13:45,2025-06-14,Inpatient,FAC-02,Synthetic Community Hospital East,Cardiology,I50.9,"Heart failure, unspecified",Provider SYN-13,Home,5,20050.48
SYN-E-001153,SYN-P-00041,2025-06-10,10:30,2025-06-10,ED,FAC-03,Synthetic Community Hospital West,Emergency,J45.901,Unspecified asthma with (acute) exacerbation,Provider SYN-14,Home,0,1811.09
SYN-E-001154,SYN-P-00168,2025-06-10,11:45,2025-06-10,Outpatient,FAC-03,Synthetic Community Hospital West,Primary Care,I10,Essential (primary) hypertension,Provider SYN-15,Home,0,361.98
SYN-E-001155,SYN-P-00283,2025-06-10,17:15,2025-06-15,Inpatient,FAC-03,Synthetic Community Hospital West,Neurology,I63.9,"Cerebral infarction, unspecified",Provider SYN-16,Home with Services,5,20367.59
SYN-E-001156,SYN-P-00193,2025-06-10,22:45,2025-06-10,Outpatient,FAC-04,Synthetic Outpatient Center,Endocrinology,E11.9,Type 2 diabetes mellitus without complications,Provider SYN-17,Home,0,890.46
SYN-E-001157,SYN-P-00149,2025-06-11,00:00,2025-06-11,ED,FAC-02,Synthetic Community Hospital East,Emergency,R07.9,"Chest pain, unspecified",Provider SYN-18,Transferred,0,3740.66
SYN-E-001158,SYN-P-00219,2025-06-11,02:15,2025-06-11,Outpatient,FAC-05,Synthetic Specialty Clinic,Orthopedics,M17.9,"Osteoarthritis of knee, unspecified",Provider SYN-19,Home,0,895.14
SYN-E-001159,SYN-P-00134,2025-06-11,10:45,2025-06-11,Outpatient,FAC-05,Synthetic Specialty Clinic,Pulmonology,J44.9,"Chronic obstructive pulmonary disease, unspecified",Provider SYN-20,Home,0,171.90
SYN-E-001160,SYN-P-00050,2025-06-11,11:45,2025-06-11,Outpatient,FAC-04,Synthetic Outpatient Center,Orthopedics,M17.9,"Osteoarthritis of knee, unspecified",Provider SYN-21,Home,0,760.21
SYN-E-001161,SYN-P-00203,2025-06-11,11:45,2025-06-11,Outpatient,FAC-04,Synthetic Outpatient Center,Primary Care,Z00.00,Encounter for general adult medical examination,Provider SYN-22,Home,0,714.70
SYN-E-001162,SYN-P-00056,2025-06-11,23:45,2025-06-16,Inpatient,FAC-03,Synthetic Community Hospital West,Pulmonology,J44.1,Chronic obstructive pulmonary disease with acute exacerbation,Provider SYN-23,Home,5,19330.40
SYN-E-001163,SYN-P-00285,2025-06-12,17:15,2025-06-12,Outpatient,FAC-05,Synthetic Specialty Clinic,Orthopedics,M17.9,"Osteoarthritis of knee, unspecified",Provider SYN-24,Home,0,160.83
SYN-E-001164,SYN-P-00071,2025-06-13,07:00,2025-06-13,Outpatient,FAC-05,Synthetic Specialty Clinic,Orthopedics,M17.9,"Osteoarthritis of knee, unspecified",Provider SYN-25,Home,0,345.51
SYN-E-001165,SYN-P-00167,2025-06-13,18:00,2025-06-15,Inpatient,FAC-03,Synthetic Community Hospital West,Neurology,I63.9,"Cerebral infarction, unspecified",Provider SYN-26,Home,2,11010.84
SYN-E-001166,SYN-P-00293,2025-06-14,01:45,2025-06-15,Observation,FAC-02,Synthetic Community Hospital East,Cardiology,R07.9,"Chest pain, unspecified",Provider SYN-27,Home,1,4057.98
SYN-E-001167,SYN-P-00169,2025-06-14,13:30,2025-06-14,Outpatient,FAC-04,Synthetic Outpatient Center,Orthopedics,M17.9,"Osteoarthritis of knee, unspecified",Provider SYN-28,Home,0,581.31
SYN-E-001168,SYN-P-00291,2025-06-14,21:15,2025-06-15,Inpatient,FAC-01,Synthetic Regional Medical Center,Nephrology,N17.9,"Acute kidney failure, unspecified",Provider SYN-29,Skilled Nursing Facility,1,10423.94
SYN-E-001169,SYN-P-00197,2025-06-16,14:45,2025-06-16,Outpatient,FAC-04,Synthetic Outpatient Center,Orthopedics,M17.9,"Osteoarthritis of knee, unspecified",Provider SYN-30,Home,0,198.22
SYN-E-001170,SYN-P-00289,2025-06-17,01:15,2025-06-17,Outpatient,FAC-04,Synthetic Outpatient Center,Primary Care,Z00.00,Encounter for general adult medical examination,Provider SYN-31,Home,0,489.59
SYN-E-001171,SYN-P-00221,2025-06-17,02:15,2025-06-19,Inpatient,FAC-01,Synthetic Regional Medical Center,Internal Medicine,E11.65,Type 2 diabetes mellitus with hyperglycemia,Provider SYN-32,Home,2,13216.07
SYN-E-001172,SYN-P-00076,2025-06-17,11:00,2025-06-17,Outpatient,FAC-05,Synthetic Specialty Clinic,Endocrinology,E11.9,Type 2 diabetes mellitus without complications,Provider SYN-33,Home,0,364.42
SYN-E-001173,SYN-P-00158,2025-06-17,20:45,2025-06-20,Inpatient,FAC-01,Synthetic Regional Medical Center,Cardiology,I48.91,Unspecified atrial fibrillation,Provider SYN-34,Home,3,15713.11
SYN-E-001174,SYN-P-00073,2025-06-18,05:30,2025-06-18,ED,FAC-03,Synthetic Community Hospital West,Emergency,R51.9,"Headache, unspecified",Provider SYN-35,Home,0,2314.21
SYN-E-001175,SYN-P-00082,2025-06-18,15:30,2025-06-18,Outpatient,FAC-05,Synthetic Specialty Clinic,Cardiology,I10,Essential (primary) hypertension,Provider SYN-36,Home,0,358.92
SYN-E-001176,SYN-P-00080,2025-06-18,21:00,2025-06-18,ED,FAC-01,Synthetic Regional Medical Center,Emergency,R51.9,"Headache, unspecified",Provider SYN-37,Home,0,3024.88
SYN-E-001177,SYN-P-00225,2025-06-19,20:15,2025-07-01,Inpatient,FAC-01,Synthetic Regional Medical Center,Internal Medicine,E11.65,Type 2 diabetes mellitus with hyperglycemia,Provider SYN-38,Skilled Nursing Facility,12,38821.55
SYN-E-001178,SYN-P-00241,2025-06-20,01:45,2025-06-20,ED,FAC-02,Synthetic Community Hospital East,Emergency,R51.9,"Headache, unspecified",Provider SYN-39,Home,0,3002.47
SYN-E-001179,SYN-P-00170,2025-06-20,18:45,2025-06-20,Outpatient,FAC-05,Synthetic Specialty Clinic,Endocrinology,E11.9,Type 2 diabetes mellitus without complications,Provider SYN-40,Home,0,542.66
SYN-E-001180,SYN-P-00154,2025-06-21,02:30,2025-06-21,Outpatient,FAC-04,Synthetic Outpatient Center,Primary Care,Z00.00,Encounter for general adult medical examination,Provider SYN-41,Home,0,796.34
SYN-E-001181,SYN-P-00156,2025-06-22,04:00,2025-06-22,Outpatient,FAC-05,Synthetic Specialty Clinic,Primary Care,I10,Essential (primary) hypertension,Provider SYN-42,Home,0,385.34
SYN-E-001182,SYN-P-00268,2025-06-23,11:30,2025-06-27,Inpatient,FAC-03,Synthetic Community Hospital West,Cardiology,I48.91,Unspecified atrial fibrillation,Provider SYN-43,Home,4,18285.03
SYN-E-001183,SYN-P-00017,2025-06-24,00:30,2025-06-28,Inpatient,FAC-01,Synthetic Regional Medical Center,Pulmonology,J44.1,Chronic obstructive pulmonary disease with acute exacerbation,Provider SYN-44,Home with Services,4,16041.15
SYN-E-001184,SYN-P-00029,2025-06-24,02:45,2025-06-24,Outpatient,FAC-05,Synthetic Specialty Clinic,Orthopedics,M17.9,"Osteoarthritis of knee, unspecified",Provider SYN-45,Home,0,335.09
SYN-E-001185,SYN-P-00133,2025-06-24,03:30,2025-06-24,Outpatient,FAC-03,Synthetic Community Hospital West,Endocrinology,E11.9,Type 2 diabetes mellitus without complications,Provider SYN-46,Home,0,735.57
SYN-E-001186,SYN-P-00196,2025-06-24,03:30,2025-06-28,Inpatient,FAC-02,Synthetic Community Hospital East,Pulmonology,J44.1,Chronic obstructive pulmonary disease with acute exacerbation,Provider SYN-47,Home,4,16701.31
SYN-E-001187,SYN-P-00123,2025-06-24,19:45,2025-06-24,Outpatient,FAC-05,Synthetic Specialty Clinic,Cardiology,I10,Essential (primary) hypertension,Provider SYN-48,Home,0,478.66
SYN-E-001188,SYN-P-00103,2025-06-25,00:45,2025-06-25,Outpatient,FAC-04,Synthetic Outpatient Center,Primary Care,I10,Essential (primary) hypertension,Provider SYN-49,Home,0,173.61
SYN-E-001189,SYN-P-00024,2025-06-25,08:45,2025-07-01,Inpatient,FAC-02,Synthetic Community Hospital East,Internal Medicine,E11.65,Type 2 diabetes mellitus with hyperglycemia,Provider SYN-50,Home,6,23263.03
SYN-E-001190,SYN-P-00234,2025-06-25,14:15,2025-06-27,Inpatient,FAC-01,Synthetic Regional Medical Center,Cardiology,I50.9,"Heart failure, unspecified",Provider SYN-51,Home,2,12332.09
SYN-E-001191,SYN-P-00296,2025-06-25,18:00,2025-06-25,Outpatient,FAC-05,Synthetic Specialty Clinic,Cardiology,I10,Essential (primary) hypertension,Provider SYN-52,Home,0,350.16
SYN-E-001192,SYN-P-00027,2025-06-26,22:45,2025-06-30,Inpatient,FAC-02,Synthetic Community Hospital East,Cardiology,I48.91,Unspecified atrial fibrillation,Provider SYN-53,Home,4,16946.43
SYN-E-001193,SYN-P-00093,2025-06-27,06:30,2025-06-30,Inpatient,FAC-01,Synthetic Regional Medical Center,Cardiology,I50.9,"Heart failure, unspecified",Provider SYN-54,Home,3,16137.62
SYN-E-001194,SYN-P-00172,2025-06-27,12:45,2025-06-27,Outpatient,FAC-04,Synthetic Outpatient Center,Orthopedics,M17.9,"Osteoarthritis of knee, unspecified",Provider SYN-55,Home,0,189.38
SYN-E-001195,SYN-P-00220,2025-06-28,22:00,2025-06-28,Outpatient,FAC-04,Synthetic Outpatient Center,Primary Care,I10,Essential (primary) hypertension,Provider SYN-56,Home,0,444.32
SYN-E-001196,SYN-P-00131,2025-06-29,06:00,2025-06-29,Outpatient,FAC-02,Synthetic Community Hospital East,Orthopedics,M17.9,"Osteoarthritis of knee, unspecified",Provider SYN-57,Home,0,415.70
SYN-E-001197,SYN-P-00088,2025-06-29,17:00,2025-07-03,Inpatient,FAC-02,Synthetic Community Hospital East,Internal Medicine,E11.65,Type 2 diabetes mellitus with hyperglycemia,Provider SYN-58,Skilled Nursing Facility,4,18807.75
SYN-E-001198,SYN-P-00274,2025-06-29,17:45,2025-06-29,ED,FAC-01,Synthetic Regional Medical Center,Emergency,J45.901,Unspecified asthma with (acute) exacerbation,Provider SYN-59,Home,0,3239.95
SYN-E-001199,SYN-P-00164,2025-06-30,10:15,2025-06-30,Outpatient,FAC-05,Synthetic Specialty Clinic,Orthopedics,M17.9,"Osteoarthritis of knee, unspecified",Provider SYN-60,Home,0,627.65
SYN-E-001200,SYN-P-00014,2025-06-30,14:30,2025-06-30,Outpatient,FAC-01,Synthetic Regional Medical Center,Primary Care,Z00.00,Encounter for general adult medical examination,Provider SYN-01,Home,0,244.31
SYN-E-001201,SYN-P-00116,2025-06-30,16:45,2025-07-09,Inpatient,FAC-03,Synthetic Community Hospital West,Cardiology,I50.9,"Heart failure, unspecified",Provider SYN-02,Home,9,28938.44
SYN-E-001202,SYN-P-00174,2025-07-01,06:00,2025-07-01,Outpatient,FAC-05,Synthetic Specialty Clinic,Endocrinology,E11.9,Type 2 diabetes mellitus without complications,Provider SYN-03,Home,0,573.15
SYN-E-001203,SYN-P-00105,2025-07-01,10:30,2025-07-01,ED,FAC-02,Synthetic Community Hospital East,Emergency,S93.401A,"Sprain of unspecified ligament of ankle, initial encounter",Provider SYN-04,Home,0,1035.92
SYN-E-001204,SYN-P-00253,2025-07-01,10:45,2025-07-01,Outpatient,FAC-04,Synthetic Outpatient Center,Endocrinology,E11.9,Type 2 diabetes mellitus without complications,Provider SYN-05,Home,0,848.99
SYN-E-001205,SYN-P-00255,2025-07-01,11:30,2025-07-03,Inpatient,FAC-03,Synthetic Community Hospital West,Cardiology,I50.9,"Heart failure, unspecified",Provider SYN-06,Home,2,13800.67
SYN-E-001206,SYN-P-00178,2025-07-01,20:45,2025-07-02,Inpatient,FAC-01,Synthetic Regional Medical Center,Pulmonology,J44.1,Chronic obstructive pulmonary disease with acute exacerbation,Provider SYN-07,Home,1,11347.63
SYN-E-001207,SYN-P-00290,2025-07-02,12:30,2025-07-02,Outpatient,FAC-04,Synthetic Outpatient Center,Primary Care,I10,Essential (primary) hypertension,Provider SYN-08,Home,0,653.30
SYN-E-001208,SYN-P-00038,2025-07-02,13:15,2025-07-08,Inpatient,FAC-02,Synthetic Community Hospital East,Pulmonology,J18.9,"Pneumonia, unspecified organism",Provider SYN-09,Home,6,21663.06
SYN-E-001209,SYN-P-00287,2025-07-03,15:15,2025-07-03,Outpatient,FAC-05,Synthetic Specialty Clinic,Cardiology,I10,Essential (primary) hypertension,Provider SYN-10,Home,0,238.02
SYN-E-001210,SYN-P-00023,2025-07-04,08:30,2025-07-04,ED,FAC-03,Synthetic Community Hospital West,Emergency,S93.401A,"Sprain of unspecified ligament of ankle, initial encounter",Provider SYN-11,Home,0,2143.22
SYN-E-001211,SYN-P-00079,2025-07-05,00:15,2025-07-05,Outpatient,FAC-03,Synthetic Community Hospital West,Primary Care,E11.9,Type 2 diabetes mellitus without complications,Provider SYN-12,Home,0,324.48
SYN-E-001212,SYN-P-00217,2025-07-05,08:00,2025-07-05,Outpatient,FAC-02,Synthetic Community Hospital East,Pulmonology,J44.9,"Chronic obstructive pulmonary disease, unspecified",Provider SYN-13,Home,0,335.13
SYN-E-001213,SYN-P-00179,2025-07-05,11:30,2025-07-05,Outpatient,FAC-04,Synthetic Outpatient Center,Cardiology,I10,Essential (primary) hypertension,Provider SYN-14,Home,0,616.81
SYN-E-001214,SYN-P-00057,2025-07-05,12:30,2025-07-05,Outpatient,FAC-04,Synthetic Outpatient Center,Primary Care,I10,Essential (primary) hypertension,Provider SYN-15,Home,0,773.34
SYN-E-001215,SYN-P-00134,2025-07-06,04:30,2025-07-10,Inpatient,FAC-02,Synthetic Community Hospital East,Neurology,I63.9,"Cerebral infarction, unspecified",Provider SYN-16,Transferred,4,18188.31
SYN-E-001216,SYN-P-00087,2025-07-07,01:00,2025-07-07,Outpatient,FAC-03,Synthetic Community Hospital West,Pulmonology,J44.9,"Chronic obstructive pulmonary disease, unspecified",Provider SYN-17,Home,0,882.07
SYN-E-001217,SYN-P-00228,2025-07-07,12:45,2025-07-07,Outpatient,FAC-04,Synthetic Outpatient Center,Endocrinology,E11.9,Type 2 diabetes mellitus without complications,Provider SYN-18,Home,0,392.90
SYN-E-001218,SYN-P-00143,2025-07-08,02:15,2025-07-08,Outpatient,FAC-01,Synthetic Regional Medical Center,Primary Care,I10,Essential (primary) hypertension,Provider SYN-19,Home,0,874.54
SYN-E-001219,SYN-P-00245,2025-07-08,09:30,2025-07-08,ED,FAC-03,Synthetic Community Hospital West,Emergency,R10.9,Unspecified abdominal pain,Provider SYN-20,Home,0,2607.67
SYN-E-001220,SYN-P-00226,2025-07-08,21:00,2025-07-08,Observation,FAC-01,Synthetic Regional Medical Center,Internal Medicine,R55,Syncope and collapse,Provider SYN-21,Home,0,5658.02
SYN-E-001221,SYN-P-00260,2025-07-12,10:15,2025-07-12,ED,FAC-02,Synthetic Community Hospital East,Emergency,S93.401A,"Sprain of unspecified ligament of ankle, initial encounter",Provider SYN-22,Transferred,0,3246.12
SYN-E-001222,SYN-P-00235,2025-07-12,16:30,2025-07-12,Outpatient,FAC-04,Synthetic Outpatient Center,Pulmonology,J44.9,"Chronic obstructive pulmonary disease, unspecified",Provider SYN-23,Home,0,164.07
SYN-E-001223,SYN-P-00186,2025-07-12,18:15,2025-07-12,Outpatient,FAC-04,Synthetic Outpatient Center,Primary Care,I10,Essential (primary) hypertension,Provider SYN-24,Home,0,568.25
SYN-E-001224,SYN-P-00091,2025-07-13,05:30,2025-07-13,Outpatient,FAC-04,Synthetic Outpatient Center,Endocrinology,E11.9,Type 2 diabetes mellitus without complications,Provider SYN-25,Home,0,279.30
SYN-E-001225,SYN-P-00286,2025-07-13,13:30,2025-07-13,Outpatient,FAC-02,Synthetic Community Hospital East,Endocrinology,E11.9,Type 2 diabetes mellitus without complications,Provider SYN-26,Home,0,685.33
SYN-E-001226,SYN-P-00151,2025-07-14,09:00,2025-07-14,Outpatient,FAC-05,Synthetic Specialty Clinic,Primary Care,I10,Essential (primary) hypertension,Provider SYN-27,Home,0,725.93
SYN-E-001227,SYN-P-00081,2025-07-14,11:15,2025-07-14,Outpatient,FAC-05,Synthetic Specialty Clinic,Endocrinology,E11.9,Type 2 diabetes mellitus without complications,Provider SYN-28,Home,0,714.78
SYN-E-001228,SYN-P-00208,2025-07-16,18:45,2025-07-16,Outpatient,FAC-03,Synthetic Community Hospital West,Primary Care,E11.9,Type 2 diabetes mellitus without complications,Provider SYN-29,Home,0,309.80
SYN-E-001229,SYN-P-00275,2025-07-16,23:45,2025-07-16,Outpatient,FAC-05,Synthetic Specialty Clinic,Cardiology,I10,Essential (primary) hypertension,Provider SYN-30,Home,0,657.03
SYN-E-001230,SYN-P-00054,2025-07-17,03:30,2025-07-17,ED,FAC-03,Synthetic Community Hospital West,Emergency,J45.901,Unspecified asthma with (acute) exacerbation,Provider SYN-31,Home,0,913.39
SYN-E-001231,SYN-P-00180,2025-07-17,09:45,2025-07-17,Outpatient,FAC-05,Synthetic Specialty Clinic,Pulmonology,J44.9,"Chronic obstructive pulmonary disease, unspecified",Provider SYN-32,Home,0,214.88
SYN-E-001232,SYN-P-00064,2025-07-17,18:30,2025-07-17,Outpatient,FAC-02,Synthetic Community Hospital East,Cardiology,I10,Essential (primary) hypertension,Provider SYN-33,Home,0,164.41
SYN-E-001233,SYN-P-00021,2025-07-17,23:00,2025-07-17,Outpatient,FAC-05,Synthetic Specialty Clinic,Orthopedics,M17.9,"Osteoarthritis of knee, unspecified",Provider SYN-34,Home,0,689.67
SYN-E-001234,SYN-P-00034,2025-07-18,07:30,2025-07-18,ED,FAC-02,Synthetic Community Hospital East,Emergency,S93.401A,"Sprain of unspecified ligament of ankle, initial encounter",Provider SYN-35,Transferred,0,3943.31
SYN-E-001235,SYN-P-00210,2025-07-19,23:00,2025-07-19,Outpatient,FAC-05,Synthetic Specialty Clinic,Primary Care,I10,Essential (primary) hypertension,Provider SYN-36,Home,0,388.57
SYN-E-001236,SYN-P-00019,2025-07-20,02:45,2025-07-20,Outpatient,FAC-05,Synthetic Specialty Clinic,Pulmonology,J44.9,"Chronic obstructive pulmonary disease, unspecified",Provider SYN-37,Home,0,207.29
SYN-E-001237,SYN-P-00191,2025-07-20,04:30,2025-07-20,ED,FAC-02,Synthetic Community Hospital East,Emergency,R07.9,"Chest pain, unspecified",Provider SYN-38,Home,0,1049.11
SYN-E-001238,SYN-P-00126,2025-07-20,09:30,2025-07-20,Outpatient,FAC-04,Synthetic Outpatient Center,Primary Care,Z00.00,Encounter for general adult medical examination,Provider SYN-39,Home,0,603.95
SYN-E-001239,SYN-P-00251,2025-07-21,03:00,2025-07-21,Outpatient,FAC-05,Synthetic Specialty Clinic,Primary Care,E11.9,Type 2 diabetes mellitus without complications,Provider SYN-40,Home,0,571.40
SYN-E-001240,SYN-P-00099,2025-07-22,12:00,2025-07-22,ED,FAC-01,Synthetic Regional Medical Center,Emergency,S93.401A,"Sprain of unspecified ligament of ankle, initial encounter",Provider SYN-41,Home,0,3218.40
SYN-E-001241,SYN-P-00200,2025-07-22,20:15,2025-07-29,Inpatient,FAC-01,Synthetic Regional Medical Center,Pulmonology,J44.1,Chronic obstructive pulmonary disease with acute exacerbation,Provider SYN-42,Home,7,25634.38
SYN-E-001242,SYN-P-00259,2025-07-23,04:45,2025-07-23,Outpatient,FAC-04,Synthetic Outpatient Center,Endocrinology,E11.9,Type 2 diabetes mellitus without complications,Provider SYN-43,Home,0,376.42
SYN-E-001243,SYN-P-00156,2025-07-24,10:30,2025-07-24,Outpatient,FAC-05,Synthetic Specialty Clinic,Pulmonology,J44.9,"Chronic obstructive pulmonary disease, unspecified",Provider SYN-44,Home,0,279.46
SYN-E-001244,SYN-P-00006,2025-07-25,07:30,2025-07-25,ED,FAC-01,Synthetic Regional Medical Center,Emergency,R10.9,Unspecified abdominal pain,Provider SYN-45,Home,0,3709.67
SYN-E-001245,SYN-P-00030,2025-07-25,11:00,2025-07-25,Outpatient,FAC-05,Synthetic Specialty Clinic,Primary Care,I10,Essential (primary) hypertension,Provider SYN-46,Home,0,835.99
SYN-E-001246,SYN-P-00079,2025-07-26,01:00,2025-08-01,Inpatient,FAC-03,Synthetic Community Hospital West,Internal Medicine,E11.65,Type 2 diabetes mellitus with hyperglycemia,Provider SYN-47,Home,6,23192.56
SYN-E-001247,SYN-P-00269,2025-07-27,12:15,2025-07-27,Outpatient,FAC-05,Synthetic Specialty Clinic,Primary Care,I10,Essential (primary) hypertension,Provider SYN-48,Home,0,427.48
SYN-E-001248,SYN-P-00277,2025-07-28,01:30,2025-07-29,Inpatient,FAC-02,Synthetic Community Hospital East,Orthopedics,S72.002A,Fracture of unspecified part of neck of left femur,Provider SYN-49,Home,1,10870.93
SYN-E-001249,SYN-P-00179,2025-07-28,02:15,2025-07-28,Outpatient,FAC-05,Synthetic Specialty Clinic,Primary Care,I10,Essential (primary) hypertension,Provider SYN-50,Home,0,783.84
SYN-E-001250,SYN-P-00049,2025-07-28,03:00,2025-07-28,Outpatient,FAC-04,Synthetic Outpatient Center,Primary Care,Z00.00,Encounter for general adult medical examination,Provider SYN-51,Home,0,837.56
SYN-E-001251,SYN-P-00215,2025-07-28,05:30,2025-07-28,Outpatient,FAC-05,Synthetic Specialty Clinic,Primary Care,Z00.00,Encounter for general adult medical examination,Provider SYN-52,Home,0,696.64
SYN-E-001252,SYN-P-00276,2025-07-28,17:00,2025-07-29,Inpatient,FAC-02,Synthetic Community Hospital East,Cardiology,I50.9,"Heart failure, unspecified",Provider SYN-53,Home,1,9586.26
SYN-E-001253,SYN-P-00198,2025-07-28,18:15,2025-07-28,Outpatient,FAC-04,Synthetic Outpatient Center,Primary Care,I10,Essential (primary) hypertension,Provider SYN-54,Home,0,884.19
SYN-E-001254,SYN-P-00053,2025-07-30,09:00,2025-07-30,ED,FAC-02,Synthetic Community Hospital East,Emergency,J45.901,Unspecified asthma with (acute) exacerbation,Provider SYN-55,Home,0,2959.73
SYN-E-001255,SYN-P-00208,2025-07-30,19:00,2025-07-30,ED,FAC-03,Synthetic Community Hospital West,Emergency,R51.9,"Headache, unspecified",Provider SYN-56,Home,0,3587.34
SYN-E-001256,SYN-P-00010,2025-07-30,20:30,2025-07-30,Outpatient,FAC-01,Synthetic Regional Medical Center,Orthopedics,M17.9,"Osteoarthritis of knee, unspecified",Provider SYN-57,Home,0,270.28
SYN-E-001257,SYN-P-00013,2025-07-31,01:00,2025-07-31,Observation,FAC-03,Synthetic Community Hospital West,Internal Medicine,R55,Syncope and collapse,Provider SYN-58,Home,0,2128.30
SYN-E-001258,SYN-P-00238,2025-08-01,03:45,2025-08-01,Outpatient,FAC-05,Synthetic Specialty Clinic,Pulmonology,J44.9,"Chronic obstructive pulmonary disease, unspecified",Provider SYN-59,Home,0,449.84
SYN-E-001259,SYN-P-00264,2025-08-01,06:00,2025-08-01,ED,FAC-01,Synthetic Regional Medical Center,Emergency,J45.901,Unspecified asthma with (acute) exacerbation,Provider SYN-60,Home,0,1912.14
SYN-E-001260,SYN-P-00129,2025-08-01,19:45,2025-08-03,Inpatient,FAC-03,Synthetic Community Hospital West,Orthopedics,S72.002A,Fracture of unspecified part of neck of left femur,Provider SYN-01,Home,2,12751.50
SYN-E-001261,SYN-P-00245,2025-08-02,04:30,2025-08-02,ED,FAC-03,Synthetic Community Hospital West,Emergency,R51.9,"Headache, unspecified",Provider SYN-02,Home,0,1000.81
SYN-E-001262,SYN-P-00086,2025-08-02,23:15,2025-08-02,Outpatient,FAC-04,Synthetic Outpatient Center,Pulmonology,J44.9,"Chronic obstructive pulmonary disease, unspecified",Provider SYN-03,Home,0,588.23
SYN-E-001263,SYN-P-00236,2025-08-03,20:00,2025-08-03,Outpatient,FAC-04,Synthetic Outpatient Center,Pulmonology,J44.9,"Chronic obstructive pulmonary disease, unspecified",Provider SYN-04,Home,0,510.27
SYN-E-001264,SYN-P-00213,2025-08-04,03:00,2025-08-04,Outpatient,FAC-04,Synthetic Outpatient Center,Pulmonology,J44.9,"Chronic obstructive pulmonary disease, unspecified",Provider SYN-05,Home,0,312.17
SYN-E-001265,SYN-P-00298,2025-08-04,05:00,2025-08-04,Outpatient,FAC-04,Synthetic Outpatient Center,Pulmonology,J44.9,"Chronic obstructive pulmonary disease, unspecified",Provider SYN-06,Home,0,575.01
SYN-E-001266,SYN-P-00141,2025-08-04,15:00,2025-08-04,Outpatient,FAC-05,Synthetic Specialty Clinic,Orthopedics,M17.9,"Osteoarthritis of knee, unspecified",Provider SYN-07,Home,0,592.27
SYN-E-001267,SYN-P-00228,2025-08-04,15:45,2025-08-04,Outpatient,FAC-05,Synthetic Specialty Clinic,Primary Care,E11.9,Type 2 diabetes mellitus without complications,Provider SYN-08,Home,0,626.75
SYN-E-001268,SYN-P-00112,2025-08-04,16:00,2025-08-04,Outpatient,FAC-04,Synthetic Outpatient Center,Pulmonology,J44.9,"Chronic obstructive pulmonary disease, unspecified",Provider SYN-09,Home,0,765.82
SYN-E-001269,SYN-P-00119,2025-08-04,18:30,2025-08-04,Outpatient,FAC-04,Synthetic Outpatient Center,Primary Care,Z00.00,Encounter for general adult medical examination,Provider SYN-10,Home,0,819.90
SYN-E-001270,SYN-P-00248,2025-08-05,17:30,2025-08-05,ED,FAC-02,Synthetic Community Hospital East,Emergency,J45.901,Unspecified asthma with (acute) exacerbation,Provider SYN-11,Home,0,1446.42
SYN-E-001271,SYN-P-00126,2025-08-06,13:30,2025-08-06,Outpatient,FAC-05,Synthetic Specialty Clinic,Orthopedics,M17.9,"Osteoarthritis of knee, unspecified",Provider SYN-12,Home,0,285.94
SYN-E-001272,SYN-P-00039,2025-08-06,14:15,2025-08-06,Outpatient,FAC-02,Synthetic Community Hospital East,Pulmonology,J44.9,"Chronic obstructive pulmonary disease, unspecified",Provider SYN-13,Home,0,480.98
SYN-E-001273,SYN-P-00079,2025-08-07,06:45,2025-08-16,Inpatient,FAC-03,Synthetic Community Hospital West,Pulmonology,J18.9,"Pneumonia, unspecified organism",Provider SYN-14,Home,9,28824.41
SYN-E-001274,SYN-P-00019,2025-08-07,12:15,2025-08-07,ED,FAC-03,Synthetic Community Hospital West,Emergency,R51.9,"Headache, unspecified",Provider SYN-15,Home,0,1233.03
SYN-E-001275,SYN-P-00115,2025-08-08,02:00,2025-08-08,Outpatient,FAC-05,Synthetic Specialty Clinic,Pulmonology,J44.9,"Chronic obstructive pulmonary disease, unspecified",Provider SYN-16,Home,0,895.72
SYN-E-001276,SYN-P-00027,2025-08-08,05:30,2025-08-08,Outpatient,FAC-05,Synthetic Specialty Clinic,Pulmonology,J44.9,"Chronic obstructive pulmonary disease, unspecified",Provider SYN-17,Home,0,862.09
SYN-E-001277,SYN-P-00123,2025-08-08,10:00,2025-08-08,Observation,FAC-03,Synthetic Community Hospital West,Cardiology,R07.9,"Chest pain, unspecified",Provider SYN-18,Home with Services,0,5449.43
SYN-E-001278,SYN-P-00295,2025-08-08,11:15,2025-08-08,ED,FAC-01,Synthetic Regional Medical Center,Emergency,R51.9,"Headache, unspecified",Provider SYN-19,Home,0,1463.07
SYN-E-001279,SYN-P-00083,2025-08-08,15:45,2025-08-08,Outpatient,FAC-05,Synthetic Specialty Clinic,Pulmonology,J44.9,"Chronic obstructive pulmonary disease, unspecified",Provider SYN-20,Home,0,761.53
SYN-E-001280,SYN-P-00271,2025-08-08,21:30,2025-08-08,Outpatient,FAC-05,Synthetic Specialty Clinic,Orthopedics,M17.9,"Osteoarthritis of knee, unspecified",Provider SYN-21,Home,0,439.44
SYN-E-001281,SYN-P-00043,2025-08-09,01:00,2025-08-09,Outpatient,FAC-05,Synthetic Specialty Clinic,Orthopedics,M17.9,"Osteoarthritis of knee, unspecified",Provider SYN-22,Home,0,254.18
SYN-E-001282,SYN-P-00285,2025-08-09,10:45,2025-08-09,Outpatient,FAC-04,Synthetic Outpatient Center,Endocrinology,E11.9,Type 2 diabetes mellitus without complications,Provider SYN-23,Home,0,280.64
SYN-E-001283,SYN-P-00207,2025-08-10,01:30,2025-08-10,ED,FAC-02,Synthetic Community Hospital East,Emergency,J45.901,Unspecified asthma with (acute) exacerbation,Provider SYN-24,Home,0,2935.54
SYN-E-001284,SYN-P-00056,2025-08-10,10:15,2025-08-10,Outpatient,FAC-03,Synthetic Community Hospital West,Orthopedics,M17.9,"Osteoarthritis of knee, unspecified",Provider SYN-25,Home,0,364.77
SYN-E-001285,SYN-P-00104,2025-08-11,19:30,2025-08-11,Outpatient,FAC-05,Synthetic Specialty Clinic,Orthopedics,M17.9,"Osteoarthritis of knee, unspecified",Provider SYN-26,Home,0,800.93
SYN-E-001286,SYN-P-00265,2025-08-13,08:30,2025-08-13,ED,FAC-01,Synthetic Regional Medical Center,Emergency,R07.9,"Chest pain, unspecified",Provider SYN-27,Home,0,1118.48
SYN-E-001287,SYN-P-00229,2025-08-15,10:00,2025-08-15,Outpatient,FAC-05,Synthetic Specialty Clinic,Orthopedics,M17.9,"Osteoarthritis of knee, unspecified",Provider SYN-28,Home,0,399.14
SYN-E-001288,SYN-P-00042,2025-08-16,01:45,2025-08-16,Outpatient,FAC-04,Synthetic Outpatient Center,Cardiology,I10,Essential (primary) hypertension,Provider SYN-29,Home,0,652.81
SYN-E-001289,SYN-P-00125,2025-08-16,03:00,2025-08-20,Inpatient,FAC-03,Synthetic Community Hospital West,Nephrology,N17.9,"Acute kidney failure, unspecified",Provider SYN-30,Home with Services,4,18555.87
SYN-E-001290,SYN-P-00233,2025-08-17,11:15,2025-08-17,Outpatient,FAC-04,Synthetic Outpatient Center,Orthopedics,M17.9,"Osteoarthritis of knee, unspecified",Provider SYN-31,Home,0,516.26
SYN-E-001291,SYN-P-00276,2025-08-17,13:30,2025-08-17,ED,FAC-02,Synthetic Community Hospital East,Emergency,J45.901,Unspecified asthma with (acute) exacerbation,Provider SYN-32,Transferred,0,3347.24
SYN-E-001292,SYN-P-00033,2025-08-17,20:15,2025-08-17,Outpatient,FAC-05,Synthetic Specialty Clinic,Primary Care,Z00.00,Encounter for general adult medical examination,Provider SYN-33,Home,0,779.81
SYN-E-001293,SYN-P-00096,2025-08-18,02:00,2025-08-18,Outpatient,FAC-04,Synthetic Outpatient Center,Pulmonology,J44.9,"Chronic obstructive pulmonary disease, unspecified",Provider SYN-34,Home,0,254.31
SYN-E-001294,SYN-P-00129,2025-08-18,10:45,2025-08-23,Inpatient,FAC-03,Synthetic Community Hospital West,Neurology,I63.9,"Cerebral infarction, unspecified",Provider SYN-35,Home,5,19700.12
SYN-E-001295,SYN-P-00132,2025-08-18,11:15,2025-08-18,Outpatient,FAC-05,Synthetic Specialty Clinic,Pulmonology,J44.9,"Chronic obstructive pulmonary disease, unspecified",Provider SYN-36,Home,0,666.11
SYN-E-001296,SYN-P-00167,2025-08-19,01:00,2025-08-24,Inpatient,FAC-02,Synthetic Community Hospital East,Cardiology,I50.9,"Heart failure, unspecified",Provider SYN-37,Home,5,18674.46
SYN-E-001297,SYN-P-00238,2025-08-19,02:00,2025-08-19,ED,FAC-03,Synthetic Community Hospital West,Emergency,J45.901,Unspecified asthma with (acute) exacerbation,Provider SYN-38,Home,0,3218.30
SYN-E-001298,SYN-P-00105,2025-08-19,17:15,2025-08-24,Inpatient,FAC-01,Synthetic Regional Medical Center,Cardiology,I48.91,Unspecified atrial fibrillation,Provider SYN-39,Home,5,20103.05
SYN-E-001299,SYN-P-00071,2025-08-23,17:45,2025-08-23,ED,FAC-02,Synthetic Community Hospital East,Emergency,R07.9,"Chest pain, unspecified",Provider SYN-40,Home,0,1743.87
SYN-E-001300,SYN-P-00166,2025-08-24,12:00,2025-08-24,Outpatient,FAC-05,Synthetic Specialty Clinic,Primary Care,I10,Essential (primary) hypertension,Provider SYN-41,Home,0,546.58
SYN-E-001301,SYN-P-00170,2025-08-26,09:15,2025-08-26,Outpatient,FAC-04,Synthetic Outpatient Center,Endocrinology,E11.9,Type 2 diabetes mellitus without complications,Provider SYN-42,Home,0,477.48
SYN-E-001302,SYN-P-00208,2025-08-26,15:00,2025-08-26,ED,FAC-03,Synthetic Community Hospital West,Emergency,J45.901,Unspecified asthma with (acute) exacerbation,Provider SYN-43,Home,0,3818.22
SYN-E-001303,SYN-P-00289,2025-08-27,20:45,2025-08-27,Outpatient,FAC-04,Synthetic Outpatient Center,Pulmonology,J44.9,"Chronic obstructive pulmonary disease, unspecified",Provider SYN-44,Home,0,400.16
SYN-E-001304,SYN-P-00168,2025-08-27,22:30,2025-08-27,Outpatient,FAC-03,Synthetic Community Hospital West,Endocrinology,E11.9,Type 2 diabetes mellitus without complications,Provider SYN-45,Home,0,347.01
SYN-E-001305,SYN-P-00155,2025-08-29,02:45,2025-09-05,Inpatient,FAC-01,Synthetic Regional Medical Center,Nephrology,N17.9,"Acute kidney failure, unspecified",Provider SYN-46,Home,7,23748.67
SYN-E-001306,SYN-P-00142,2025-08-31,02:45,2025-09-02,Inpatient,FAC-01,Synthetic Regional Medical Center,Internal Medicine,E11.65,Type 2 diabetes mellitus with hyperglycemia,Provider SYN-47,Home,2,12186.72
SYN-E-001307,SYN-P-00121,2025-08-31,16:00,2025-09-07,Inpatient,FAC-02,Synthetic Community Hospital East,Internal Medicine,E11.65,Type 2 diabetes mellitus with hyperglycemia,Provider SYN-48,Home,7,25664.63
SYN-E-001308,SYN-P-00038,2025-09-03,03:45,2025-09-05,Inpatient,FAC-02,Synthetic Community Hospital East,Neurology,I63.9,"Cerebral infarction, unspecified",Provider SYN-49,Skilled Nursing Facility,2,11208.68
SYN-E-001309,SYN-P-00072,2025-09-04,03:15,2025-09-04,Outpatient,FAC-04,Synthetic Outpatient Center,Cardiology,I10,Essential (primary) hypertension,Provider SYN-50,Home,0,616.10
SYN-E-001310,SYN-P-00010,2025-09-04,22:45,2025-09-04,ED,FAC-01,Synthetic Regional Medical Center,Emergency,S93.401A,"Sprain of unspecified ligament of ankle, initial encounter",Provider SYN-51,Home,0,3880.08
SYN-E-001311,SYN-P-00167,2025-09-05,18:15,2025-09-12,Inpatient,FAC-02,Synthetic Community Hospital East,Neurology,I63.9,"Cerebral infarction, unspecified",Provider SYN-52,Home with Services,7,25094.28
SYN-E-001312,SYN-P-00020,2025-09-05,19:45,2025-09-05,Outpatient,FAC-04,Synthetic Outpatient Center,Endocrinology,E11.9,Type 2 diabetes mellitus without complications,Provider SYN-53,Home,0,551.27
SYN-E-001313,SYN-P-00024,2025-09-06,05:15,2025-09-06,Outpatient,FAC-04,Synthetic Outpatient Center,Orthopedics,M17.9,"Osteoarthritis of knee, unspecified",Provider SYN-54,Home,0,656.82
SYN-E-001314,SYN-P-00173,2025-09-07,00:30,2025-09-07,Outpatient,FAC-05,Synthetic Specialty Clinic,Orthopedics,M17.9,"Osteoarthritis of knee, unspecified",Provider SYN-55,Home,0,585.64
SYN-E-001315,SYN-P-00291,2025-09-07,20:00,2025-09-07,ED,FAC-01,Synthetic Regional Medical Center,Emergency,J45.901,Unspecified asthma with (acute) exacerbation,Provider SYN-56,Home,0,921.00
SYN-E-001316,SYN-P-00080,2025-09-07,20:45,2025-09-07,Outpatient,FAC-05,Synthetic Specialty Clinic,Primary Care,E11.9,Type 2 diabetes mellitus without complications,Provider SYN-57,Home,0,780.92
SYN-E-001317,SYN-P-00143,2025-09-07,22:45,2025-09-07,ED,FAC-01,Synthetic Regional Medical Center,Emergency,R07.9,"Chest pain, unspecified",Provider SYN-58,Home,0,1208.97
SYN-E-001318,SYN-P-00263,2025-09-08,02:15,2025-09-08,Outpatient,FAC-05,Synthetic Specialty Clinic,Orthopedics,M17.9,"Osteoarthritis of knee, unspecified",Provider SYN-59,Home,0,541.74
SYN-E-001319,SYN-P-00144,2025-09-08,18:45,2025-09-08,Outpatient,FAC-05,Synthetic Specialty Clinic,Pulmonology,J44.9,"Chronic obstructive pulmonary disease, unspecified",Provider SYN-60,Home,0,768.42
SYN-E-001320,SYN-P-00134,2025-09-09,01:00,2025-09-09,Outpatient,FAC-05,Synthetic Specialty Clinic,Pulmonology,J44.9,"Chronic obstructive pulmonary disease, unspecified",Provider SYN-01,Home,0,821.18
SYN-E-001321,SYN-P-00156,2025-09-10,16:45,2025-09-10,Outpatient,FAC-05,Synthetic Specialty Clinic,Endocrinology,E11.9,Type 2 diabetes mellitus without complications,Provider SYN-02,Home,0,449.65
SYN-E-001322,SYN-P-00065,2025-09-11,05:15,2025-09-11,ED,FAC-02,Synthetic Community Hospital East,Emergency,J45.901,Unspecified asthma with (acute) exacerbation,Provider SYN-03,Transferred,0,1873.03
SYN-E-001323,SYN-P-00198,2025-09-11,11:45,2025-09-11,Outpatient,FAC-04,Synthetic Outpatient Center,Orthopedics,M17.9,"Osteoarthritis of knee, unspecified",Provider SYN-04,Home,0,738.17
SYN-E-001324,SYN-P-00199,2025-09-12,18:00,2025-09-12,Outpatient,FAC-01,Synthetic Regional Medical Center,Pulmonology,J44.9,"Chronic obstructive pulmonary disease, unspecified",Provider SYN-05,Home,0,753.77
SYN-E-001325,SYN-P-00248,2025-09-13,10:30,2025-09-13,Outpatient,FAC-04,Synthetic Outpatient Center,Orthopedics,M17.9,"Osteoarthritis of knee, unspecified",Provider SYN-06,Home,0,539.95
SYN-E-001326,SYN-P-00048,2025-09-14,09:30,2025-09-15,Inpatient,FAC-03,Synthetic Community Hospital West,Cardiology,I50.9,"Heart failure, unspecified",Provider SYN-07,Home,1,11123.47
SYN-E-001327,SYN-P-00242,2025-09-14,22:30,2025-09-19,Inpatient,FAC-01,Synthetic Regional Medical Center,Cardiology,I50.9,"Heart failure, unspecified",Provider SYN-08,Home,5,18767.46
SYN-E-001328,SYN-P-00149,2025-09-16,15:45,2025-09-16,Outpatient,FAC-04,Synthetic Outpatient Center,Orthopedics,M17.9,"Osteoarthritis of knee, unspecified",Provider SYN-09,Home,0,723.29
SYN-E-001329,SYN-P-00244,2025-09-16,19:45,2025-09-22,Inpatient,FAC-03,Synthetic Community Hospital West,Internal Medicine,E11.65,Type 2 diabetes mellitus with hyperglycemia,Provider SYN-10,Transferred,6,22873.97
SYN-E-001330,SYN-P-00139,2025-09-17,08:00,2025-09-17,Outpatient,FAC-05,Synthetic Specialty Clinic,Endocrinology,E11.9,Type 2 diabetes mellitus without complications,Provider SYN-11,Home,0,242.57
SYN-E-001331,SYN-P-00088,2025-09-17,08:45,2025-09-17,Outpatient,FAC-04,Synthetic Outpatient Center,Orthopedics,M17.9,"Osteoarthritis of knee, unspecified",Provider SYN-12,Home,0,378.85
SYN-E-001332,SYN-P-00297,2025-09-17,11:15,2025-09-17,Outpatient,FAC-04,Synthetic Outpatient Center,Primary Care,E11.9,Type 2 diabetes mellitus without complications,Provider SYN-13,Home,0,636.96
SYN-E-001333,SYN-P-00266,2025-09-18,03:15,2025-09-18,ED,FAC-03,Synthetic Community Hospital West,Emergency,S93.401A,"Sprain of unspecified ligament of ankle, initial encounter",Provider SYN-14,Home,0,2983.03
SYN-E-001334,SYN-P-00197,2025-09-18,03:30,2025-09-18,ED,FAC-01,Synthetic Regional Medical Center,Emergency,J45.901,Unspecified asthma with (acute) exacerbation,Provider SYN-15,Home,0,2302.78
SYN-E-001335,SYN-P-00097,2025-09-19,04:00,2025-09-19,Outpatient,FAC-04,Synthetic Outpatient Center,Pulmonology,J44.9,"Chronic obstructive pulmonary disease, unspecified",Provider SYN-16,Home,0,175.80
SYN-E-001336,SYN-P-00275,2025-09-19,05:45,2025-09-19,Outpatient,FAC-05,Synthetic Specialty Clinic,Primary Care,E11.9,Type 2 diabetes mellitus without complications,Provider SYN-17,Home,0,427.13
SYN-E-001337,SYN-P-00246,2025-09-19,18:30,2025-09-26,Inpatient,FAC-03,Synthetic Community Hospital West,Neurology,I63.9,"Cerebral infarction, unspecified",Provider SYN-18,Skilled Nursing Facility,7,26356.33
SYN-E-001338,SYN-P-00126,2025-09-19,21:30,2025-09-19,ED,FAC-02,Synthetic Community Hospital East,Emergency,S93.401A,"Sprain of unspecified ligament of ankle, initial encounter",Provider SYN-19,Home,0,3995.43
SYN-E-001339,SYN-P-00114,2025-09-20,14:00,2025-09-20,Outpatient,FAC-02,Synthetic Community Hospital East,Primary Care,Z00.00,Encounter for general adult medical examination,Provider SYN-20,Home,0,326.12
SYN-E-001340,SYN-P-00195,2025-09-20,18:15,2025-09-20,Outpatient,FAC-05,Synthetic Specialty Clinic,Endocrinology,E11.9,Type 2 diabetes mellitus without complications,Provider SYN-21,Home,0,770.60
SYN-E-001341,SYN-P-00239,2025-09-21,23:15,2025-09-21,ED,FAC-03,Synthetic Community Hospital West,Emergency,J45.901,Unspecified asthma with (acute) exacerbation,Provider SYN-22,Home,0,3079.87
SYN-E-001342,SYN-P-00224,2025-09-22,00:45,2025-09-24,Inpatient,FAC-01,Synthetic Regional Medical Center,Pulmonology,J44.1,Chronic obstructive pulmonary disease with acute exacerbation,Provider SYN-23,Home,2,13567.73
SYN-E-001343,SYN-P-00293,2025-09-22,14:15,2025-09-22,Outpatient,FAC-04,Synthetic Outpatient Center,Pulmonology,J44.9,"Chronic obstructive pulmonary disease, unspecified",Provider SYN-24,Home,0,628.40
SYN-E-001344,SYN-P-00006,2025-09-22,16:00,2025-09-24,Inpatient,FAC-01,Synthetic Regional Medical Center,Pulmonology,J44.1,Chronic obstructive pulmonary disease with acute exacerbation,Provider SYN-25,Home,2,11017.85
SYN-E-001345,SYN-P-00261,2025-09-22,18:45,2025-09-22,Outpatient,FAC-05,Synthetic Specialty Clinic,Pulmonology,J44.9,"Chronic obstructive pulmonary disease, unspecified",Provider SYN-26,Home,0,316.11
SYN-E-001346,SYN-P-00035,2025-09-23,14:00,2025-09-30,Inpatient,FAC-02,Synthetic Community Hospital East,Pulmonology,J18.9,"Pneumonia, unspecified organism",Provider SYN-27,Skilled Nursing Facility,7,25595.61
SYN-E-001347,SYN-P-00056,2025-09-23,16:45,2025-09-23,Outpatient,FAC-04,Synthetic Outpatient Center,Primary Care,Z00.00,Encounter for general adult medical examination,Provider SYN-28,Home,0,533.60
SYN-E-001348,SYN-P-00278,2025-09-23,17:00,2025-09-23,Outpatient,FAC-04,Synthetic Outpatient Center,Endocrinology,E11.9,Type 2 diabetes mellitus without complications,Provider SYN-29,Home,0,644.98
SYN-E-001349,SYN-P-00234,2025-09-23,18:45,2025-09-23,Outpatient,FAC-04,Synthetic Outpatient Center,Pulmonology,J44.9,"Chronic obstructive pulmonary disease, unspecified",Provider SYN-30,Home,0,576.05
SYN-E-001350,SYN-P-00201,2025-09-24,09:15,2025-09-24,Outpatient,FAC-05,Synthetic Specialty Clinic,Primary Care,Z00.00,Encounter for general adult medical examination,Provider SYN-31,Home,0,581.45
SYN-E-001351,SYN-P-00285,2025-09-25,01:45,2025-09-25,Outpatient,FAC-05,Synthetic Specialty Clinic,Pulmonology,J44.9,"Chronic obstructive pulmonary disease, unspecified",Provider SYN-32,Home,0,818.45
SYN-E-001352,SYN-P-00141,2025-09-25,19:15,2025-09-25,Outpatient,FAC-05,Synthetic Specialty Clinic,Pulmonology,J44.9,"Chronic obstructive pulmonary disease, unspecified",Provider SYN-33,Home,0,887.83
SYN-E-001353,SYN-P-00229,2025-09-27,20:30,2025-09-27,Outpatient,FAC-04,Synthetic Outpatient Center,Pulmonology,J44.9,"Chronic obstructive pulmonary disease, unspecified",Provider SYN-34,Home,0,723.29
SYN-E-001354,SYN-P-00265,2025-09-28,10:00,2025-09-28,Outpatient,FAC-04,Synthetic Outpatient Center,Primary Care,E11.9,Type 2 diabetes mellitus without complications,Provider SYN-35,Home,0,820.01
SYN-E-001355,SYN-P-00237,2025-09-29,11:15,2025-09-29,Outpatient,FAC-05,Synthetic Specialty Clinic,Cardiology,I10,Essential (primary) hypertension,Provider SYN-36,Home,0,
SYN-E-001356,SYN-P-00262,2025-09-30,16:15,2025-09-30,Observation,FAC-03,Synthetic Community Hospital West,Internal Medicine,R55,Syncope and collapse,Provider SYN-37,Home,0,4516.60
SYN-E-001357,SYN-P-00082,2025-10-01,12:00,2025-10-01,ED,FAC-02,Synthetic Community Hospital East,Emergency,J45.901,Unspecified asthma with (acute) exacerbation,Provider SYN-38,Home,0,1220.41
SYN-E-001358,SYN-P-00055,2025-10-02,12:45,2025-10-02,Outpatient,FAC-05,Synthetic Specialty Clinic,Pulmonology,J44.9,"Chronic obstructive pulmonary disease, unspecified",Provider SYN-39,Home,0,625.58
SYN-E-001359,SYN-P-00154,2025-10-03,01:45,2025-10-03,ED,FAC-02,Synthetic Community Hospital East,Emergency,R10.9,Unspecified abdominal pain,Provider SYN-40,Home,0,3311.77
SYN-E-001360,SYN-P-00091,2025-10-04,05:45,2025-10-08,Inpatient,FAC-03,Synthetic Community Hospital West,Cardiology,I50.9,"Heart failure, unspecified",Provider SYN-41,Home with Services,4,16427.37
SYN-E-001361,SYN-P-00034,2025-10-04,06:00,2025-10-04,Outpatient,FAC-04,Synthetic Outpatient Center,Cardiology,I10,Essential (primary) hypertension,Provider SYN-42,Home,0,766.00
SYN-E-001362,SYN-P-00063,2025-10-04,12:00,2025-10-04,Outpatient,FAC-04,Synthetic Outpatient Center,Cardiology,I10,Essential (primary) hypertension,Provider SYN-43,Home,0,822.93
SYN-E-001363,SYN-P-00143,2025-10-06,03:45,2025-10-06,ED,FAC-01,Synthetic Regional Medical Center,Emergency,J45.901,Unspecified asthma with (acute) exacerbation,Provider SYN-44,Left Before Completion,0,2358.95
SYN-E-001364,SYN-P-00057,2025-10-06,13:15,2025-10-06,Outpatient,FAC-04,Synthetic Outpatient Center,Primary Care,E11.9,Type 2 diabetes mellitus without complications,Provider SYN-45,Home,0,613.07
SYN-E-001365,SYN-P-00296,2025-10-06,16:45,2025-10-08,Inpatient,FAC-01,Synthetic Regional Medical Center,Nephrology,N17.9,"Acute kidney failure, unspecified",Provider SYN-46,Home,2,13432.56
SYN-E-001366,SYN-P-00149,2025-10-06,18:15,2025-10-06,Observation,FAC-01,Synthetic Regional Medical Center,Internal Medicine,R55,Syncope and collapse,Provider SYN-47,Home with Services,0,4942.13
SYN-E-001367,SYN-P-00064,2025-10-07,00:30,2025-10-07,ED,FAC-02,Synthetic Community Hospital East,Emergency,J45.901,Unspecified asthma with (acute) exacerbation,Provider SYN-48,Home,0,819.36
SYN-E-001368,SYN-P-00035,2025-10-07,10:15,2025-10-16,Inpatient,FAC-02,Synthetic Community Hospital East,Pulmonology,J44.1,Chronic obstructive pulmonary disease with acute exacerbation,Provider SYN-49,Home,9,31277.57
SYN-E-001369,SYN-P-00274,2025-10-07,14:45,2025-10-07,ED,FAC-01,Synthetic Regional Medical Center,Emergency,J45.901,Unspecified asthma with (acute) exacerbation,Provider SYN-50,Home,0,1796.64
SYN-E-001370,SYN-P-00228,2025-10-07,19:45,2025-10-07,Outpatient,FAC-04,Synthetic Outpatient Center,Primary Care,I10,Essential (primary) hypertension,Provider SYN-51,Home,0,823.37
SYN-E-001371,SYN-P-00021,2025-10-07,21:30,2025-10-08,Inpatient,FAC-03,Synthetic Community Hospital West,Cardiology,I50.9,"Heart failure, unspecified",Provider SYN-52,Home with Services,1,10233.37
SYN-E-001372,SYN-P-00045,2025-10-08,12:45,2025-10-08,Outpatient,FAC-04,Synthetic Outpatient Center,Primary Care,I10,Essential (primary) hypertension,Provider SYN-53,Home,0,808.58
SYN-E-001373,SYN-P-00016,2025-10-09,11:00,2025-10-09,Outpatient,FAC-04,Synthetic Outpatient Center,Orthopedics,M17.9,"Osteoarthritis of knee, unspecified",Provider SYN-54,Home,0,403.50
SYN-E-001374,SYN-P-00207,2025-10-10,02:45,2025-10-12,Inpatient,FAC-02,Synthetic Community Hospital East,Orthopedics,S72.002A,Fracture of unspecified part of neck of left femur,Provider SYN-55,Home,2,11142.32
SYN-E-001375,SYN-P-00174,2025-10-10,12:00,2025-10-10,Outpatient,FAC-05,Synthetic Specialty Clinic,Pulmonology,J44.9,"Chronic obstructive pulmonary disease, unspecified",Provider SYN-56,Home,0,296.04
SYN-E-001376,SYN-P-00264,2025-10-10,18:30,2025-10-10,Outpatient,FAC-01,Synthetic Regional Medical Center,Primary Care,I10,Essential (primary) hypertension,Provider SYN-57,Home,0,171.75
SYN-E-001377,SYN-P-00010,2025-10-10,21:15,2025-10-10,Observation,FAC-01,Synthetic Regional Medical Center,Internal Medicine,R55,Syncope and collapse,Provider SYN-58,Home,0,4440.52
SYN-E-001378,SYN-P-00043,2025-10-11,13:45,2025-10-12,Observation,FAC-03,Synthetic Community Hospital West,Cardiology,R07.9,"Chest pain, unspecified",Provider SYN-59,Home,1,4260.34
SYN-E-001379,SYN-P-00029,2025-10-11,18:45,2025-10-12,Inpatient,FAC-03,Synthetic Community Hospital West,Cardiology,I50.9,"Heart failure, unspecified",Provider SYN-60,Home with Services,1,9919.04
SYN-E-001380,SYN-P-00120,2025-10-12,05:15,2025-10-12,ED,FAC-03,Synthetic Community Hospital West,Emergency,J45.901,Unspecified asthma with (acute) exacerbation,Provider SYN-01,Home,0,2224.33
SYN-E-001381,SYN-P-00183,2025-10-13,17:00,2025-10-18,Inpatient,FAC-02,Synthetic Community Hospital East,Pulmonology,J18.9,"Pneumonia, unspecified organism",Provider SYN-02,Home with Services,5,21168.98
SYN-E-001382,SYN-P-00166,2025-10-14,03:45,2025-10-17,Inpatient,FAC-01,Synthetic Regional Medical Center,Cardiology,I50.9,"Heart failure, unspecified",Provider SYN-03,Home,3,13536.27
SYN-E-001383,SYN-P-00290,2025-10-14,05:00,2025-10-14,Outpatient,FAC-04,Synthetic Outpatient Center,Primary Care,E11.9,Type 2 diabetes mellitus without complications,Provider SYN-04,Home,0,777.65
SYN-E-001384,SYN-P-00298,2025-10-15,17:45,2025-10-15,Outpatient,FAC-04,Synthetic Outpatient Center,Cardiology,I10,Essential (primary) hypertension,Provider SYN-05,Home,0,852.11
SYN-E-001385,SYN-P-00164,2025-10-15,22:15,2025-10-15,Outpatient,FAC-05,Synthetic Specialty Clinic,Orthopedics,M17.9,"Osteoarthritis of knee, unspecified",Provider SYN-06,Home,0,264.90
SYN-E-001386,SYN-P-00256,2025-10-16,10:45,2025-10-16,Observation,FAC-01,Synthetic Regional Medical Center,Internal Medicine,R55,Syncope and collapse,Provider SYN-07,Home,0,2654.35
SYN-E-001387,SYN-P-00225,2025-10-16,21:30,2025-10-19,Inpatient,FAC-01,Synthetic Regional Medical Center,Internal Medicine,E11.65,Type 2 diabetes mellitus with hyperglycemia,Provider SYN-08,Home,3,15399.86
SYN-E-001388,SYN-P-00131,2025-10-21,04:45,2025-10-26,Inpatient,FAC-02,Synthetic Community Hospital East,Pulmonology,J18.9,"Pneumonia, unspecified organism",Provider SYN-09,Home,5,19398.33
SYN-E-001389,SYN-P-00061,2025-10-21,13:45,2025-10-22,Inpatient,FAC-02,Synthetic Community Hospital East,Cardiology,I50.9,"Heart failure, unspecified",Provider SYN-10,Skilled Nursing Facility,1,10894.49
SYN-E-001390,SYN-P-00277,2025-10-21,17:30,2025-10-21,ED,FAC-02,Synthetic Community Hospital East,Emergency,J45.901,Unspecified asthma with (acute) exacerbation,Provider SYN-11,Home,0,1241.76
SYN-E-001391,SYN-P-00102,2025-10-22,05:45,2025-10-22,ED,FAC-02,Synthetic Community Hospital East,Emergency,R51.9,"Headache, unspecified",Provider SYN-12,Home,0,1069.45
SYN-E-001392,SYN-P-00112,2025-10-23,01:15,2025-10-23,Outpatient,FAC-04,Synthetic Outpatient Center,Endocrinology,E11.9,Type 2 diabetes mellitus without complications,Provider SYN-13,Home,0,464.65
SYN-E-001393,SYN-P-00066,2025-10-23,15:00,2025-10-23,Outpatient,FAC-04,Synthetic Outpatient Center,Orthopedics,M17.9,"Osteoarthritis of knee, unspecified",Provider SYN-14,Home,0,307.88
SYN-E-001394,SYN-P-00224,2025-10-24,08:00,2025-10-24,ED,FAC-03,Synthetic Community Hospital West,Emergency,J45.901,Unspecified asthma with (acute) exacerbation,Provider SYN-15,Left Before Completion,0,3935.91
SYN-E-001395,SYN-P-00246,2025-10-24,12:30,2025-10-24,Outpatient,FAC-04,Synthetic Outpatient Center,Pulmonology,J44.9,"Chronic obstructive pulmonary disease, unspecified",Provider SYN-16,Home,0,869.95
SYN-E-001396,SYN-P-00115,2025-10-25,11:15,2025-10-25,ED,FAC-02,Synthetic Community Hospital East,Emergency,J45.901,Unspecified asthma with (acute) exacerbation,Provider SYN-17,Left Before Completion,0,2079.64
SYN-E-001397,SYN-P-00242,2025-10-26,03:15,2025-11-02,Inpatient,FAC-01,Synthetic Regional Medical Center,Orthopedics,S72.002A,Fracture of unspecified part of neck of left femur,Provider SYN-18,Skilled Nursing Facility,7,25279.74
SYN-E-001398,SYN-P-00276,2025-10-28,00:30,2025-10-28,Outpatient,FAC-04,Synthetic Outpatient Center,Primary Care,I10,Essential (primary) hypertension,Provider SYN-19,Home,0,556.12
SYN-E-001399,SYN-P-00260,2025-10-28,01:45,2025-11-04,Inpatient,FAC-02,Synthetic Community Hospital East,Cardiology,I48.91,Unspecified atrial fibrillation,Provider SYN-20,Home,7,26424.07
SYN-E-001400,SYN-P-00055,2025-10-29,11:15,2025-10-29,ED,FAC-01,Synthetic Regional Medical Center,Emergency,R51.9,"Headache, unspecified",Provider SYN-21,Home,0,1123.28
SYN-E-001401,SYN-P-00195,2025-11-02,13:30,2025-11-02,Outpatient,FAC-04,Synthetic Outpatient Center,Primary Care,I10,Essential (primary) hypertension,Provider SYN-22,Home,0,241.40
SYN-E-001402,SYN-P-00201,2025-11-03,00:15,2025-11-04,Observation,FAC-01,Synthetic Regional Medical Center,Cardiology,R07.9,"Chest pain, unspecified",Provider SYN-23,Home,1,3598.75
SYN-E-001403,SYN-P-00035,2025-11-03,09:15,2025-11-15,Inpatient,FAC-01,Synthetic Regional Medical Center,Internal Medicine,J18.9,"Pneumonia, unspecified organism",Provider SYN-24,Home,12,36134.10
SYN-E-001404,SYN-P-00233,2025-11-03,13:15,2025-11-03,Outpatient,FAC-04,Synthetic Outpatient Center,Endocrinology,E11.9,Type 2 diabetes mellitus without complications,Provider SYN-25,Home,0,633.05
SYN-E-001405,SYN-P-00142,2025-11-03,18:30,2025-11-03,Outpatient,FAC-01,Synthetic Regional Medical Center,Pulmonology,J44.9,"Chronic obstructive pulmonary disease, unspecified",Provider SYN-26,Home,0,834.72
SYN-E-001406,SYN-P-00204,2025-11-04,05:15,2025-11-11,Inpatient,FAC-02,Synthetic Community Hospital East,Nephrology,N17.9,"Acute kidney failure, unspecified",Provider SYN-27,Home with Services,7,24533.16
SYN-E-001407,SYN-P-00219,2025-11-05,03:00,2025-11-05,Outpatient,FAC-04,Synthetic Outpatient Center,Primary Care,I10,Essential (primary) hypertension,Provider SYN-28,Home,0,716.22
SYN-E-001408,SYN-P-00076,2025-11-05,06:15,2025-11-08,Inpatient,FAC-02,Synthetic Community Hospital East,Cardiology,I48.91,Unspecified atrial fibrillation,Provider SYN-29,Home,3,13944.28
SYN-E-001409,SYN-P-00034,2025-11-06,05:15,2025-11-06,ED,FAC-02,Synthetic Community Hospital East,Emergency,S93.401A,"Sprain of unspecified ligament of ankle, initial encounter",Provider SYN-30,Home,0,2485.46
SYN-E-001410,SYN-P-00151,2025-11-06,14:00,2025-11-06,Outpatient,FAC-01,Synthetic Regional Medical Center,Primary Care,E11.9,Type 2 diabetes mellitus without complications,Provider SYN-31,Home,0,821.41
SYN-E-001411,SYN-P-00271,2025-11-06,15:00,2025-11-11,Inpatient,FAC-01,Synthetic Regional Medical Center,Cardiology,I48.91,Unspecified atrial fibrillation,Provider SYN-32,Skilled Nursing Facility,5,19586.94
SYN-E-001412,SYN-P-00283,2025-11-07,08:15,2025-11-07,Outpatient,FAC-05,Synthetic Specialty Clinic,Pulmonology,J44.9,"Chronic obstructive pulmonary disease, unspecified",Provider SYN-33,Home,0,713.49
SYN-E-001413,SYN-P-00290,2025-11-07,14:30,2025-11-16,Inpatient,FAC-01,Synthetic Regional Medical Center,Pulmonology,J44.1,Chronic obstructive pulmonary disease with acute exacerbation,Provider SYN-34,Home with Services,9,31049.02
SYN-E-001414,SYN-P-00172,2025-11-07,18:45,2025-11-13,Inpatient,FAC-02,Synthetic Community Hospital East,Internal Medicine,E11.65,Type 2 diabetes mellitus with hyperglycemia,Provider SYN-35,Home,6,21098.65
SYN-E-001415,SYN-P-00133,2025-11-07,20:30,2025-11-07,Outpatient,FAC-05,Synthetic Specialty Clinic,Pulmonology,J44.9,"Chronic obstructive pulmonary disease, unspecified",Provider SYN-36,Home,0,184.43
SYN-E-001416,SYN-P-00170,2025-11-08,00:30,2025-11-09,Observation,FAC-02,Synthetic Community Hospital East,Cardiology,R07.9,"Chest pain, unspecified",Provider SYN-37,Home,1,5079.71
SYN-E-001417,SYN-P-00024,2025-11-08,03:45,2025-11-13,Inpatient,FAC-02,Synthetic Community Hospital East,Cardiology,I48.91,Unspecified atrial fibrillation,Provider SYN-38,Home,5,19830.56
SYN-E-001418,SYN-P-00214,2025-11-08,22:15,2025-11-08,Observation,FAC-01,Synthetic Regional Medical Center,Cardiology,R07.9,"Chest pain, unspecified",Provider SYN-39,Home,0,5747.68
SYN-E-001419,SYN-P-00208,2025-11-09,07:45,2025-11-09,ED,FAC-03,Synthetic Community Hospital West,Emergency,J45.901,Unspecified asthma with (acute) exacerbation,Provider SYN-40,Home,0,3713.71
SYN-E-001420,SYN-P-00054,2025-11-10,00:30,2025-11-10,Outpatient,FAC-03,Synthetic Community Hospital West,Pulmonology,J44.9,"Chronic obstructive pulmonary disease, unspecified",Provider SYN-41,Home,0,670.88
SYN-E-001421,SYN-P-00048,2025-11-10,01:45,2025-11-10,Outpatient,FAC-03,Synthetic Community Hospital West,Primary Care,I10,Essential (primary) hypertension,Provider SYN-42,Home,0,228.56
SYN-E-001422,SYN-P-00220,2025-11-11,00:15,2025-11-11,Outpatient,FAC-05,Synthetic Specialty Clinic,Pulmonology,J44.9,"Chronic obstructive pulmonary disease, unspecified",Provider SYN-43,Home,0,621.72
SYN-E-001423,SYN-P-00180,2025-11-11,14:00,2025-11-11,ED,FAC-02,Synthetic Community Hospital East,Emergency,R51.9,"Headache, unspecified",Provider SYN-44,Transferred,0,3897.62
SYN-E-001424,SYN-P-00173,2025-11-11,20:15,2025-11-11,Outpatient,FAC-04,Synthetic Outpatient Center,Pulmonology,J44.9,"Chronic obstructive pulmonary disease, unspecified",Provider SYN-45,Home,0,648.71
SYN-E-001425,SYN-P-00169,2025-11-12,10:00,2025-11-12,Outpatient,FAC-04,Synthetic Outpatient Center,Orthopedics,M17.9,"Osteoarthritis of knee, unspecified",Provider SYN-46,Home,0,883.54
SYN-E-001426,SYN-P-00010,2025-11-13,08:30,2025-11-13,Outpatient,FAC-04,Synthetic Outpatient Center,Primary Care,I10,Essential (primary) hypertension,Provider SYN-47,Home,0,405.45
SYN-E-001427,SYN-P-00241,2025-11-15,08:15,2025-11-15,Outpatient,FAC-04,Synthetic Outpatient Center,Pulmonology,J44.9,"Chronic obstructive pulmonary disease, unspecified",Provider SYN-48,Home,0,213.80
SYN-E-001428,SYN-P-00006,2025-11-15,20:30,2025-11-15,Outpatient,FAC-05,Synthetic Specialty Clinic,Pulmonology,J44.9,"Chronic obstructive pulmonary disease, unspecified",Provider SYN-49,Home,0,356.46
SYN-E-001429,SYN-P-00030,2025-11-16,14:45,2025-11-16,Outpatient,FAC-04,Synthetic Outpatient Center,Pulmonology,J44.9,"Chronic obstructive pulmonary disease, unspecified",Provider SYN-50,Home,0,218.40
SYN-E-001430,SYN-P-00196,2025-11-17,21:30,2025-11-17,Outpatient,FAC-04,Synthetic Outpatient Center,Primary Care,E11.9,Type 2 diabetes mellitus without complications,Provider SYN-51,Home,0,439.24
SYN-E-001431,SYN-P-00236,2025-11-18,07:45,2025-11-18,Outpatient,FAC-04,Synthetic Outpatient Center,Orthopedics,M17.9,"Osteoarthritis of knee, unspecified",Provider SYN-52,Home,0,225.89
SYN-E-001432,SYN-P-00235,2025-11-19,07:00,2025-11-24,Inpatient,FAC-03,Synthetic Community Hospital West,Internal Medicine,E11.65,Type 2 diabetes mellitus with hyperglycemia,Provider SYN-53,Home,5,18819.28
SYN-E-001433,SYN-P-00042,2025-11-19,11:30,2025-11-20,Inpatient,FAC-03,Synthetic Community Hospital West,Pulmonology,J44.1,Chronic obstructive pulmonary disease with acute exacerbation,Provider SYN-54,Home,1,10773.53
SYN-E-001434,SYN-P-00186,2025-11-20,07:15,2025-11-29,Inpatient,FAC-01,Synthetic Regional Medical Center,Orthopedics,S72.002A,Fracture of unspecified part of neck of left femur,Provider SYN-55,Home,9,29304.63
SYN-E-001435,SYN-P-00234,2025-11-21,18:45,2025-11-21,ED,FAC-03,Synthetic Community Hospital West,Emergency,S93.401A,"Sprain of unspecified ligament of ankle, initial encounter",Provider SYN-56,Home,0,2653.36
SYN-E-001436,SYN-P-00242,2025-11-21,22:45,2025-11-22,Inpatient,FAC-01,Synthetic Regional Medical Center,Cardiology,I48.91,Unspecified atrial fibrillation,Provider SYN-57,Home,1,9575.24
SYN-E-001437,SYN-P-00158,2025-11-22,07:15,2025-11-22,Outpatient,FAC-04,Synthetic Outpatient Center,Pulmonology,J44.9,"Chronic obstructive pulmonary disease, unspecified",Provider SYN-58,Home,0,816.52
SYN-E-001438,SYN-P-00102,2025-11-23,09:45,2025-11-23,Outpatient,FAC-04,Synthetic Outpatient Center,Primary Care,Z00.00,Encounter for general adult medical examination,Provider SYN-59,Home,0,370.10
SYN-E-001439,SYN-P-00104,2025-11-23,10:45,2025-11-23,ED,FAC-02,Synthetic Community Hospital East,Emergency,R10.9,Unspecified abdominal pain,Provider SYN-60,Home,0,1943.02
SYN-E-001440,SYN-P-00215,2025-11-24,16:00,2025-11-25,Inpatient,FAC-02,Synthetic Community Hospital East,Nephrology,N17.9,"Acute kidney failure, unspecified",Provider SYN-01,Skilled Nursing Facility,1,11100.60
SYN-E-001441,SYN-P-00242,2025-11-25,05:00,2025-11-28,Inpatient,FAC-01,Synthetic Regional Medical Center,Internal Medicine,E11.65,Type 2 diabetes mellitus with hyperglycemia,Provider SYN-02,Home,3,15795.15
SYN-E-001442,SYN-P-00221,2025-11-25,16:30,2025-11-28,Inpatient,FAC-01,Synthetic Regional Medical Center,Neurology,I63.9,"Cerebral infarction, unspecified",Provider SYN-03,Skilled Nursing Facility,3,14677.95
SYN-E-001443,SYN-P-00219,2025-11-26,03:00,2025-11-26,Outpatient,FAC-04,Synthetic Outpatient Center,Orthopedics,M17.9,"Osteoarthritis of knee, unspecified",Provider SYN-04,Home,0,635.61
SYN-E-001444,SYN-P-00217,2025-11-26,06:00,2025-11-29,Inpatient,FAC-02,Synthetic Community Hospital East,Cardiology,I50.9,"Heart failure, unspecified",Provider SYN-05,Home,3,14886.01
SYN-E-001445,SYN-P-00053,2025-11-27,11:15,2025-11-27,Outpatient,FAC-04,Synthetic Outpatient Center,Pulmonology,J44.9,"Chronic obstructive pulmonary disease, unspecified",Provider SYN-06,Home,0,696.90
SYN-E-001446,SYN-P-00266,2025-11-27,11:15,2025-11-27,ED,FAC-03,Synthetic Community Hospital West,Emergency,S93.401A,"Sprain of unspecified ligament of ankle, initial encounter",Provider SYN-07,Home,0,1747.16
SYN-E-001447,SYN-P-00174,2025-11-29,12:45,2025-12-02,Inpatient,FAC-02,Synthetic Community Hospital East,Nephrology,N17.9,"Acute kidney failure, unspecified",Provider SYN-08,Home,3,15875.13
SYN-E-001448,SYN-P-00079,2025-11-29,15:15,2025-11-30,Inpatient,FAC-03,Synthetic Community Hospital West,Neurology,I63.9,"Cerebral infarction, unspecified",Provider SYN-09,Home,1,10429.88
SYN-E-001449,SYN-P-00169,2025-11-30,01:45,2025-11-30,Outpatient,FAC-05,Synthetic Specialty Clinic,Pulmonology,J44.9,"Chronic obstructive pulmonary disease, unspecified",Provider SYN-10,Home,0,197.63
SYN-E-001450,SYN-P-00006,2025-11-30,18:15,2025-11-30,Outpatient,FAC-05,Synthetic Specialty Clinic,Cardiology,I10,Essential (primary) hypertension,Provider SYN-11,Home,0,189.33
SYN-E-001451,SYN-P-00083,2025-11-30,18:15,2025-11-30,Outpatient,FAC-05,Synthetic Specialty Clinic,Orthopedics,M17.9,"Osteoarthritis of knee, unspecified",Provider SYN-12,Home,0,422.68
SYN-E-001452,SYN-P-00168,2025-11-30,23:15,2025-11-30,ED,FAC-03,Synthetic Community Hospital West,Emergency,J45.901,Unspecified asthma with (acute) exacerbation,Provider SYN-13,Home,0,1790.25
SYN-E-001453,SYN-P-00065,2025-12-01,16:00,2025-12-01,ED,FAC-01,Synthetic Regional Medical Center,Emergency,J45.901,Unspecified asthma with (acute) exacerbation,Provider SYN-14,Home,0,3058.47
SYN-E-001454,SYN-P-00253,2025-12-02,02:45,2025-12-02,Outpatient,FAC-04,Synthetic Outpatient Center,Pulmonology,J44.9,"Chronic obstructive pulmonary disease, unspecified",Provider SYN-15,Home,0,158.31
SYN-E-001455,SYN-P-00298,2025-12-02,08:30,2025-12-02,Outpatient,FAC-04,Synthetic Outpatient Center,Pulmonology,J44.9,"Chronic obstructive pulmonary disease, unspecified",Provider SYN-16,Home,0,213.85
SYN-E-001456,SYN-P-00043,2025-12-02,09:00,2025-12-02,Outpatient,FAC-04,Synthetic Outpatient Center,Orthopedics,M17.9,"Osteoarthritis of knee, unspecified",Provider SYN-17,Home,0,264.22
SYN-E-001457,SYN-P-00030,2025-12-02,16:00,2025-12-03,Inpatient,FAC-03,Synthetic Community Hospital West,Pulmonology,J44.1,Chronic obstructive pulmonary disease with acute exacerbation,Provider SYN-18,Home with Services,1,11413.72
SYN-E-001458,SYN-P-00233,2025-12-03,12:00,2025-12-04,Inpatient,FAC-01,Synthetic Regional Medical Center,Internal Medicine,J18.9,"Pneumonia, unspecified organism",Provider SYN-19,Home,1,9485.65
SYN-E-001459,SYN-P-00278,2025-12-03,12:15,2025-12-03,Outpatient,FAC-04,Synthetic Outpatient Center,Orthopedics,M17.9,"Osteoarthritis of knee, unspecified",Provider SYN-20,Home,0,625.27
SYN-E-001460,SYN-P-00010,2025-12-04,07:30,2025-12-07,Inpatient,FAC-01,Synthetic Regional Medical Center,Neurology,I63.9,"Cerebral infarction, unspecified",Provider SYN-21,Skilled Nursing Facility,3,15979.15
SYN-E-001461,SYN-P-00299,2025-12-04,11:00,2025-12-07,Inpatient,FAC-03,Synthetic Community Hospital West,Cardiology,I50.9,"Heart failure, unspecified",Provider SYN-22,Home,3,13789.09
SYN-E-001462,SYN-P-00290,2025-12-06,16:45,2025-12-15,Inpatient,FAC-03,Synthetic Community Hospital West,Pulmonology,J44.1,Chronic obstructive pulmonary disease with acute exacerbation,Provider SYN-23,Skilled Nursing Facility,9,31231.12
SYN-E-001463,SYN-P-00143,2025-12-06,17:45,2025-12-09,Inpatient,FAC-01,Synthetic Regional Medical Center,Pulmonology,J18.9,"Pneumonia, unspecified organism",Provider SYN-24,Home,3,15499.26
SYN-E-001464,SYN-P-00285,2025-12-07,08:00,2025-12-07,Outpatient,FAC-05,Synthetic Specialty Clinic,Pulmonology,J44.9,"Chronic obstructive pulmonary disease, unspecified",Provider SYN-25,Home,0,419.55
SYN-E-001465,SYN-P-00155,2025-12-07,16:45,2025-12-07,Outpatient,FAC-01,Synthetic Regional Medical Center,Orthopedics,M17.9,"Osteoarthritis of knee, unspecified",Provider SYN-26,Home,0,0.00
SYN-E-001466,SYN-P-00149,2025-12-07,21:00,2025-12-07,Outpatient,FAC-04,Synthetic Outpatient Center,Primary Care,E11.9,Type 2 diabetes mellitus without complications,Provider SYN-27,Home,0,605.50
SYN-E-001467,SYN-P-00277,2025-12-08,07:00,2025-12-08,Outpatient,FAC-05,Synthetic Specialty Clinic,Endocrinology,E11.9,Type 2 diabetes mellitus without complications,Provider SYN-28,Home,0,272.26
SYN-E-001468,SYN-P-00199,2025-12-08,14:30,2025-12-10,Inpatient,FAC-01,Synthetic Regional Medical Center,Internal Medicine,E11.65,Type 2 diabetes mellitus with hyperglycemia,Provider SYN-29,Home,2,13664.94
SYN-E-001469,SYN-P-00269,2025-12-09,17:30,2025-12-09,ED,FAC-02,Synthetic Community Hospital East,Emergency,R07.9,"Chest pain, unspecified",Provider SYN-30,Home,0,3864.59
SYN-E-001470,SYN-P-00295,2025-12-10,12:30,2025-12-10,ED,FAC-01,Synthetic Regional Medical Center,Emergency,R07.9,"Chest pain, unspecified",Provider SYN-31,Home,0,3888.93
SYN-E-001471,SYN-P-00296,2025-12-10,17:00,2025-12-10,Outpatient,FAC-01,Synthetic Regional Medical Center,Primary Care,I10,Essential (primary) hypertension,Provider SYN-32,Home,0,329.87
SYN-E-001472,SYN-P-00251,2025-12-10,17:15,2025-12-10,Outpatient,FAC-02,Synthetic Community Hospital East,Orthopedics,M17.9,"Osteoarthritis of knee, unspecified",Provider SYN-33,Home,0,727.52
SYN-E-001473,SYN-P-00234,2025-12-10,18:45,2025-12-10,ED,FAC-03,Synthetic Community Hospital West,Emergency,R51.9,"Headache, unspecified",Provider SYN-34,Transferred,0,3128.16
SYN-E-001474,SYN-P-00087,2025-12-11,13:30,2025-12-11,Outpatient,FAC-04,Synthetic Outpatient Center,Cardiology,I10,Essential (primary) hypertension,Provider SYN-35,Home,0,645.00
SYN-E-001475,SYN-P-00289,2025-12-13,04:15,2025-12-13,Outpatient,FAC-04,Synthetic Outpatient Center,Cardiology,I10,Essential (primary) hypertension,Provider SYN-36,Home,0,447.97
SYN-E-001476,SYN-P-00082,2025-12-13,06:30,2025-12-13,Outpatient,FAC-05,Synthetic Specialty Clinic,Primary Care,E11.9,Type 2 diabetes mellitus without complications,Provider SYN-37,Home,0,273.75
SYN-E-001477,SYN-P-00248,2025-12-13,21:00,2025-12-13,Outpatient,FAC-04,Synthetic Outpatient Center,Orthopedics,M17.9,"Osteoarthritis of knee, unspecified",Provider SYN-38,Home,0,570.17
SYN-E-001478,SYN-P-00154,2025-12-14,16:30,2025-12-14,Outpatient,FAC-05,Synthetic Specialty Clinic,Pulmonology,J44.9,"Chronic obstructive pulmonary disease, unspecified",Provider SYN-39,Home,0,403.81
SYN-E-001479,SYN-P-00191,2025-12-14,19:30,2025-12-14,Outpatient,FAC-04,Synthetic Outpatient Center,Primary Care,I10,Essential (primary) hypertension,Provider SYN-40,Home,0,622.20
SYN-E-001480,SYN-P-00112,2025-12-15,18:00,2025-12-15,ED,FAC-02,Synthetic Community Hospital East,Emergency,R10.9,Unspecified abdominal pain,Provider SYN-41,Home,0,1941.56
SYN-E-001481,SYN-P-00056,2025-12-15,23:15,2025-12-15,Outpatient,FAC-03,Synthetic Community Hospital West,Pulmonology,J44.9,"Chronic obstructive pulmonary disease, unspecified",Provider SYN-42,Home,0,607.89
SYN-E-001482,SYN-P-00284,2025-12-17,13:15,2025-12-17,ED,FAC-03,Synthetic Community Hospital West,Emergency,R10.9,Unspecified abdominal pain,Provider SYN-43,Home,0,1752.25
SYN-E-001483,SYN-P-00264,2025-12-19,03:30,2025-12-23,Inpatient,FAC-01,Synthetic Regional Medical Center,Cardiology,I50.9,"Heart failure, unspecified",Provider SYN-44,Home with Services,4,18421.17
SYN-E-001484,SYN-P-00180,2025-12-19,04:45,2025-12-23,Inpatient,FAC-02,Synthetic Community Hospital East,Pulmonology,J18.9,"Pneumonia, unspecified organism",Provider SYN-45,Skilled Nursing Facility,4,17318.76
SYN-E-001485,SYN-P-00019,2025-12-19,09:30,2025-12-19,Outpatient,FAC-03,Synthetic Community Hospital West,Orthopedics,M17.9,"Osteoarthritis of knee, unspecified",Provider SYN-46,Home,0,807.18
SYN-E-001486,SYN-P-00156,2025-12-19,22:00,2025-12-19,Outpatient,FAC-04,Synthetic Outpatient Center,Cardiology,I10,Essential (primary) hypertension,Provider SYN-47,Home,0,752.16
SYN-E-001487,SYN-P-00102,2025-12-24,03:00,2025-12-24,Outpatient,FAC-05,Synthetic Specialty Clinic,Primary Care,Z00.00,Encounter for general adult medical examination,Provider SYN-48,Home,0,366.28
SYN-E-001488,SYN-P-00080,2025-12-25,12:15,2025-12-25,ED,FAC-01,Synthetic Regional Medical Center,Emergency,S93.401A,"Sprain of unspecified ligament of ankle, initial encounter",Provider SYN-49,Transferred,0,1016.85
SYN-E-001489,SYN-P-00274,2025-12-26,04:45,2025-12-26,ED,FAC-01,Synthetic Regional Medical Center,Emergency,R07.9,"Chest pain, unspecified",Provider SYN-50,Home,0,3868.15
SYN-E-001490,SYN-P-00027,2025-12-26,10:30,2025-12-26,ED,FAC-02,Synthetic Community Hospital East,Emergency,J45.901,Unspecified asthma with (acute) exacerbation,Provider SYN-51,Home,0,1375.62
SYN-E-001491,SYN-P-00057,2025-12-27,12:15,2025-12-27,Outpatient,FAC-04,Synthetic Outpatient Center,Orthopedics,M17.9,"Osteoarthritis of knee, unspecified",Provider SYN-52,Home,0,478.82
SYN-E-001492,SYN-P-00200,2025-12-27,14:00,2025-12-27,Outpatient,FAC-01,Synthetic Regional Medical Center,Primary Care,E11.9,Type 2 diabetes mellitus without complications,Provider SYN-53,Home,0,831.45
SYN-E-001493,SYN-P-00197,2025-12-27,15:00,2025-12-27,ED,FAC-01,Synthetic Regional Medical Center,Emergency,S93.401A,"Sprain of unspecified ligament of ankle, initial encounter",Provider SYN-54,Home,0,1011.61
SYN-E-001494,SYN-P-00225,2025-12-27,22:00,2025-12-27,ED,FAC-01,Synthetic Regional Medical Center,Emergency,S93.401A,"Sprain of unspecified ligament of ankle, initial encounter",Provider SYN-55,Home,0,2739.88
SYN-E-001495,SYN-P-00195,2025-12-28,12:00,2025-12-28,Outpatient,FAC-05,Synthetic Specialty Clinic,Orthopedics,M17.9,"Osteoarthritis of knee, unspecified",Provider SYN-56,Home,0,333.57
SYN-E-001496,SYN-P-00244,2025-12-28,21:30,2025-12-28,Outpatient,FAC-04,Synthetic Outpatient Center,Endocrinology,E11.9,Type 2 diabetes mellitus without complications,Provider SYN-57,Home,0,489.36
SYN-E-001497,SYN-P-00013,2025-12-28,23:00,2025-12-28,Outpatient,FAC-05,Synthetic Specialty Clinic,Primary Care,Z00.00,Encounter for general adult medical examination,Provider SYN-58,Home,0,361.49
SYN-E-001498,SYN-P-00038,2025-12-29,05:00,2025-12-29,Outpatient,FAC-02,Synthetic Community Hospital East,Primary Care,Z00.00,Encounter for general adult medical examination,Provider SYN-59,Home,0,639.06
SYN-E-001499,SYN-P-00129,2025-12-29,07:15,2025-12-30,Observation,FAC-03,Synthetic Community Hospital West,Internal Medicine,R55,Syncope and collapse,Provider SYN-60,Home,1,5728.23
SYN-E-001500,SYN-P-00141,2025-12-30,21:00,2025-12-30,Observation,FAC-03,Synthetic Community Hospital West,Cardiology,R07.9,"Chest pain, unspecified",Provider SYN-01,Home,0,4640.04
