vital_id,patient_id,encounter_id,facility_name,department,timestamp,heart_rate,systolic_bp,diastolic_bp,temperature_f,respiratory_rate,spo2_percent,pain_level
SYN-V-000001,SYN-P-00225,SYN-E-000003,Synthetic Specialty Clinic,Primary Care,2024-01-01 23:18:00,81,139,79,97.1,20,93,
SYN-V-000002,SYN-P-00225,SYN-E-000003,Synthetic Specialty Clinic,Primary Care,2024-01-02 02:25:00,109,104,61,97.2,18,92,3
SYN-V-000003,SYN-P-00225,SYN-E-000003,Synthetic Specialty Clinic,Primary Care,2024-01-02 03:00:00,104,149,93,97.1,12,97,3
SYN-V-000004,SYN-P-00195,SYN-E-000004,Synthetic Regional Medical Center,Internal Medicine,2024-01-02 07:45:00,105,138,92,97.6,12,93,0
SYN-V-000005,SYN-P-00195,SYN-E-000004,Synthetic Regional Medical Center,Internal Medicine,2024-01-03 12:07:00,84,152,85,99.6,20,95,0
SYN-V-000006,SYN-P-00195,SYN-E-000004,Synthetic Regional Medical Center,Internal Medicine,2024-01-04 03:48:00,103,151,67,97.5,12,93,1
SYN-V-000007,SYN-P-00195,SYN-E-000004,Synthetic Regional Medical Center,Internal Medicine,2024-01-04 05:57:00,98,125,85,98.6,14,93,3
SYN-V-000008,SYN-P-00242,SYN-E-000009,Synthetic Regional Medical Center,Cardiology,2024-01-04 11:39:00,88,151,67,99.2,19,97,4
SYN-V-000009,SYN-P-00242,SYN-E-000009,Synthetic Regional Medical Center,Cardiology,2024-01-04 21:56:00,88,107,79,97.8,18,100,
SYN-V-000010,SYN-P-00242,SYN-E-000009,Synthetic Regional Medical Center,Cardiology,2024-01-04 23:37:00,72,135,80,98.5,21,97,5
SYN-V-000011,SYN-P-00242,SYN-E-000009,Synthetic Regional Medical Center,Cardiology,2024-01-05 02:20:00,90,113,90,98.2,19,99,3
SYN-V-000012,SYN-P-00242,SYN-E-000009,Synthetic Regional Medical Center,Cardiology,2024-01-05 14:17:00,93,108,92,99.2,21,99,0
SYN-V-000013,SYN-P-00242,SYN-E-000009,Synthetic Regional Medical Center,Cardiology,2024-01-07 07:18:00,77,128,64,98.9,12,98,5
SYN-V-000014,SYN-P-00242,SYN-E-000009,Synthetic Regional Medical Center,Cardiology,2024-01-07 12:48:00,64,113,70,99.3,19,98,7
SYN-V-000015,SYN-P-00242,SYN-E-000009,Synthetic Regional Medical Center,Cardiology,2024-01-08 05:25:00,93,150,88,98.7,18,99,4
SYN-V-000016,SYN-P-00242,SYN-E-000009,Synthetic Regional Medical Center,Cardiology,2024-01-08 10:00:00,78,155,61,97.6,17,98,1
SYN-V-000017,SYN-P-00027,SYN-E-000010,Synthetic Community Hospital West,Emergency,2024-01-03 12:33:00,74,105,63,97.4,16,96,6
SYN-V-000018,SYN-P-00027,SYN-E-000010,Synthetic Community Hospital West,Emergency,2024-01-03 12:35:00,107,145,60,97.5,14,100,6
SYN-V-000019,SYN-P-00027,SYN-E-000010,Synthetic Community Hospital West,Emergency,2024-01-03 12:36:00,67,159,94,98.0,18,97,5
SYN-V-000020,SYN-P-00027,SYN-E-000010,Synthetic Community Hospital West,Emergency,2024-01-03 14:55:00,66,122,67,99.2,13,97,1
SYN-V-000021,SYN-P-00264,SYN-E-000011,Synthetic Specialty Clinic,Primary Care,2024-01-03 16:49:00,74,137,79,98.6,22,93,8
SYN-V-000022,SYN-P-00113,SYN-E-000012,Synthetic Specialty Clinic,Orthopedics,2024-01-03 17:14:00,110,113,62,98.4,18,93,6
SYN-V-000023,SYN-P-00113,SYN-E-000012,Synthetic Specialty Clinic,Orthopedics,2024-01-03 17:45:00,82,158,73,97.8,17,95,2
SYN-V-000024,SYN-P-00190,SYN-E-000013,Synthetic Specialty Clinic,Orthopedics,2024-01-04 03:28:00,109,129,60,97.1,22,99,7
SYN-V-000025,SYN-P-00214,SYN-E-000015,Synthetic Regional Medical Center,Pulmonology,2024-01-04 11:23:00,86,130,83,98.4,16,97,0
SYN-V-000026,SYN-P-00214,SYN-E-000015,Synthetic Regional Medical Center,Pulmonology,2024-01-04 14:59:00,56,123,80,97.4,16,99,2
SYN-V-000027,SYN-P-00214,SYN-E-000015,Synthetic Regional Medical Center,Pulmonology,2024-01-05 04:09:00,64,151,81,99.4,13,100,7
SYN-V-000028,SYN-P-00214,SYN-E-000015,Synthetic Regional Medical Center,Pulmonology,2024-01-05 04:30:00,87,109,68,97.8,17,97,8
SYN-V-000029,SYN-P-00214,SYN-E-000015,Synthetic Regional Medical Center,Pulmonology,2024-01-05 15:47:00,76,100,76,97.3,20,96,7
SYN-V-000030,SYN-P-00214,SYN-E-000015,Synthetic Regional Medical Center,Pulmonology,2024-01-05 16:30:00,109,108,73,99.7,20,93,7
SYN-V-000031,SYN-P-00076,SYN-E-000016,Synthetic Community Hospital East,Orthopedics,2024-01-04 16:34:00,101,100,65,98.2,21,99,0
SYN-V-000032,SYN-P-00076,SYN-E-000016,Synthetic Community Hospital East,Orthopedics,2024-01-04 16:51:00,65,156,87,97.7,20,100,2
SYN-V-000033,SYN-P-00076,SYN-E-000016,Synthetic Community Hospital East,Orthopedics,2024-01-04 19:15:00,106,130,87,98.5,21,94,7
SYN-V-000034,SYN-P-00290,SYN-E-000017,Synthetic Community Hospital East,Internal Medicine,2024-01-05 10:08:00,64,115,73,99.0,13,97,6
SYN-V-000035,SYN-P-00290,SYN-E-000017,Synthetic Community Hospital East,Internal Medicine,2024-01-05 10:28:00,63,114,80,98.7,13,96,0
SYN-V-000036,SYN-P-00290,SYN-E-000017,Synthetic Community Hospital East,Internal Medicine,2024-01-05 11:08:00,99,113,67,97.5,12,93,1
SYN-V-000037,SYN-P-00290,SYN-E-000017,Synthetic Community Hospital East,Internal Medicine,2024-01-05 12:24:00,105,138,74,98.3,18,93,2
SYN-V-000038,SYN-P-00006,SYN-E-000018,Synthetic Outpatient Center,Pulmonology,2024-01-06 08:32:00,107,143,83,99.8,16,94,2
SYN-V-000039,SYN-P-00006,SYN-E-000018,Synthetic Outpatient Center,Pulmonology,2024-01-06 11:29:00,84,114,90,97.3,15,100,1
SYN-V-000040,SYN-P-00002,SYN-E-000019,Synthetic Community Hospital West,Emergency,2024-01-07 10:52:00,57,137,72,99.1,14,94,2
SYN-V-000041,SYN-P-00002,SYN-E-000019,Synthetic Community Hospital West,Emergency,2024-01-07 12:42:00,107,145,78,99.0,20,95,4
SYN-V-000042,SYN-P-00135,SYN-E-000020,Synthetic Community Hospital East,Emergency,2024-01-08 02:16:00,69,155,94,97.2,20,98,2
SYN-V-000043,SYN-P-00135,SYN-E-000020,Synthetic Community Hospital East,Emergency,2024-01-08 03:18:00,88,154,92,99.3,12,92,1
SYN-V-000044,SYN-P-00274,SYN-E-000021,Synthetic Specialty Clinic,Primary Care,2024-01-10 15:59:00,55,108,90,98.9,16,97,1
SYN-V-000045,SYN-P-00274,SYN-E-000021,Synthetic Specialty Clinic,Primary Care,2024-01-10 17:33:00,98,126,83,98.2,19,97,2
SYN-V-000046,SYN-P-00274,SYN-E-000021,Synthetic Specialty Clinic,Primary Care,2024-01-10 18:26:00,79,137,83,98.9,13,100,2
SYN-V-000047,SYN-P-00038,SYN-E-000022,Synthetic Community Hospital East,Internal Medicine,2024-01-11 22:29:00,62,114,85,99.6,16,95,2
SYN-V-000048,SYN-P-00038,SYN-E-000022,Synthetic Community Hospital East,Internal Medicine,2024-01-11 22:43:00,86,133,93,97.1,13,95,3
SYN-V-000049,SYN-P-00038,SYN-E-000022,Synthetic Community Hospital East,Internal Medicine,2024-01-12 23:58:00,80,116,69,97.5,14,95,3
SYN-V-000050,SYN-P-00038,SYN-E-000022,Synthetic Community Hospital East,Internal Medicine,2024-01-13 08:17:00,102,129,86,98.3,15,93,3
SYN-V-000051,SYN-P-00038,SYN-E-000022,Synthetic Community Hospital East,Internal Medicine,2024-01-13 16:57:00,83,109,72,99.1,19,98,6
SYN-V-000052,SYN-P-00038,SYN-E-000022,Synthetic Community Hospital East,Internal Medicine,2024-01-14 14:48:00,78,142,88,98.4,22,94,2
SYN-V-000053,SYN-P-00183,SYN-E-000023,Synthetic Community Hospital East,Orthopedics,2024-01-11 20:07:00,74,156,95,97.5,17,92,3
SYN-V-000054,SYN-P-00183,SYN-E-000023,Synthetic Community Hospital East,Orthopedics,2024-01-11 21:41:00,78,141,75,97.2,16,97,3
SYN-V-000055,SYN-P-00183,SYN-E-000023,Synthetic Community Hospital East,Orthopedics,2024-01-11 21:45:00,94,113,76,98.5,20,92,8
SYN-V-000056,SYN-P-00029,SYN-E-000024,Synthetic Community Hospital West,Cardiology,2024-01-11 23:40:00,74,106,72,97.7,12,97,2
SYN-V-000057,SYN-P-00029,SYN-E-000024,Synthetic Community Hospital West,Cardiology,2024-01-12 03:09:00,83,143,70,99.3,19,97,2
SYN-V-000058,SYN-P-00125,SYN-E-000025,Synthetic Regional Medical Center,Pulmonology,2024-01-12 12:08:00,104,127,67,97.2,19,97,6
SYN-V-000059,SYN-P-00125,SYN-E-000025,Synthetic Regional Medical Center,Pulmonology,2024-01-12 16:54:00,70,132,95,98.1,16,95,4
SYN-V-000060,SYN-P-00125,SYN-E-000025,Synthetic Regional Medical Center,Pulmonology,2024-01-12 19:38:00,110,110,80,97.7,14,99,5
SYN-V-000061,SYN-P-00125,SYN-E-000025,Synthetic Regional Medical Center,Pulmonology,2024-01-13 01:22:00,103,113,78,97.1,15,92,1
SYN-V-000062,SYN-P-00125,SYN-E-000025,Synthetic Regional Medical Center,Pulmonology,2024-01-14 08:49:00,60,158,86,99.2,22,95,8
SYN-V-000063,SYN-P-00125,SYN-E-000025,Synthetic Regional Medical Center,Pulmonology,2024-01-15 02:36:00,71,149,87,98.3,18,100,5
SYN-V-000064,SYN-P-00125,SYN-E-000025,Synthetic Regional Medical Center,Pulmonology,2024-01-15 03:16:00,83,147,66,99.2,20,99,7
SYN-V-000065,SYN-P-00125,SYN-E-000025,Synthetic Regional Medical Center,Pulmonology,2024-01-15 23:25:00,79,155,78,98.4,20,99,2
SYN-V-000066,SYN-P-00125,SYN-E-000025,Synthetic Regional Medical Center,Pulmonology,2024-01-16 03:19:00,60,151,84,97.0,18,92,6
SYN-V-000067,SYN-P-00125,SYN-E-000025,Synthetic Regional Medical Center,Pulmonology,2024-01-16 05:27:00,82,136,64,99.7,13,97,1
SYN-V-000068,SYN-P-00194,SYN-E-000026,Synthetic Outpatient Center,Endocrinology,2024-01-12 19:24:00,62,133,85,97.1,15,98,2
SYN-V-000069,SYN-P-00194,SYN-E-000026,Synthetic Outpatient Center,Endocrinology,2024-01-12 19:35:00,59,154,90,97.3,20,99,7
SYN-V-000070,SYN-P-00194,SYN-E-000026,Synthetic Outpatient Center,Endocrinology,2024-01-12 20:37:00,61,124,60,97.8,15,95,1
SYN-V-000071,SYN-P-00053,SYN-E-000027,Synthetic Outpatient Center,Pulmonology,2024-01-14 17:53:00,73,144,66,97.8,15,93,
SYN-V-000072,SYN-P-00053,SYN-E-000027,Synthetic Outpatient Center,Pulmonology,2024-01-14 18:05:00,108,127,60,97.7,20,99,2
SYN-V-000073,SYN-P-00053,SYN-E-000027,Synthetic Outpatient Center,Pulmonology,2024-01-14 18:08:00,71,113,85,99.0,14,95,5
SYN-V-000074,SYN-P-00053,SYN-E-000027,Synthetic Outpatient Center,Pulmonology,2024-01-14 18:19:00,64,139,82,97.2,18,99,6
SYN-V-000075,SYN-P-00187,SYN-E-000028,Synthetic Outpatient Center,Pulmonology,2024-01-14 22:26:00,70,156,64,99.6,22,100,8
SYN-V-000076,SYN-P-00187,SYN-E-000028,Synthetic Outpatient Center,Pulmonology,2024-01-14 23:19:00,58,101,70,97.2,16,99,3
SYN-V-000077,SYN-P-00072,SYN-E-000029,Synthetic Specialty Clinic,Primary Care,2024-01-15 17:27:00,67,158,73,97.1,21,95,5
SYN-V-000078,SYN-P-00072,SYN-E-000029,Synthetic Specialty Clinic,Primary Care,2024-01-15 17:55:00,57,106,87,97.5,13,97,7
SYN-V-000079,SYN-P-00072,SYN-E-000029,Synthetic Specialty Clinic,Primary Care,2024-01-15 19:26:00,60,151,82,98.7,21,96,3
SYN-V-000080,SYN-P-00184,SYN-E-000031,Synthetic Community Hospital East,Orthopedics,2024-01-15 22:47:00,97,122,80,99.0,18,97,8
SYN-V-000081,SYN-P-00184,SYN-E-000031,Synthetic Community Hospital East,Orthopedics,2024-01-15 23:15:00,108,122,89,99.5,12,100,3
SYN-V-000082,SYN-P-00248,SYN-E-000035,Synthetic Outpatient Center,Endocrinology,2024-01-17 13:30:00,68,112,83,98.2,19,93,8
SYN-V-000083,SYN-P-00033,SYN-E-000036,Synthetic Community Hospital East,Internal Medicine,2024-01-20 00:38:00,57,101,87,97.1,22,95,7
SYN-V-000084,SYN-P-00033,SYN-E-000036,Synthetic Community Hospital East,Internal Medicine,2024-01-20 02:52:00,85,116,73,99.7,21,99,2
SYN-V-000085,SYN-P-00033,SYN-E-000036,Synthetic Community Hospital East,Internal Medicine,2024-01-20 05:30:00,76,144,89,98.4,20,92,0
SYN-V-000086,SYN-P-00033,SYN-E-000036,Synthetic Community Hospital East,Internal Medicine,2024-01-20 13:16:00,85,145,89,98.9,18,93,3
SYN-V-000087,SYN-P-00033,SYN-E-000036,Synthetic Community Hospital East,Internal Medicine,2024-01-20 14:28:00,60,108,77,99.6,12,95,7
SYN-V-000088,SYN-P-00033,SYN-E-000036,Synthetic Community Hospital East,Internal Medicine,2024-01-20 14:29:00,61,156,69,98.0,16,97,0
SYN-V-000089,SYN-P-00298,SYN-E-000037,Synthetic Regional Medical Center,Neurology,2024-01-20 13:39:00,86,124,79,97.4,14,99,8
SYN-V-000090,SYN-P-00298,SYN-E-000037,Synthetic Regional Medical Center,Neurology,2024-01-21 01:00:00,72,113,77,98.6,22,95,7
SYN-V-000091,SYN-P-00298,SYN-E-000037,Synthetic Regional Medical Center,Neurology,2024-01-21 06:58:00,68,138,83,97.3,17,99,
SYN-V-000092,SYN-P-00298,SYN-E-000037,Synthetic Regional Medical Center,Neurology,2024-01-21 09:15:00,62,119,66,97.9,16,95,6
SYN-V-000093,SYN-P-00298,SYN-E-000037,Synthetic Regional Medical Center,Neurology,2024-01-22 22:08:00,109,111,90,97.3,12,97,0
SYN-V-000094,SYN-P-00298,SYN-E-000037,Synthetic Regional Medical Center,Neurology,2024-01-23 00:58:00,73,118,88,98.3,19,93,6
SYN-V-000095,SYN-P-00298,SYN-E-000037,Synthetic Regional Medical Center,Neurology,2024-01-23 06:00:00,65,132,93,98.7,16,93,6
SYN-V-000096,SYN-P-00298,SYN-E-000037,Synthetic Regional Medical Center,Neurology,2024-01-23 10:42:00,68,135,84,98.1,12,92,3
SYN-V-000097,SYN-P-00298,SYN-E-000037,Synthetic Regional Medical Center,Neurology,2024-01-23 12:46:00,97,150,68,97.1,18,94,1
SYN-V-000098,SYN-P-00298,SYN-E-000037,Synthetic Regional Medical Center,Neurology,2024-01-24 06:01:00,88,142,78,98.4,14,95,2
SYN-V-000099,SYN-P-00298,SYN-E-000037,Synthetic Regional Medical Center,Neurology,2024-01-24 11:00:00,58,123,66,98.9,22,93,6
SYN-V-000100,SYN-P-00298,SYN-E-000037,Synthetic Regional Medical Center,Neurology,2024-01-24 13:48:00,93,159,83,99.0,21,99,7
SYN-V-000101,SYN-P-00298,SYN-E-000037,Synthetic Regional Medical Center,Neurology,2024-01-26 04:23:00,95,130,66,97.6,18,98,4
SYN-V-000102,SYN-P-00298,SYN-E-000037,Synthetic Regional Medical Center,Neurology,2024-01-26 23:08:00,58,146,95,97.3,21,93,
SYN-V-000103,SYN-P-00298,SYN-E-000037,Synthetic Regional Medical Center,Neurology,2024-01-27 06:56:00,66,119,65,97.8,20,92,6
SYN-V-000104,SYN-P-00298,SYN-E-000037,Synthetic Regional Medical Center,Neurology,2024-01-27 11:07:00,107,110,87,98.3,13,94,6
SYN-V-000105,SYN-P-00298,SYN-E-000037,Synthetic Regional Medical Center,Neurology,2024-01-27 16:32:00,104,157,67,97.2,15,97,8
SYN-V-000106,SYN-P-00298,SYN-E-000037,Synthetic Regional Medical Center,Neurology,2024-01-28 03:37:00,55,135,93,97.0,16,97,3
SYN-V-000107,SYN-P-00298,SYN-E-000037,Synthetic Regional Medical Center,Neurology,2024-01-28 22:26:00,91,121,62,99.7,17,100,3
SYN-V-000108,SYN-P-00298,SYN-E-000037,Synthetic Regional Medical Center,Neurology,2024-01-29 02:19:00,89,126,75,98.9,12,99,1
SYN-V-000109,SYN-P-00298,SYN-E-000037,Synthetic Regional Medical Center,Neurology,2024-01-29 06:00:00,57,147,92,98.3,22,92,1
SYN-V-000110,SYN-P-00298,SYN-E-000037,Synthetic Regional Medical Center,Neurology,2024-01-29 09:50:00,55,152,70,99.6,14,93,6
SYN-V-000111,SYN-P-00298,SYN-E-000037,Synthetic Regional Medical Center,Neurology,2024-01-29 10:35:00,56,132,87,97.4,15,95,2
SYN-V-000112,SYN-P-00186,SYN-E-000038,Synthetic Outpatient Center,Cardiology,2024-01-20 21:17:00,83,109,89,98.0,15,92,3
SYN-V-000113,SYN-P-00094,SYN-E-000040,Synthetic Outpatient Center,Pulmonology,2024-01-22 08:05:00,100,121,75,97.5,12,100,8
SYN-V-000114,SYN-P-00245,SYN-E-000041,Synthetic Community Hospital West,Pulmonology,2024-01-24 04:20:00,87,146,88,99.2,12,94,5
SYN-V-000115,SYN-P-00245,SYN-E-000041,Synthetic Community Hospital West,Pulmonology,2024-01-24 07:24:00,109,107,72,98.0,12,96,4
SYN-V-000116,SYN-P-00245,SYN-E-000041,Synthetic Community Hospital West,Pulmonology,2024-01-24 14:18:00,79,156,71,99.7,14,97,5
SYN-V-000117,SYN-P-00245,SYN-E-000041,Synthetic Community Hospital West,Pulmonology,2024-01-24 15:39:00,62,102,82,97.8,17,96,4
SYN-V-000118,SYN-P-00245,SYN-E-000041,Synthetic Community Hospital West,Pulmonology,2024-01-24 21:49:00,57,130,73,98.4,15,97,5
SYN-V-000119,SYN-P-00245,SYN-E-000041,Synthetic Community Hospital West,Pulmonology,2024-01-24 22:29:00,89,126,60,99.7,22,100,7
SYN-V-000120,SYN-P-00245,SYN-E-000041,Synthetic Community Hospital West,Pulmonology,2024-01-24 23:36:00,76,134,87,98.7,13,95,
SYN-V-000121,SYN-P-00245,SYN-E-000041,Synthetic Community Hospital West,Pulmonology,2024-01-25 08:45:00,55,142,80,98.4,21,94,8
SYN-V-000122,SYN-P-00245,SYN-E-000041,Synthetic Community Hospital West,Pulmonology,2024-01-25 14:10:00,87,118,78,99.0,13,100,4
SYN-V-000123,SYN-P-00245,SYN-E-000041,Synthetic Community Hospital West,Pulmonology,2024-01-25 19:37:00,83,122,84,98.9,19,98,0
SYN-V-000124,SYN-P-00245,SYN-E-000041,Synthetic Community Hospital West,Pulmonology,2024-01-26 22:29:00,72,104,72,97.9,22,95,2
SYN-V-000125,SYN-P-00171,SYN-E-000042,Synthetic Community Hospital East,Cardiology,2024-01-25 15:36:00,106,104,61,98.7,19,99,8
SYN-V-000126,SYN-P-00171,SYN-E-000042,Synthetic Community Hospital East,Cardiology,2024-01-26 00:30:00,89,124,83,98.3,19,92,2
SYN-V-000127,SYN-P-00171,SYN-E-000042,Synthetic Community Hospital East,Cardiology,2024-01-26 13:00:00,63,158,88,99.0,13,96,5
SYN-V-000128,SYN-P-00171,SYN-E-000042,Synthetic Community Hospital East,Cardiology,2024-01-26 16:18:00,91,120,87,98.1,15,96,8
SYN-V-000129,SYN-P-00074,SYN-E-000045,Synthetic Specialty Clinic,Pulmonology,2024-01-26 06:32:00,61,132,78,97.0,12,97,
SYN-V-000130,SYN-P-00074,SYN-E-000045,Synthetic Specialty Clinic,Pulmonology,2024-01-26 09:05:00,97,140,78,97.4,18,100,8
SYN-V-000131,SYN-P-00161,SYN-E-000047,Synthetic Community Hospital East,Orthopedics,2024-01-30 02:57:00,87,131,77,97.6,14,96,
SYN-V-000132,SYN-P-00161,SYN-E-000047,Synthetic Community Hospital East,Orthopedics,2024-01-30 04:34:00,64,125,75,99.8,17,96,5
SYN-V-000133,SYN-P-00161,SYN-E-000047,Synthetic Community Hospital East,Orthopedics,2024-01-30 04:42:00,86,133,83,97.7,18,99,8
SYN-V-000134,SYN-P-00161,SYN-E-000047,Synthetic Community Hospital East,Orthopedics,2024-01-30 22:25:00,75,146,91,97.2,14,92,1
SYN-V-000135,SYN-P-00101,SYN-E-000048,Synthetic Community Hospital East,Primary Care,2024-01-30 04:04:00,84,144,69,99.0,13,100,3
SYN-V-000136,SYN-P-00101,SYN-E-000048,Synthetic Community Hospital East,Primary Care,2024-01-30 04:34:00,57,100,93,99.0,12,100,7
SYN-V-000137,SYN-P-00240,SYN-E-000049,Synthetic Regional Medical Center,Pulmonology,2024-01-30 06:12:00,80,122,64,99.4,14,93,
SYN-V-000138,SYN-P-00240,SYN-E-000049,Synthetic Regional Medical Center,Pulmonology,2024-01-30 07:07:00,58,137,77,98.1,15,97,0
SYN-V-000139,SYN-P-00240,SYN-E-000049,Synthetic Regional Medical Center,Pulmonology,2024-01-30 07:50:00,110,119,69,98.2,15,97,2
SYN-V-000140,SYN-P-00059,SYN-E-000050,Synthetic Community Hospital West,Emergency,2024-01-30 17:00:00,107,130,71,99.3,21,100,7
SYN-V-000141,SYN-P-00059,SYN-E-000050,Synthetic Community Hospital West,Emergency,2024-01-30 17:00:00,59,146,87,99.2,22,93,2
SYN-V-000142,SYN-P-00059,SYN-E-000050,Synthetic Community Hospital West,Emergency,2024-01-30 18:19:00,60,150,73,98.1,15,93,6
SYN-V-000143,SYN-P-00059,SYN-E-000050,Synthetic Community Hospital West,Emergency,2024-01-30 18:51:00,56,152,79,97.5,22,100,5
SYN-V-000144,SYN-P-00059,SYN-E-000050,Synthetic Community Hospital West,Emergency,2024-01-30 19:51:00,105,120,88,97.4,21,100,4
SYN-V-000145,SYN-P-00256,SYN-E-000051,Synthetic Specialty Clinic,Primary Care,2024-01-30 18:58:00,77,113,85,99.7,19,99,0
SYN-V-000146,SYN-P-00143,SYN-E-000052,Synthetic Outpatient Center,Primary Care,2024-01-31 02:16:00,85,114,88,97.6,15,95,3
SYN-V-000147,SYN-P-00143,SYN-E-000052,Synthetic Outpatient Center,Primary Care,2024-01-31 03:10:00,87,133,80,98.6,14,96,4
SYN-V-000148,SYN-P-00108,SYN-E-000053,Synthetic Community Hospital East,Primary Care,2024-01-31 12:04:00,101,118,85,99.7,16,98,6
SYN-V-000149,SYN-P-00248,SYN-E-000054,Synthetic Community Hospital West,Internal Medicine,2024-01-31 18:26:00,76,156,65,98.1,20,92,4
SYN-V-000150,SYN-P-00248,SYN-E-000054,Synthetic Community Hospital West,Internal Medicine,2024-01-31 18:30:00,68,132,93,98.0,16,100,3
SYN-V-000151,SYN-P-00248,SYN-E-000054,Synthetic Community Hospital West,Internal Medicine,2024-01-31 22:23:00,92,118,87,97.2,19,97,6
SYN-V-000152,SYN-P-00248,SYN-E-000054,Synthetic Community Hospital West,Internal Medicine,2024-02-01 22:11:00,91,127,74,99.8,12,94,2
SYN-V-000153,SYN-P-00248,SYN-E-000054,Synthetic Community Hospital West,Internal Medicine,2024-02-01 23:12:00,68,160,81,98.6,16,100,8
SYN-V-000154,SYN-P-00156,SYN-E-000055,Synthetic Outpatient Center,Cardiology,2024-01-31 18:49:00,63,130,76,97.9,15,93,3
SYN-V-000155,SYN-P-00085,SYN-E-000057,Synthetic Specialty Clinic,Orthopedics,2024-02-02 06:11:00,71,138,80,98.3,13,94,0
SYN-V-000156,SYN-P-00085,SYN-E-000057,Synthetic Specialty Clinic,Orthopedics,2024-02-02 06:32:00,100,119,67,99.3,18,95,1
SYN-V-000157,SYN-P-00278,SYN-E-000058,Synthetic Community Hospital East,Nephrology,2024-02-02 21:28:00,58,136,60,97.0,17,98,5
SYN-V-000158,SYN-P-00278,SYN-E-000058,Synthetic Community Hospital East,Nephrology,2024-02-02 22:56:00,64,134,75,99.2,19,97,0
SYN-V-000159,SYN-P-00278,SYN-E-000058,Synthetic Community Hospital East,Nephrology,2024-02-03 08:58:00,66,131,62,97.3,17,96,7
SYN-V-000160,SYN-P-00278,SYN-E-000058,Synthetic Community Hospital East,Nephrology,2024-02-03 09:08:00,55,141,90,98.5,18,93,6
SYN-V-000161,SYN-P-00278,SYN-E-000058,Synthetic Community Hospital East,Nephrology,2024-02-03 10:35:00,93,119,63,98.9,21,98,6
SYN-V-000162,SYN-P-00189,SYN-E-000059,Synthetic Regional Medical Center,Primary Care,2024-02-04 07:39:00,108,139,68,98.9,21,95,4
SYN-V-000163,SYN-P-00192,SYN-E-000060,Synthetic Regional Medical Center,Nephrology,2024-02-04 13:57:00,108,160,71,97.7,22,98,0
SYN-V-000164,SYN-P-00192,SYN-E-000060,Synthetic Regional Medical Center,Nephrology,2024-02-04 17:06:00,56,139,87,97.7,15,96,6
SYN-V-000165,SYN-P-00192,SYN-E-000060,Synthetic Regional Medical Center,Nephrology,2024-02-04 21:50:00,57,106,80,98.7,20,97,2
SYN-V-000166,SYN-P-00192,SYN-E-000060,Synthetic Regional Medical Center,Nephrology,2024-02-05 07:51:00,88,160,89,99.0,18,96,2
SYN-V-000167,SYN-P-00192,SYN-E-000060,Synthetic Regional Medical Center,Nephrology,2024-02-05 10:05:00,105,133,90,99.1,21,98,4
SYN-V-000168,SYN-P-00192,SYN-E-000060,Synthetic Regional Medical Center,Nephrology,2024-02-05 11:27:00,82,154,72,97.3,13,94,6
SYN-V-000169,SYN-P-00192,SYN-E-000060,Synthetic Regional Medical Center,Nephrology,2024-02-06 09:58:00,106,160,73,97.8,20,92,1
SYN-V-000170,SYN-P-00192,SYN-E-000060,Synthetic Regional Medical Center,Nephrology,2024-02-06 10:34:00,78,108,76,98.2,13,96,5
SYN-V-000171,SYN-P-00192,SYN-E-000060,Synthetic Regional Medical Center,Nephrology,2024-02-06 12:43:00,61,117,76,98.4,13,94,1
SYN-V-000172,SYN-P-00267,SYN-E-000061,Synthetic Community Hospital West,Pulmonology,2024-02-06 11:05:00,80,145,64,99.6,22,93,0
SYN-V-000173,SYN-P-00106,SYN-E-000062,Synthetic Regional Medical Center,Cardiology,2024-02-07 01:23:00,86,145,79,99.2,18,94,2
SYN-V-000174,SYN-P-00106,SYN-E-000062,Synthetic Regional Medical Center,Cardiology,2024-02-07 03:55:00,71,107,88,99.4,14,96,
SYN-V-000175,SYN-P-00106,SYN-E-000062,Synthetic Regional Medical Center,Cardiology,2024-02-07 11:18:00,83,112,85,97.3,14,96,4
SYN-V-000176,SYN-P-00106,SYN-E-000062,Synthetic Regional Medical Center,Cardiology,2024-02-07 21:09:00,102,141,63,97.0,21,95,0
SYN-V-000177,SYN-P-00106,SYN-E-000062,Synthetic Regional Medical Center,Cardiology,2024-02-08 01:14:00,88,132,88,97.8,20,100,7
SYN-V-000178,SYN-P-00106,SYN-E-000062,Synthetic Regional Medical Center,Cardiology,2024-02-08 11:07:00,83,148,71,99.8,17,92,8
SYN-V-000179,SYN-P-00109,SYN-E-000063,Synthetic Regional Medical Center,Cardiology,2024-02-07 00:56:00,110,134,77,98.8,13,95,7
SYN-V-000180,SYN-P-00109,SYN-E-000063,Synthetic Regional Medical Center,Cardiology,2024-02-08 15:47:00,57,159,80,98.0,22,92,
SYN-V-000181,SYN-P-00109,SYN-E-000063,Synthetic Regional Medical Center,Cardiology,2024-02-08 21:09:00,65,159,70,98.6,13,96,1
SYN-V-000182,SYN-P-00298,SYN-E-000064,Synthetic Community Hospital East,Cardiology,2024-02-08 13:48:00,98,139,70,98.8,22,93,0
SYN-V-000183,SYN-P-00298,SYN-E-000064,Synthetic Community Hospital East,Cardiology,2024-02-09 02:13:00,88,141,79,97.6,18,94,6
SYN-V-000184,SYN-P-00298,SYN-E-000064,Synthetic Community Hospital East,Cardiology,2024-02-10 05:19:00,64,130,63,98.0,12,92,8
SYN-V-000185,SYN-P-00298,SYN-E-000064,Synthetic Community Hospital East,Cardiology,2024-02-11 02:45:00,66,106,87,97.3,21,100,2
SYN-V-000186,SYN-P-00298,SYN-E-000064,Synthetic Community Hospital East,Cardiology,2024-02-11 15:20:00,100,159,76,97.3,17,96,0
SYN-V-000187,SYN-P-00298,SYN-E-000064,Synthetic Community Hospital East,Cardiology,2024-02-12 02:48:00,108,123,91,98.7,14,100,4
SYN-V-000188,SYN-P-00298,SYN-E-000064,Synthetic Community Hospital East,Cardiology,2024-02-12 04:08:00,63,116,91,97.8,19,93,1
SYN-V-000189,SYN-P-00248,SYN-E-000065,Synthetic Community Hospital East,Pulmonology,2024-02-09 00:02:00,79,101,84,97.9,16,95,5
SYN-V-000190,SYN-P-00248,SYN-E-000065,Synthetic Community Hospital East,Pulmonology,2024-02-09 02:22:00,69,117,93,99.6,18,97,2
SYN-V-000191,SYN-P-00248,SYN-E-000065,Synthetic Community Hospital East,Pulmonology,2024-02-09 02:31:00,102,103,67,97.5,16,98,4
SYN-V-000192,SYN-P-00248,SYN-E-000065,Synthetic Community Hospital East,Pulmonology,2024-02-09 21:21:00,73,153,62,97.3,13,93,0
SYN-V-000193,SYN-P-00248,SYN-E-000065,Synthetic Community Hospital East,Pulmonology,2024-02-10 13:04:00,107,131,82,99.7,20,92,0
SYN-V-000194,SYN-P-00248,SYN-E-000065,Synthetic Community Hospital East,Pulmonology,2024-02-10 20:00:00,109,127,86,99.3,21,100,5
SYN-V-000195,SYN-P-00248,SYN-E-000065,Synthetic Community Hospital East,Pulmonology,2024-02-11 17:48:00,90,127,75,99.3,20,100,6
SYN-V-000196,SYN-P-00248,SYN-E-000065,Synthetic Community Hospital East,Pulmonology,2024-02-12 22:42:00,84,111,83,97.2,18,93,5
SYN-V-000197,SYN-P-00248,SYN-E-000065,Synthetic Community Hospital East,Pulmonology,2024-02-13 08:57:00,72,101,66,99.3,15,100,5
SYN-V-000198,SYN-P-00248,SYN-E-000065,Synthetic Community Hospital East,Pulmonology,2024-02-13 14:01:00,98,114,63,97.3,13,96,5
SYN-V-000199,SYN-P-00248,SYN-E-000065,Synthetic Community Hospital East,Pulmonology,2024-02-13 17:31:00,79,104,60,99.4,22,98,1
SYN-V-000200,SYN-P-00248,SYN-E-000065,Synthetic Community Hospital East,Pulmonology,2024-02-14 06:43:00,60,153,68,99.6,22,97,1
SYN-V-000201,SYN-P-00248,SYN-E-000065,Synthetic Community Hospital East,Pulmonology,2024-02-14 15:10:00,72,135,67,97.4,17,92,4
SYN-V-000202,SYN-P-00082,SYN-E-000066,Synthetic Community Hospital East,Orthopedics,2024-02-09 03:48:00,62,158,81,98.0,13,96,5
SYN-V-000203,SYN-P-00082,SYN-E-000066,Synthetic Community Hospital East,Orthopedics,2024-02-09 04:48:00,74,104,79,97.2,14,94,4
SYN-V-000204,SYN-P-00082,SYN-E-000066,Synthetic Community Hospital East,Orthopedics,2024-02-09 07:16:00,74,144,63,99.0,22,97,5
SYN-V-000205,SYN-P-00082,SYN-E-000066,Synthetic Community Hospital East,Orthopedics,2024-02-09 17:14:00,110,154,60,98.0,22,97,5
SYN-V-000206,SYN-P-00082,SYN-E-000066,Synthetic Community Hospital East,Orthopedics,2024-02-09 17:21:00,96,150,64,99.1,18,94,
SYN-V-000207,SYN-P-00082,SYN-E-000066,Synthetic Community Hospital East,Orthopedics,2024-02-09 19:43:00,92,153,66,99.5,15,98,2
SYN-V-000208,SYN-P-00082,SYN-E-000066,Synthetic Community Hospital East,Orthopedics,2024-02-10 01:37:00,73,143,64,98.7,22,96,8
SYN-V-000209,SYN-P-00082,SYN-E-000066,Synthetic Community Hospital East,Orthopedics,2024-02-10 12:12:00,100,153,77,97.0,17,92,5
SYN-V-000210,SYN-P-00082,SYN-E-000066,Synthetic Community Hospital East,Orthopedics,2024-02-12 00:03:00,58,112,82,97.7,12,93,7
SYN-V-000211,SYN-P-00082,SYN-E-000066,Synthetic Community Hospital East,Orthopedics,2024-02-12 05:45:00,98,153,88,99.5,17,96,6
SYN-V-000212,SYN-P-00082,SYN-E-000066,Synthetic Community Hospital East,Orthopedics,2024-02-12 14:17:00,96,117,68,99.7,15,94,6
SYN-V-000213,SYN-P-00082,SYN-E-000066,Synthetic Community Hospital East,Orthopedics,2024-02-12 16:46:00,94,101,90,98.0,21,99,0
SYN-V-000214,SYN-P-00082,SYN-E-000066,Synthetic Community Hospital East,Orthopedics,2024-02-13 02:23:00,82,109,78,98.1,19,94,1
SYN-V-000215,SYN-P-00078,SYN-E-000067,Synthetic Outpatient Center,Pulmonology,2024-02-09 20:32:00,73,128,88,99.4,19,100,5
SYN-V-000216,SYN-P-00078,SYN-E-000067,Synthetic Outpatient Center,Pulmonology,2024-02-09 22:04:00,65,149,71,97.9,22,98,1
SYN-V-000217,SYN-P-00078,SYN-E-000067,Synthetic Outpatient Center,Pulmonology,2024-02-09 22:54:00,78,110,71,97.0,19,93,6
SYN-V-000218,SYN-P-00065,SYN-E-000068,Synthetic Specialty Clinic,Primary Care,2024-02-10 07:53:00,104,107,74,97.3,12,100,5
SYN-V-000219,SYN-P-00065,SYN-E-000068,Synthetic Specialty Clinic,Primary Care,2024-02-10 08:23:00,79,140,61,99.4,19,96,8
SYN-V-000220,SYN-P-00152,SYN-E-000069,Synthetic Outpatient Center,Primary Care,2024-02-11 06:45:00,80,121,95,98.0,19,100,1
SYN-V-000221,SYN-P-00129,SYN-E-000070,Synthetic Community Hospital West,Nephrology,2024-02-11 15:32:00,81,143,73,99.4,14,98,0
SYN-V-000222,SYN-P-00129,SYN-E-000070,Synthetic Community Hospital West,Nephrology,2024-02-11 16:31:00,58,102,76,97.9,16,96,1
SYN-V-000223,SYN-P-00129,SYN-E-000070,Synthetic Community Hospital West,Nephrology,2024-02-11 19:34:00,107,160,82,98.3,20,93,5
SYN-V-000224,SYN-P-00129,SYN-E-000070,Synthetic Community Hospital West,Nephrology,2024-02-12 10:30:00,67,146,66,97.2,18,97,2
SYN-V-000225,SYN-P-00129,SYN-E-000070,Synthetic Community Hospital West,Nephrology,2024-02-12 12:09:00,107,145,80,98.2,15,96,8
SYN-V-000226,SYN-P-00129,SYN-E-000070,Synthetic Community Hospital West,Nephrology,2024-02-12 17:31:00,84,134,61,97.5,18,93,3
SYN-V-000227,SYN-P-00129,SYN-E-000070,Synthetic Community Hospital West,Nephrology,2024-02-12 21:32:00,82,154,88,97.2,18,98,7
SYN-V-000228,SYN-P-00129,SYN-E-000070,Synthetic Community Hospital West,Nephrology,2024-02-12 22:01:00,105,150,72,97.3,15,94,6
SYN-V-000229,SYN-P-00129,SYN-E-000070,Synthetic Community Hospital West,Nephrology,2024-02-12 22:57:00,63,135,73,98.1,19,99,8
SYN-V-000230,SYN-P-00129,SYN-E-000070,Synthetic Community Hospital West,Nephrology,2024-02-13 13:14:00,60,150,88,97.1,15,100,4
SYN-V-000231,SYN-P-00129,SYN-E-000070,Synthetic Community Hospital West,Nephrology,2024-02-13 15:32:00,103,148,95,98.6,17,92,0
SYN-V-000232,SYN-P-00129,SYN-E-000070,Synthetic Community Hospital West,Nephrology,2024-02-13 23:05:00,85,150,86,97.5,17,95,0
SYN-V-000233,SYN-P-00129,SYN-E-000070,Synthetic Community Hospital West,Nephrology,2024-02-14 09:28:00,73,147,82,97.7,19,99,7
SYN-V-000234,SYN-P-00129,SYN-E-000070,Synthetic Community Hospital West,Nephrology,2024-02-14 16:00:00,66,152,90,99.7,15,92,0
SYN-V-000235,SYN-P-00129,SYN-E-000070,Synthetic Community Hospital West,Nephrology,2024-02-15 09:36:00,61,138,89,97.2,13,97,3
SYN-V-000236,SYN-P-00129,SYN-E-000070,Synthetic Community Hospital West,Nephrology,2024-02-15 14:38:00,79,154,66,99.6,18,96,0
SYN-V-000237,SYN-P-00100,SYN-E-000071,Synthetic Community Hospital West,Pulmonology,2024-02-11 23:50:00,57,132,89,98.6,16,97,2
SYN-V-000238,SYN-P-00241,SYN-E-000073,Synthetic Outpatient Center,Cardiology,2024-02-12 02:08:00,90,114,83,98.6,17,97,1
SYN-V-000239,SYN-P-00241,SYN-E-000073,Synthetic Outpatient Center,Cardiology,2024-02-12 05:07:00,84,124,86,98.9,13,94,6
SYN-V-000240,SYN-P-00128,SYN-E-000074,Synthetic Community Hospital East,Emergency,2024-02-12 13:02:00,88,128,75,99.7,15,99,7
SYN-V-000241,SYN-P-00128,SYN-E-000074,Synthetic Community Hospital East,Emergency,2024-02-12 13:52:00,84,107,68,98.1,13,95,8
SYN-V-000242,SYN-P-00128,SYN-E-000074,Synthetic Community Hospital East,Emergency,2024-02-12 13:58:00,100,137,91,97.6,19,93,6
SYN-V-000243,SYN-P-00030,SYN-E-000075,Synthetic Community Hospital West,Orthopedics,2024-02-14 21:53:00,60,151,76,97.9,21,98,0
SYN-V-000244,SYN-P-00030,SYN-E-000075,Synthetic Community Hospital West,Orthopedics,2024-02-14 22:33:00,78,119,67,98.9,21,92,2
SYN-V-000245,SYN-P-00030,SYN-E-000075,Synthetic Community Hospital West,Orthopedics,2024-02-15 02:25:00,83,110,92,98.3,12,99,0
SYN-V-000246,SYN-P-00030,SYN-E-000075,Synthetic Community Hospital West,Orthopedics,2024-02-15 03:40:00,72,138,81,99.4,15,96,5
SYN-V-000247,SYN-P-00030,SYN-E-000075,Synthetic Community Hospital West,Orthopedics,2024-02-15 06:27:00,58,115,76,97.2,21,98,8
SYN-V-000248,SYN-P-00030,SYN-E-000075,Synthetic Community Hospital West,Orthopedics,2024-02-15 10:17:00,97,160,92,99.6,21,93,6
SYN-V-000249,SYN-P-00030,SYN-E-000075,Synthetic Community Hospital West,Orthopedics,2024-02-15 17:44:00,63,127,78,98.8,12,99,0
SYN-V-000250,SYN-P-00030,SYN-E-000075,Synthetic Community Hospital West,Orthopedics,2024-02-16 04:21:00,58,117,93,97.4,20,92,3
SYN-V-000251,SYN-P-00030,SYN-E-000075,Synthetic Community Hospital West,Orthopedics,2024-02-16 13:34:00,56,124,67,97.8,16,95,0
SYN-V-000252,SYN-P-00030,SYN-E-000075,Synthetic Community Hospital West,Orthopedics,2024-02-16 18:01:00,62,109,77,98.9,13,93,1
SYN-V-000253,SYN-P-00188,SYN-E-000076,Synthetic Community Hospital East,Emergency,2024-02-15 09:31:00,91,107,84,99.7,21,97,3
SYN-V-000254,SYN-P-00188,SYN-E-000076,Synthetic Community Hospital East,Emergency,2024-02-15 09:40:00,109,138,64,99.0,13,94,4
SYN-V-000255,SYN-P-00188,SYN-E-000076,Synthetic Community Hospital East,Emergency,2024-02-15 10:30:00,92,128,73,97.2,20,94,3
SYN-V-000256,SYN-P-00188,SYN-E-000076,Synthetic Community Hospital East,Emergency,2024-02-15 12:21:00,66,101,63,97.9,12,99,8
SYN-V-000257,SYN-P-00165,SYN-E-000077,Synthetic Community Hospital East,Emergency,2024-02-16 02:04:00,80,157,91,98.4,15,99,6
SYN-V-000258,SYN-P-00165,SYN-E-000077,Synthetic Community Hospital East,Emergency,2024-02-16 02:22:00,108,100,62,97.4,19,100,1
SYN-V-000259,SYN-P-00165,SYN-E-000077,Synthetic Community Hospital East,Emergency,2024-02-16 04:17:00,80,160,76,99.1,22,99,
SYN-V-000260,SYN-P-00203,SYN-E-000078,Synthetic Community Hospital West,Emergency,2024-02-16 13:32:00,64,139,65,98.8,18,96,
SYN-V-000261,SYN-P-00203,SYN-E-000078,Synthetic Community Hospital West,Emergency,2024-02-16 13:45:00,86,122,77,97.5,18,99,0
SYN-V-000262,SYN-P-00277,SYN-E-000079,Synthetic Community Hospital East,Cardiology,2024-02-17 18:12:00,73,147,92,99.5,14,95,3
SYN-V-000263,SYN-P-00277,SYN-E-000079,Synthetic Community Hospital East,Cardiology,2024-02-17 20:57:00,100,147,62,99.3,15,95,5
SYN-V-000264,SYN-P-00277,SYN-E-000079,Synthetic Community Hospital East,Cardiology,2024-02-17 22:46:00,95,143,93,97.2,20,94,0
SYN-V-000265,SYN-P-00277,SYN-E-000079,Synthetic Community Hospital East,Cardiology,2024-02-18 02:12:00,73,142,79,98.2,17,95,6
SYN-V-000266,SYN-P-00277,SYN-E-000079,Synthetic Community Hospital East,Cardiology,2024-02-18 03:39:00,73,105,76,97.4,18,98,4
SYN-V-000267,SYN-P-00277,SYN-E-000079,Synthetic Community Hospital East,Cardiology,2024-02-18 06:28:00,78,154,89,98.7,20,97,8
SYN-V-000268,SYN-P-00277,SYN-E-000079,Synthetic Community Hospital East,Cardiology,2024-02-18 13:57:00,102,115,88,98.3,21,96,8
SYN-V-000269,SYN-P-00021,SYN-E-000080,Synthetic Specialty Clinic,Orthopedics,2024-02-17 21:22:00,66,128,76,98.9,18,96,8
SYN-V-000270,SYN-P-00006,SYN-E-000081,Synthetic Specialty Clinic,Cardiology,2024-02-18 09:35:00,96,107,63,98.4,13,98,0
SYN-V-000271,SYN-P-00279,SYN-E-000082,Synthetic Outpatient Center,Pulmonology,2024-02-18 09:33:00,98,156,94,97.7,20,95,8
SYN-V-000272,SYN-P-00106,SYN-E-000083,Synthetic Regional Medical Center,Internal Medicine,2024-02-20 00:54:00,94,153,62,99.0,17,93,6
SYN-V-000273,SYN-P-00106,SYN-E-000083,Synthetic Regional Medical Center,Internal Medicine,2024-02-20 11:39:00,56,136,67,97.2,20,100,2
SYN-V-000274,SYN-P-00106,SYN-E-000083,Synthetic Regional Medical Center,Internal Medicine,2024-02-20 12:23:00,82,109,87,97.4,14,96,1
SYN-V-000275,SYN-P-00106,SYN-E-000083,Synthetic Regional Medical Center,Internal Medicine,2024-02-20 13:09:00,58,154,76,97.2,13,95,8
SYN-V-000276,SYN-P-00106,SYN-E-000083,Synthetic Regional Medical Center,Internal Medicine,2024-02-21 02:48:00,67,103,76,99.6,18,94,2
SYN-V-000277,SYN-P-00106,SYN-E-000083,Synthetic Regional Medical Center,Internal Medicine,2024-02-21 07:32:00,79,106,81,97.6,16,99,5
SYN-V-000278,SYN-P-00106,SYN-E-000083,Synthetic Regional Medical Center,Internal Medicine,2024-02-21 17:18:00,62,122,83,97.3,14,92,4
SYN-V-000279,SYN-P-00106,SYN-E-000083,Synthetic Regional Medical Center,Internal Medicine,2024-02-21 20:35:00,101,120,78,97.5,20,95,4
SYN-V-000280,SYN-P-00106,SYN-E-000083,Synthetic Regional Medical Center,Internal Medicine,2024-02-21 23:19:00,92,100,67,97.4,13,96,8
SYN-V-000281,SYN-P-00106,SYN-E-000083,Synthetic Regional Medical Center,Internal Medicine,2024-02-22 00:47:00,108,124,91,99.7,13,93,1
SYN-V-000282,SYN-P-00106,SYN-E-000083,Synthetic Regional Medical Center,Internal Medicine,2024-02-22 02:06:00,95,106,95,97.4,18,92,6
SYN-V-000283,SYN-P-00108,SYN-E-000084,Synthetic Community Hospital East,Emergency,2024-02-20 16:24:00,76,141,93,97.8,19,100,5
SYN-V-000284,SYN-P-00108,SYN-E-000084,Synthetic Community Hospital East,Emergency,2024-02-20 18:36:00,65,110,81,97.5,19,93,4
SYN-V-000285,SYN-P-00108,SYN-E-000084,Synthetic Community Hospital East,Emergency,2024-02-20 18:43:00,100,107,63,99.6,18,95,7
SYN-V-000286,SYN-P-00298,SYN-E-000085,Synthetic Community Hospital East,Pulmonology,2024-02-21 03:59:00,99,103,75,97.6,16,93,8
SYN-V-000287,SYN-P-00298,SYN-E-000085,Synthetic Community Hospital East,Pulmonology,2024-02-21 06:17:00,77,109,60,97.9,21,96,6
SYN-V-000288,SYN-P-00298,SYN-E-000085,Synthetic Community Hospital East,Pulmonology,2024-02-21 10:10:00,58,118,90,99.7,21,96,2
SYN-V-000289,SYN-P-00298,SYN-E-000085,Synthetic Community Hospital East,Pulmonology,2024-02-21 17:05:00,93,156,95,97.3,22,93,1
SYN-V-000290,SYN-P-00298,SYN-E-000085,Synthetic Community Hospital East,Pulmonology,2024-02-21 17:55:00,65,141,63,97.4,15,98,3
SYN-V-000291,SYN-P-00298,SYN-E-000085,Synthetic Community Hospital East,Pulmonology,2024-02-21 19:54:00,86,148,67,97.6,22,92,6
SYN-V-000292,SYN-P-00298,SYN-E-000085,Synthetic Community Hospital East,Pulmonology,2024-02-22 00:45:00,93,115,72,98.3,20,97,0
SYN-V-000293,SYN-P-00298,SYN-E-000085,Synthetic Community Hospital East,Pulmonology,2024-02-22 01:13:00,76,144,76,99.1,13,99,6
SYN-V-000294,SYN-P-00298,SYN-E-000085,Synthetic Community Hospital East,Pulmonology,2024-02-22 09:24:00,82,104,62,97.2,18,92,8
SYN-V-000295,SYN-P-00298,SYN-E-000085,Synthetic Community Hospital East,Pulmonology,2024-02-22 12:31:00,61,136,93,99.6,12,97,4
SYN-V-000296,SYN-P-00298,SYN-E-000085,Synthetic Community Hospital East,Pulmonology,2024-02-22 22:52:00,65,144,91,99.5,20,98,5
SYN-V-000297,SYN-P-00038,SYN-E-000088,Synthetic Community Hospital East,Pulmonology,2024-02-25 11:06:00,85,108,66,98.1,13,94,0
SYN-V-000298,SYN-P-00038,SYN-E-000088,Synthetic Community Hospital East,Pulmonology,2024-02-25 20:25:00,71,148,85,97.8,18,97,6
SYN-V-000299,SYN-P-00038,SYN-E-000088,Synthetic Community Hospital East,Pulmonology,2024-02-27 02:42:00,96,137,80,98.7,22,97,1
SYN-V-000300,SYN-P-00038,SYN-E-000088,Synthetic Community Hospital East,Pulmonology,2024-02-27 08:45:00,64,145,74,97.2,15,92,3
SYN-V-000301,SYN-P-00038,SYN-E-000088,Synthetic Community Hospital East,Pulmonology,2024-02-28 14:48:00,70,148,75,97.2,22,97,4
SYN-V-000302,SYN-P-00038,SYN-E-000088,Synthetic Community Hospital East,Pulmonology,2024-02-29 23:23:00,72,141,63,97.8,14,94,7
SYN-V-000303,SYN-P-00038,SYN-E-000088,Synthetic Community Hospital East,Pulmonology,2024-03-01 03:37:00,88,101,84,99.3,21,92,4
SYN-V-000304,SYN-P-00038,SYN-E-000088,Synthetic Community Hospital East,Pulmonology,2024-03-01 15:48:00,106,150,62,99.8,17,92,1
SYN-V-000305,SYN-P-00038,SYN-E-000088,Synthetic Community Hospital East,Pulmonology,2024-03-01 17:35:00,89,160,74,98.5,20,95,0
SYN-V-000306,SYN-P-00038,SYN-E-000088,Synthetic Community Hospital East,Pulmonology,2024-03-01 20:25:00,74,118,88,97.6,15,93,3
SYN-V-000307,SYN-P-00038,SYN-E-000088,Synthetic Community Hospital East,Pulmonology,2024-03-02 07:19:00,78,114,90,98.3,20,96,1
SYN-V-000308,SYN-P-00038,SYN-E-000088,Synthetic Community Hospital East,Pulmonology,2024-03-02 22:58:00,110,103,85,98.7,15,98,1
SYN-V-000309,SYN-P-00038,SYN-E-000088,Synthetic Community Hospital East,Pulmonology,2024-03-03 22:54:00,80,147,87,99.0,21,97,0
SYN-V-000310,SYN-P-00038,SYN-E-000088,Synthetic Community Hospital East,Pulmonology,2024-03-04 05:14:00,97,113,62,97.2,20,94,4
SYN-V-000311,SYN-P-00038,SYN-E-000088,Synthetic Community Hospital East,Pulmonology,2024-03-04 17:54:00,81,128,84,99.0,21,100,5
SYN-V-000312,SYN-P-00038,SYN-E-000088,Synthetic Community Hospital East,Pulmonology,2024-03-05 22:44:00,56,159,94,98.2,12,94,0
SYN-V-000313,SYN-P-00038,SYN-E-000088,Synthetic Community Hospital East,Pulmonology,2024-03-06 21:43:00,67,118,83,98.4,13,95,8
SYN-V-000314,SYN-P-00038,SYN-E-000088,Synthetic Community Hospital East,Pulmonology,2024-03-07 02:46:00,81,123,86,98.5,13,96,5
SYN-V-000315,SYN-P-00038,SYN-E-000088,Synthetic Community Hospital East,Pulmonology,2024-03-07 07:16:00,105,147,95,98.8,16,99,8
SYN-V-000316,SYN-P-00038,SYN-E-000088,Synthetic Community Hospital East,Pulmonology,2024-03-07 15:07:00,102,141,71,98.7,22,94,2
SYN-V-000317,SYN-P-00038,SYN-E-000088,Synthetic Community Hospital East,Pulmonology,2024-03-07 18:51:00,73,126,74,98.5,20,92,5
SYN-V-000318,SYN-P-00280,SYN-E-000089,Synthetic Regional Medical Center,Emergency,2024-02-26 02:42:00,88,110,76,99.5,13,92,3
SYN-V-000319,SYN-P-00280,SYN-E-000089,Synthetic Regional Medical Center,Emergency,2024-02-26 03:04:00,76,130,74,99.4,17,95,3
SYN-V-000320,SYN-P-00280,SYN-E-000089,Synthetic Regional Medical Center,Emergency,2024-02-26 03:36:00,103,155,66,99.1,12,93,8
SYN-V-000321,SYN-P-00007,SYN-E-000090,Synthetic Community Hospital East,Neurology,2024-02-27 03:38:00,107,105,66,98.6,14,99,7
SYN-V-000322,SYN-P-00007,SYN-E-000090,Synthetic Community Hospital East,Neurology,2024-02-27 13:44:00,76,135,65,98.8,22,93,
SYN-V-000323,SYN-P-00007,SYN-E-000090,Synthetic Community Hospital East,Neurology,2024-02-28 01:40:00,107,151,66,99.7,21,98,8
SYN-V-000324,SYN-P-00007,SYN-E-000090,Synthetic Community Hospital East,Neurology,2024-02-28 03:24:00,60,107,86,97.3,18,95,4
SYN-V-000325,SYN-P-00007,SYN-E-000090,Synthetic Community Hospital East,Neurology,2024-02-28 06:23:00,76,125,89,99.1,16,100,4
SYN-V-000326,SYN-P-00007,SYN-E-000090,Synthetic Community Hospital East,Neurology,2024-02-28 12:53:00,83,104,77,98.4,14,93,2
SYN-V-000327,SYN-P-00007,SYN-E-000090,Synthetic Community Hospital East,Neurology,2024-02-28 14:55:00,79,114,92,97.6,15,97,2
SYN-V-000328,SYN-P-00007,SYN-E-000090,Synthetic Community Hospital East,Neurology,2024-02-28 16:07:00,76,109,74,98.8,22,96,3
SYN-V-000329,SYN-P-00007,SYN-E-000090,Synthetic Community Hospital East,Neurology,2024-02-29 00:13:00,101,155,85,99.7,13,97,4
SYN-V-000330,SYN-P-00007,SYN-E-000090,Synthetic Community Hospital East,Neurology,2024-02-29 02:32:00,86,112,80,97.8,19,95,7
SYN-V-000331,SYN-P-00007,SYN-E-000090,Synthetic Community Hospital East,Neurology,2024-03-01 00:42:00,76,132,61,99.1,14,93,4
SYN-V-000332,SYN-P-00007,SYN-E-000090,Synthetic Community Hospital East,Neurology,2024-03-01 13:30:00,86,111,94,99.5,21,92,5
SYN-V-000333,SYN-P-00007,SYN-E-000090,Synthetic Community Hospital East,Neurology,2024-03-01 15:10:00,95,102,87,97.8,20,98,1
SYN-V-000334,SYN-P-00007,SYN-E-000090,Synthetic Community Hospital East,Neurology,2024-03-02 08:58:00,64,123,79,97.5,17,99,7
SYN-V-000335,SYN-P-00007,SYN-E-000090,Synthetic Community Hospital East,Neurology,2024-03-02 14:41:00,83,145,85,97.0,22,93,7
SYN-V-000336,SYN-P-00007,SYN-E-000090,Synthetic Community Hospital East,Neurology,2024-03-02 21:56:00,74,148,92,97.8,20,99,3
SYN-V-000337,SYN-P-00129,SYN-E-000091,Synthetic Community Hospital West,Internal Medicine,2024-02-28 13:26:00,87,132,71,99.0,17,98,1
SYN-V-000338,SYN-P-00129,SYN-E-000091,Synthetic Community Hospital West,Internal Medicine,2024-02-28 20:12:00,92,144,63,98.5,17,92,8
SYN-V-000339,SYN-P-00129,SYN-E-000091,Synthetic Community Hospital West,Internal Medicine,2024-02-29 02:10:00,108,137,75,97.1,22,92,1
SYN-V-000340,SYN-P-00129,SYN-E-000091,Synthetic Community Hospital West,Internal Medicine,2024-02-29 05:12:00,96,109,83,97.8,17,98,5
SYN-V-000341,SYN-P-00129,SYN-E-000091,Synthetic Community Hospital West,Internal Medicine,2024-02-29 17:40:00,87,153,89,97.9,14,92,3
SYN-V-000342,SYN-P-00129,SYN-E-000091,Synthetic Community Hospital West,Internal Medicine,2024-02-29 18:10:00,69,118,83,97.2,16,92,4
SYN-V-000343,SYN-P-00129,SYN-E-000091,Synthetic Community Hospital West,Internal Medicine,2024-03-01 05:39:00,82,137,71,97.8,14,95,1
SYN-V-000344,SYN-P-00129,SYN-E-000091,Synthetic Community Hospital West,Internal Medicine,2024-03-01 07:23:00,67,120,95,97.9,20,99,
SYN-V-000345,SYN-P-00129,SYN-E-000091,Synthetic Community Hospital West,Internal Medicine,2024-03-01 10:06:00,85,147,70,99.7,19,100,1
SYN-V-000346,SYN-P-00129,SYN-E-000091,Synthetic Community Hospital West,Internal Medicine,2024-03-01 15:09:00,96,132,73,99.4,22,94,8
SYN-V-000347,SYN-P-00129,SYN-E-000091,Synthetic Community Hospital West,Internal Medicine,2024-03-01 23:18:00,97,123,74,99.2,17,94,4
SYN-V-000348,SYN-P-00129,SYN-E-000091,Synthetic Community Hospital West,Internal Medicine,2024-03-02 20:39:00,78,145,72,97.8,18,93,0
SYN-V-000349,SYN-P-00129,SYN-E-000091,Synthetic Community Hospital West,Internal Medicine,2024-03-02 21:50:00,87,115,91,97.9,22,94,6
SYN-V-000350,SYN-P-00129,SYN-E-000091,Synthetic Community Hospital West,Internal Medicine,2024-03-02 23:14:00,59,136,72,99.1,13,97,4
SYN-V-000351,SYN-P-00057,SYN-E-000092,Synthetic Community Hospital West,Emergency,2024-02-28 08:53:00,66,144,63,97.7,19,98,8
SYN-V-000352,SYN-P-00057,SYN-E-000092,Synthetic Community Hospital West,Emergency,2024-02-28 09:42:00,91,110,77,98.8,13,98,5
SYN-V-000353,SYN-P-00057,SYN-E-000092,Synthetic Community Hospital West,Emergency,2024-02-28 12:06:00,80,119,79,97.9,18,94,1
SYN-V-000354,SYN-P-00089,SYN-E-000093,Synthetic Regional Medical Center,Pulmonology,2024-02-29 20:46:00,78,107,82,98.6,15,99,6
SYN-V-000355,SYN-P-00288,SYN-E-000094,Synthetic Community Hospital West,Cardiology,2024-03-01 14:49:00,78,110,92,99.7,14,92,
SYN-V-000356,SYN-P-00288,SYN-E-000094,Synthetic Community Hospital West,Cardiology,2024-03-01 19:01:00,102,108,69,99.5,14,93,
SYN-V-000357,SYN-P-00288,SYN-E-000094,Synthetic Community Hospital West,Cardiology,2024-03-02 05:23:00,100,105,60,99.4,14,100,1
SYN-V-000358,SYN-P-00288,SYN-E-000094,Synthetic Community Hospital West,Cardiology,2024-03-02 09:26:00,102,120,63,98.1,12,97,2
SYN-V-000359,SYN-P-00288,SYN-E-000094,Synthetic Community Hospital West,Cardiology,2024-03-02 14:25:00,90,132,91,97.6,18,95,5
SYN-V-000360,SYN-P-00288,SYN-E-000094,Synthetic Community Hospital West,Cardiology,2024-03-02 17:44:00,94,133,66,97.0,16,97,0
SYN-V-000361,SYN-P-00288,SYN-E-000094,Synthetic Community Hospital West,Cardiology,2024-03-02 20:22:00,66,123,67,99.8,16,98,8
SYN-V-000362,SYN-P-00288,SYN-E-000094,Synthetic Community Hospital West,Cardiology,2024-03-03 01:31:00,57,101,62,97.5,13,92,6
SYN-V-000363,SYN-P-00288,SYN-E-000094,Synthetic Community Hospital West,Cardiology,2024-03-04 21:35:00,70,154,86,99.0,20,97,0
SYN-V-000364,SYN-P-00288,SYN-E-000094,Synthetic Community Hospital West,Cardiology,2024-03-05 01:35:00,105,129,91,98.3,18,99,6
SYN-V-000365,SYN-P-00288,SYN-E-000094,Synthetic Community Hospital West,Cardiology,2024-03-05 04:28:00,100,118,62,98.8,21,93,5
SYN-V-000366,SYN-P-00288,SYN-E-000094,Synthetic Community Hospital West,Cardiology,2024-03-05 06:39:00,71,109,84,97.8,21,100,0
SYN-V-000367,SYN-P-00288,SYN-E-000094,Synthetic Community Hospital West,Cardiology,2024-03-05 08:58:00,56,131,95,97.5,16,100,8
SYN-V-000368,SYN-P-00288,SYN-E-000094,Synthetic Community Hospital West,Cardiology,2024-03-05 21:02:00,76,150,66,98.6,18,97,4
SYN-V-000369,SYN-P-00288,SYN-E-000094,Synthetic Community Hospital West,Cardiology,2024-03-06 08:49:00,107,154,64,97.6,21,92,5
SYN-V-000370,SYN-P-00288,SYN-E-000094,Synthetic Community Hospital West,Cardiology,2024-03-06 13:48:00,71,149,82,98.6,20,100,7
SYN-V-000371,SYN-P-00288,SYN-E-000094,Synthetic Community Hospital West,Cardiology,2024-03-06 16:52:00,92,139,92,97.4,12,97,5
SYN-V-000372,SYN-P-00288,SYN-E-000094,Synthetic Community Hospital West,Cardiology,2024-03-06 19:26:00,95,104,93,99.0,16,100,3
SYN-V-000373,SYN-P-00288,SYN-E-000094,Synthetic Community Hospital West,Cardiology,2024-03-07 04:24:00,94,152,92,99.7,14,98,4
SYN-V-000374,SYN-P-00170,SYN-E-000095,Synthetic Regional Medical Center,Pulmonology,2024-03-01 01:32:00,55,118,73,98.2,21,99,6
SYN-V-000375,SYN-P-00170,SYN-E-000095,Synthetic Regional Medical Center,Pulmonology,2024-03-01 02:04:00,93,146,65,98.6,19,96,7
SYN-V-000376,SYN-P-00170,SYN-E-000095,Synthetic Regional Medical Center,Pulmonology,2024-03-01 06:18:00,79,126,63,99.5,14,97,5
SYN-V-000377,SYN-P-00170,SYN-E-000095,Synthetic Regional Medical Center,Pulmonology,2024-03-01 08:15:00,99,132,80,99.6,13,93,3
SYN-V-000378,SYN-P-00170,SYN-E-000095,Synthetic Regional Medical Center,Pulmonology,2024-03-01 19:59:00,82,123,91,98.4,13,92,8
SYN-V-000379,SYN-P-00170,SYN-E-000095,Synthetic Regional Medical Center,Pulmonology,2024-03-02 02:48:00,68,128,90,99.3,17,92,0
SYN-V-000380,SYN-P-00170,SYN-E-000095,Synthetic Regional Medical Center,Pulmonology,2024-03-02 05:43:00,107,138,91,98.0,13,99,1
SYN-V-000381,SYN-P-00170,SYN-E-000095,Synthetic Regional Medical Center,Pulmonology,2024-03-02 07:12:00,84,116,61,99.3,21,92,2
SYN-V-000382,SYN-P-00170,SYN-E-000095,Synthetic Regional Medical Center,Pulmonology,2024-03-02 08:06:00,96,143,78,99.6,13,98,5
SYN-V-000383,SYN-P-00170,SYN-E-000095,Synthetic Regional Medical Center,Pulmonology,2024-03-02 09:40:00,103,103,71,97.5,15,95,0
SYN-V-000384,SYN-P-00170,SYN-E-000095,Synthetic Regional Medical Center,Pulmonology,2024-03-02 12:28:00,70,139,84,97.3,18,92,4
SYN-V-000385,SYN-P-00170,SYN-E-000095,Synthetic Regional Medical Center,Pulmonology,2024-03-02 15:55:00,94,135,83,99.1,18,95,0
SYN-V-000386,SYN-P-00195,SYN-E-000096,Synthetic Regional Medical Center,Pulmonology,2024-03-01 10:24:00,88,101,82,99.4,20,100,6
SYN-V-000387,SYN-P-00195,SYN-E-000096,Synthetic Regional Medical Center,Pulmonology,2024-03-01 13:23:00,55,148,94,99.7,20,97,0
SYN-V-000388,SYN-P-00118,SYN-E-000098,Synthetic Specialty Clinic,Endocrinology,2024-03-03 04:06:00,99,157,89,98.7,16,93,7
SYN-V-000389,SYN-P-00118,SYN-E-000098,Synthetic Specialty Clinic,Endocrinology,2024-03-03 04:12:00,91,149,86,97.2,15,97,6
SYN-V-000390,SYN-P-00282,SYN-E-000099,Synthetic Outpatient Center,Primary Care,2024-03-03 02:26:00,56,123,92,97.5,18,100,7
SYN-V-000391,SYN-P-00282,SYN-E-000099,Synthetic Outpatient Center,Primary Care,2024-03-03 06:00:00,60,117,77,98.8,16,98,0
SYN-V-000392,SYN-P-00204,SYN-E-000100,Synthetic Outpatient Center,Cardiology,2024-03-03 04:33:00,102,128,82,99.6,20,94,6
SYN-V-000393,SYN-P-00185,SYN-E-000101,Synthetic Regional Medical Center,Emergency,2024-03-03 18:15:00,83,146,74,99.5,18,97,2
SYN-V-000394,SYN-P-00185,SYN-E-000101,Synthetic Regional Medical Center,Emergency,2024-03-03 18:48:00,55,152,72,97.9,13,94,3
SYN-V-000395,SYN-P-00185,SYN-E-000101,Synthetic Regional Medical Center,Emergency,2024-03-03 19:22:00,71,117,80,99.1,22,97,5
SYN-V-000396,SYN-P-00185,SYN-E-000101,Synthetic Regional Medical Center,Emergency,2024-03-03 20:35:00,71,128,94,99.6,21,97,0
SYN-V-000397,SYN-P-00185,SYN-E-000101,Synthetic Regional Medical Center,Emergency,2024-03-03 21:00:00,108,111,71,99.6,21,100,8
SYN-V-000398,SYN-P-00077,SYN-E-000102,Synthetic Regional Medical Center,Nephrology,2024-03-04 13:57:00,89,105,84,97.1,12,95,6
SYN-V-000399,SYN-P-00077,SYN-E-000102,Synthetic Regional Medical Center,Nephrology,2024-03-05 20:35:00,96,139,62,99.3,17,95,6
SYN-V-000400,SYN-P-00077,SYN-E-000102,Synthetic Regional Medical Center,Nephrology,2024-03-06 07:59:00,97,129,70,97.1,21,100,6
SYN-V-000401,SYN-P-00077,SYN-E-000102,Synthetic Regional Medical Center,Nephrology,2024-03-07 01:34:00,99,106,69,97.5,22,98,1
SYN-V-000402,SYN-P-00077,SYN-E-000102,Synthetic Regional Medical Center,Nephrology,2024-03-07 02:58:00,101,121,86,98.6,17,99,4
SYN-V-000403,SYN-P-00077,SYN-E-000102,Synthetic Regional Medical Center,Nephrology,2024-03-07 14:13:00,68,135,74,97.4,22,94,4
SYN-V-000404,SYN-P-00077,SYN-E-000102,Synthetic Regional Medical Center,Nephrology,2024-03-07 16:34:00,60,143,84,99.4,13,99,6
SYN-V-000405,SYN-P-00077,SYN-E-000102,Synthetic Regional Medical Center,Nephrology,2024-03-08 00:33:00,56,156,92,99.0,20,97,2
SYN-V-000406,SYN-P-00077,SYN-E-000102,Synthetic Regional Medical Center,Nephrology,2024-03-08 15:42:00,83,148,64,98.4,22,93,0
SYN-V-000407,SYN-P-00077,SYN-E-000102,Synthetic Regional Medical Center,Nephrology,2024-03-09 03:38:00,106,157,70,97.0,20,99,0
SYN-V-000408,SYN-P-00285,SYN-E-000103,Synthetic Specialty Clinic,Pulmonology,2024-03-05 00:30:00,104,152,61,97.5,20,93,7
SYN-V-000409,SYN-P-00285,SYN-E-000103,Synthetic Specialty Clinic,Pulmonology,2024-03-05 02:57:00,89,130,76,97.8,20,94,3
SYN-V-000410,SYN-P-00285,SYN-E-000103,Synthetic Specialty Clinic,Pulmonology,2024-03-05 03:14:00,102,114,66,97.8,17,95,7
SYN-V-000411,SYN-P-00031,SYN-E-000104,Synthetic Specialty Clinic,Orthopedics,2024-03-06 04:16:00,65,104,70,99.1,14,93,0
SYN-V-000412,SYN-P-00031,SYN-E-000104,Synthetic Specialty Clinic,Orthopedics,2024-03-06 06:23:00,57,109,68,97.6,21,93,5
SYN-V-000413,SYN-P-00113,SYN-E-000105,Synthetic Community Hospital East,Emergency,2024-03-06 07:25:00,109,152,64,97.7,14,100,8
SYN-V-000414,SYN-P-00113,SYN-E-000105,Synthetic Community Hospital East,Emergency,2024-03-06 08:28:00,75,123,88,98.8,17,94,8
SYN-V-000415,SYN-P-00113,SYN-E-000105,Synthetic Community Hospital East,Emergency,2024-03-06 09:23:00,72,121,91,99.0,17,98,3
SYN-V-000416,SYN-P-00113,SYN-E-000105,Synthetic Community Hospital East,Emergency,2024-03-06 10:41:00,88,108,62,97.5,12,100,8
SYN-V-000417,SYN-P-00030,SYN-E-000106,Synthetic Community Hospital West,Cardiology,2024-03-07 03:39:00,62,136,90,98.4,21,96,4
SYN-V-000418,SYN-P-00030,SYN-E-000106,Synthetic Community Hospital West,Cardiology,2024-03-07 04:13:00,56,108,72,98.2,12,93,0
SYN-V-000419,SYN-P-00030,SYN-E-000106,Synthetic Community Hospital West,Cardiology,2024-03-07 09:27:00,68,156,75,98.5,18,100,8
SYN-V-000420,SYN-P-00030,SYN-E-000106,Synthetic Community Hospital West,Cardiology,2024-03-07 15:43:00,57,153,76,97.1,17,96,0
SYN-V-000421,SYN-P-00030,SYN-E-000106,Synthetic Community Hospital West,Cardiology,2024-03-08 02:51:00,71,103,77,99.1,13,93,4
SYN-V-000422,SYN-P-00160,SYN-E-000108,Synthetic Specialty Clinic,Endocrinology,2024-03-07 05:46:00,90,120,67,99.0,22,97,1
SYN-V-000423,SYN-P-00160,SYN-E-000108,Synthetic Specialty Clinic,Endocrinology,2024-03-07 06:30:00,82,147,83,98.8,17,93,0
SYN-V-000424,SYN-P-00160,SYN-E-000108,Synthetic Specialty Clinic,Endocrinology,2024-03-07 07:59:00,96,148,85,99.6,15,96,8
SYN-V-000425,SYN-P-00221,SYN-E-000109,Synthetic Specialty Clinic,Primary Care,2024-03-07 11:00:00,61,156,82,97.5,15,94,6
SYN-V-000426,SYN-P-00051,SYN-E-000110,Synthetic Regional Medical Center,Cardiology,2024-03-09 19:15:00,100,113,89,98.1,21,92,8
SYN-V-000427,SYN-P-00051,SYN-E-000110,Synthetic Regional Medical Center,Cardiology,2024-03-10 05:32:00,96,140,88,98.3,12,96,4
SYN-V-000428,SYN-P-00051,SYN-E-000110,Synthetic Regional Medical Center,Cardiology,2024-03-10 17:54:00,72,137,66,97.2,20,93,3
SYN-V-000429,SYN-P-00077,SYN-E-000112,Synthetic Regional Medical Center,Nephrology,2024-03-10 09:10:00,102,100,72,99.7,18,98,0
SYN-V-000430,SYN-P-00077,SYN-E-000112,Synthetic Regional Medical Center,Nephrology,2024-03-10 13:54:00,59,141,73,98.9,13,94,8
SYN-V-000431,SYN-P-00077,SYN-E-000112,Synthetic Regional Medical Center,Nephrology,2024-03-10 17:33:00,75,130,83,97.6,13,96,5
SYN-V-000432,SYN-P-00077,SYN-E-000112,Synthetic Regional Medical Center,Nephrology,2024-03-10 20:26:00,108,105,86,98.5,17,92,6
SYN-V-000433,SYN-P-00077,SYN-E-000112,Synthetic Regional Medical Center,Nephrology,2024-03-11 18:44:00,66,148,92,99.7,18,99,3
SYN-V-000434,SYN-P-00077,SYN-E-000112,Synthetic Regional Medical Center,Nephrology,2024-03-12 00:51:00,91,156,78,98.3,18,94,4
SYN-V-000435,SYN-P-00077,SYN-E-000112,Synthetic Regional Medical Center,Nephrology,2024-03-12 04:52:00,56,105,66,97.6,18,100,6
SYN-V-000436,SYN-P-00077,SYN-E-000112,Synthetic Regional Medical Center,Nephrology,2024-03-12 10:03:00,75,146,76,99.6,18,97,2
SYN-V-000437,SYN-P-00077,SYN-E-000112,Synthetic Regional Medical Center,Nephrology,2024-03-12 12:37:00,96,123,64,97.6,21,98,8
SYN-V-000438,SYN-P-00077,SYN-E-000112,Synthetic Regional Medical Center,Nephrology,2024-03-12 16:44:00,62,144,82,98.0,21,99,5
SYN-V-000439,SYN-P-00209,SYN-E-000115,Synthetic Community Hospital East,Cardiology,2024-03-13 05:23:00,72,124,91,98.4,20,98,4
SYN-V-000440,SYN-P-00209,SYN-E-000115,Synthetic Community Hospital East,Cardiology,2024-03-13 10:49:00,74,131,95,97.5,13,92,8
SYN-V-000441,SYN-P-00125,SYN-E-000116,Synthetic Community Hospital West,Cardiology,2024-03-13 10:37:00,82,109,86,99.1,21,95,5
SYN-V-000442,SYN-P-00125,SYN-E-000116,Synthetic Community Hospital West,Cardiology,2024-03-13 20:38:00,91,126,87,97.2,20,96,7
SYN-V-000443,SYN-P-00125,SYN-E-000116,Synthetic Community Hospital West,Cardiology,2024-03-14 05:55:00,109,121,88,97.4,18,92,1
SYN-V-000444,SYN-P-00125,SYN-E-000116,Synthetic Community Hospital West,Cardiology,2024-03-14 14:53:00,96,151,79,99.1,19,100,0
SYN-V-000445,SYN-P-00125,SYN-E-000116,Synthetic Community Hospital West,Cardiology,2024-03-15 20:01:00,89,101,95,98.2,19,98,4
SYN-V-000446,SYN-P-00125,SYN-E-000116,Synthetic Community Hospital West,Cardiology,2024-03-16 01:42:00,58,131,81,97.5,15,96,0
SYN-V-000447,SYN-P-00125,SYN-E-000116,Synthetic Community Hospital West,Cardiology,2024-03-17 01:24:00,74,100,75,97.8,16,98,4
SYN-V-000448,SYN-P-00125,SYN-E-000116,Synthetic Community Hospital West,Cardiology,2024-03-17 06:01:00,79,106,65,98.4,20,99,6
SYN-V-000449,SYN-P-00125,SYN-E-000116,Synthetic Community Hospital West,Cardiology,2024-03-18 19:20:00,73,147,70,99.7,15,94,8
SYN-V-000450,SYN-P-00125,SYN-E-000116,Synthetic Community Hospital West,Cardiology,2024-03-19 02:40:00,69,113,77,97.7,18,96,7
SYN-V-000451,SYN-P-00125,SYN-E-000116,Synthetic Community Hospital West,Cardiology,2024-03-19 04:29:00,61,149,84,97.8,15,99,4
SYN-V-000452,SYN-P-00125,SYN-E-000116,Synthetic Community Hospital West,Cardiology,2024-03-19 08:23:00,61,148,64,98.6,13,100,4
SYN-V-000453,SYN-P-00125,SYN-E-000116,Synthetic Community Hospital West,Cardiology,2024-03-19 08:33:00,84,137,95,97.4,13,92,4
SYN-V-000454,SYN-P-00125,SYN-E-000116,Synthetic Community Hospital West,Cardiology,2024-03-19 10:34:00,66,120,67,98.2,21,99,2
SYN-V-000455,SYN-P-00125,SYN-E-000116,Synthetic Community Hospital West,Cardiology,2024-03-19 12:07:00,58,113,76,98.2,16,96,8
SYN-V-000456,SYN-P-00125,SYN-E-000116,Synthetic Community Hospital West,Cardiology,2024-03-20 01:18:00,56,153,71,97.1,13,95,1
SYN-V-000457,SYN-P-00037,SYN-E-000117,Synthetic Outpatient Center,Endocrinology,2024-03-14 03:05:00,92,144,92,98.6,15,92,0
SYN-V-000458,SYN-P-00213,SYN-E-000118,Synthetic Specialty Clinic,Orthopedics,2024-03-14 12:33:00,57,159,68,98.3,12,97,3
SYN-V-000459,SYN-P-00213,SYN-E-000118,Synthetic Specialty Clinic,Orthopedics,2024-03-14 15:40:00,55,140,87,98.2,13,92,7
SYN-V-000460,SYN-P-00165,SYN-E-000119,Synthetic Regional Medical Center,Emergency,2024-03-14 21:03:00,106,115,76,99.8,14,92,2
SYN-V-000461,SYN-P-00240,SYN-E-000120,Synthetic Regional Medical Center,Internal Medicine,2024-03-15 13:38:00,63,109,82,98.9,15,94,
SYN-V-000462,SYN-P-00240,SYN-E-000120,Synthetic Regional Medical Center,Internal Medicine,2024-03-15 17:48:00,102,111,63,97.3,18,95,
SYN-V-000463,SYN-P-00240,SYN-E-000120,Synthetic Regional Medical Center,Internal Medicine,2024-03-15 20:14:00,109,122,67,97.7,15,94,7
SYN-V-000464,SYN-P-00240,SYN-E-000120,Synthetic Regional Medical Center,Internal Medicine,2024-03-16 03:54:00,95,118,68,97.6,13,97,3
SYN-V-000465,SYN-P-00240,SYN-E-000120,Synthetic Regional Medical Center,Internal Medicine,2024-03-16 11:35:00,74,145,88,98.6,21,100,2
SYN-V-000466,SYN-P-00240,SYN-E-000120,Synthetic Regional Medical Center,Internal Medicine,2024-03-16 21:30:00,86,110,63,98.6,15,92,0
SYN-V-000467,SYN-P-00240,SYN-E-000120,Synthetic Regional Medical Center,Internal Medicine,2024-03-17 15:37:00,100,154,70,98.3,19,93,6
SYN-V-000468,SYN-P-00240,SYN-E-000120,Synthetic Regional Medical Center,Internal Medicine,2024-03-18 02:55:00,57,126,78,98.9,13,95,2
SYN-V-000469,SYN-P-00240,SYN-E-000120,Synthetic Regional Medical Center,Internal Medicine,2024-03-18 05:04:00,106,105,86,97.9,13,93,0
SYN-V-000470,SYN-P-00240,SYN-E-000120,Synthetic Regional Medical Center,Internal Medicine,2024-03-18 17:53:00,83,118,74,97.4,22,92,8
SYN-V-000471,SYN-P-00240,SYN-E-000120,Synthetic Regional Medical Center,Internal Medicine,2024-03-19 16:02:00,80,133,65,99.5,13,94,5
SYN-V-000472,SYN-P-00240,SYN-E-000120,Synthetic Regional Medical Center,Internal Medicine,2024-03-20 05:23:00,60,124,63,98.1,21,96,
SYN-V-000473,SYN-P-00240,SYN-E-000120,Synthetic Regional Medical Center,Internal Medicine,2024-03-20 10:48:00,80,119,77,99.0,19,93,0
SYN-V-000474,SYN-P-00240,SYN-E-000120,Synthetic Regional Medical Center,Internal Medicine,2024-03-20 15:01:00,110,123,74,98.1,21,98,4
SYN-V-000475,SYN-P-00181,SYN-E-000121,Synthetic Community Hospital West,Internal Medicine,2024-03-15 09:50:00,81,122,69,97.6,14,95,3
SYN-V-000476,SYN-P-00181,SYN-E-000121,Synthetic Community Hospital West,Internal Medicine,2024-03-15 18:49:00,109,138,73,98.1,17,93,6
SYN-V-000477,SYN-P-00181,SYN-E-000121,Synthetic Community Hospital West,Internal Medicine,2024-03-15 23:14:00,84,104,69,99.4,20,93,7
SYN-V-000478,SYN-P-00181,SYN-E-000121,Synthetic Community Hospital West,Internal Medicine,2024-03-15 23:24:00,94,127,67,98.7,19,96,7
SYN-V-000479,SYN-P-00215,SYN-E-000122,Synthetic Regional Medical Center,Emergency,2024-03-15 06:44:00,89,110,80,99.2,12,94,4
SYN-V-000480,SYN-P-00215,SYN-E-000122,Synthetic Regional Medical Center,Emergency,2024-03-15 07:00:00,84,107,85,97.4,17,98,5
SYN-V-000481,SYN-P-00215,SYN-E-000122,Synthetic Regional Medical Center,Emergency,2024-03-15 07:24:00,55,143,90,99.2,16,100,0
SYN-V-000482,SYN-P-00215,SYN-E-000122,Synthetic Regional Medical Center,Emergency,2024-03-15 08:15:00,100,142,94,99.0,14,100,8
SYN-V-000483,SYN-P-00215,SYN-E-000122,Synthetic Regional Medical Center,Emergency,2024-03-15 09:21:00,67,157,74,97.3,13,99,1
SYN-V-000484,SYN-P-00215,SYN-E-000122,Synthetic Regional Medical Center,Emergency,2024-03-15 09:51:00,100,109,80,97.1,17,96,5
SYN-V-000485,SYN-P-00047,SYN-E-000123,Synthetic Specialty Clinic,Primary Care,2024-03-16 08:20:00,95,110,67,98.5,21,95,8
SYN-V-000486,SYN-P-00047,SYN-E-000123,Synthetic Specialty Clinic,Primary Care,2024-03-16 09:44:00,72,111,84,99.6,13,94,0
SYN-V-000487,SYN-P-00028,SYN-E-000124,Synthetic Outpatient Center,Primary Care,2024-03-16 15:16:00,84,144,90,97.8,22,98,7
SYN-V-000488,SYN-P-00028,SYN-E-000124,Synthetic Outpatient Center,Primary Care,2024-03-16 16:19:00,57,120,80,98.0,12,98,6
SYN-V-000489,SYN-P-00056,SYN-E-000125,Synthetic Community Hospital West,Cardiology,2024-03-17 21:15:00,64,125,92,97.3,22,96,0
SYN-V-000490,SYN-P-00056,SYN-E-000125,Synthetic Community Hospital West,Cardiology,2024-03-17 22:55:00,97,124,60,99.0,14,93,3
SYN-V-000491,SYN-P-00056,SYN-E-000125,Synthetic Community Hospital West,Cardiology,2024-03-18 08:57:00,83,141,67,97.0,17,96,0
SYN-V-000492,SYN-P-00056,SYN-E-000125,Synthetic Community Hospital West,Cardiology,2024-03-18 20:46:00,71,132,92,98.1,16,93,2
SYN-V-000493,SYN-P-00056,SYN-E-000125,Synthetic Community Hospital West,Cardiology,2024-03-19 00:29:00,95,148,83,97.7,20,92,5
SYN-V-000494,SYN-P-00056,SYN-E-000125,Synthetic Community Hospital West,Cardiology,2024-03-19 16:27:00,81,153,94,97.3,20,95,0
SYN-V-000495,SYN-P-00056,SYN-E-000125,Synthetic Community Hospital West,Cardiology,2024-03-20 05:27:00,58,137,83,97.9,17,99,6
SYN-V-000496,SYN-P-00056,SYN-E-000125,Synthetic Community Hospital West,Cardiology,2024-03-20 15:22:00,103,101,84,99.0,17,98,4
SYN-V-000497,SYN-P-00056,SYN-E-000125,Synthetic Community Hospital West,Cardiology,2024-03-21 02:20:00,105,110,67,99.5,12,95,0
SYN-V-000498,SYN-P-00056,SYN-E-000125,Synthetic Community Hospital West,Cardiology,2024-03-21 04:34:00,65,142,88,98.5,13,99,
SYN-V-000499,SYN-P-00056,SYN-E-000125,Synthetic Community Hospital West,Cardiology,2024-03-21 12:07:00,84,140,60,98.4,12,96,5
SYN-V-000500,SYN-P-00056,SYN-E-000125,Synthetic Community Hospital West,Cardiology,2024-03-21 13:21:00,97,143,95,98.6,20,95,1
SYN-V-000501,SYN-P-00056,SYN-E-000125,Synthetic Community Hospital West,Cardiology,2024-03-21 15:49:00,66,149,68,99.1,18,98,2
SYN-V-000502,SYN-P-00056,SYN-E-000125,Synthetic Community Hospital West,Cardiology,2024-03-22 15:16:00,84,112,74,99.1,19,94,6
SYN-V-000503,SYN-P-00056,SYN-E-000125,Synthetic Community Hospital West,Cardiology,2024-03-22 16:40:00,66,113,73,98.0,17,99,7
SYN-V-000504,SYN-P-00043,SYN-E-000126,Synthetic Community Hospital East,Emergency,2024-03-19 00:04:00,72,160,91,99.8,18,92,8
SYN-V-000505,SYN-P-00043,SYN-E-000126,Synthetic Community Hospital East,Emergency,2024-03-19 00:43:00,77,140,80,97.4,22,97,7
SYN-V-000506,SYN-P-00105,SYN-E-000127,Synthetic Regional Medical Center,Emergency,2024-03-18 23:40:00,76,129,87,97.8,19,93,3
SYN-V-000507,SYN-P-00105,SYN-E-000127,Synthetic Regional Medical Center,Emergency,2024-03-18 23:49:00,68,136,67,99.5,15,92,0
SYN-V-000508,SYN-P-00242,SYN-E-000128,Synthetic Regional Medical Center,Orthopedics,2024-03-19 06:16:00,107,145,68,99.0,21,92,1
SYN-V-000509,SYN-P-00242,SYN-E-000128,Synthetic Regional Medical Center,Orthopedics,2024-03-19 06:27:00,73,148,78,99.1,20,93,
SYN-V-000510,SYN-P-00132,SYN-E-000129,Synthetic Community Hospital East,Nephrology,2024-03-20 19:44:00,71,146,88,98.3,21,95,6
SYN-V-000511,SYN-P-00132,SYN-E-000129,Synthetic Community Hospital East,Nephrology,2024-03-21 16:33:00,83,160,75,99.2,15,94,0
SYN-V-000512,SYN-P-00132,SYN-E-000129,Synthetic Community Hospital East,Nephrology,2024-03-22 03:21:00,85,114,62,97.7,12,93,2
SYN-V-000513,SYN-P-00132,SYN-E-000129,Synthetic Community Hospital East,Nephrology,2024-03-22 04:52:00,88,150,61,97.2,18,92,8
SYN-V-000514,SYN-P-00132,SYN-E-000129,Synthetic Community Hospital East,Nephrology,2024-03-22 10:28:00,78,100,82,97.1,17,94,6
SYN-V-000515,SYN-P-00132,SYN-E-000129,Synthetic Community Hospital East,Nephrology,2024-03-22 10:47:00,64,142,91,97.3,20,93,3
SYN-V-000516,SYN-P-00132,SYN-E-000129,Synthetic Community Hospital East,Nephrology,2024-03-23 13:11:00,80,121,78,97.5,18,99,3
SYN-V-000517,SYN-P-00132,SYN-E-000129,Synthetic Community Hospital East,Nephrology,2024-03-23 22:47:00,58,113,89,98.9,20,98,7
SYN-V-000518,SYN-P-00132,SYN-E-000129,Synthetic Community Hospital East,Nephrology,2024-03-24 11:09:00,88,100,93,98.2,19,98,6
SYN-V-000519,SYN-P-00132,SYN-E-000129,Synthetic Community Hospital East,Nephrology,2024-03-24 17:24:00,77,127,67,97.0,14,94,
SYN-V-000520,SYN-P-00132,SYN-E-000129,Synthetic Community Hospital East,Nephrology,2024-03-24 17:59:00,106,133,90,97.5,22,98,7
SYN-V-000521,SYN-P-00013,SYN-E-000130,Synthetic Community Hospital East,Emergency,2024-03-20 11:36:00,59,112,85,97.2,17,93,5
SYN-V-000522,SYN-P-00013,SYN-E-000130,Synthetic Community Hospital East,Emergency,2024-03-20 13:02:00,96,124,69,98.2,17,93,8
SYN-V-000523,SYN-P-00128,SYN-E-000132,Synthetic Community Hospital East,Neurology,2024-03-21 23:11:00,63,116,69,98.8,19,100,0
SYN-V-000524,SYN-P-00128,SYN-E-000132,Synthetic Community Hospital East,Neurology,2024-03-22 05:09:00,73,135,69,98.5,15,97,4
SYN-V-000525,SYN-P-00128,SYN-E-000132,Synthetic Community Hospital East,Neurology,2024-03-22 07:42:00,80,108,91,99.2,21,100,5
SYN-V-000526,SYN-P-00128,SYN-E-000132,Synthetic Community Hospital East,Neurology,2024-03-23 11:57:00,85,126,73,98.7,15,92,8
SYN-V-000527,SYN-P-00128,SYN-E-000132,Synthetic Community Hospital East,Neurology,2024-03-23 16:33:00,105,100,62,97.8,21,94,7
SYN-V-000528,SYN-P-00128,SYN-E-000132,Synthetic Community Hospital East,Neurology,2024-03-24 02:08:00,62,125,63,98.5,15,100,1
SYN-V-000529,SYN-P-00128,SYN-E-000132,Synthetic Community Hospital East,Neurology,2024-03-24 03:16:00,59,109,80,98.6,20,96,0
SYN-V-000530,SYN-P-00128,SYN-E-000132,Synthetic Community Hospital East,Neurology,2024-03-24 19:33:00,83,113,61,97.6,17,94,8
SYN-V-000531,SYN-P-00128,SYN-E-000132,Synthetic Community Hospital East,Neurology,2024-03-24 21:52:00,102,141,78,98.6,21,92,3
SYN-V-000532,SYN-P-00128,SYN-E-000132,Synthetic Community Hospital East,Neurology,2024-03-25 00:52:00,85,121,92,99.8,14,97,7
SYN-V-000533,SYN-P-00128,SYN-E-000132,Synthetic Community Hospital East,Neurology,2024-03-25 14:25:00,100,137,78,98.0,15,92,7
SYN-V-000534,SYN-P-00263,SYN-E-000133,Synthetic Community Hospital East,Primary Care,2024-03-22 06:08:00,101,120,85,98.6,12,97,4
SYN-V-000535,SYN-P-00263,SYN-E-000133,Synthetic Community Hospital East,Primary Care,2024-03-22 08:33:00,63,154,92,97.4,21,96,3
SYN-V-000536,SYN-P-00030,SYN-E-000134,Synthetic Community Hospital West,Internal Medicine,2024-03-23 01:11:00,98,108,63,99.6,14,94,3
SYN-V-000537,SYN-P-00030,SYN-E-000134,Synthetic Community Hospital West,Internal Medicine,2024-03-23 05:11:00,75,124,76,99.6,21,93,0
SYN-V-000538,SYN-P-00030,SYN-E-000134,Synthetic Community Hospital West,Internal Medicine,2024-03-23 08:38:00,105,146,61,98.2,14,93,3
SYN-V-000539,SYN-P-00030,SYN-E-000134,Synthetic Community Hospital West,Internal Medicine,2024-03-24 06:55:00,106,145,83,98.6,13,96,3
SYN-V-000540,SYN-P-00030,SYN-E-000134,Synthetic Community Hospital West,Internal Medicine,2024-03-24 10:10:00,108,113,88,97.7,19,93,
SYN-V-000541,SYN-P-00030,SYN-E-000134,Synthetic Community Hospital West,Internal Medicine,2024-03-25 05:42:00,75,108,83,99.7,12,93,7
SYN-V-000542,SYN-P-00030,SYN-E-000134,Synthetic Community Hospital West,Internal Medicine,2024-03-25 13:23:00,85,151,77,97.1,21,98,6
SYN-V-000543,SYN-P-00030,SYN-E-000134,Synthetic Community Hospital West,Internal Medicine,2024-03-25 20:09:00,72,106,61,99.8,19,92,2
SYN-V-000544,SYN-P-00030,SYN-E-000134,Synthetic Community Hospital West,Internal Medicine,2024-03-26 03:55:00,69,155,65,98.2,18,92,2
SYN-V-000545,SYN-P-00030,SYN-E-000134,Synthetic Community Hospital West,Internal Medicine,2024-03-26 23:42:00,76,125,73,99.6,13,99,6
SYN-V-000546,SYN-P-00030,SYN-E-000134,Synthetic Community Hospital West,Internal Medicine,2024-03-27 20:05:00,66,100,78,98.0,12,99,1
SYN-V-000547,SYN-P-00030,SYN-E-000134,Synthetic Community Hospital West,Internal Medicine,2024-03-27 22:03:00,92,131,62,97.5,17,96,4
SYN-V-000548,SYN-P-00030,SYN-E-000134,Synthetic Community Hospital West,Internal Medicine,2024-03-28 02:36:00,71,155,61,97.3,14,93,4
SYN-V-000549,SYN-P-00030,SYN-E-000134,Synthetic Community Hospital West,Internal Medicine,2024-03-28 06:03:00,68,156,92,98.4,20,94,2
SYN-V-000550,SYN-P-00030,SYN-E-000134,Synthetic Community Hospital West,Internal Medicine,2024-03-28 22:15:00,84,102,61,99.7,13,93,0
SYN-V-000551,SYN-P-00030,SYN-E-000134,Synthetic Community Hospital West,Internal Medicine,2024-03-28 23:58:00,56,116,92,99.5,19,99,5
SYN-V-000552,SYN-P-00066,SYN-E-000135,Synthetic Outpatient Center,Pulmonology,2024-03-23 00:18:00,72,139,91,98.1,19,97,6
SYN-V-000553,SYN-P-00274,SYN-E-000136,Synthetic Regional Medical Center,Nephrology,2024-03-24 09:22:00,70,146,89,97.4,16,99,1
SYN-V-000554,SYN-P-00274,SYN-E-000136,Synthetic Regional Medical Center,Nephrology,2024-03-24 11:00:00,107,137,87,97.7,14,95,2
SYN-V-000555,SYN-P-00274,SYN-E-000136,Synthetic Regional Medical Center,Nephrology,2024-03-24 14:09:00,59,142,78,99.4,21,100,8
SYN-V-000556,SYN-P-00274,SYN-E-000136,Synthetic Regional Medical Center,Nephrology,2024-03-24 18:55:00,102,102,89,99.1,19,94,4
SYN-V-000557,SYN-P-00274,SYN-E-000136,Synthetic Regional Medical Center,Nephrology,2024-03-24 19:46:00,77,108,95,97.6,21,98,0
SYN-V-000558,SYN-P-00274,SYN-E-000136,Synthetic Regional Medical Center,Nephrology,2024-03-25 01:29:00,77,148,67,99.2,16,99,1
SYN-V-000559,SYN-P-00274,SYN-E-000136,Synthetic Regional Medical Center,Nephrology,2024-03-25 12:22:00,104,122,65,97.2,17,99,7
SYN-V-000560,SYN-P-00274,SYN-E-000136,Synthetic Regional Medical Center,Nephrology,2024-03-25 13:13:00,99,102,84,98.4,16,94,8
SYN-V-000561,SYN-P-00274,SYN-E-000136,Synthetic Regional Medical Center,Nephrology,2024-03-26 06:45:00,90,138,84,98.6,12,98,4
SYN-V-000562,SYN-P-00274,SYN-E-000136,Synthetic Regional Medical Center,Nephrology,2024-03-26 07:19:00,69,160,79,97.0,12,93,0
SYN-V-000563,SYN-P-00274,SYN-E-000136,Synthetic Regional Medical Center,Nephrology,2024-03-26 11:33:00,89,112,74,99.3,15,93,1
SYN-V-000564,SYN-P-00188,SYN-E-000138,Synthetic Community Hospital East,Internal Medicine,2024-03-26 04:44:00,107,106,60,99.2,18,95,0
SYN-V-000565,SYN-P-00188,SYN-E-000138,Synthetic Community Hospital East,Internal Medicine,2024-03-26 08:46:00,56,116,92,99.0,15,99,4
SYN-V-000566,SYN-P-00188,SYN-E-000138,Synthetic Community Hospital East,Internal Medicine,2024-03-26 09:59:00,88,132,68,98.0,19,95,8
SYN-V-000567,SYN-P-00188,SYN-E-000138,Synthetic Community Hospital East,Internal Medicine,2024-03-26 11:49:00,94,122,82,99.0,16,94,2
SYN-V-000568,SYN-P-00188,SYN-E-000138,Synthetic Community Hospital East,Internal Medicine,2024-03-26 16:30:00,85,134,69,97.7,18,93,3
SYN-V-000569,SYN-P-00188,SYN-E-000138,Synthetic Community Hospital East,Internal Medicine,2024-03-26 20:26:00,109,113,78,99.1,21,98,5
SYN-V-000570,SYN-P-00188,SYN-E-000138,Synthetic Community Hospital East,Internal Medicine,2024-03-26 23:25:00,99,157,91,99.4,14,99,6
SYN-V-000571,SYN-P-00188,SYN-E-000138,Synthetic Community Hospital East,Internal Medicine,2024-03-27 22:22:00,89,109,73,97.9,20,93,4
SYN-V-000572,SYN-P-00188,SYN-E-000138,Synthetic Community Hospital East,Internal Medicine,2024-03-28 12:05:00,104,116,74,98.2,21,99,6
SYN-V-000573,SYN-P-00188,SYN-E-000138,Synthetic Community Hospital East,Internal Medicine,2024-03-28 18:43:00,88,126,64,99.0,14,93,2
SYN-V-000574,SYN-P-00188,SYN-E-000138,Synthetic Community Hospital East,Internal Medicine,2024-03-29 02:40:00,84,110,73,99.3,15,97,1
SYN-V-000575,SYN-P-00188,SYN-E-000138,Synthetic Community Hospital East,Internal Medicine,2024-03-29 07:01:00,101,102,94,99.7,19,94,0
SYN-V-000576,SYN-P-00188,SYN-E-000138,Synthetic Community Hospital East,Internal Medicine,2024-03-29 08:34:00,77,150,75,98.0,20,99,1
SYN-V-000577,SYN-P-00188,SYN-E-000138,Synthetic Community Hospital East,Internal Medicine,2024-03-29 11:02:00,100,152,67,97.3,17,93,4
SYN-V-000578,SYN-P-00190,SYN-E-000139,Synthetic Outpatient Center,Endocrinology,2024-03-27 10:27:00,91,133,66,99.2,13,97,4
SYN-V-000579,SYN-P-00101,SYN-E-000140,Synthetic Community Hospital East,Endocrinology,2024-03-30 04:06:00,95,119,60,97.4,18,96,0
SYN-V-000580,SYN-P-00101,SYN-E-000140,Synthetic Community Hospital East,Endocrinology,2024-03-30 05:13:00,106,115,84,99.6,16,93,7
SYN-V-000581,SYN-P-00101,SYN-E-000140,Synthetic Community Hospital East,Endocrinology,2024-03-30 05:21:00,69,153,83,98.9,12,93,8
SYN-V-000582,SYN-P-00024,SYN-E-000141,Synthetic Community Hospital East,Endocrinology,2024-04-02 05:23:00,66,124,65,99.7,21,98,7
SYN-V-000583,SYN-P-00186,SYN-E-000142,Synthetic Community Hospital East,Internal Medicine,2024-04-02 20:27:00,63,127,91,97.7,22,92,
SYN-V-000584,SYN-P-00186,SYN-E-000142,Synthetic Community Hospital East,Internal Medicine,2024-04-03 04:23:00,102,143,91,98.0,14,98,6
SYN-V-000585,SYN-P-00186,SYN-E-000142,Synthetic Community Hospital East,Internal Medicine,2024-04-03 11:51:00,85,132,85,99.8,17,100,5
SYN-V-000586,SYN-P-00186,SYN-E-000142,Synthetic Community Hospital East,Internal Medicine,2024-04-04 01:07:00,105,139,63,99.7,13,95,6
SYN-V-000587,SYN-P-00186,SYN-E-000142,Synthetic Community Hospital East,Internal Medicine,2024-04-04 03:49:00,110,147,88,97.2,15,95,1
SYN-V-000588,SYN-P-00186,SYN-E-000142,Synthetic Community Hospital East,Internal Medicine,2024-04-04 07:17:00,107,124,63,97.2,18,92,0
SYN-V-000589,SYN-P-00186,SYN-E-000142,Synthetic Community Hospital East,Internal Medicine,2024-04-04 12:18:00,60,160,60,98.5,19,98,0
SYN-V-000590,SYN-P-00186,SYN-E-000142,Synthetic Community Hospital East,Internal Medicine,2024-04-04 13:39:00,103,123,65,98.8,20,98,7
SYN-V-000591,SYN-P-00186,SYN-E-000142,Synthetic Community Hospital East,Internal Medicine,2024-04-04 14:16:00,84,118,78,99.2,17,95,6
SYN-V-000592,SYN-P-00186,SYN-E-000142,Synthetic Community Hospital East,Internal Medicine,2024-04-04 14:31:00,89,159,94,97.5,16,95,1
SYN-V-000593,SYN-P-00186,SYN-E-000142,Synthetic Community Hospital East,Internal Medicine,2024-04-04 17:25:00,68,141,62,97.9,18,100,6
SYN-V-000594,SYN-P-00186,SYN-E-000142,Synthetic Community Hospital East,Internal Medicine,2024-04-04 21:50:00,77,124,82,98.6,15,93,2
SYN-V-000595,SYN-P-00186,SYN-E-000142,Synthetic Community Hospital East,Internal Medicine,2024-04-05 06:11:00,106,100,65,98.7,14,94,8
SYN-V-000596,SYN-P-00186,SYN-E-000142,Synthetic Community Hospital East,Internal Medicine,2024-04-05 12:33:00,73,116,70,97.4,21,92,1
SYN-V-000597,SYN-P-00186,SYN-E-000142,Synthetic Community Hospital East,Internal Medicine,2024-04-05 17:26:00,83,120,61,99.6,21,97,
SYN-V-000598,SYN-P-00186,SYN-E-000142,Synthetic Community Hospital East,Internal Medicine,2024-04-05 18:23:00,57,103,87,99.7,12,99,
SYN-V-000599,SYN-P-00216,SYN-E-000143,Synthetic Community Hospital East,Orthopedics,2024-04-03 20:53:00,96,112,86,97.4,19,94,8
SYN-V-000600,SYN-P-00216,SYN-E-000143,Synthetic Community Hospital East,Orthopedics,2024-04-04 16:48:00,64,119,73,98.6,13,99,4
SYN-V-000601,SYN-P-00216,SYN-E-000143,Synthetic Community Hospital East,Orthopedics,2024-04-05 09:52:00,107,143,90,99.2,17,97,8
SYN-V-000602,SYN-P-00216,SYN-E-000143,Synthetic Community Hospital East,Orthopedics,2024-04-05 16:10:00,57,101,85,97.3,16,98,1
SYN-V-000603,SYN-P-00216,SYN-E-000143,Synthetic Community Hospital East,Orthopedics,2024-04-05 20:40:00,104,133,80,99.6,16,97,7
SYN-V-000604,SYN-P-00216,SYN-E-000143,Synthetic Community Hospital East,Orthopedics,2024-04-06 02:30:00,83,115,60,98.1,18,100,8
SYN-V-000605,SYN-P-00216,SYN-E-000143,Synthetic Community Hospital East,Orthopedics,2024-04-06 22:54:00,109,151,78,99.4,15,99,
SYN-V-000606,SYN-P-00216,SYN-E-000143,Synthetic Community Hospital East,Orthopedics,2024-04-07 13:36:00,93,152,64,97.0,14,98,7
SYN-V-000607,SYN-P-00216,SYN-E-000143,Synthetic Community Hospital East,Orthopedics,2024-04-08 00:35:00,64,105,61,99.0,19,98,3
SYN-V-000608,SYN-P-00216,SYN-E-000143,Synthetic Community Hospital East,Orthopedics,2024-04-08 06:04:00,107,153,95,97.6,19,94,1
SYN-V-000609,SYN-P-00216,SYN-E-000143,Synthetic Community Hospital East,Orthopedics,2024-04-09 09:39:00,74,140,65,98.4,12,99,
SYN-V-000610,SYN-P-00216,SYN-E-000143,Synthetic Community Hospital East,Orthopedics,2024-04-09 10:18:00,75,101,71,99.0,14,99,0
SYN-V-000611,SYN-P-00216,SYN-E-000143,Synthetic Community Hospital East,Orthopedics,2024-04-09 17:40:00,68,109,69,97.6,19,92,
SYN-V-000612,SYN-P-00216,SYN-E-000143,Synthetic Community Hospital East,Orthopedics,2024-04-10 13:43:00,103,158,66,98.6,14,94,8
SYN-V-000613,SYN-P-00216,SYN-E-000143,Synthetic Community Hospital East,Orthopedics,2024-04-10 18:20:00,99,126,84,99.4,16,98,6
SYN-V-000614,SYN-P-00216,SYN-E-000143,Synthetic Community Hospital East,Orthopedics,2024-04-11 00:35:00,63,136,76,97.8,19,94,5
SYN-V-000615,SYN-P-00216,SYN-E-000143,Synthetic Community Hospital East,Orthopedics,2024-04-11 01:31:00,106,128,92,98.4,16,95,5
SYN-V-000616,SYN-P-00216,SYN-E-000143,Synthetic Community Hospital East,Orthopedics,2024-04-12 03:17:00,104,154,80,97.9,21,97,6
SYN-V-000617,SYN-P-00216,SYN-E-000143,Synthetic Community Hospital East,Orthopedics,2024-04-12 04:09:00,69,159,88,98.1,17,95,0
SYN-V-000618,SYN-P-00216,SYN-E-000143,Synthetic Community Hospital East,Orthopedics,2024-04-12 05:20:00,84,141,83,99.6,18,95,
SYN-V-000619,SYN-P-00216,SYN-E-000143,Synthetic Community Hospital East,Orthopedics,2024-04-12 11:45:00,60,111,92,99.0,20,97,8
SYN-V-000620,SYN-P-00216,SYN-E-000143,Synthetic Community Hospital East,Orthopedics,2024-04-12 14:17:00,63,105,61,99.8,17,96,4
SYN-V-000621,SYN-P-00216,SYN-E-000143,Synthetic Community Hospital East,Orthopedics,2024-04-13 02:52:00,55,129,70,99.1,14,92,3
SYN-V-000622,SYN-P-00216,SYN-E-000143,Synthetic Community Hospital East,Orthopedics,2024-04-13 03:47:00,97,131,77,97.8,14,99,5
SYN-V-000623,SYN-P-00216,SYN-E-000143,Synthetic Community Hospital East,Orthopedics,2024-04-13 14:55:00,107,113,61,97.8,18,95,2
SYN-V-000624,SYN-P-00216,SYN-E-000143,Synthetic Community Hospital East,Orthopedics,2024-04-13 17:00:00,70,109,83,97.4,13,95,1
SYN-V-000625,SYN-P-00216,SYN-E-000143,Synthetic Community Hospital East,Orthopedics,2024-04-14 17:25:00,80,111,92,97.2,21,97,2
SYN-V-000626,SYN-P-00216,SYN-E-000143,Synthetic Community Hospital East,Orthopedics,2024-04-14 18:20:00,100,111,69,99.7,21,93,6
SYN-V-000627,SYN-P-00205,SYN-E-000144,Synthetic Community Hospital East,Primary Care,2024-04-03 15:59:00,103,108,60,97.5,21,98,5
SYN-V-000628,SYN-P-00285,SYN-E-000146,Synthetic Community Hospital West,Cardiology,2024-04-04 20:02:00,106,118,71,99.2,21,95,
SYN-V-000629,SYN-P-00285,SYN-E-000146,Synthetic Community Hospital West,Cardiology,2024-04-04 23:49:00,89,103,85,97.3,22,94,8
SYN-V-000630,SYN-P-00285,SYN-E-000146,Synthetic Community Hospital West,Cardiology,2024-04-05 04:30:00,55,107,83,99.5,16,94,2
SYN-V-000631,SYN-P-00285,SYN-E-000146,Synthetic Community Hospital West,Cardiology,2024-04-05 08:09:00,104,129,79,98.0,19,97,8
SYN-V-000632,SYN-P-00285,SYN-E-000146,Synthetic Community Hospital West,Cardiology,2024-04-05 14:34:00,101,153,66,99.4,17,99,4
SYN-V-000633,SYN-P-00285,SYN-E-000146,Synthetic Community Hospital West,Cardiology,2024-04-06 15:22:00,107,160,66,97.7,12,93,2
SYN-V-000634,SYN-P-00285,SYN-E-000146,Synthetic Community Hospital West,Cardiology,2024-04-06 19:59:00,60,100,76,97.3,17,92,4
SYN-V-000635,SYN-P-00285,SYN-E-000146,Synthetic Community Hospital West,Cardiology,2024-04-07 01:08:00,75,122,90,98.3,20,96,6
SYN-V-000636,SYN-P-00285,SYN-E-000146,Synthetic Community Hospital West,Cardiology,2024-04-07 04:34:00,84,142,91,97.3,16,94,4
SYN-V-000637,SYN-P-00285,SYN-E-000146,Synthetic Community Hospital West,Cardiology,2024-04-07 16:55:00,84,100,76,97.2,20,93,3
SYN-V-000638,SYN-P-00285,SYN-E-000146,Synthetic Community Hospital West,Cardiology,2024-04-07 19:26:00,95,130,92,97.6,14,96,2
SYN-V-000639,SYN-P-00285,SYN-E-000146,Synthetic Community Hospital West,Cardiology,2024-04-07 19:52:00,99,152,88,97.7,17,96,3
SYN-V-000640,SYN-P-00285,SYN-E-000146,Synthetic Community Hospital West,Cardiology,2024-04-08 04:11:00,95,140,82,98.5,13,99,8
SYN-V-000641,SYN-P-00285,SYN-E-000146,Synthetic Community Hospital West,Cardiology,2024-04-08 07:38:00,56,138,80,99.6,14,98,4
SYN-V-000642,SYN-P-00285,SYN-E-000146,Synthetic Community Hospital West,Cardiology,2024-04-08 12:48:00,100,102,76,99.7,15,92,7
SYN-V-000643,SYN-P-00285,SYN-E-000146,Synthetic Community Hospital West,Cardiology,2024-04-08 23:33:00,76,105,64,97.5,19,99,5
SYN-V-000644,SYN-P-00046,SYN-E-000147,Synthetic Regional Medical Center,Emergency,2024-04-05 02:21:00,107,153,89,99.6,15,95,7
SYN-V-000645,SYN-P-00046,SYN-E-000147,Synthetic Regional Medical Center,Emergency,2024-04-05 03:24:00,71,125,82,98.2,18,94,1
SYN-V-000646,SYN-P-00046,SYN-E-000147,Synthetic Regional Medical Center,Emergency,2024-04-05 03:27:00,80,149,91,98.0,15,99,8
SYN-V-000647,SYN-P-00046,SYN-E-000147,Synthetic Regional Medical Center,Emergency,2024-04-05 03:58:00,55,154,62,97.1,20,96,1
SYN-V-000648,SYN-P-00290,SYN-E-000148,Synthetic Regional Medical Center,Emergency,2024-04-05 11:02:00,83,141,70,98.9,17,96,1
SYN-V-000649,SYN-P-00290,SYN-E-000148,Synthetic Regional Medical Center,Emergency,2024-04-05 11:28:00,108,103,85,99.7,13,95,0
SYN-V-000650,SYN-P-00031,SYN-E-000149,Synthetic Regional Medical Center,Emergency,2024-04-05 11:45:00,71,103,94,97.2,20,99,
SYN-V-000651,SYN-P-00065,SYN-E-000150,Synthetic Regional Medical Center,Internal Medicine,2024-04-05 16:17:00,69,125,74,98.1,21,97,8
SYN-V-000652,SYN-P-00065,SYN-E-000150,Synthetic Regional Medical Center,Internal Medicine,2024-04-05 17:10:00,75,100,75,98.1,21,94,
SYN-V-000653,SYN-P-00065,SYN-E-000150,Synthetic Regional Medical Center,Internal Medicine,2024-04-05 21:31:00,72,118,75,97.4,20,94,3
SYN-V-000654,SYN-P-00065,SYN-E-000150,Synthetic Regional Medical Center,Internal Medicine,2024-04-05 23:21:00,89,103,79,97.4,15,98,2
SYN-V-000655,SYN-P-00065,SYN-E-000150,Synthetic Regional Medical Center,Internal Medicine,2024-04-06 03:06:00,91,115,81,97.7,22,93,4
SYN-V-000656,SYN-P-00065,SYN-E-000150,Synthetic Regional Medical Center,Internal Medicine,2024-04-06 04:54:00,103,135,82,99.6,12,100,8
SYN-V-000657,SYN-P-00065,SYN-E-000150,Synthetic Regional Medical Center,Internal Medicine,2024-04-06 05:43:00,62,114,93,97.3,15,98,5
SYN-V-000658,SYN-P-00065,SYN-E-000150,Synthetic Regional Medical Center,Internal Medicine,2024-04-06 06:01:00,98,123,67,97.2,19,93,2
SYN-V-000659,SYN-P-00065,SYN-E-000150,Synthetic Regional Medical Center,Internal Medicine,2024-04-06 09:53:00,65,113,65,97.5,18,98,3
SYN-V-000660,SYN-P-00038,SYN-E-000152,Synthetic Community Hospital East,Emergency,2024-04-07 22:46:00,98,160,95,99.2,16,92,5
SYN-V-000661,SYN-P-00038,SYN-E-000152,Synthetic Community Hospital East,Emergency,2024-04-07 23:21:00,108,105,76,97.6,17,95,6
SYN-V-000662,SYN-P-00259,SYN-E-000153,Synthetic Community Hospital West,Pulmonology,2024-04-09 23:34:00,101,146,80,97.5,18,96,2
SYN-V-000663,SYN-P-00259,SYN-E-000153,Synthetic Community Hospital West,Pulmonology,2024-04-10 00:00:00,73,121,90,97.3,18,99,2
SYN-V-000664,SYN-P-00259,SYN-E-000153,Synthetic Community Hospital West,Pulmonology,2024-04-11 00:21:00,88,104,69,98.8,16,95,1
SYN-V-000665,SYN-P-00259,SYN-E-000153,Synthetic Community Hospital West,Pulmonology,2024-04-11 08:42:00,81,101,71,98.1,17,98,2
SYN-V-000666,SYN-P-00259,SYN-E-000153,Synthetic Community Hospital West,Pulmonology,2024-04-11 10:12:00,87,110,80,98.7,22,94,0
SYN-V-000667,SYN-P-00259,SYN-E-000153,Synthetic Community Hospital West,Pulmonology,2024-04-11 13:17:00,79,103,85,98.7,18,97,8
SYN-V-000668,SYN-P-00259,SYN-E-000153,Synthetic Community Hospital West,Pulmonology,2024-04-12 02:35:00,84,102,60,97.2,12,96,8
SYN-V-000669,SYN-P-00259,SYN-E-000153,Synthetic Community Hospital West,Pulmonology,2024-04-12 16:03:00,77,158,83,99.4,17,93,2
SYN-V-000670,SYN-P-00259,SYN-E-000153,Synthetic Community Hospital West,Pulmonology,2024-04-14 06:18:00,98,121,95,97.6,22,96,0
SYN-V-000671,SYN-P-00259,SYN-E-000153,Synthetic Community Hospital West,Pulmonology,2024-04-14 18:10:00,56,150,65,97.9,14,94,6
SYN-V-000672,SYN-P-00259,SYN-E-000153,Synthetic Community Hospital West,Pulmonology,2024-04-14 20:47:00,110,101,61,99.2,18,99,5
SYN-V-000673,SYN-P-00259,SYN-E-000153,Synthetic Community Hospital West,Pulmonology,2024-04-15 10:46:00,78,100,93,99.2,15,94,2
SYN-V-000674,SYN-P-00259,SYN-E-000153,Synthetic Community Hospital West,Pulmonology,2024-04-15 12:54:00,77,148,85,98.1,19,96,0
SYN-V-000675,SYN-P-00259,SYN-E-000153,Synthetic Community Hospital West,Pulmonology,2024-04-16 07:37:00,63,152,82,98.9,20,96,1
SYN-V-000676,SYN-P-00138,SYN-E-000154,Synthetic Specialty Clinic,Primary Care,2024-04-09 18:40:00,61,137,67,98.4,19,98,8
SYN-V-000677,SYN-P-00138,SYN-E-000154,Synthetic Specialty Clinic,Primary Care,2024-04-09 21:25:00,84,138,90,97.4,13,93,3
SYN-V-000678,SYN-P-00053,SYN-E-000156,Synthetic Specialty Clinic,Pulmonology,2024-04-11 17:02:00,76,112,78,98.4,20,96,4
SYN-V-000679,SYN-P-00053,SYN-E-000156,Synthetic Specialty Clinic,Pulmonology,2024-04-11 17:43:00,82,141,67,97.9,18,92,3
SYN-V-000680,SYN-P-00223,SYN-E-000157,Synthetic Community Hospital West,Emergency,2024-04-12 01:12:00,107,136,80,99.5,14,92,4
SYN-V-000681,SYN-P-00223,SYN-E-000157,Synthetic Community Hospital West,Emergency,2024-04-12 02:30:00,104,105,80,98.9,18,97,8
SYN-V-000682,SYN-P-00223,SYN-E-000157,Synthetic Community Hospital West,Emergency,2024-04-12 03:07:00,85,155,72,97.6,13,92,6
SYN-V-000683,SYN-P-00223,SYN-E-000157,Synthetic Community Hospital West,Emergency,2024-04-12 03:35:00,77,126,93,99.6,20,98,0
SYN-V-000684,SYN-P-00196,SYN-E-000158,Synthetic Specialty Clinic,Orthopedics,2024-04-12 03:40:00,59,121,88,97.3,15,92,4
SYN-V-000685,SYN-P-00196,SYN-E-000158,Synthetic Specialty Clinic,Orthopedics,2024-04-12 05:37:00,57,114,82,97.1,19,93,2
SYN-V-000686,SYN-P-00196,SYN-E-000158,Synthetic Specialty Clinic,Orthopedics,2024-04-12 06:19:00,56,132,82,98.3,20,97,7
SYN-V-000687,SYN-P-00196,SYN-E-000158,Synthetic Specialty Clinic,Orthopedics,2024-04-12 06:40:00,94,125,90,97.9,20,93,3
SYN-V-000688,SYN-P-00174,SYN-E-000159,Synthetic Community Hospital East,Internal Medicine,2024-04-12 08:10:00,90,119,94,97.0,21,98,3
SYN-V-000689,SYN-P-00174,SYN-E-000159,Synthetic Community Hospital East,Internal Medicine,2024-04-12 08:22:00,60,154,80,98.3,13,98,
SYN-V-000690,SYN-P-00174,SYN-E-000159,Synthetic Community Hospital East,Internal Medicine,2024-04-12 09:15:00,78,137,93,98.4,21,94,5
SYN-V-000691,SYN-P-00174,SYN-E-000159,Synthetic Community Hospital East,Internal Medicine,2024-04-12 09:24:00,101,123,86,99.4,17,92,3
SYN-V-000692,SYN-P-00165,SYN-E-000160,Synthetic Specialty Clinic,Orthopedics,2024-04-12 15:35:00,91,112,91,99.2,12,97,1
SYN-V-000693,SYN-P-00165,SYN-E-000160,Synthetic Specialty Clinic,Orthopedics,2024-04-12 17:36:00,86,120,82,97.9,17,97,2
SYN-V-000694,SYN-P-00165,SYN-E-000160,Synthetic Specialty Clinic,Orthopedics,2024-04-12 19:10:00,109,128,83,97.8,22,92,2
SYN-V-000695,SYN-P-00068,SYN-E-000162,Synthetic Community Hospital West,Pulmonology,2024-04-13 16:40:00,99,120,63,98.7,19,92,6
SYN-V-000696,SYN-P-00264,SYN-E-000163,Synthetic Regional Medical Center,Cardiology,2024-04-14 14:30:00,107,155,70,98.2,14,97,
SYN-V-000697,SYN-P-00264,SYN-E-000163,Synthetic Regional Medical Center,Cardiology,2024-04-15 03:34:00,76,104,94,98.0,14,99,6
SYN-V-000698,SYN-P-00264,SYN-E-000163,Synthetic Regional Medical Center,Cardiology,2024-04-15 08:07:00,105,118,63,97.6,17,95,4
SYN-V-000699,SYN-P-00264,SYN-E-000163,Synthetic Regional Medical Center,Cardiology,2024-04-16 00:30:00,59,137,76,97.9,18,94,1
SYN-V-000700,SYN-P-00264,SYN-E-000163,Synthetic Regional Medical Center,Cardiology,2024-04-16 03:20:00,71,131,88,99.0,19,97,5
SYN-V-000701,SYN-P-00264,SYN-E-000163,Synthetic Regional Medical Center,Cardiology,2024-04-16 04:42:00,101,159,76,98.6,12,97,2
SYN-V-000702,SYN-P-00264,SYN-E-000163,Synthetic Regional Medical Center,Cardiology,2024-04-16 18:51:00,100,104,94,98.3,19,96,6
SYN-V-000703,SYN-P-00264,SYN-E-000163,Synthetic Regional Medical Center,Cardiology,2024-04-18 00:21:00,72,157,89,97.7,22,93,7
SYN-V-000704,SYN-P-00264,SYN-E-000163,Synthetic Regional Medical Center,Cardiology,2024-04-18 18:20:00,56,116,91,97.0,16,92,
SYN-V-000705,SYN-P-00264,SYN-E-000163,Synthetic Regional Medical Center,Cardiology,2024-04-18 22:15:00,60,131,72,99.7,21,99,2
SYN-V-000706,SYN-P-00264,SYN-E-000163,Synthetic Regional Medical Center,Cardiology,2024-04-19 01:24:00,106,151,91,99.6,12,92,1
SYN-V-000707,SYN-P-00264,SYN-E-000163,Synthetic Regional Medical Center,Cardiology,2024-04-21 04:38:00,55,115,74,99.5,19,98,
SYN-V-000708,SYN-P-00131,SYN-E-000166,Synthetic Community Hospital East,Pulmonology,2024-04-16 10:08:00,92,153,78,98.8,14,97,7
SYN-V-000709,SYN-P-00131,SYN-E-000166,Synthetic Community Hospital East,Pulmonology,2024-04-16 12:24:00,103,141,76,99.2,15,93,2
SYN-V-000710,SYN-P-00202,SYN-E-000167,Synthetic Outpatient Center,Cardiology,2024-04-16 14:35:00,78,118,95,98.2,22,98,
SYN-V-000711,SYN-P-00112,SYN-E-000169,Synthetic Community Hospital East,Neurology,2024-04-17 10:03:00,94,129,84,99.6,15,94,3
SYN-V-000712,SYN-P-00112,SYN-E-000169,Synthetic Community Hospital East,Neurology,2024-04-17 14:49:00,108,156,81,98.4,12,98,2
SYN-V-000713,SYN-P-00112,SYN-E-000169,Synthetic Community Hospital East,Neurology,2024-04-17 21:14:00,74,126,77,99.3,21,98,8
SYN-V-000714,SYN-P-00112,SYN-E-000169,Synthetic Community Hospital East,Neurology,2024-04-18 02:04:00,71,157,88,97.2,20,100,2
SYN-V-000715,SYN-P-00112,SYN-E-000169,Synthetic Community Hospital East,Neurology,2024-04-18 16:31:00,80,139,69,99.5,19,92,1
SYN-V-000716,SYN-P-00112,SYN-E-000169,Synthetic Community Hospital East,Neurology,2024-04-18 19:48:00,97,151,75,99.7,16,98,1
SYN-V-000717,SYN-P-00112,SYN-E-000169,Synthetic Community Hospital East,Neurology,2024-04-18 19:53:00,97,155,86,97.9,19,99,4
SYN-V-000718,SYN-P-00112,SYN-E-000169,Synthetic Community Hospital East,Neurology,2024-04-19 01:28:00,87,141,63,98.6,16,99,1
SYN-V-000719,SYN-P-00112,SYN-E-000169,Synthetic Community Hospital East,Neurology,2024-04-19 09:10:00,84,138,86,98.3,17,99,7
SYN-V-000720,SYN-P-00112,SYN-E-000169,Synthetic Community Hospital East,Neurology,2024-04-19 11:19:00,80,133,60,99.7,18,99,0
SYN-V-000721,SYN-P-00112,SYN-E-000169,Synthetic Community Hospital East,Neurology,2024-04-19 21:51:00,75,158,81,97.8,20,95,4
SYN-V-000722,SYN-P-00213,SYN-E-000170,Synthetic Regional Medical Center,Primary Care,2024-04-18 15:08:00,82,110,78,97.7,21,99,4
SYN-V-000723,SYN-P-00008,SYN-E-000171,Synthetic Community Hospital East,Emergency,2024-04-18 15:32:00,99,101,62,98.1,18,98,3
SYN-V-000724,SYN-P-00008,SYN-E-000171,Synthetic Community Hospital East,Emergency,2024-04-18 16:31:00,96,123,67,99.7,21,98,3
SYN-V-000725,SYN-P-00008,SYN-E-000171,Synthetic Community Hospital East,Emergency,2024-04-18 16:55:00,99,154,94,97.6,22,95,1
SYN-V-000726,SYN-P-00008,SYN-E-000171,Synthetic Community Hospital East,Emergency,2024-04-18 18:29:00,55,114,69,98.4,15,97,1
SYN-V-000727,SYN-P-00288,SYN-E-000173,Synthetic Community Hospital East,Emergency,2024-04-21 04:47:00,57,123,66,97.3,12,94,5
SYN-V-000728,SYN-P-00005,SYN-E-000174,Synthetic Outpatient Center,Cardiology,2024-04-21 12:25:00,108,116,81,98.1,16,93,0
SYN-V-000729,SYN-P-00006,SYN-E-000175,Synthetic Outpatient Center,Orthopedics,2024-04-22 08:06:00,97,102,69,97.4,21,93,6
SYN-V-000730,SYN-P-00059,SYN-E-000176,Synthetic Community Hospital West,Emergency,2024-04-22 13:15:00,70,135,72,99.5,17,92,2
SYN-V-000731,SYN-P-00059,SYN-E-000176,Synthetic Community Hospital West,Emergency,2024-04-22 13:27:00,61,154,76,97.1,16,94,0
SYN-V-000732,SYN-P-00059,SYN-E-000176,Synthetic Community Hospital West,Emergency,2024-04-22 14:36:00,71,124,89,97.4,13,93,3
SYN-V-000733,SYN-P-00059,SYN-E-000176,Synthetic Community Hospital West,Emergency,2024-04-22 15:25:00,99,147,78,98.7,14,92,5
SYN-V-000734,SYN-P-00074,SYN-E-000178,Synthetic Specialty Clinic,Primary Care,2024-04-24 00:46:00,93,119,64,98.1,20,94,1
SYN-V-000735,SYN-P-00108,SYN-E-000180,Synthetic Community Hospital East,Pulmonology,2024-04-24 22:14:00,66,139,73,99.1,18,92,5
SYN-V-000736,SYN-P-00111,SYN-E-000181,Synthetic Regional Medical Center,Internal Medicine,2024-04-25 12:18:00,106,135,80,99.4,17,96,6
SYN-V-000737,SYN-P-00111,SYN-E-000181,Synthetic Regional Medical Center,Internal Medicine,2024-04-25 19:06:00,106,125,75,99.4,22,92,0
SYN-V-000738,SYN-P-00111,SYN-E-000181,Synthetic Regional Medical Center,Internal Medicine,2024-04-25 19:13:00,79,121,70,97.4,19,100,7
SYN-V-000739,SYN-P-00111,SYN-E-000181,Synthetic Regional Medical Center,Internal Medicine,2024-04-26 02:36:00,58,119,94,99.2,14,96,3
SYN-V-000740,SYN-P-00111,SYN-E-000181,Synthetic Regional Medical Center,Internal Medicine,2024-04-26 10:00:00,76,159,79,98.7,14,94,3
SYN-V-000741,SYN-P-00111,SYN-E-000181,Synthetic Regional Medical Center,Internal Medicine,2024-04-26 16:30:00,100,105,85,97.7,22,95,2
SYN-V-000742,SYN-P-00111,SYN-E-000181,Synthetic Regional Medical Center,Internal Medicine,2024-04-27 09:31:00,96,147,78,97.6,12,95,7
SYN-V-000743,SYN-P-00111,SYN-E-000181,Synthetic Regional Medical Center,Internal Medicine,2024-04-27 17:26:00,77,133,88,98.7,22,92,8
SYN-V-000744,SYN-P-00111,SYN-E-000181,Synthetic Regional Medical Center,Internal Medicine,2024-04-28 04:19:00,96,102,74,98.1,19,92,4
SYN-V-000745,SYN-P-00111,SYN-E-000181,Synthetic Regional Medical Center,Internal Medicine,2024-04-29 01:15:00,87,150,94,98.1,16,93,1
SYN-V-000746,SYN-P-00111,SYN-E-000181,Synthetic Regional Medical Center,Internal Medicine,2024-04-29 10:54:00,59,110,71,97.1,14,100,5
SYN-V-000747,SYN-P-00111,SYN-E-000181,Synthetic Regional Medical Center,Internal Medicine,2024-04-29 14:52:00,86,120,79,97.2,15,93,3
SYN-V-000748,SYN-P-00111,SYN-E-000181,Synthetic Regional Medical Center,Internal Medicine,2024-04-30 01:51:00,66,134,95,99.4,18,100,3
SYN-V-000749,SYN-P-00111,SYN-E-000181,Synthetic Regional Medical Center,Internal Medicine,2024-04-30 04:07:00,84,114,75,97.0,14,97,5
SYN-V-000750,SYN-P-00276,SYN-E-000182,Synthetic Community Hospital West,Neurology,2024-04-25 06:31:00,96,115,82,99.6,12,93,5
SYN-V-000751,SYN-P-00276,SYN-E-000182,Synthetic Community Hospital West,Neurology,2024-04-25 10:07:00,75,146,73,98.7,21,99,1
SYN-V-000752,SYN-P-00276,SYN-E-000182,Synthetic Community Hospital West,Neurology,2024-04-26 00:14:00,81,146,77,97.9,18,95,5
SYN-V-000753,SYN-P-00276,SYN-E-000182,Synthetic Community Hospital West,Neurology,2024-04-26 03:25:00,62,144,77,97.7,19,94,3
SYN-V-000754,SYN-P-00276,SYN-E-000182,Synthetic Community Hospital West,Neurology,2024-04-26 04:43:00,89,145,76,98.4,21,100,3
SYN-V-000755,SYN-P-00276,SYN-E-000182,Synthetic Community Hospital West,Neurology,2024-04-26 10:38:00,67,150,86,97.2,12,96,4
SYN-V-000756,SYN-P-00276,SYN-E-000182,Synthetic Community Hospital West,Neurology,2024-04-26 20:25:00,82,147,71,98.7,14,95,4
SYN-V-000757,SYN-P-00276,SYN-E-000182,Synthetic Community Hospital West,Neurology,2024-04-27 14:54:00,89,116,81,97.9,13,97,2
SYN-V-000758,SYN-P-00276,SYN-E-000182,Synthetic Community Hospital West,Neurology,2024-04-27 18:47:00,59,107,86,99.2,21,93,4
SYN-V-000759,SYN-P-00276,SYN-E-000182,Synthetic Community Hospital West,Neurology,2024-04-27 20:59:00,81,130,95,99.2,18,94,2
SYN-V-000760,SYN-P-00276,SYN-E-000182,Synthetic Community Hospital West,Neurology,2024-04-29 01:12:00,80,150,76,98.3,20,98,2
SYN-V-000761,SYN-P-00276,SYN-E-000182,Synthetic Community Hospital West,Neurology,2024-04-29 07:40:00,75,107,67,97.1,18,97,6
SYN-V-000762,SYN-P-00276,SYN-E-000182,Synthetic Community Hospital West,Neurology,2024-04-29 08:41:00,98,159,94,97.9,19,93,1
SYN-V-000763,SYN-P-00276,SYN-E-000182,Synthetic Community Hospital West,Neurology,2024-04-29 15:21:00,62,126,80,98.7,14,98,7
SYN-V-000764,SYN-P-00276,SYN-E-000182,Synthetic Community Hospital West,Neurology,2024-04-29 20:36:00,81,159,91,97.0,16,97,8
SYN-V-000765,SYN-P-00276,SYN-E-000182,Synthetic Community Hospital West,Neurology,2024-04-30 05:10:00,89,131,86,98.5,21,93,8
SYN-V-000766,SYN-P-00276,SYN-E-000182,Synthetic Community Hospital West,Neurology,2024-04-30 08:46:00,67,124,86,99.3,21,95,1
SYN-V-000767,SYN-P-00153,SYN-E-000183,Synthetic Outpatient Center,Orthopedics,2024-04-25 23:58:00,100,143,91,99.2,18,97,7
SYN-V-000768,SYN-P-00153,SYN-E-000183,Synthetic Outpatient Center,Orthopedics,2024-04-26 00:06:00,57,117,77,98.4,12,92,6
SYN-V-000769,SYN-P-00215,SYN-E-000184,Synthetic Outpatient Center,Primary Care,2024-04-26 04:43:00,59,109,78,97.7,19,96,8
SYN-V-000770,SYN-P-00189,SYN-E-000187,Synthetic Outpatient Center,Primary Care,2024-04-28 00:36:00,89,153,93,99.1,17,94,6
SYN-V-000771,SYN-P-00189,SYN-E-000187,Synthetic Outpatient Center,Primary Care,2024-04-28 01:37:00,56,144,79,99.8,12,99,6
SYN-V-000772,SYN-P-00089,SYN-E-000188,Synthetic Specialty Clinic,Endocrinology,2024-04-28 10:49:00,106,123,75,97.9,19,95,5
SYN-V-000773,SYN-P-00089,SYN-E-000188,Synthetic Specialty Clinic,Endocrinology,2024-04-28 11:49:00,110,121,63,97.8,12,93,2
SYN-V-000774,SYN-P-00278,SYN-E-000189,Synthetic Community Hospital East,Nephrology,2024-04-29 15:24:00,72,102,90,97.9,20,100,3
SYN-V-000775,SYN-P-00278,SYN-E-000189,Synthetic Community Hospital East,Nephrology,2024-04-29 17:10:00,81,150,62,98.5,16,97,5
SYN-V-000776,SYN-P-00278,SYN-E-000189,Synthetic Community Hospital East,Nephrology,2024-04-29 22:06:00,90,121,73,99.7,20,99,7
SYN-V-000777,SYN-P-00278,SYN-E-000189,Synthetic Community Hospital East,Nephrology,2024-04-30 01:02:00,55,151,62,98.4,15,96,0
SYN-V-000778,SYN-P-00278,SYN-E-000189,Synthetic Community Hospital East,Nephrology,2024-04-30 04:19:00,91,158,91,97.7,13,99,8
SYN-V-000779,SYN-P-00278,SYN-E-000189,Synthetic Community Hospital East,Nephrology,2024-04-30 14:37:00,68,137,87,99.5,19,93,1
SYN-V-000780,SYN-P-00278,SYN-E-000189,Synthetic Community Hospital East,Nephrology,2024-04-30 14:56:00,103,128,83,97.8,15,99,0
SYN-V-000781,SYN-P-00278,SYN-E-000189,Synthetic Community Hospital East,Nephrology,2024-04-30 19:44:00,63,123,68,98.1,22,96,5
SYN-V-000782,SYN-P-00278,SYN-E-000189,Synthetic Community Hospital East,Nephrology,2024-04-30 21:18:00,66,111,66,97.9,19,93,1
SYN-V-000783,SYN-P-00278,SYN-E-000189,Synthetic Community Hospital East,Nephrology,2024-04-30 23:11:00,68,151,62,97.3,17,95,5
SYN-V-000784,SYN-P-00278,SYN-E-000189,Synthetic Community Hospital East,Nephrology,2024-05-01 03:51:00,81,150,61,99.3,21,100,4
SYN-V-000785,SYN-P-00278,SYN-E-000189,Synthetic Community Hospital East,Nephrology,2024-05-01 13:50:00,56,127,61,99.1,13,98,2
SYN-V-000786,SYN-P-00206,SYN-E-000190,Synthetic Community Hospital East,Emergency,2024-04-29 19:29:00,68,142,90,98.9,14,97,0
SYN-V-000787,SYN-P-00206,SYN-E-000190,Synthetic Community Hospital East,Emergency,2024-04-29 19:40:00,57,120,89,98.4,22,100,6
SYN-V-000788,SYN-P-00206,SYN-E-000190,Synthetic Community Hospital East,Emergency,2024-04-29 22:08:00,72,106,62,98.0,12,98,7
SYN-V-000789,SYN-P-00192,SYN-E-000191,Synthetic Specialty Clinic,Pulmonology,2024-04-29 19:53:00,105,160,79,99.6,14,100,1
SYN-V-000790,SYN-P-00192,SYN-E-000191,Synthetic Specialty Clinic,Pulmonology,2024-04-29 21:07:00,90,160,78,99.3,17,92,3
SYN-V-000791,SYN-P-00225,SYN-E-000192,Synthetic Regional Medical Center,Pulmonology,2024-04-29 22:47:00,93,151,73,98.6,20,98,3
SYN-V-000792,SYN-P-00225,SYN-E-000192,Synthetic Regional Medical Center,Pulmonology,2024-04-29 23:48:00,94,136,83,98.8,21,92,8
SYN-V-000793,SYN-P-00100,SYN-E-000193,Synthetic Community Hospital West,Orthopedics,2024-05-01 02:05:00,78,110,73,97.6,17,97,2
SYN-V-000794,SYN-P-00100,SYN-E-000193,Synthetic Community Hospital West,Orthopedics,2024-05-01 16:19:00,85,104,60,98.9,14,96,7
SYN-V-000795,SYN-P-00100,SYN-E-000193,Synthetic Community Hospital West,Orthopedics,2024-05-01 19:05:00,105,139,89,98.5,12,94,2
SYN-V-000796,SYN-P-00100,SYN-E-000193,Synthetic Community Hospital West,Orthopedics,2024-05-02 05:51:00,58,145,60,99.1,20,99,3
SYN-V-000797,SYN-P-00100,SYN-E-000193,Synthetic Community Hospital West,Orthopedics,2024-05-02 06:40:00,84,128,62,97.2,12,96,7
SYN-V-000798,SYN-P-00100,SYN-E-000193,Synthetic Community Hospital West,Orthopedics,2024-05-03 07:56:00,70,149,70,97.7,21,95,
SYN-V-000799,SYN-P-00100,SYN-E-000193,Synthetic Community Hospital West,Orthopedics,2024-05-03 13:31:00,86,160,61,97.5,18,95,5
SYN-V-000800,SYN-P-00100,SYN-E-000193,Synthetic Community Hospital West,Orthopedics,2024-05-03 18:15:00,95,115,76,99.2,19,93,8
SYN-V-000801,SYN-P-00100,SYN-E-000193,Synthetic Community Hospital West,Orthopedics,2024-05-03 18:17:00,67,130,83,97.5,19,94,4
SYN-V-000802,SYN-P-00100,SYN-E-000193,Synthetic Community Hospital West,Orthopedics,2024-05-04 20:23:00,70,118,90,98.2,22,100,3
SYN-V-000803,SYN-P-00100,SYN-E-000193,Synthetic Community Hospital West,Orthopedics,2024-05-05 00:35:00,96,157,78,98.6,22,99,4
SYN-V-000804,SYN-P-00100,SYN-E-000193,Synthetic Community Hospital West,Orthopedics,2024-05-05 03:53:00,74,151,64,97.7,20,95,5
SYN-V-000805,SYN-P-00100,SYN-E-000193,Synthetic Community Hospital West,Orthopedics,2024-05-05 09:06:00,98,131,75,99.5,17,98,0
SYN-V-000806,SYN-P-00100,SYN-E-000193,Synthetic Community Hospital West,Orthopedics,2024-05-05 20:19:00,95,120,66,97.5,22,94,3
SYN-V-000807,SYN-P-00100,SYN-E-000193,Synthetic Community Hospital West,Orthopedics,2024-05-05 21:54:00,74,143,80,97.3,21,95,0
SYN-V-000808,SYN-P-00042,SYN-E-000195,Synthetic Community Hospital West,Pulmonology,2024-05-01 19:14:00,60,156,76,97.3,22,99,0
SYN-V-000809,SYN-P-00042,SYN-E-000195,Synthetic Community Hospital West,Pulmonology,2024-05-02 13:43:00,67,103,69,99.0,22,92,2
SYN-V-000810,SYN-P-00042,SYN-E-000195,Synthetic Community Hospital West,Pulmonology,2024-05-02 19:29:00,93,104,63,99.7,17,98,3
SYN-V-000811,SYN-P-00042,SYN-E-000195,Synthetic Community Hospital West,Pulmonology,2024-05-02 22:57:00,55,160,80,97.8,14,98,7
SYN-V-000812,SYN-P-00042,SYN-E-000195,Synthetic Community Hospital West,Pulmonology,2024-05-03 02:59:00,67,150,63,97.4,22,97,4
SYN-V-000813,SYN-P-00042,SYN-E-000195,Synthetic Community Hospital West,Pulmonology,2024-05-04 08:49:00,81,113,79,99.7,15,99,6
SYN-V-000814,SYN-P-00042,SYN-E-000195,Synthetic Community Hospital West,Pulmonology,2024-05-04 14:00:00,101,149,84,97.4,20,96,3
SYN-V-000815,SYN-P-00290,SYN-E-000196,Synthetic Community Hospital West,Cardiology,2024-05-01 22:06:00,97,124,64,98.5,20,94,8
SYN-V-000816,SYN-P-00290,SYN-E-000196,Synthetic Community Hospital West,Cardiology,2024-05-01 22:09:00,106,124,74,97.1,13,93,1
SYN-V-000817,SYN-P-00290,SYN-E-000196,Synthetic Community Hospital West,Cardiology,2024-05-02 02:25:00,62,132,68,99.4,21,96,5
SYN-V-000818,SYN-P-00290,SYN-E-000196,Synthetic Community Hospital West,Cardiology,2024-05-02 14:02:00,106,141,80,99.5,16,100,0
SYN-V-000819,SYN-P-00290,SYN-E-000196,Synthetic Community Hospital West,Cardiology,2024-05-02 22:35:00,72,107,90,97.2,22,98,
SYN-V-000820,SYN-P-00290,SYN-E-000196,Synthetic Community Hospital West,Cardiology,2024-05-02 23:43:00,55,125,80,97.0,15,92,7
SYN-V-000821,SYN-P-00290,SYN-E-000196,Synthetic Community Hospital West,Cardiology,2024-05-03 01:41:00,64,112,71,99.1,21,95,3
SYN-V-000822,SYN-P-00290,SYN-E-000196,Synthetic Community Hospital West,Cardiology,2024-05-03 11:25:00,55,142,60,98.3,17,95,3
SYN-V-000823,SYN-P-00290,SYN-E-000196,Synthetic Community Hospital West,Cardiology,2024-05-03 18:01:00,105,116,83,99.2,12,98,4
SYN-V-000824,SYN-P-00152,SYN-E-000197,Synthetic Community Hospital East,Emergency,2024-05-03 11:06:00,97,120,62,97.3,12,95,4
SYN-V-000825,SYN-P-00152,SYN-E-000197,Synthetic Community Hospital East,Emergency,2024-05-03 12:20:00,102,146,60,97.9,13,93,3
SYN-V-000826,SYN-P-00137,SYN-E-000198,Synthetic Community Hospital East,Endocrinology,2024-05-03 16:45:00,76,110,79,97.3,22,96,3
SYN-V-000827,SYN-P-00158,SYN-E-000199,Synthetic Regional Medical Center,Internal Medicine,2024-05-04 20:50:00,60,151,67,98.7,16,92,4
SYN-V-000828,SYN-P-00158,SYN-E-000199,Synthetic Regional Medical Center,Internal Medicine,2024-05-05 04:32:00,81,128,72,99.4,21,96,5
SYN-V-000829,SYN-P-00158,SYN-E-000199,Synthetic Regional Medical Center,Internal Medicine,2024-05-05 14:23:00,98,106,64,98.8,15,97,4
SYN-V-000830,SYN-P-00158,SYN-E-000199,Synthetic Regional Medical Center,Internal Medicine,2024-05-06 06:50:00,102,152,80,97.3,15,95,3
SYN-V-000831,SYN-P-00158,SYN-E-000199,Synthetic Regional Medical Center,Internal Medicine,2024-05-06 15:22:00,81,141,60,98.0,15,99,5
SYN-V-000832,SYN-P-00158,SYN-E-000199,Synthetic Regional Medical Center,Internal Medicine,2024-05-06 18:10:00,68,119,65,99.5,22,98,0
SYN-V-000833,SYN-P-00158,SYN-E-000199,Synthetic Regional Medical Center,Internal Medicine,2024-05-08 07:03:00,95,158,84,99.5,16,98,8
SYN-V-000834,SYN-P-00158,SYN-E-000199,Synthetic Regional Medical Center,Internal Medicine,2024-05-08 21:23:00,98,154,73,97.6,15,94,6
SYN-V-000835,SYN-P-00158,SYN-E-000199,Synthetic Regional Medical Center,Internal Medicine,2024-05-09 00:04:00,102,114,84,98.1,18,93,8
SYN-V-000836,SYN-P-00158,SYN-E-000199,Synthetic Regional Medical Center,Internal Medicine,2024-05-09 03:56:00,81,112,60,99.1,20,99,5
SYN-V-000837,SYN-P-00158,SYN-E-000199,Synthetic Regional Medical Center,Internal Medicine,2024-05-09 12:46:00,86,116,80,99.3,16,94,0
SYN-V-000838,SYN-P-00158,SYN-E-000199,Synthetic Regional Medical Center,Internal Medicine,2024-05-09 14:54:00,89,105,72,97.4,18,92,2
SYN-V-000839,SYN-P-00158,SYN-E-000199,Synthetic Regional Medical Center,Internal Medicine,2024-05-12 00:56:00,83,116,67,97.1,15,92,6
SYN-V-000840,SYN-P-00158,SYN-E-000199,Synthetic Regional Medical Center,Internal Medicine,2024-05-12 13:00:00,76,123,95,97.3,21,94,3
SYN-V-000841,SYN-P-00158,SYN-E-000199,Synthetic Regional Medical Center,Internal Medicine,2024-05-13 05:15:00,110,108,62,97.0,15,97,2
SYN-V-000842,SYN-P-00158,SYN-E-000199,Synthetic Regional Medical Center,Internal Medicine,2024-05-13 07:42:00,101,142,77,98.5,15,95,5
SYN-V-000843,SYN-P-00158,SYN-E-000199,Synthetic Regional Medical Center,Internal Medicine,2024-05-13 07:42:00,63,119,69,97.5,14,95,3
SYN-V-000844,SYN-P-00158,SYN-E-000199,Synthetic Regional Medical Center,Internal Medicine,2024-05-13 08:09:00,96,111,82,98.0,13,97,8
SYN-V-000845,SYN-P-00158,SYN-E-000199,Synthetic Regional Medical Center,Internal Medicine,2024-05-13 12:56:00,61,111,84,97.2,19,98,7
SYN-V-000846,SYN-P-00158,SYN-E-000199,Synthetic Regional Medical Center,Internal Medicine,2024-05-15 11:25:00,104,124,65,97.7,22,93,1
SYN-V-000847,SYN-P-00158,SYN-E-000199,Synthetic Regional Medical Center,Internal Medicine,2024-05-15 13:05:00,89,120,83,98.0,15,99,4
SYN-V-000848,SYN-P-00158,SYN-E-000199,Synthetic Regional Medical Center,Internal Medicine,2024-05-15 16:18:00,95,104,89,98.9,12,100,1
SYN-V-000849,SYN-P-00174,SYN-E-000200,Synthetic Community Hospital East,Orthopedics,2024-05-04 00:43:00,106,106,79,98.5,17,95,3
SYN-V-000850,SYN-P-00202,SYN-E-000201,Synthetic Community Hospital West,Internal Medicine,2024-05-04 04:07:00,84,143,78,98.3,20,93,1
SYN-V-000851,SYN-P-00202,SYN-E-000201,Synthetic Community Hospital West,Internal Medicine,2024-05-04 11:03:00,87,116,81,98.6,19,93,0
SYN-V-000852,SYN-P-00202,SYN-E-000201,Synthetic Community Hospital West,Internal Medicine,2024-05-04 23:38:00,66,116,93,98.2,17,100,7
SYN-V-000853,SYN-P-00202,SYN-E-000201,Synthetic Community Hospital West,Internal Medicine,2024-05-05 02:28:00,92,129,62,97.0,13,99,0
SYN-V-000854,SYN-P-00202,SYN-E-000201,Synthetic Community Hospital West,Internal Medicine,2024-05-05 02:51:00,102,112,76,99.6,12,96,5
SYN-V-000855,SYN-P-00202,SYN-E-000201,Synthetic Community Hospital West,Internal Medicine,2024-05-05 13:20:00,69,130,80,98.8,20,92,6
SYN-V-000856,SYN-P-00202,SYN-E-000201,Synthetic Community Hospital West,Internal Medicine,2024-05-05 21:42:00,70,130,91,99.1,13,100,6
SYN-V-000857,SYN-P-00202,SYN-E-000201,Synthetic Community Hospital West,Internal Medicine,2024-05-06 00:33:00,57,109,62,97.7,17,97,8
SYN-V-000858,SYN-P-00124,SYN-E-000202,Synthetic Outpatient Center,Orthopedics,2024-05-04 16:38:00,105,121,69,97.4,15,99,6
SYN-V-000859,SYN-P-00076,SYN-E-000204,Synthetic Outpatient Center,Primary Care,2024-05-05 01:17:00,110,120,88,99.6,22,97,0
SYN-V-000860,SYN-P-00076,SYN-E-000204,Synthetic Outpatient Center,Primary Care,2024-05-05 01:57:00,55,160,77,98.9,15,96,6
SYN-V-000861,SYN-P-00286,SYN-E-000205,Synthetic Community Hospital East,Cardiology,2024-05-05 12:22:00,80,114,82,98.9,18,100,8
SYN-V-000862,SYN-P-00286,SYN-E-000205,Synthetic Community Hospital East,Cardiology,2024-05-05 17:44:00,61,159,92,99.7,13,99,0
SYN-V-000863,SYN-P-00242,SYN-E-000206,Synthetic Outpatient Center,Endocrinology,2024-05-05 19:00:00,86,102,67,97.6,19,96,5
SYN-V-000864,SYN-P-00242,SYN-E-000206,Synthetic Outpatient Center,Endocrinology,2024-05-05 20:33:00,109,116,78,98.1,15,100,7
SYN-V-000865,SYN-P-00042,SYN-E-000207,Synthetic Community Hospital West,Cardiology,2024-05-06 22:46:00,108,150,94,98.9,17,95,6
SYN-V-000866,SYN-P-00042,SYN-E-000207,Synthetic Community Hospital West,Cardiology,2024-05-06 23:21:00,104,101,60,98.6,12,94,3
SYN-V-000867,SYN-P-00042,SYN-E-000207,Synthetic Community Hospital West,Cardiology,2024-05-07 05:15:00,107,126,60,98.9,14,92,1
SYN-V-000868,SYN-P-00042,SYN-E-000207,Synthetic Community Hospital West,Cardiology,2024-05-07 07:16:00,97,156,85,99.5,15,95,2
SYN-V-000869,SYN-P-00042,SYN-E-000207,Synthetic Community Hospital West,Cardiology,2024-05-07 21:48:00,78,130,79,99.8,19,97,8
SYN-V-000870,SYN-P-00042,SYN-E-000207,Synthetic Community Hospital West,Cardiology,2024-05-08 02:41:00,56,150,86,99.4,22,94,7
SYN-V-000871,SYN-P-00042,SYN-E-000207,Synthetic Community Hospital West,Cardiology,2024-05-08 02:58:00,58,150,64,98.4,22,95,1
SYN-V-000872,SYN-P-00042,SYN-E-000207,Synthetic Community Hospital West,Cardiology,2024-05-08 07:15:00,82,155,86,98.9,17,98,0
SYN-V-000873,SYN-P-00042,SYN-E-000207,Synthetic Community Hospital West,Cardiology,2024-05-08 07:26:00,69,143,71,98.5,15,95,5
SYN-V-000874,SYN-P-00042,SYN-E-000207,Synthetic Community Hospital West,Cardiology,2024-05-09 03:43:00,97,150,79,97.6,15,93,2
SYN-V-000875,SYN-P-00042,SYN-E-000207,Synthetic Community Hospital West,Cardiology,2024-05-09 04:58:00,59,110,76,97.5,13,100,2
SYN-V-000876,SYN-P-00042,SYN-E-000207,Synthetic Community Hospital West,Cardiology,2024-05-10 06:18:00,86,158,78,97.4,20,93,1
SYN-V-000877,SYN-P-00042,SYN-E-000207,Synthetic Community Hospital West,Cardiology,2024-05-10 07:09:00,76,152,64,98.9,13,99,3
SYN-V-000878,SYN-P-00042,SYN-E-000207,Synthetic Community Hospital West,Cardiology,2024-05-10 12:00:00,102,113,83,98.8,12,100,5
SYN-V-000879,SYN-P-00042,SYN-E-000207,Synthetic Community Hospital West,Cardiology,2024-05-10 12:58:00,85,101,70,97.1,21,96,1
SYN-V-000880,SYN-P-00042,SYN-E-000207,Synthetic Community Hospital West,Cardiology,2024-05-10 21:24:00,58,112,87,99.2,22,97,4
SYN-V-000881,SYN-P-00069,SYN-E-000208,Synthetic Regional Medical Center,Emergency,2024-05-06 18:55:00,106,122,91,98.7,14,96,6
SYN-V-000882,SYN-P-00069,SYN-E-000208,Synthetic Regional Medical Center,Emergency,2024-05-06 19:22:00,81,154,68,98.5,17,95,4
SYN-V-000883,SYN-P-00069,SYN-E-000208,Synthetic Regional Medical Center,Emergency,2024-05-06 19:51:00,99,117,88,98.0,15,100,6
SYN-V-000884,SYN-P-00069,SYN-E-000208,Synthetic Regional Medical Center,Emergency,2024-05-06 20:02:00,75,112,83,99.2,12,98,7
SYN-V-000885,SYN-P-00069,SYN-E-000208,Synthetic Regional Medical Center,Emergency,2024-05-06 21:04:00,82,144,92,97.4,21,94,2
SYN-V-000886,SYN-P-00195,SYN-E-000212,Synthetic Specialty Clinic,Primary Care,2024-05-07 16:08:00,108,116,82,99.0,22,94,6
SYN-V-000887,SYN-P-00085,SYN-E-000214,Synthetic Outpatient Center,Primary Care,2024-05-09 10:32:00,99,142,72,99.4,19,95,5
SYN-V-000888,SYN-P-00146,SYN-E-000216,Synthetic Community Hospital East,Emergency,2024-05-10 23:55:00,72,151,95,98.7,20,92,
SYN-V-000889,SYN-P-00146,SYN-E-000216,Synthetic Community Hospital East,Emergency,2024-05-11 00:20:00,66,114,68,98.2,17,98,8
SYN-V-000890,SYN-P-00146,SYN-E-000216,Synthetic Community Hospital East,Emergency,2024-05-11 00:35:00,57,140,62,97.4,17,96,
SYN-V-000891,SYN-P-00146,SYN-E-000216,Synthetic Community Hospital East,Emergency,2024-05-11 02:15:00,81,155,89,99.0,21,96,2
SYN-V-000892,SYN-P-00146,SYN-E-000216,Synthetic Community Hospital East,Emergency,2024-05-11 02:52:00,107,115,88,98.5,21,99,7
SYN-V-000893,SYN-P-00027,SYN-E-000217,Synthetic Outpatient Center,Primary Care,2024-05-12 08:39:00,104,119,91,99.7,21,100,1
SYN-V-000894,SYN-P-00183,SYN-E-000219,Synthetic Specialty Clinic,Orthopedics,2024-05-12 21:39:00,89,125,79,99.5,13,100,5
SYN-V-000895,SYN-P-00183,SYN-E-000219,Synthetic Specialty Clinic,Orthopedics,2024-05-12 23:42:00,82,145,92,97.4,16,94,6
SYN-V-000896,SYN-P-00183,SYN-E-000219,Synthetic Specialty Clinic,Orthopedics,2024-05-13 00:51:00,57,153,77,99.4,21,92,
SYN-V-000897,SYN-P-00084,SYN-E-000220,Synthetic Community Hospital West,Emergency,2024-05-13 16:40:00,78,127,94,99.7,13,98,1
SYN-V-000898,SYN-P-00084,SYN-E-000220,Synthetic Community Hospital West,Emergency,2024-05-13 17:05:00,83,152,67,98.3,13,92,3
SYN-V-000899,SYN-P-00084,SYN-E-000220,Synthetic Community Hospital West,Emergency,2024-05-13 17:27:00,81,112,88,98.1,19,95,7
SYN-V-000900,SYN-P-00084,SYN-E-000220,Synthetic Community Hospital West,Emergency,2024-05-13 19:56:00,84,122,66,99.4,22,99,8
SYN-V-000901,SYN-P-00084,SYN-E-000220,Synthetic Community Hospital West,Emergency,2024-05-13 20:29:00,100,105,93,97.5,17,98,0
SYN-V-000902,SYN-P-00184,SYN-E-000221,Synthetic Outpatient Center,Orthopedics,2024-05-14 07:51:00,71,130,83,98.2,18,97,3
SYN-V-000903,SYN-P-00229,SYN-E-000223,Synthetic Outpatient Center,Pulmonology,2024-05-15 14:25:00,96,112,69,98.5,15,94,4
SYN-V-000904,SYN-P-00164,SYN-E-000224,Synthetic Specialty Clinic,Primary Care,2024-05-15 21:02:00,85,111,75,97.2,19,95,5
SYN-V-000905,SYN-P-00164,SYN-E-000224,Synthetic Specialty Clinic,Primary Care,2024-05-15 22:22:00,81,128,82,99.5,20,93,0
SYN-V-000906,SYN-P-00031,SYN-E-000225,Synthetic Specialty Clinic,Pulmonology,2024-05-16 01:07:00,77,101,90,99.3,22,97,5
SYN-V-000907,SYN-P-00031,SYN-E-000225,Synthetic Specialty Clinic,Pulmonology,2024-05-16 01:16:00,60,131,87,97.8,15,100,6
SYN-V-000908,SYN-P-00106,SYN-E-000226,Synthetic Specialty Clinic,Cardiology,2024-05-16 13:32:00,109,102,88,98.3,22,99,1
SYN-V-000909,SYN-P-00106,SYN-E-000226,Synthetic Specialty Clinic,Cardiology,2024-05-16 16:20:00,80,131,95,97.9,21,99,6
SYN-V-000910,SYN-P-00239,SYN-E-000227,Synthetic Community Hospital West,Emergency,2024-05-17 10:05:00,55,119,81,98.1,22,93,3
SYN-V-000911,SYN-P-00239,SYN-E-000227,Synthetic Community Hospital West,Emergency,2024-05-17 11:42:00,99,157,89,99.6,12,100,0
SYN-V-000912,SYN-P-00239,SYN-E-000227,Synthetic Community Hospital West,Emergency,2024-05-17 12:28:00,110,129,71,98.6,15,99,1
SYN-V-000913,SYN-P-00239,SYN-E-000227,Synthetic Community Hospital West,Emergency,2024-05-17 12:47:00,81,110,69,98.8,17,94,3
SYN-V-000914,SYN-P-00239,SYN-E-000227,Synthetic Community Hospital West,Emergency,2024-05-17 12:54:00,107,136,79,97.0,17,96,5
SYN-V-000915,SYN-P-00121,SYN-E-000228,Synthetic Community Hospital East,Orthopedics,2024-05-17 13:38:00,70,152,77,98.7,13,99,0
SYN-V-000916,SYN-P-00258,SYN-E-000229,Synthetic Community Hospital West,Cardiology,2024-05-18 07:28:00,73,102,88,97.5,15,94,3
SYN-V-000917,SYN-P-00258,SYN-E-000229,Synthetic Community Hospital West,Cardiology,2024-05-18 18:30:00,82,134,67,99.5,18,92,3
SYN-V-000918,SYN-P-00258,SYN-E-000229,Synthetic Community Hospital West,Cardiology,2024-05-19 03:44:00,65,103,93,97.9,12,98,4
SYN-V-000919,SYN-P-00258,SYN-E-000229,Synthetic Community Hospital West,Cardiology,2024-05-19 05:12:00,72,124,81,99.7,17,97,0
SYN-V-000920,SYN-P-00258,SYN-E-000229,Synthetic Community Hospital West,Cardiology,2024-05-19 07:50:00,85,160,63,98.1,21,92,3
SYN-V-000921,SYN-P-00258,SYN-E-000229,Synthetic Community Hospital West,Cardiology,2024-05-19 08:07:00,72,120,85,99.3,12,95,5
SYN-V-000922,SYN-P-00258,SYN-E-000229,Synthetic Community Hospital West,Cardiology,2024-05-19 12:32:00,110,117,87,98.5,18,97,5
SYN-V-000923,SYN-P-00258,SYN-E-000229,Synthetic Community Hospital West,Cardiology,2024-05-19 21:03:00,87,129,60,97.9,12,99,7
SYN-V-000924,SYN-P-00258,SYN-E-000229,Synthetic Community Hospital West,Cardiology,2024-05-20 14:36:00,91,143,68,97.6,12,98,5
SYN-V-000925,SYN-P-00258,SYN-E-000229,Synthetic Community Hospital West,Cardiology,2024-05-20 23:18:00,89,120,80,97.9,12,96,0
SYN-V-000926,SYN-P-00258,SYN-E-000229,Synthetic Community Hospital West,Cardiology,2024-05-21 00:14:00,83,104,83,98.4,21,92,5
SYN-V-000927,SYN-P-00046,SYN-E-000230,Synthetic Regional Medical Center,Emergency,2024-05-17 22:47:00,69,128,71,98.6,18,93,1
SYN-V-000928,SYN-P-00261,SYN-E-000231,Synthetic Community Hospital East,Cardiology,2024-05-18 13:37:00,60,117,82,97.3,12,99,7
SYN-V-000929,SYN-P-00261,SYN-E-000231,Synthetic Community Hospital East,Cardiology,2024-05-18 14:26:00,73,141,77,99.1,22,95,8
SYN-V-000930,SYN-P-00261,SYN-E-000231,Synthetic Community Hospital East,Cardiology,2024-05-18 15:01:00,98,151,64,97.7,14,99,2
SYN-V-000931,SYN-P-00261,SYN-E-000231,Synthetic Community Hospital East,Cardiology,2024-05-18 15:36:00,105,110,65,99.1,17,100,6
SYN-V-000932,SYN-P-00056,SYN-E-000232,Synthetic Community Hospital West,Emergency,2024-05-18 22:53:00,72,135,78,99.5,20,97,1
SYN-V-000933,SYN-P-00056,SYN-E-000232,Synthetic Community Hospital West,Emergency,2024-05-19 01:35:00,105,107,66,98.8,13,97,3
SYN-V-000934,SYN-P-00056,SYN-E-000232,Synthetic Community Hospital West,Emergency,2024-05-19 02:06:00,74,110,76,99.3,18,93,3
SYN-V-000935,SYN-P-00056,SYN-E-000232,Synthetic Community Hospital West,Emergency,2024-05-19 02:19:00,66,115,71,98.9,15,95,3
SYN-V-000936,SYN-P-00245,SYN-E-000233,Synthetic Outpatient Center,Orthopedics,2024-05-19 04:06:00,72,121,60,99.6,12,94,4
SYN-V-000937,SYN-P-00245,SYN-E-000233,Synthetic Outpatient Center,Orthopedics,2024-05-19 05:46:00,61,102,77,98.7,19,96,0
SYN-V-000938,SYN-P-00015,SYN-E-000234,Synthetic Regional Medical Center,Emergency,2024-05-20 00:52:00,59,119,86,97.3,21,97,2
SYN-V-000939,SYN-P-00015,SYN-E-000234,Synthetic Regional Medical Center,Emergency,2024-05-20 01:24:00,63,140,64,97.1,20,92,
SYN-V-000940,SYN-P-00015,SYN-E-000234,Synthetic Regional Medical Center,Emergency,2024-05-20 01:32:00,87,104,65,98.9,17,100,7
SYN-V-000941,SYN-P-00015,SYN-E-000234,Synthetic Regional Medical Center,Emergency,2024-05-20 02:23:00,68,149,95,97.8,22,100,
SYN-V-000942,SYN-P-00015,SYN-E-000234,Synthetic Regional Medical Center,Emergency,2024-05-20 02:24:00,80,101,71,98.0,14,95,1
SYN-V-000943,SYN-P-00015,SYN-E-000234,Synthetic Regional Medical Center,Emergency,2024-05-20 03:24:00,55,159,81,97.2,13,99,1
SYN-V-000944,SYN-P-00136,SYN-E-000236,Synthetic Regional Medical Center,Orthopedics,2024-05-23 08:49:00,89,152,91,99.8,19,99,7
SYN-V-000945,SYN-P-00136,SYN-E-000236,Synthetic Regional Medical Center,Orthopedics,2024-05-24 07:22:00,88,132,92,97.7,22,96,1
SYN-V-000946,SYN-P-00162,SYN-E-000237,Synthetic Community Hospital West,Cardiology,2024-05-23 11:35:00,90,158,94,97.9,16,94,3
SYN-V-000947,SYN-P-00162,SYN-E-000237,Synthetic Community Hospital West,Cardiology,2024-05-23 16:33:00,99,110,92,98.5,15,100,5
SYN-V-000948,SYN-P-00162,SYN-E-000237,Synthetic Community Hospital West,Cardiology,2024-05-23 17:00:00,64,118,94,98.4,13,96,1
SYN-V-000949,SYN-P-00162,SYN-E-000237,Synthetic Community Hospital West,Cardiology,2024-05-24 03:30:00,88,155,63,99.2,12,100,4
SYN-V-000950,SYN-P-00162,SYN-E-000237,Synthetic Community Hospital West,Cardiology,2024-05-25 13:15:00,96,121,71,98.9,22,99,1
SYN-V-000951,SYN-P-00162,SYN-E-000237,Synthetic Community Hospital West,Cardiology,2024-05-25 15:04:00,83,111,72,97.0,18,97,3
SYN-V-000952,SYN-P-00162,SYN-E-000237,Synthetic Community Hospital West,Cardiology,2024-05-26 07:50:00,107,114,62,98.3,20,96,5
SYN-V-000953,SYN-P-00162,SYN-E-000237,Synthetic Community Hospital West,Cardiology,2024-05-26 18:29:00,110,105,60,99.0,17,97,5
SYN-V-000954,SYN-P-00162,SYN-E-000237,Synthetic Community Hospital West,Cardiology,2024-05-27 15:51:00,78,140,69,98.6,18,98,2
SYN-V-000955,SYN-P-00162,SYN-E-000237,Synthetic Community Hospital West,Cardiology,2024-05-28 06:53:00,80,155,61,98.8,17,98,1
SYN-V-000956,SYN-P-00162,SYN-E-000237,Synthetic Community Hospital West,Cardiology,2024-05-28 07:33:00,102,101,84,98.3,21,96,
SYN-V-000957,SYN-P-00162,SYN-E-000237,Synthetic Community Hospital West,Cardiology,2024-05-28 10:44:00,83,117,85,99.7,19,92,8
SYN-V-000958,SYN-P-00162,SYN-E-000237,Synthetic Community Hospital West,Cardiology,2024-05-28 16:02:00,81,138,94,98.2,15,100,7
SYN-V-000959,SYN-P-00162,SYN-E-000237,Synthetic Community Hospital West,Cardiology,2024-05-29 03:43:00,100,104,68,97.8,15,97,8
SYN-V-000960,SYN-P-00162,SYN-E-000237,Synthetic Community Hospital West,Cardiology,2024-05-29 15:10:00,77,125,82,99.6,13,97,5
SYN-V-000961,SYN-P-00162,SYN-E-000237,Synthetic Community Hospital West,Cardiology,2024-05-29 18:50:00,81,114,65,98.4,17,99,
SYN-V-000962,SYN-P-00072,SYN-E-000238,Synthetic Community Hospital East,Pulmonology,2024-05-23 22:26:00,59,132,79,98.9,19,94,3
SYN-V-000963,SYN-P-00072,SYN-E-000238,Synthetic Community Hospital East,Pulmonology,2024-05-24 01:55:00,82,116,82,98.5,17,94,0
SYN-V-000964,SYN-P-00072,SYN-E-000238,Synthetic Community Hospital East,Pulmonology,2024-05-24 13:03:00,110,145,74,99.1,14,94,6
SYN-V-000965,SYN-P-00072,SYN-E-000238,Synthetic Community Hospital East,Pulmonology,2024-05-24 18:10:00,98,149,82,98.6,17,96,5
SYN-V-000966,SYN-P-00072,SYN-E-000238,Synthetic Community Hospital East,Pulmonology,2024-05-25 01:32:00,85,115,76,99.1,16,96,6
SYN-V-000967,SYN-P-00072,SYN-E-000238,Synthetic Community Hospital East,Pulmonology,2024-05-25 09:50:00,91,109,74,98.7,14,93,0
SYN-V-000968,SYN-P-00072,SYN-E-000238,Synthetic Community Hospital East,Pulmonology,2024-05-25 12:12:00,63,142,95,97.4,19,94,3
SYN-V-000969,SYN-P-00026,SYN-E-000239,Synthetic Community Hospital East,Cardiology,2024-05-24 22:39:00,97,125,90,97.7,19,100,
SYN-V-000970,SYN-P-00254,SYN-E-000240,Synthetic Regional Medical Center,Endocrinology,2024-05-24 21:46:00,66,149,88,99.7,19,95,8
SYN-V-000971,SYN-P-00298,SYN-E-000241,Synthetic Regional Medical Center,Cardiology,2024-05-25 02:00:00,101,145,76,97.8,20,93,4
SYN-V-000972,SYN-P-00298,SYN-E-000241,Synthetic Regional Medical Center,Cardiology,2024-05-25 17:02:00,57,115,83,97.8,16,95,3
SYN-V-000973,SYN-P-00298,SYN-E-000241,Synthetic Regional Medical Center,Cardiology,2024-05-25 21:05:00,68,150,66,98.2,18,96,0
SYN-V-000974,SYN-P-00045,SYN-E-000242,Synthetic Community Hospital East,Internal Medicine,2024-05-26 01:07:00,90,125,74,98.3,18,100,7
SYN-V-000975,SYN-P-00045,SYN-E-000242,Synthetic Community Hospital East,Internal Medicine,2024-05-26 06:19:00,86,115,75,99.5,14,99,7
SYN-V-000976,SYN-P-00045,SYN-E-000242,Synthetic Community Hospital East,Internal Medicine,2024-05-26 08:53:00,74,100,75,99.4,21,92,8
SYN-V-000977,SYN-P-00045,SYN-E-000242,Synthetic Community Hospital East,Internal Medicine,2024-05-26 10:40:00,72,151,93,97.2,22,94,4
SYN-V-000978,SYN-P-00033,SYN-E-000243,Synthetic Community Hospital West,Orthopedics,2024-05-25 17:06:00,70,120,75,99.3,14,100,1
SYN-V-000979,SYN-P-00033,SYN-E-000243,Synthetic Community Hospital West,Orthopedics,2024-05-26 00:35:00,106,124,62,97.9,20,99,3
SYN-V-000980,SYN-P-00033,SYN-E-000243,Synthetic Community Hospital West,Orthopedics,2024-05-26 03:09:00,78,101,67,97.3,20,99,1
SYN-V-000981,SYN-P-00033,SYN-E-000243,Synthetic Community Hospital West,Orthopedics,2024-05-26 06:10:00,101,104,82,99.5,22,95,2
SYN-V-000982,SYN-P-00033,SYN-E-000243,Synthetic Community Hospital West,Orthopedics,2024-05-26 07:02:00,110,154,89,98.6,19,93,0
SYN-V-000983,SYN-P-00281,SYN-E-000244,Synthetic Outpatient Center,Orthopedics,2024-05-26 12:30:00,104,112,65,97.7,18,94,4
SYN-V-000984,SYN-P-00024,SYN-E-000245,Synthetic Community Hospital East,Cardiology,2024-05-27 02:25:00,94,129,74,99.4,12,98,3
SYN-V-000985,SYN-P-00024,SYN-E-000245,Synthetic Community Hospital East,Cardiology,2024-05-27 08:49:00,89,120,70,98.2,19,96,5
SYN-V-000986,SYN-P-00024,SYN-E-000245,Synthetic Community Hospital East,Cardiology,2024-05-27 21:42:00,87,129,87,99.1,17,99,1
SYN-V-000987,SYN-P-00024,SYN-E-000245,Synthetic Community Hospital East,Cardiology,2024-05-28 22:08:00,83,142,89,98.5,13,97,
SYN-V-000988,SYN-P-00024,SYN-E-000245,Synthetic Community Hospital East,Cardiology,2024-05-29 00:10:00,86,104,76,99.3,17,98,5
SYN-V-000989,SYN-P-00024,SYN-E-000245,Synthetic Community Hospital East,Cardiology,2024-05-29 12:31:00,108,138,84,98.8,16,100,1
SYN-V-000990,SYN-P-00024,SYN-E-000245,Synthetic Community Hospital East,Cardiology,2024-05-30 14:57:00,59,126,93,99.4,18,94,3
SYN-V-000991,SYN-P-00251,SYN-E-000246,Synthetic Outpatient Center,Orthopedics,2024-05-27 01:56:00,59,127,73,97.8,17,96,4
SYN-V-000992,SYN-P-00251,SYN-E-000246,Synthetic Outpatient Center,Orthopedics,2024-05-27 03:40:00,109,125,85,97.9,20,92,6
SYN-V-000993,SYN-P-00029,SYN-E-000247,Synthetic Community Hospital West,Emergency,2024-05-27 13:31:00,61,135,72,99.8,18,98,3
SYN-V-000994,SYN-P-00029,SYN-E-000247,Synthetic Community Hospital West,Emergency,2024-05-27 14:32:00,72,121,89,98.7,22,94,1
SYN-V-000995,SYN-P-00029,SYN-E-000247,Synthetic Community Hospital West,Emergency,2024-05-27 14:33:00,74,107,76,98.3,14,93,3
SYN-V-000996,SYN-P-00029,SYN-E-000247,Synthetic Community Hospital West,Emergency,2024-05-27 14:35:00,63,108,79,99.5,12,93,6
SYN-V-000997,SYN-P-00185,SYN-E-000250,Synthetic Regional Medical Center,Cardiology,2024-05-28 17:50:00,98,147,92,98.7,13,97,0
SYN-V-000998,SYN-P-00185,SYN-E-000250,Synthetic Regional Medical Center,Cardiology,2024-05-29 03:13:00,72,145,77,98.3,18,95,8
SYN-V-000999,SYN-P-00185,SYN-E-000250,Synthetic Regional Medical Center,Cardiology,2024-05-29 07:59:00,62,144,89,98.1,22,98,3
SYN-V-001000,SYN-P-00185,SYN-E-000250,Synthetic Regional Medical Center,Cardiology,2024-05-29 09:35:00,61,114,84,98.6,14,94,5
SYN-V-001001,SYN-P-00185,SYN-E-000250,Synthetic Regional Medical Center,Cardiology,2024-05-30 07:51:00,102,114,88,99.6,22,95,0
SYN-V-001002,SYN-P-00185,SYN-E-000250,Synthetic Regional Medical Center,Cardiology,2024-05-30 15:31:00,105,103,81,98.1,22,97,8
SYN-V-001003,SYN-P-00285,SYN-E-000251,Synthetic Community Hospital East,Orthopedics,2024-05-29 12:04:00,86,107,74,99.0,19,99,
SYN-V-001004,SYN-P-00285,SYN-E-000251,Synthetic Community Hospital East,Orthopedics,2024-05-29 12:28:00,82,103,64,98.8,21,99,5
SYN-V-001005,SYN-P-00285,SYN-E-000251,Synthetic Community Hospital East,Orthopedics,2024-05-29 19:33:00,73,114,86,97.1,18,96,4
SYN-V-001006,SYN-P-00285,SYN-E-000251,Synthetic Community Hospital East,Orthopedics,2024-05-29 20:15:00,57,112,62,97.5,17,97,3
SYN-V-001007,SYN-P-00285,SYN-E-000251,Synthetic Community Hospital East,Orthopedics,2024-05-29 21:49:00,106,144,80,98.7,19,93,1
SYN-V-001008,SYN-P-00285,SYN-E-000251,Synthetic Community Hospital East,Orthopedics,2024-05-30 00:43:00,110,104,77,97.3,16,97,5
SYN-V-001009,SYN-P-00285,SYN-E-000251,Synthetic Community Hospital East,Orthopedics,2024-05-30 05:20:00,58,121,70,97.3,19,98,2
SYN-V-001010,SYN-P-00285,SYN-E-000251,Synthetic Community Hospital East,Orthopedics,2024-05-30 09:17:00,82,127,64,98.4,16,99,2
SYN-V-001011,SYN-P-00285,SYN-E-000251,Synthetic Community Hospital East,Orthopedics,2024-05-30 16:35:00,81,122,81,99.1,21,95,
SYN-V-001012,SYN-P-00285,SYN-E-000251,Synthetic Community Hospital East,Orthopedics,2024-05-30 19:22:00,81,124,86,99.8,17,100,2
SYN-V-001013,SYN-P-00285,SYN-E-000251,Synthetic Community Hospital East,Orthopedics,2024-05-30 21:41:00,74,148,72,97.6,21,94,8
SYN-V-001014,SYN-P-00285,SYN-E-000251,Synthetic Community Hospital East,Orthopedics,2024-05-31 02:15:00,108,154,95,98.2,18,100,3
SYN-V-001015,SYN-P-00279,SYN-E-000252,Synthetic Community Hospital West,Cardiology,2024-05-29 19:13:00,62,145,93,97.8,20,94,3
SYN-V-001016,SYN-P-00279,SYN-E-000252,Synthetic Community Hospital West,Cardiology,2024-05-30 04:18:00,62,141,67,99.6,14,93,1
SYN-V-001017,SYN-P-00279,SYN-E-000252,Synthetic Community Hospital West,Cardiology,2024-05-30 17:23:00,109,107,75,97.3,16,99,2
SYN-V-001018,SYN-P-00279,SYN-E-000252,Synthetic Community Hospital West,Cardiology,2024-05-30 20:00:00,63,106,76,97.8,15,100,3
SYN-V-001019,SYN-P-00279,SYN-E-000252,Synthetic Community Hospital West,Cardiology,2024-05-30 20:15:00,106,121,80,98.1,13,95,4
SYN-V-001020,SYN-P-00279,SYN-E-000252,Synthetic Community Hospital West,Cardiology,2024-05-30 22:15:00,72,109,91,99.7,21,93,0
SYN-V-001021,SYN-P-00279,SYN-E-000252,Synthetic Community Hospital West,Cardiology,2024-05-31 05:55:00,88,134,79,97.4,21,98,4
SYN-V-001022,SYN-P-00279,SYN-E-000252,Synthetic Community Hospital West,Cardiology,2024-05-31 06:50:00,73,134,66,99.0,18,94,4
SYN-V-001023,SYN-P-00279,SYN-E-000252,Synthetic Community Hospital West,Cardiology,2024-05-31 17:41:00,75,135,76,97.8,18,100,1
SYN-V-001024,SYN-P-00247,SYN-E-000253,Synthetic Specialty Clinic,Pulmonology,2024-05-30 05:01:00,100,160,84,98.4,17,95,7
SYN-V-001025,SYN-P-00217,SYN-E-000255,Synthetic Community Hospital East,Pulmonology,2024-06-01 04:55:00,63,128,61,97.4,17,99,1
SYN-V-001026,SYN-P-00217,SYN-E-000255,Synthetic Community Hospital East,Pulmonology,2024-06-01 05:19:00,94,135,92,99.2,12,98,0
SYN-V-001027,SYN-P-00217,SYN-E-000255,Synthetic Community Hospital East,Pulmonology,2024-06-01 09:31:00,66,156,73,98.3,18,93,6
SYN-V-001028,SYN-P-00217,SYN-E-000255,Synthetic Community Hospital East,Pulmonology,2024-06-02 09:42:00,90,108,74,98.8,14,95,4
SYN-V-001029,SYN-P-00217,SYN-E-000255,Synthetic Community Hospital East,Pulmonology,2024-06-02 15:23:00,88,152,81,98.9,21,94,3
SYN-V-001030,SYN-P-00217,SYN-E-000255,Synthetic Community Hospital East,Pulmonology,2024-06-03 09:50:00,103,143,87,99.4,14,98,8
SYN-V-001031,SYN-P-00217,SYN-E-000255,Synthetic Community Hospital East,Pulmonology,2024-06-03 17:10:00,96,107,86,97.1,18,96,0
SYN-V-001032,SYN-P-00217,SYN-E-000255,Synthetic Community Hospital East,Pulmonology,2024-06-04 00:25:00,101,150,90,97.6,18,99,1
SYN-V-001033,SYN-P-00194,SYN-E-000256,Synthetic Community Hospital East,Cardiology,2024-06-01 00:26:00,74,119,90,98.5,16,94,7
SYN-V-001034,SYN-P-00194,SYN-E-000256,Synthetic Community Hospital East,Cardiology,2024-06-01 07:42:00,84,144,82,99.8,19,97,1
SYN-V-001035,SYN-P-00194,SYN-E-000256,Synthetic Community Hospital East,Cardiology,2024-06-01 17:38:00,95,146,63,98.2,21,96,6
SYN-V-001036,SYN-P-00194,SYN-E-000256,Synthetic Community Hospital East,Cardiology,2024-06-01 20:47:00,60,156,71,99.7,18,94,0
SYN-V-001037,SYN-P-00194,SYN-E-000256,Synthetic Community Hospital East,Cardiology,2024-06-02 05:37:00,99,153,73,97.1,19,99,7
SYN-V-001038,SYN-P-00194,SYN-E-000256,Synthetic Community Hospital East,Cardiology,2024-06-02 10:14:00,68,159,93,97.0,16,99,5
SYN-V-001039,SYN-P-00194,SYN-E-000256,Synthetic Community Hospital East,Cardiology,2024-06-03 17:25:00,55,150,65,98.5,15,94,0
SYN-V-001040,SYN-P-00194,SYN-E-000256,Synthetic Community Hospital East,Cardiology,2024-06-05 07:44:00,68,107,84,98.7,16,94,
SYN-V-001041,SYN-P-00194,SYN-E-000256,Synthetic Community Hospital East,Cardiology,2024-06-05 14:58:00,58,156,79,99.7,12,99,1
SYN-V-001042,SYN-P-00194,SYN-E-000256,Synthetic Community Hospital East,Cardiology,2024-06-05 18:52:00,66,123,62,99.2,15,99,4
SYN-V-001043,SYN-P-00077,SYN-E-000257,Synthetic Specialty Clinic,Primary Care,2024-06-01 11:36:00,90,143,63,97.8,18,99,2
SYN-V-001044,SYN-P-00077,SYN-E-000257,Synthetic Specialty Clinic,Primary Care,2024-06-01 12:29:00,94,160,78,97.2,18,93,0
SYN-V-001045,SYN-P-00005,SYN-E-000258,Synthetic Regional Medical Center,Cardiology,2024-06-02 05:09:00,88,135,87,98.1,12,98,3
SYN-V-001046,SYN-P-00005,SYN-E-000258,Synthetic Regional Medical Center,Cardiology,2024-06-02 09:33:00,68,142,75,98.5,19,93,8
SYN-V-001047,SYN-P-00005,SYN-E-000258,Synthetic Regional Medical Center,Cardiology,2024-06-02 10:28:00,82,152,81,99.1,22,94,6
SYN-V-001048,SYN-P-00005,SYN-E-000258,Synthetic Regional Medical Center,Cardiology,2024-06-02 18:08:00,90,158,74,97.2,18,95,4
SYN-V-001049,SYN-P-00005,SYN-E-000258,Synthetic Regional Medical Center,Cardiology,2024-06-02 21:20:00,55,104,73,98.1,18,99,3
SYN-V-001050,SYN-P-00005,SYN-E-000258,Synthetic Regional Medical Center,Cardiology,2024-06-03 10:59:00,60,152,65,98.2,15,97,2
SYN-V-001051,SYN-P-00005,SYN-E-000258,Synthetic Regional Medical Center,Cardiology,2024-06-03 17:53:00,81,148,73,99.3,21,96,7
SYN-V-001052,SYN-P-00005,SYN-E-000258,Synthetic Regional Medical Center,Cardiology,2024-06-04 09:19:00,75,152,91,97.6,21,93,2
SYN-V-001053,SYN-P-00005,SYN-E-000258,Synthetic Regional Medical Center,Cardiology,2024-06-04 10:01:00,59,144,68,97.5,21,96,6
SYN-V-001054,SYN-P-00005,SYN-E-000258,Synthetic Regional Medical Center,Cardiology,2024-06-04 12:38:00,84,134,68,98.3,13,97,5
SYN-V-001055,SYN-P-00005,SYN-E-000258,Synthetic Regional Medical Center,Cardiology,2024-06-04 22:09:00,99,143,68,98.9,13,94,3
SYN-V-001056,SYN-P-00005,SYN-E-000258,Synthetic Regional Medical Center,Cardiology,2024-06-04 23:20:00,85,110,69,97.5,12,95,0
SYN-V-001057,SYN-P-00005,SYN-E-000258,Synthetic Regional Medical Center,Cardiology,2024-06-05 00:31:00,77,132,94,97.7,13,98,4
SYN-V-001058,SYN-P-00202,SYN-E-000259,Synthetic Outpatient Center,Cardiology,2024-06-02 09:00:00,62,136,62,98.5,16,93,2
SYN-V-001059,SYN-P-00282,SYN-E-000260,Synthetic Specialty Clinic,Endocrinology,2024-06-03 06:31:00,100,103,89,97.9,17,99,5
SYN-V-001060,SYN-P-00271,SYN-E-000261,Synthetic Specialty Clinic,Orthopedics,2024-06-03 20:54:00,86,114,74,97.3,13,96,
SYN-V-001061,SYN-P-00271,SYN-E-000261,Synthetic Specialty Clinic,Orthopedics,2024-06-03 21:09:00,61,126,93,98.2,21,95,6
SYN-V-001062,SYN-P-00288,SYN-E-000262,Synthetic Regional Medical Center,Neurology,2024-06-05 18:33:00,88,122,63,97.6,22,95,8
SYN-V-001063,SYN-P-00288,SYN-E-000262,Synthetic Regional Medical Center,Neurology,2024-06-06 00:28:00,68,136,74,97.9,16,99,1
SYN-V-001064,SYN-P-00288,SYN-E-000262,Synthetic Regional Medical Center,Neurology,2024-06-06 01:12:00,67,127,82,99.7,15,99,6
SYN-V-001065,SYN-P-00288,SYN-E-000262,Synthetic Regional Medical Center,Neurology,2024-06-06 04:21:00,59,145,66,98.3,13,100,4
SYN-V-001066,SYN-P-00288,SYN-E-000262,Synthetic Regional Medical Center,Neurology,2024-06-06 07:43:00,88,157,78,99.5,22,92,2
SYN-V-001067,SYN-P-00288,SYN-E-000262,Synthetic Regional Medical Center,Neurology,2024-06-06 08:28:00,110,151,61,99.7,15,94,4
SYN-V-001068,SYN-P-00288,SYN-E-000262,Synthetic Regional Medical Center,Neurology,2024-06-06 10:16:00,100,121,70,97.6,21,95,1
SYN-V-001069,SYN-P-00288,SYN-E-000262,Synthetic Regional Medical Center,Neurology,2024-06-06 20:44:00,66,149,78,97.9,12,97,4
SYN-V-001070,SYN-P-00288,SYN-E-000262,Synthetic Regional Medical Center,Neurology,2024-06-06 22:34:00,108,104,95,97.2,13,94,0
SYN-V-001071,SYN-P-00288,SYN-E-000262,Synthetic Regional Medical Center,Neurology,2024-06-07 11:41:00,103,136,94,98.5,16,95,2
SYN-V-001072,SYN-P-00288,SYN-E-000262,Synthetic Regional Medical Center,Neurology,2024-06-07 12:49:00,85,152,95,98.9,14,95,7
SYN-V-001073,SYN-P-00288,SYN-E-000262,Synthetic Regional Medical Center,Neurology,2024-06-07 16:39:00,97,152,85,98.5,19,94,0
SYN-V-001074,SYN-P-00137,SYN-E-000263,Synthetic Community Hospital East,Internal Medicine,2024-06-03 22:09:00,58,135,67,99.1,20,95,8
SYN-V-001075,SYN-P-00137,SYN-E-000263,Synthetic Community Hospital East,Internal Medicine,2024-06-04 03:42:00,65,138,70,97.6,14,99,4
SYN-V-001076,SYN-P-00137,SYN-E-000263,Synthetic Community Hospital East,Internal Medicine,2024-06-04 23:44:00,62,114,67,98.4,21,99,4
SYN-V-001077,SYN-P-00137,SYN-E-000263,Synthetic Community Hospital East,Internal Medicine,2024-06-05 02:58:00,81,155,77,98.7,12,93,8
SYN-V-001078,SYN-P-00137,SYN-E-000263,Synthetic Community Hospital East,Internal Medicine,2024-06-05 03:01:00,79,151,64,99.7,19,92,5
SYN-V-001079,SYN-P-00137,SYN-E-000263,Synthetic Community Hospital East,Internal Medicine,2024-06-05 03:39:00,80,148,64,98.6,15,92,5
SYN-V-001080,SYN-P-00137,SYN-E-000263,Synthetic Community Hospital East,Internal Medicine,2024-06-05 05:30:00,107,148,93,98.6,15,98,4
SYN-V-001081,SYN-P-00137,SYN-E-000263,Synthetic Community Hospital East,Internal Medicine,2024-06-05 07:17:00,93,159,86,98.1,13,92,7
SYN-V-001082,SYN-P-00137,SYN-E-000263,Synthetic Community Hospital East,Internal Medicine,2024-06-06 02:15:00,61,156,61,98.6,20,98,5
SYN-V-001083,SYN-P-00137,SYN-E-000263,Synthetic Community Hospital East,Internal Medicine,2024-06-06 12:39:00,109,145,73,97.7,18,94,5
SYN-V-001084,SYN-P-00137,SYN-E-000263,Synthetic Community Hospital East,Internal Medicine,2024-06-06 20:40:00,68,129,95,97.4,12,97,
SYN-V-001085,SYN-P-00137,SYN-E-000263,Synthetic Community Hospital East,Internal Medicine,2024-06-07 06:39:00,55,140,76,97.3,16,100,5
SYN-V-001086,SYN-P-00137,SYN-E-000263,Synthetic Community Hospital East,Internal Medicine,2024-06-07 06:45:00,88,100,79,99.5,13,93,
SYN-V-001087,SYN-P-00137,SYN-E-000263,Synthetic Community Hospital East,Internal Medicine,2024-06-07 16:33:00,56,114,92,97.8,19,94,5
SYN-V-001088,SYN-P-00137,SYN-E-000263,Synthetic Community Hospital East,Internal Medicine,2024-06-07 16:41:00,58,133,71,98.8,13,97,3
SYN-V-001089,SYN-P-00137,SYN-E-000263,Synthetic Community Hospital East,Internal Medicine,2024-06-08 00:35:00,93,102,67,99.4,15,99,0
SYN-V-001090,SYN-P-00001,SYN-E-000264,Synthetic Regional Medical Center,Neurology,2024-06-03 23:26:00,63,106,71,97.0,16,97,5
SYN-V-001091,SYN-P-00001,SYN-E-000264,Synthetic Regional Medical Center,Neurology,2024-06-04 11:16:00,108,104,75,97.7,22,96,5
SYN-V-001092,SYN-P-00001,SYN-E-000264,Synthetic Regional Medical Center,Neurology,2024-06-05 08:33:00,57,123,87,97.5,13,99,1
SYN-V-001093,SYN-P-00001,SYN-E-000264,Synthetic Regional Medical Center,Neurology,2024-06-05 08:58:00,84,120,84,97.5,21,95,5
SYN-V-001094,SYN-P-00001,SYN-E-000264,Synthetic Regional Medical Center,Neurology,2024-06-05 16:25:00,100,142,60,98.2,14,98,4
SYN-V-001095,SYN-P-00001,SYN-E-000264,Synthetic Regional Medical Center,Neurology,2024-06-06 00:15:00,109,113,71,97.2,14,100,8
SYN-V-001096,SYN-P-00001,SYN-E-000264,Synthetic Regional Medical Center,Neurology,2024-06-06 02:36:00,81,123,84,99.0,13,92,3
SYN-V-001097,SYN-P-00001,SYN-E-000264,Synthetic Regional Medical Center,Neurology,2024-06-06 05:01:00,69,128,94,98.7,13,93,3
SYN-V-001098,SYN-P-00001,SYN-E-000264,Synthetic Regional Medical Center,Neurology,2024-06-06 08:13:00,66,155,68,98.4,21,97,8
SYN-V-001099,SYN-P-00001,SYN-E-000264,Synthetic Regional Medical Center,Neurology,2024-06-06 13:21:00,72,156,91,97.1,14,99,1
SYN-V-001100,SYN-P-00129,SYN-E-000266,Synthetic Specialty Clinic,Primary Care,2024-06-05 01:15:00,67,135,86,98.1,17,100,8
SYN-V-001101,SYN-P-00021,SYN-E-000268,Synthetic Community Hospital West,Emergency,2024-06-05 16:29:00,110,113,79,97.2,15,99,1
SYN-V-001102,SYN-P-00021,SYN-E-000268,Synthetic Community Hospital West,Emergency,2024-06-05 17:06:00,88,147,80,98.8,19,94,
SYN-V-001103,SYN-P-00013,SYN-E-000269,Synthetic Specialty Clinic,Endocrinology,2024-06-06 16:07:00,97,142,88,97.7,16,93,4
SYN-V-001104,SYN-P-00013,SYN-E-000269,Synthetic Specialty Clinic,Endocrinology,2024-06-06 17:37:00,101,107,64,98.6,22,94,3
SYN-V-001105,SYN-P-00006,SYN-E-000271,Synthetic Outpatient Center,Orthopedics,2024-06-06 23:16:00,69,136,64,97.1,14,99,1
SYN-V-001106,SYN-P-00006,SYN-E-000271,Synthetic Outpatient Center,Orthopedics,2024-06-07 01:20:00,63,125,68,99.8,21,96,0
SYN-V-001107,SYN-P-00002,SYN-E-000273,Synthetic Community Hospital West,Emergency,2024-06-07 09:06:00,78,123,77,99.1,16,95,1
SYN-V-001108,SYN-P-00002,SYN-E-000273,Synthetic Community Hospital West,Emergency,2024-06-07 12:45:00,94,150,87,97.1,19,98,3
SYN-V-001109,SYN-P-00124,SYN-E-000275,Synthetic Outpatient Center,Orthopedics,2024-06-09 19:34:00,85,160,94,98.8,18,92,0
SYN-V-001110,SYN-P-00292,SYN-E-000276,Synthetic Outpatient Center,Primary Care,2024-06-10 21:20:00,75,148,66,99.4,15,97,4
SYN-V-001111,SYN-P-00292,SYN-E-000276,Synthetic Outpatient Center,Primary Care,2024-06-10 21:28:00,92,130,85,97.2,14,99,5
SYN-V-001112,SYN-P-00292,SYN-E-000276,Synthetic Outpatient Center,Primary Care,2024-06-10 23:16:00,59,112,92,98.6,12,99,2
SYN-V-001113,SYN-P-00167,SYN-E-000277,Synthetic Community Hospital East,Internal Medicine,2024-06-11 02:49:00,75,101,63,98.1,17,97,5
SYN-V-001114,SYN-P-00167,SYN-E-000277,Synthetic Community Hospital East,Internal Medicine,2024-06-11 05:41:00,63,138,86,98.8,15,100,5
SYN-V-001115,SYN-P-00167,SYN-E-000277,Synthetic Community Hospital East,Internal Medicine,2024-06-11 10:41:00,72,120,77,97.5,21,96,6
SYN-V-001116,SYN-P-00167,SYN-E-000277,Synthetic Community Hospital East,Internal Medicine,2024-06-11 14:27:00,106,160,77,98.2,16,92,8
SYN-V-001117,SYN-P-00167,SYN-E-000277,Synthetic Community Hospital East,Internal Medicine,2024-06-11 18:40:00,67,109,69,99.7,13,94,1
SYN-V-001118,SYN-P-00167,SYN-E-000277,Synthetic Community Hospital East,Internal Medicine,2024-06-11 19:46:00,101,118,89,99.0,12,100,7
SYN-V-001119,SYN-P-00205,SYN-E-000278,Synthetic Outpatient Center,Primary Care,2024-06-11 00:56:00,88,147,93,98.1,14,96,8
SYN-V-001120,SYN-P-00075,SYN-E-000279,Synthetic Specialty Clinic,Primary Care,2024-06-11 04:57:00,66,153,68,97.5,21,98,1
SYN-V-001121,SYN-P-00177,SYN-E-000280,Synthetic Specialty Clinic,Pulmonology,2024-06-11 08:30:00,104,109,85,97.1,19,98,7
SYN-V-001122,SYN-P-00177,SYN-E-000280,Synthetic Specialty Clinic,Pulmonology,2024-06-11 10:20:00,94,140,78,99.4,12,100,5
SYN-V-001123,SYN-P-00092,SYN-E-000281,Synthetic Community Hospital West,Endocrinology,2024-06-12 02:39:00,101,118,87,98.7,14,95,4
SYN-V-001124,SYN-P-00092,SYN-E-000281,Synthetic Community Hospital West,Endocrinology,2024-06-12 03:02:00,101,151,92,97.9,14,99,1
SYN-V-001125,SYN-P-00245,SYN-E-000282,Synthetic Outpatient Center,Primary Care,2024-06-12 07:54:00,86,120,75,97.8,15,92,0
SYN-V-001126,SYN-P-00245,SYN-E-000282,Synthetic Outpatient Center,Primary Care,2024-06-12 09:33:00,62,153,91,97.7,18,99,8
SYN-V-001127,SYN-P-00158,SYN-E-000283,Synthetic Regional Medical Center,Nephrology,2024-06-12 23:59:00,65,153,81,97.2,13,96,5
SYN-V-001128,SYN-P-00158,SYN-E-000283,Synthetic Regional Medical Center,Nephrology,2024-06-13 09:51:00,59,134,68,98.6,14,99,6
SYN-V-001129,SYN-P-00158,SYN-E-000283,Synthetic Regional Medical Center,Nephrology,2024-06-13 22:59:00,68,151,95,98.6,21,99,8
SYN-V-001130,SYN-P-00158,SYN-E-000283,Synthetic Regional Medical Center,Nephrology,2024-06-14 04:47:00,59,106,69,98.0,15,95,2
SYN-V-001131,SYN-P-00158,SYN-E-000283,Synthetic Regional Medical Center,Nephrology,2024-06-14 10:49:00,94,100,79,99.2,21,94,
SYN-V-001132,SYN-P-00158,SYN-E-000283,Synthetic Regional Medical Center,Nephrology,2024-06-14 19:19:00,71,120,74,97.9,15,97,7
SYN-V-001133,SYN-P-00158,SYN-E-000283,Synthetic Regional Medical Center,Nephrology,2024-06-15 09:18:00,95,154,85,97.5,12,95,4
SYN-V-001134,SYN-P-00158,SYN-E-000283,Synthetic Regional Medical Center,Nephrology,2024-06-15 09:18:00,102,160,85,97.2,12,100,1
SYN-V-001135,SYN-P-00158,SYN-E-000283,Synthetic Regional Medical Center,Nephrology,2024-06-15 18:24:00,79,122,93,97.7,12,92,7
SYN-V-001136,SYN-P-00158,SYN-E-000283,Synthetic Regional Medical Center,Nephrology,2024-06-16 11:08:00,86,124,75,98.3,13,99,7
SYN-V-001137,SYN-P-00158,SYN-E-000283,Synthetic Regional Medical Center,Nephrology,2024-06-16 11:49:00,86,108,94,97.1,21,95,2
SYN-V-001138,SYN-P-00158,SYN-E-000283,Synthetic Regional Medical Center,Nephrology,2024-06-17 05:27:00,82,126,93,98.2,20,95,8
SYN-V-001139,SYN-P-00158,SYN-E-000283,Synthetic Regional Medical Center,Nephrology,2024-06-19 02:50:00,60,119,87,98.2,14,96,5
SYN-V-001140,SYN-P-00158,SYN-E-000283,Synthetic Regional Medical Center,Nephrology,2024-06-19 12:15:00,100,107,77,99.6,13,95,0
SYN-V-001141,SYN-P-00072,SYN-E-000284,Synthetic Regional Medical Center,Cardiology,2024-06-13 12:08:00,79,116,60,98.5,21,97,2
SYN-V-001142,SYN-P-00072,SYN-E-000284,Synthetic Regional Medical Center,Cardiology,2024-06-13 18:38:00,98,147,73,98.9,15,92,3
SYN-V-001143,SYN-P-00072,SYN-E-000284,Synthetic Regional Medical Center,Cardiology,2024-06-14 02:23:00,68,127,92,98.5,19,94,8
SYN-V-001144,SYN-P-00072,SYN-E-000284,Synthetic Regional Medical Center,Cardiology,2024-06-14 23:09:00,62,128,86,98.4,19,97,0
SYN-V-001145,SYN-P-00072,SYN-E-000284,Synthetic Regional Medical Center,Cardiology,2024-06-15 05:58:00,59,108,82,99.2,21,99,5
SYN-V-001146,SYN-P-00072,SYN-E-000284,Synthetic Regional Medical Center,Cardiology,2024-06-15 17:18:00,107,145,77,99.6,17,99,6
SYN-V-001147,SYN-P-00072,SYN-E-000284,Synthetic Regional Medical Center,Cardiology,2024-06-16 23:26:00,62,144,68,98.9,17,100,3
SYN-V-001148,SYN-P-00072,SYN-E-000284,Synthetic Regional Medical Center,Cardiology,2024-06-17 05:21:00,60,160,94,98.4,16,92,2
SYN-V-001149,SYN-P-00072,SYN-E-000284,Synthetic Regional Medical Center,Cardiology,2024-06-17 23:38:00,96,108,64,98.7,21,96,7
SYN-V-001150,SYN-P-00125,SYN-E-000285,Synthetic Specialty Clinic,Pulmonology,2024-06-13 15:17:00,110,131,80,98.1,17,96,7
SYN-V-001151,SYN-P-00132,SYN-E-000286,Synthetic Specialty Clinic,Pulmonology,2024-06-13 23:09:00,59,132,79,98.3,12,98,
SYN-V-001152,SYN-P-00189,SYN-E-000287,Synthetic Regional Medical Center,Emergency,2024-06-13 23:51:00,97,128,80,99.3,19,99,7
SYN-V-001153,SYN-P-00161,SYN-E-000288,Synthetic Community Hospital East,Emergency,2024-06-14 07:22:00,72,150,74,98.2,20,93,0
SYN-V-001154,SYN-P-00161,SYN-E-000288,Synthetic Community Hospital East,Emergency,2024-06-14 08:13:00,60,153,69,97.8,21,95,8
SYN-V-001155,SYN-P-00161,SYN-E-000288,Synthetic Community Hospital East,Emergency,2024-06-14 10:10:00,70,130,90,97.5,18,97,7
SYN-V-001156,SYN-P-00160,SYN-E-000289,Synthetic Regional Medical Center,Cardiology,2024-06-14 18:34:00,70,137,76,97.1,20,93,2
SYN-V-001157,SYN-P-00160,SYN-E-000289,Synthetic Regional Medical Center,Cardiology,2024-06-14 20:07:00,76,136,60,99.1,19,94,3
SYN-V-001158,SYN-P-00160,SYN-E-000289,Synthetic Regional Medical Center,Cardiology,2024-06-14 20:59:00,72,139,82,97.9,21,97,5
SYN-V-001159,SYN-P-00160,SYN-E-000289,Synthetic Regional Medical Center,Cardiology,2024-06-15 01:26:00,80,154,74,98.0,18,93,2
SYN-V-001160,SYN-P-00160,SYN-E-000289,Synthetic Regional Medical Center,Cardiology,2024-06-15 20:29:00,83,131,77,97.6,20,97,
SYN-V-001161,SYN-P-00160,SYN-E-000289,Synthetic Regional Medical Center,Cardiology,2024-06-16 09:07:00,76,133,84,98.1,13,96,0
SYN-V-001162,SYN-P-00160,SYN-E-000289,Synthetic Regional Medical Center,Cardiology,2024-06-16 12:32:00,84,130,88,97.7,18,94,8
SYN-V-001163,SYN-P-00160,SYN-E-000289,Synthetic Regional Medical Center,Cardiology,2024-06-16 12:56:00,76,104,73,97.2,18,92,3
SYN-V-001164,SYN-P-00160,SYN-E-000289,Synthetic Regional Medical Center,Cardiology,2024-06-16 14:41:00,99,120,74,98.4,14,100,1
SYN-V-001165,SYN-P-00074,SYN-E-000290,Synthetic Specialty Clinic,Pulmonology,2024-06-15 08:25:00,55,116,90,99.6,14,94,3
SYN-V-001166,SYN-P-00130,SYN-E-000291,Synthetic Community Hospital West,Emergency,2024-06-15 10:44:00,101,107,69,97.5,21,97,5
SYN-V-001167,SYN-P-00130,SYN-E-000291,Synthetic Community Hospital West,Emergency,2024-06-15 11:17:00,76,153,70,98.6,17,92,3
SYN-V-001168,SYN-P-00130,SYN-E-000291,Synthetic Community Hospital West,Emergency,2024-06-15 12:45:00,67,136,65,97.6,19,92,0
SYN-V-001169,SYN-P-00130,SYN-E-000291,Synthetic Community Hospital West,Emergency,2024-06-15 12:47:00,91,104,67,97.5,19,95,8
SYN-V-001170,SYN-P-00240,SYN-E-000292,Synthetic Outpatient Center,Endocrinology,2024-06-15 23:29:00,70,123,89,98.1,16,100,3
SYN-V-001171,SYN-P-00027,SYN-E-000294,Synthetic Community Hospital West,Pulmonology,2024-06-17 02:43:00,77,146,95,98.9,12,98,1
SYN-V-001172,SYN-P-00027,SYN-E-000294,Synthetic Community Hospital West,Pulmonology,2024-06-17 03:47:00,59,117,83,99.6,21,97,5
SYN-V-001173,SYN-P-00027,SYN-E-000294,Synthetic Community Hospital West,Pulmonology,2024-06-17 07:39:00,102,159,74,99.4,12,92,5
SYN-V-001174,SYN-P-00027,SYN-E-000294,Synthetic Community Hospital West,Pulmonology,2024-06-17 12:34:00,98,123,60,99.4,14,100,1
SYN-V-001175,SYN-P-00027,SYN-E-000294,Synthetic Community Hospital West,Pulmonology,2024-06-19 07:34:00,66,136,62,97.3,17,99,7
SYN-V-001176,SYN-P-00027,SYN-E-000294,Synthetic Community Hospital West,Pulmonology,2024-06-19 21:21:00,82,150,91,97.8,18,95,5
SYN-V-001177,SYN-P-00027,SYN-E-000294,Synthetic Community Hospital West,Pulmonology,2024-06-20 08:08:00,58,104,76,97.1,20,100,7
SYN-V-001178,SYN-P-00027,SYN-E-000294,Synthetic Community Hospital West,Pulmonology,2024-06-21 04:21:00,106,118,64,98.4,15,100,8
SYN-V-001179,SYN-P-00027,SYN-E-000294,Synthetic Community Hospital West,Pulmonology,2024-06-21 09:01:00,88,154,75,99.3,18,97,4
SYN-V-001180,SYN-P-00027,SYN-E-000294,Synthetic Community Hospital West,Pulmonology,2024-06-21 21:39:00,76,139,83,99.6,18,96,7
SYN-V-001181,SYN-P-00027,SYN-E-000294,Synthetic Community Hospital West,Pulmonology,2024-06-22 21:38:00,65,111,71,98.4,19,100,6
SYN-V-001182,SYN-P-00027,SYN-E-000294,Synthetic Community Hospital West,Pulmonology,2024-06-23 02:18:00,100,108,95,98.3,18,98,3
SYN-V-001183,SYN-P-00027,SYN-E-000294,Synthetic Community Hospital West,Pulmonology,2024-06-23 09:56:00,106,101,92,98.6,15,99,6
SYN-V-001184,SYN-P-00027,SYN-E-000294,Synthetic Community Hospital West,Pulmonology,2024-06-23 18:28:00,56,136,61,98.8,20,99,0
SYN-V-001185,SYN-P-00027,SYN-E-000294,Synthetic Community Hospital West,Pulmonology,2024-06-24 12:02:00,107,111,92,97.2,20,93,5
SYN-V-001186,SYN-P-00027,SYN-E-000294,Synthetic Community Hospital West,Pulmonology,2024-06-24 16:57:00,72,107,87,99.7,22,92,4
SYN-V-001187,SYN-P-00027,SYN-E-000294,Synthetic Community Hospital West,Pulmonology,2024-06-25 03:12:00,86,159,87,97.1,17,99,0
SYN-V-001188,SYN-P-00027,SYN-E-000294,Synthetic Community Hospital West,Pulmonology,2024-06-26 00:14:00,94,158,87,99.4,19,99,4
SYN-V-001189,SYN-P-00027,SYN-E-000294,Synthetic Community Hospital West,Pulmonology,2024-06-26 03:01:00,77,134,86,99.6,20,95,2
SYN-V-001190,SYN-P-00187,SYN-E-000296,Synthetic Outpatient Center,Pulmonology,2024-06-16 19:55:00,79,111,68,99.4,13,96,
SYN-V-001191,SYN-P-00187,SYN-E-000296,Synthetic Outpatient Center,Pulmonology,2024-06-16 21:12:00,85,125,92,99.3,22,98,
SYN-V-001192,SYN-P-00216,SYN-E-000297,Synthetic Outpatient Center,Primary Care,2024-06-18 00:46:00,108,134,80,99.3,20,97,6
SYN-V-001193,SYN-P-00184,SYN-E-000298,Synthetic Community Hospital East,Orthopedics,2024-06-18 01:02:00,93,142,74,98.2,15,98,6
SYN-V-001194,SYN-P-00184,SYN-E-000298,Synthetic Community Hospital East,Orthopedics,2024-06-18 02:08:00,77,140,70,120.5,13,93,0
SYN-V-001195,SYN-P-00028,SYN-E-000299,Synthetic Community Hospital East,Emergency,2024-06-18 03:02:00,94,111,69,97.4,21,95,
SYN-V-001196,SYN-P-00028,SYN-E-000299,Synthetic Community Hospital East,Emergency,2024-06-18 03:46:00,85,118,71,97.9,20,94,4
SYN-V-001197,SYN-P-00028,SYN-E-000299,Synthetic Community Hospital East,Emergency,2024-06-18 05:18:00,63,121,94,97.8,15,96,3
SYN-V-001198,SYN-P-00274,SYN-E-000300,Synthetic Specialty Clinic,Orthopedics,2024-06-18 11:52:00,80,152,72,97.1,12,99,5
SYN-V-001199,SYN-P-00274,SYN-E-000300,Synthetic Specialty Clinic,Orthopedics,2024-06-18 11:58:00,68,153,84,98.7,15,95,3
SYN-V-001200,SYN-P-00274,SYN-E-000300,Synthetic Specialty Clinic,Orthopedics,2024-06-18 12:33:00,84,100,76,99.0,13,92,6
SYN-V-001201,SYN-P-00191,SYN-E-000301,Synthetic Community Hospital East,Emergency,2024-06-19 03:56:00,109,126,92,98.4,19,92,2
SYN-V-001202,SYN-P-00191,SYN-E-000301,Synthetic Community Hospital East,Emergency,2024-06-19 05:10:00,105,129,73,97.9,22,97,5
SYN-V-001203,SYN-P-00059,SYN-E-000302,Synthetic Community Hospital West,Emergency,2024-06-19 04:16:00,110,138,93,98.0,15,99,6
SYN-V-001204,SYN-P-00059,SYN-E-000302,Synthetic Community Hospital West,Emergency,2024-06-19 06:15:00,55,124,68,99.5,17,95,4
SYN-V-001205,SYN-P-00059,SYN-E-000302,Synthetic Community Hospital West,Emergency,2024-06-19 07:37:00,58,135,76,98.8,19,98,0
SYN-V-001206,SYN-P-00059,SYN-E-000302,Synthetic Community Hospital West,Emergency,2024-06-19 07:48:00,63,117,64,99.0,19,96,1
SYN-V-001207,SYN-P-00241,SYN-E-000303,Synthetic Specialty Clinic,Pulmonology,2024-06-21 20:03:00,70,138,66,99.1,21,93,4
SYN-V-001208,SYN-P-00277,SYN-E-000304,Synthetic Specialty Clinic,Primary Care,2024-06-21 19:00:00,80,110,76,99.7,15,100,4
SYN-V-001209,SYN-P-00277,SYN-E-000304,Synthetic Specialty Clinic,Primary Care,2024-06-21 20:18:00,62,112,83,97.4,21,93,4
SYN-V-001210,SYN-P-00109,SYN-E-000306,Synthetic Specialty Clinic,Pulmonology,2024-06-22 08:50:00,85,142,71,99.1,17,100,1
SYN-V-001211,SYN-P-00248,SYN-E-000307,Synthetic Specialty Clinic,Pulmonology,2024-06-22 23:23:00,62,144,63,99.6,18,99,0
SYN-V-001212,SYN-P-00036,SYN-E-000310,Synthetic Regional Medical Center,Pulmonology,2024-06-23 20:13:00,78,110,78,99.3,16,99,5
SYN-V-001213,SYN-P-00258,SYN-E-000311,Synthetic Specialty Clinic,Cardiology,2024-06-24 02:43:00,88,115,72,98.5,20,93,3
SYN-V-001214,SYN-P-00214,SYN-E-000312,Synthetic Outpatient Center,Primary Care,2024-06-25 10:59:00,76,142,70,98.3,12,94,1
SYN-V-001215,SYN-P-00025,SYN-E-000313,Synthetic Specialty Clinic,Pulmonology,2024-06-25 20:17:00,68,130,93,97.5,15,92,2
SYN-V-001216,SYN-P-00276,SYN-E-000314,Synthetic Regional Medical Center,Cardiology,2024-06-26 19:16:00,63,101,65,99.0,19,97,5
SYN-V-001217,SYN-P-00276,SYN-E-000314,Synthetic Regional Medical Center,Cardiology,2024-06-27 00:11:00,97,105,62,97.6,20,92,1
SYN-V-001218,SYN-P-00276,SYN-E-000314,Synthetic Regional Medical Center,Cardiology,2024-06-27 13:38:00,105,124,81,99.2,20,100,7
SYN-V-001219,SYN-P-00276,SYN-E-000314,Synthetic Regional Medical Center,Cardiology,2024-06-27 19:11:00,71,158,67,99.2,15,98,4
SYN-V-001220,SYN-P-00276,SYN-E-000314,Synthetic Regional Medical Center,Cardiology,2024-06-27 20:07:00,98,135,61,99.7,12,99,8
SYN-V-001221,SYN-P-00276,SYN-E-000314,Synthetic Regional Medical Center,Cardiology,2024-06-27 23:24:00,60,136,67,98.8,20,93,2
SYN-V-001222,SYN-P-00276,SYN-E-000314,Synthetic Regional Medical Center,Cardiology,2024-06-28 03:54:00,85,145,83,98.7,12,100,2
SYN-V-001223,SYN-P-00276,SYN-E-000314,Synthetic Regional Medical Center,Cardiology,2024-06-28 11:45:00,107,149,60,99.0,18,94,4
SYN-V-001224,SYN-P-00276,SYN-E-000314,Synthetic Regional Medical Center,Cardiology,2024-06-29 09:27:00,88,135,67,99.3,19,96,6
SYN-V-001225,SYN-P-00276,SYN-E-000314,Synthetic Regional Medical Center,Cardiology,2024-06-29 17:00:00,99,153,93,98.6,19,92,6
SYN-V-001226,SYN-P-00276,SYN-E-000314,Synthetic Regional Medical Center,Cardiology,2024-06-29 18:12:00,106,113,61,99.3,13,98,1
SYN-V-001227,SYN-P-00276,SYN-E-000314,Synthetic Regional Medical Center,Cardiology,2024-06-29 20:08:00,97,135,88,98.4,13,94,6
SYN-V-001228,SYN-P-00276,SYN-E-000314,Synthetic Regional Medical Center,Cardiology,2024-06-29 23:27:00,66,146,71,98.5,17,95,5
SYN-V-001229,SYN-P-00276,SYN-E-000314,Synthetic Regional Medical Center,Cardiology,2024-06-30 04:20:00,91,133,77,99.8,19,98,6
SYN-V-001230,SYN-P-00294,SYN-E-000315,Synthetic Specialty Clinic,Primary Care,2024-06-27 09:39:00,93,155,62,99.3,13,96,6
SYN-V-001231,SYN-P-00182,SYN-E-000316,Synthetic Specialty Clinic,Cardiology,2024-06-27 08:11:00,68,157,79,97.0,13,97,6
SYN-V-001232,SYN-P-00182,SYN-E-000316,Synthetic Specialty Clinic,Cardiology,2024-06-27 10:32:00,102,111,93,98.0,16,97,1
SYN-V-001233,SYN-P-00182,SYN-E-000316,Synthetic Specialty Clinic,Cardiology,2024-06-27 10:37:00,73,105,75,99.6,12,95,7
SYN-V-001234,SYN-P-00143,SYN-E-000317,Synthetic Regional Medical Center,Emergency,2024-06-28 05:40:00,100,122,64,99.8,22,100,3
SYN-V-001235,SYN-P-00143,SYN-E-000317,Synthetic Regional Medical Center,Emergency,2024-06-28 05:48:00,103,121,88,98.2,13,100,7
SYN-V-001236,SYN-P-00143,SYN-E-000317,Synthetic Regional Medical Center,Emergency,2024-06-28 06:33:00,79,101,72,98.6,16,97,5
SYN-V-001237,SYN-P-00143,SYN-E-000317,Synthetic Regional Medical Center,Emergency,2024-06-28 06:45:00,103,100,84,97.0,13,97,8
SYN-V-001238,SYN-P-00143,SYN-E-000317,Synthetic Regional Medical Center,Emergency,2024-06-28 07:07:00,70,132,68,98.0,12,100,2
SYN-V-001239,SYN-P-00143,SYN-E-000317,Synthetic Regional Medical Center,Emergency,2024-06-28 07:52:00,81,104,85,98.5,13,100,8
SYN-V-001240,SYN-P-00098,SYN-E-000319,Synthetic Community Hospital West,Endocrinology,2024-06-30 06:55:00,76,138,64,98.6,14,94,2
SYN-V-001241,SYN-P-00098,SYN-E-000319,Synthetic Community Hospital West,Endocrinology,2024-06-30 08:17:00,104,153,73,98.5,16,100,1
SYN-V-001242,SYN-P-00084,SYN-E-000320,Synthetic Outpatient Center,Primary Care,2024-07-01 06:03:00,102,142,83,99.4,13,95,
SYN-V-001243,SYN-P-00084,SYN-E-000320,Synthetic Outpatient Center,Primary Care,2024-07-01 08:54:00,59,111,92,99.5,12,94,5
SYN-V-001244,SYN-P-00070,SYN-E-000321,Synthetic Outpatient Center,Pulmonology,2024-07-01 11:20:00,101,138,67,97.7,12,98,0
SYN-V-001245,SYN-P-00070,SYN-E-000321,Synthetic Outpatient Center,Pulmonology,2024-07-01 13:29:00,94,111,77,98.1,15,98,2
SYN-V-001246,SYN-P-00245,SYN-E-000322,Synthetic Specialty Clinic,Orthopedics,2024-07-01 14:59:00,85,141,74,97.2,20,92,5
SYN-V-001247,SYN-P-00233,SYN-E-000323,Synthetic Specialty Clinic,Orthopedics,2024-07-01 17:13:00,61,110,77,99.4,21,94,4
SYN-V-001248,SYN-P-00233,SYN-E-000323,Synthetic Specialty Clinic,Orthopedics,2024-07-01 20:22:00,78,117,62,97.4,16,96,6
SYN-V-001249,SYN-P-00041,SYN-E-000324,Synthetic Community Hospital West,Neurology,2024-07-02 16:21:00,83,134,69,98.6,21,94,5
SYN-V-001250,SYN-P-00041,SYN-E-000324,Synthetic Community Hospital West,Neurology,2024-07-03 02:52:00,94,112,85,98.5,19,92,0
SYN-V-001251,SYN-P-00041,SYN-E-000324,Synthetic Community Hospital West,Neurology,2024-07-03 07:38:00,70,158,70,97.7,20,96,5
SYN-V-001252,SYN-P-00041,SYN-E-000324,Synthetic Community Hospital West,Neurology,2024-07-03 12:28:00,59,137,77,97.4,14,95,0
SYN-V-001253,SYN-P-00041,SYN-E-000324,Synthetic Community Hospital West,Neurology,2024-07-03 18:52:00,82,100,69,99.5,16,97,1
SYN-V-001254,SYN-P-00041,SYN-E-000324,Synthetic Community Hospital West,Neurology,2024-07-04 04:42:00,82,120,65,98.7,19,99,0
SYN-V-001255,SYN-P-00041,SYN-E-000324,Synthetic Community Hospital West,Neurology,2024-07-04 15:50:00,76,138,80,98.1,15,93,2
SYN-V-001256,SYN-P-00041,SYN-E-000324,Synthetic Community Hospital West,Neurology,2024-07-04 21:01:00,88,136,85,98.9,14,93,4
SYN-V-001257,SYN-P-00041,SYN-E-000324,Synthetic Community Hospital West,Neurology,2024-07-05 03:16:00,108,115,69,98.3,19,96,5
SYN-V-001258,SYN-P-00041,SYN-E-000324,Synthetic Community Hospital West,Neurology,2024-07-05 05:09:00,76,100,74,99.1,20,96,8
SYN-V-001259,SYN-P-00041,SYN-E-000324,Synthetic Community Hospital West,Neurology,2024-07-05 12:25:00,56,138,76,98.7,14,97,7
SYN-V-001260,SYN-P-00041,SYN-E-000324,Synthetic Community Hospital West,Neurology,2024-07-05 17:49:00,82,139,94,98.6,20,93,2
SYN-V-001261,SYN-P-00041,SYN-E-000324,Synthetic Community Hospital West,Neurology,2024-07-06 18:21:00,106,147,62,99.5,17,99,1
SYN-V-001262,SYN-P-00041,SYN-E-000324,Synthetic Community Hospital West,Neurology,2024-07-07 16:39:00,98,137,83,98.2,18,100,1
SYN-V-001263,SYN-P-00041,SYN-E-000324,Synthetic Community Hospital West,Neurology,2024-07-07 20:53:00,99,131,61,99.5,14,98,2
SYN-V-001264,SYN-P-00041,SYN-E-000324,Synthetic Community Hospital West,Neurology,2024-07-08 06:42:00,102,131,94,98.4,17,92,7
SYN-V-001265,SYN-P-00041,SYN-E-000324,Synthetic Community Hospital West,Neurology,2024-07-08 12:05:00,99,117,88,99.0,21,98,7
SYN-V-001266,SYN-P-00041,SYN-E-000324,Synthetic Community Hospital West,Neurology,2024-07-08 15:21:00,66,114,77,99.0,20,93,8
SYN-V-001267,SYN-P-00041,SYN-E-000324,Synthetic Community Hospital West,Neurology,2024-07-08 18:06:00,107,122,77,98.7,12,92,6
SYN-V-001268,SYN-P-00041,SYN-E-000324,Synthetic Community Hospital West,Neurology,2024-07-08 18:19:00,99,148,63,98.3,13,97,4
SYN-V-001269,SYN-P-00041,SYN-E-000324,Synthetic Community Hospital West,Neurology,2024-07-08 22:25:00,78,133,87,97.3,20,95,0
SYN-V-001270,SYN-P-00041,SYN-E-000324,Synthetic Community Hospital West,Neurology,2024-07-09 01:07:00,60,102,75,97.2,15,97,3
SYN-V-001271,SYN-P-00041,SYN-E-000324,Synthetic Community Hospital West,Neurology,2024-07-09 04:54:00,92,158,87,99.1,13,95,2
SYN-V-001272,SYN-P-00041,SYN-E-000324,Synthetic Community Hospital West,Neurology,2024-07-09 09:58:00,88,101,61,99.2,16,93,2
SYN-V-001273,SYN-P-00041,SYN-E-000324,Synthetic Community Hospital West,Neurology,2024-07-09 18:57:00,110,123,71,98.0,18,100,3
SYN-V-001274,SYN-P-00041,SYN-E-000324,Synthetic Community Hospital West,Neurology,2024-07-09 19:05:00,77,103,86,99.6,12,95,4
SYN-V-001275,SYN-P-00041,SYN-E-000324,Synthetic Community Hospital West,Neurology,2024-07-10 06:10:00,100,129,60,99.2,19,93,5
SYN-V-001276,SYN-P-00041,SYN-E-000324,Synthetic Community Hospital West,Neurology,2024-07-10 11:55:00,94,116,69,98.5,21,96,2
SYN-V-001277,SYN-P-00041,SYN-E-000324,Synthetic Community Hospital West,Neurology,2024-07-10 20:54:00,90,157,92,97.3,15,98,0
SYN-V-001278,SYN-P-00041,SYN-E-000324,Synthetic Community Hospital West,Neurology,2024-07-10 22:54:00,108,150,68,99.7,15,97,0
SYN-V-001279,SYN-P-00041,SYN-E-000324,Synthetic Community Hospital West,Neurology,2024-07-11 09:51:00,61,139,86,98.0,20,96,3
SYN-V-001280,SYN-P-00190,SYN-E-000325,Synthetic Outpatient Center,Primary Care,2024-07-02 12:34:00,74,160,87,97.1,13,100,7
SYN-V-001281,SYN-P-00190,SYN-E-000325,Synthetic Outpatient Center,Primary Care,2024-07-02 12:37:00,100,137,64,98.2,19,99,0
SYN-V-001282,SYN-P-00001,SYN-E-000327,Synthetic Community Hospital East,Nephrology,2024-07-03 07:11:00,98,104,78,98.5,13,93,1
SYN-V-001283,SYN-P-00001,SYN-E-000327,Synthetic Community Hospital East,Nephrology,2024-07-03 07:42:00,63,135,82,99.4,13,99,8
SYN-V-001284,SYN-P-00001,SYN-E-000327,Synthetic Community Hospital East,Nephrology,2024-07-03 10:10:00,104,142,93,99.5,17,98,0
SYN-V-001285,SYN-P-00001,SYN-E-000327,Synthetic Community Hospital East,Nephrology,2024-07-03 11:16:00,56,152,60,97.3,20,96,7
SYN-V-001286,SYN-P-00001,SYN-E-000327,Synthetic Community Hospital East,Nephrology,2024-07-03 13:54:00,62,119,74,99.2,18,100,0
SYN-V-001287,SYN-P-00001,SYN-E-000327,Synthetic Community Hospital East,Nephrology,2024-07-03 14:52:00,65,134,79,98.6,21,93,
SYN-V-001288,SYN-P-00001,SYN-E-000327,Synthetic Community Hospital East,Nephrology,2024-07-03 18:29:00,109,116,71,98.9,21,98,1
SYN-V-001289,SYN-P-00213,SYN-E-000328,Synthetic Regional Medical Center,Pulmonology,2024-07-03 06:04:00,81,128,70,97.9,12,94,6
SYN-V-001290,SYN-P-00213,SYN-E-000328,Synthetic Regional Medical Center,Pulmonology,2024-07-03 10:31:00,109,124,74,97.6,17,92,7
SYN-V-001291,SYN-P-00213,SYN-E-000328,Synthetic Regional Medical Center,Pulmonology,2024-07-03 15:33:00,90,145,90,98.4,14,98,0
SYN-V-001292,SYN-P-00213,SYN-E-000328,Synthetic Regional Medical Center,Pulmonology,2024-07-04 00:43:00,84,107,62,97.7,18,94,2
SYN-V-001293,SYN-P-00213,SYN-E-000328,Synthetic Regional Medical Center,Pulmonology,2024-07-04 04:12:00,94,118,64,97.9,22,95,0
SYN-V-001294,SYN-P-00213,SYN-E-000328,Synthetic Regional Medical Center,Pulmonology,2024-07-04 20:22:00,58,111,75,98.3,14,97,2
SYN-V-001295,SYN-P-00213,SYN-E-000328,Synthetic Regional Medical Center,Pulmonology,2024-07-04 22:12:00,66,102,74,98.6,18,99,3
SYN-V-001296,SYN-P-00213,SYN-E-000328,Synthetic Regional Medical Center,Pulmonology,2024-07-05 13:03:00,96,115,61,97.8,14,96,3
SYN-V-001297,SYN-P-00213,SYN-E-000328,Synthetic Regional Medical Center,Pulmonology,2024-07-05 17:50:00,109,115,69,98.9,20,100,7
SYN-V-001298,SYN-P-00213,SYN-E-000328,Synthetic Regional Medical Center,Pulmonology,2024-07-05 22:54:00,57,104,73,97.3,16,94,8
SYN-V-001299,SYN-P-00213,SYN-E-000328,Synthetic Regional Medical Center,Pulmonology,2024-07-06 02:53:00,66,150,63,97.8,15,99,0
SYN-V-001300,SYN-P-00213,SYN-E-000328,Synthetic Regional Medical Center,Pulmonology,2024-07-06 09:03:00,77,141,76,97.3,16,95,6
SYN-V-001301,SYN-P-00213,SYN-E-000328,Synthetic Regional Medical Center,Pulmonology,2024-07-06 21:30:00,76,151,68,98.3,16,93,2
SYN-V-001302,SYN-P-00213,SYN-E-000328,Synthetic Regional Medical Center,Pulmonology,2024-07-06 22:14:00,68,122,82,99.7,18,96,2
SYN-V-001303,SYN-P-00213,SYN-E-000328,Synthetic Regional Medical Center,Pulmonology,2024-07-08 11:02:00,95,146,68,99.1,20,100,7
SYN-V-001304,SYN-P-00213,SYN-E-000328,Synthetic Regional Medical Center,Pulmonology,2024-07-08 11:07:00,96,124,63,97.5,16,97,5
SYN-V-001305,SYN-P-00213,SYN-E-000328,Synthetic Regional Medical Center,Pulmonology,2024-07-08 14:31:00,99,157,61,97.2,14,94,1
SYN-V-001306,SYN-P-00181,SYN-E-000329,Synthetic Community Hospital West,Orthopedics,2024-07-03 09:32:00,78,133,64,99.0,13,97,0
SYN-V-001307,SYN-P-00181,SYN-E-000329,Synthetic Community Hospital West,Orthopedics,2024-07-03 11:52:00,93,120,69,99.3,16,99,7
SYN-V-001308,SYN-P-00256,SYN-E-000330,Synthetic Outpatient Center,Primary Care,2024-07-03 14:36:00,77,148,79,97.3,15,99,8
SYN-V-001309,SYN-P-00256,SYN-E-000330,Synthetic Outpatient Center,Primary Care,2024-07-03 16:49:00,93,102,76,98.6,13,98,2
SYN-V-001310,SYN-P-00256,SYN-E-000330,Synthetic Outpatient Center,Primary Care,2024-07-03 17:46:00,96,128,81,98.1,14,99,2
SYN-V-001311,SYN-P-00133,SYN-E-000331,Synthetic Specialty Clinic,Endocrinology,2024-07-04 16:47:00,65,128,81,98.2,14,92,7
SYN-V-001312,SYN-P-00287,SYN-E-000332,Synthetic Specialty Clinic,Orthopedics,2024-07-05 08:54:00,101,108,62,98.9,14,92,1
SYN-V-001313,SYN-P-00051,SYN-E-000333,Synthetic Regional Medical Center,Internal Medicine,2024-07-05 13:53:00,60,135,78,97.3,15,94,2
SYN-V-001314,SYN-P-00051,SYN-E-000333,Synthetic Regional Medical Center,Internal Medicine,2024-07-06 08:43:00,57,133,77,98.5,20,99,3
SYN-V-001315,SYN-P-00051,SYN-E-000333,Synthetic Regional Medical Center,Internal Medicine,2024-07-06 12:06:00,95,127,95,97.8,19,98,5
SYN-V-001316,SYN-P-00164,SYN-E-000334,Synthetic Regional Medical Center,Emergency,2024-07-05 16:53:00,78,158,88,97.5,15,96,1
SYN-V-001317,SYN-P-00164,SYN-E-000334,Synthetic Regional Medical Center,Emergency,2024-07-05 17:13:00,56,139,79,97.3,22,93,5
SYN-V-001318,SYN-P-00164,SYN-E-000334,Synthetic Regional Medical Center,Emergency,2024-07-05 17:49:00,70,117,82,97.2,15,93,2
SYN-V-001319,SYN-P-00164,SYN-E-000334,Synthetic Regional Medical Center,Emergency,2024-07-05 18:59:00,73,147,93,99.6,22,100,3
SYN-V-001320,SYN-P-00164,SYN-E-000334,Synthetic Regional Medical Center,Emergency,2024-07-05 18:59:00,68,131,61,98.9,21,94,5
SYN-V-001321,SYN-P-00164,SYN-E-000334,Synthetic Regional Medical Center,Emergency,2024-07-05 19:58:00,60,118,84,98.9,19,97,7
SYN-V-001322,SYN-P-00220,SYN-E-000335,Synthetic Community Hospital East,Neurology,2024-07-06 17:58:00,75,122,69,99.7,20,100,8
SYN-V-001323,SYN-P-00220,SYN-E-000335,Synthetic Community Hospital East,Neurology,2024-07-07 01:48:00,76,147,88,99.4,21,96,6
SYN-V-001324,SYN-P-00220,SYN-E-000335,Synthetic Community Hospital East,Neurology,2024-07-07 01:53:00,110,107,79,99.4,15,94,6
SYN-V-001325,SYN-P-00220,SYN-E-000335,Synthetic Community Hospital East,Neurology,2024-07-07 09:41:00,58,136,76,99.6,15,93,1
SYN-V-001326,SYN-P-00220,SYN-E-000335,Synthetic Community Hospital East,Neurology,2024-07-07 12:22:00,78,154,85,99.1,14,99,6
SYN-V-001327,SYN-P-00220,SYN-E-000335,Synthetic Community Hospital East,Neurology,2024-07-07 18:05:00,100,119,90,97.6,21,95,0
SYN-V-001328,SYN-P-00180,SYN-E-000336,Synthetic Community Hospital East,Pulmonology,2024-07-07 05:14:00,92,127,79,97.9,15,98,6
SYN-V-001329,SYN-P-00180,SYN-E-000336,Synthetic Community Hospital East,Pulmonology,2024-07-07 06:53:00,109,156,91,98.3,22,92,1
SYN-V-001330,SYN-P-00180,SYN-E-000336,Synthetic Community Hospital East,Pulmonology,2024-07-08 07:17:00,74,146,69,98.3,19,96,8
SYN-V-001331,SYN-P-00180,SYN-E-000336,Synthetic Community Hospital East,Pulmonology,2024-07-08 23:17:00,93,118,79,97.3,19,93,2
SYN-V-001332,SYN-P-00180,SYN-E-000336,Synthetic Community Hospital East,Pulmonology,2024-07-09 04:41:00,94,149,62,97.8,17,98,4
SYN-V-001333,SYN-P-00180,SYN-E-000336,Synthetic Community Hospital East,Pulmonology,2024-07-09 10:20:00,59,108,72,98.0,18,99,6
SYN-V-001334,SYN-P-00180,SYN-E-000336,Synthetic Community Hospital East,Pulmonology,2024-07-09 20:17:00,70,114,80,98.2,12,100,
SYN-V-001335,SYN-P-00180,SYN-E-000336,Synthetic Community Hospital East,Pulmonology,2024-07-09 21:31:00,62,148,92,99.6,13,99,6
SYN-V-001336,SYN-P-00180,SYN-E-000336,Synthetic Community Hospital East,Pulmonology,2024-07-09 23:02:00,62,107,74,99.4,15,92,1
SYN-V-001337,SYN-P-00180,SYN-E-000336,Synthetic Community Hospital East,Pulmonology,2024-07-10 06:23:00,78,142,86,99.5,18,94,2
SYN-V-001338,SYN-P-00180,SYN-E-000336,Synthetic Community Hospital East,Pulmonology,2024-07-10 11:20:00,107,149,84,98.8,13,93,8
SYN-V-001339,SYN-P-00180,SYN-E-000336,Synthetic Community Hospital East,Pulmonology,2024-07-10 11:39:00,108,127,75,98.1,19,92,
SYN-V-001340,SYN-P-00180,SYN-E-000336,Synthetic Community Hospital East,Pulmonology,2024-07-10 17:43:00,105,129,68,98.2,14,96,0
SYN-V-001341,SYN-P-00180,SYN-E-000336,Synthetic Community Hospital East,Pulmonology,2024-07-11 02:57:00,63,122,63,99.0,21,93,3
SYN-V-001342,SYN-P-00180,SYN-E-000336,Synthetic Community Hospital East,Pulmonology,2024-07-11 03:35:00,73,145,75,98.9,16,97,8
SYN-V-001343,SYN-P-00180,SYN-E-000336,Synthetic Community Hospital East,Pulmonology,2024-07-11 05:24:00,57,139,81,97.6,19,96,1
SYN-V-001344,SYN-P-00180,SYN-E-000336,Synthetic Community Hospital East,Pulmonology,2024-07-11 08:44:00,75,113,93,99.5,22,97,1
SYN-V-001345,SYN-P-00180,SYN-E-000336,Synthetic Community Hospital East,Pulmonology,2024-07-11 12:07:00,65,136,81,98.3,20,98,2
SYN-V-001346,SYN-P-00101,SYN-E-000337,Synthetic Specialty Clinic,Cardiology,2024-07-07 08:06:00,97,144,88,97.3,12,99,5
SYN-V-001347,SYN-P-00101,SYN-E-000337,Synthetic Specialty Clinic,Cardiology,2024-07-07 08:21:00,75,159,79,99.4,12,97,0
SYN-V-001348,SYN-P-00178,SYN-E-000338,Synthetic Outpatient Center,Primary Care,2024-07-07 17:52:00,74,105,67,99.1,12,96,3
SYN-V-001349,SYN-P-00178,SYN-E-000338,Synthetic Outpatient Center,Primary Care,2024-07-07 18:37:00,78,111,85,99.2,16,98,2
SYN-V-001350,SYN-P-00267,SYN-E-000339,Synthetic Regional Medical Center,Emergency,2024-07-07 19:47:00,102,153,79,97.5,17,93,0
SYN-V-001351,SYN-P-00267,SYN-E-000339,Synthetic Regional Medical Center,Emergency,2024-07-07 20:26:00,72,141,84,97.8,14,100,2
SYN-V-001352,SYN-P-00267,SYN-E-000339,Synthetic Regional Medical Center,Emergency,2024-07-07 22:02:00,98,132,84,97.3,18,96,4
SYN-V-001353,SYN-P-00029,SYN-E-000340,Synthetic Specialty Clinic,Orthopedics,2024-07-08 00:52:00,89,111,77,97.5,13,94,6
SYN-V-001354,SYN-P-00029,SYN-E-000340,Synthetic Specialty Clinic,Orthopedics,2024-07-08 01:24:00,85,106,67,97.8,13,95,4
SYN-V-001355,SYN-P-00037,SYN-E-000341,Synthetic Community Hospital West,Orthopedics,2024-07-08 15:38:00,72,158,84,97.1,14,94,4
SYN-V-001356,SYN-P-00037,SYN-E-000341,Synthetic Community Hospital West,Orthopedics,2024-07-08 17:10:00,70,146,70,97.5,12,92,5
SYN-V-001357,SYN-P-00037,SYN-E-000341,Synthetic Community Hospital West,Orthopedics,2024-07-09 03:20:00,79,118,94,97.3,14,97,5
SYN-V-001358,SYN-P-00037,SYN-E-000341,Synthetic Community Hospital West,Orthopedics,2024-07-09 03:44:00,83,122,88,98.3,12,95,8
SYN-V-001359,SYN-P-00037,SYN-E-000341,Synthetic Community Hospital West,Orthopedics,2024-07-10 04:07:00,109,106,63,99.1,14,94,
SYN-V-001360,SYN-P-00037,SYN-E-000341,Synthetic Community Hospital West,Orthopedics,2024-07-10 06:25:00,85,124,73,98.8,15,94,3
SYN-V-001361,SYN-P-00037,SYN-E-000341,Synthetic Community Hospital West,Orthopedics,2024-07-10 07:30:00,82,136,67,97.7,16,100,2
SYN-V-001362,SYN-P-00037,SYN-E-000341,Synthetic Community Hospital West,Orthopedics,2024-07-11 04:21:00,107,101,92,97.7,13,100,4
SYN-V-001363,SYN-P-00037,SYN-E-000341,Synthetic Community Hospital West,Orthopedics,2024-07-11 14:43:00,85,101,77,97.7,15,93,3
SYN-V-001364,SYN-P-00037,SYN-E-000341,Synthetic Community Hospital West,Orthopedics,2024-07-11 14:53:00,108,141,88,97.0,15,97,6
SYN-V-001365,SYN-P-00037,SYN-E-000341,Synthetic Community Hospital West,Orthopedics,2024-07-12 10:52:00,62,132,80,97.1,20,100,1
SYN-V-001366,SYN-P-00111,SYN-E-000342,Synthetic Regional Medical Center,Internal Medicine,2024-07-08 12:33:00,102,133,84,99.6,15,94,4
SYN-V-001367,SYN-P-00111,SYN-E-000342,Synthetic Regional Medical Center,Internal Medicine,2024-07-09 01:42:00,91,160,70,97.4,14,99,3
SYN-V-001368,SYN-P-00111,SYN-E-000342,Synthetic Regional Medical Center,Internal Medicine,2024-07-09 09:46:00,59,101,85,97.0,15,98,2
SYN-V-001369,SYN-P-00111,SYN-E-000342,Synthetic Regional Medical Center,Internal Medicine,2024-07-09 18:25:00,84,132,90,97.7,19,96,8
SYN-V-001370,SYN-P-00111,SYN-E-000342,Synthetic Regional Medical Center,Internal Medicine,2024-07-10 02:47:00,91,144,85,98.1,19,96,3
SYN-V-001371,SYN-P-00111,SYN-E-000342,Synthetic Regional Medical Center,Internal Medicine,2024-07-10 10:35:00,82,109,93,99.6,15,96,3
SYN-V-001372,SYN-P-00111,SYN-E-000342,Synthetic Regional Medical Center,Internal Medicine,2024-07-10 15:41:00,94,105,92,99.6,18,97,2
SYN-V-001373,SYN-P-00111,SYN-E-000342,Synthetic Regional Medical Center,Internal Medicine,2024-07-10 17:37:00,105,113,81,97.0,12,96,6
SYN-V-001374,SYN-P-00111,SYN-E-000342,Synthetic Regional Medical Center,Internal Medicine,2024-07-10 22:48:00,98,138,86,97.6,13,98,8
SYN-V-001375,SYN-P-00111,SYN-E-000342,Synthetic Regional Medical Center,Internal Medicine,2024-07-11 04:29:00,67,117,85,99.2,13,97,8
SYN-V-001376,SYN-P-00111,SYN-E-000342,Synthetic Regional Medical Center,Internal Medicine,2024-07-11 11:41:00,105,119,71,98.6,17,97,8
SYN-V-001377,SYN-P-00251,SYN-E-000343,Synthetic Community Hospital East,Cardiology,2024-07-08 14:01:00,80,104,80,97.8,20,92,0
SYN-V-001378,SYN-P-00251,SYN-E-000343,Synthetic Community Hospital East,Cardiology,2024-07-08 16:42:00,88,119,77,98.3,14,96,6
SYN-V-001379,SYN-P-00251,SYN-E-000343,Synthetic Community Hospital East,Cardiology,2024-07-09 11:34:00,82,147,94,97.9,19,100,6
SYN-V-001380,SYN-P-00251,SYN-E-000343,Synthetic Community Hospital East,Cardiology,2024-07-09 23:55:00,108,115,76,98.6,15,99,4
SYN-V-001381,SYN-P-00251,SYN-E-000343,Synthetic Community Hospital East,Cardiology,2024-07-10 00:10:00,61,147,68,99.0,14,94,2
SYN-V-001382,SYN-P-00251,SYN-E-000343,Synthetic Community Hospital East,Cardiology,2024-07-10 04:07:00,83,143,79,97.0,20,100,8
SYN-V-001383,SYN-P-00251,SYN-E-000343,Synthetic Community Hospital East,Cardiology,2024-07-10 05:17:00,66,150,64,97.4,15,97,5
SYN-V-001384,SYN-P-00251,SYN-E-000343,Synthetic Community Hospital East,Cardiology,2024-07-10 10:38:00,82,120,67,97.2,21,97,1
SYN-V-001385,SYN-P-00251,SYN-E-000343,Synthetic Community Hospital East,Cardiology,2024-07-10 14:39:00,108,114,90,98.4,13,94,5
SYN-V-001386,SYN-P-00251,SYN-E-000343,Synthetic Community Hospital East,Cardiology,2024-07-10 14:40:00,104,158,65,99.5,22,94,2
SYN-V-001387,SYN-P-00251,SYN-E-000343,Synthetic Community Hospital East,Cardiology,2024-07-10 15:51:00,60,150,69,98.3,17,97,8
SYN-V-001388,SYN-P-00215,SYN-E-000344,Synthetic Community Hospital East,Emergency,2024-07-08 17:52:00,70,108,78,99.4,22,100,3
SYN-V-001389,SYN-P-00215,SYN-E-000344,Synthetic Community Hospital East,Emergency,2024-07-08 17:54:00,88,138,75,99.6,16,95,6
SYN-V-001390,SYN-P-00249,SYN-E-000345,Synthetic Community Hospital West,Internal Medicine,2024-07-08 19:05:00,87,111,63,98.0,14,92,3
SYN-V-001391,SYN-P-00249,SYN-E-000345,Synthetic Community Hospital West,Internal Medicine,2024-07-08 19:58:00,95,126,63,99.4,12,96,4
SYN-V-001392,SYN-P-00249,SYN-E-000345,Synthetic Community Hospital West,Internal Medicine,2024-07-08 20:26:00,100,112,70,98.3,12,95,1
SYN-V-001393,SYN-P-00249,SYN-E-000345,Synthetic Community Hospital West,Internal Medicine,2024-07-08 21:11:00,93,112,68,97.6,18,98,6
SYN-V-001394,SYN-P-00249,SYN-E-000345,Synthetic Community Hospital West,Internal Medicine,2024-07-08 21:12:00,107,134,85,97.7,16,99,1
SYN-V-001395,SYN-P-00249,SYN-E-000345,Synthetic Community Hospital West,Internal Medicine,2024-07-08 21:47:00,80,120,70,98.4,15,98,4
SYN-V-001396,SYN-P-00057,SYN-E-000346,Synthetic Outpatient Center,Endocrinology,2024-07-09 11:42:00,90,154,88,97.9,17,95,2
SYN-V-001397,SYN-P-00259,SYN-E-000349,Synthetic Outpatient Center,Pulmonology,2024-07-10 13:35:00,109,135,62,98.6,13,96,6
SYN-V-001398,SYN-P-00276,SYN-E-000350,Synthetic Community Hospital East,Pulmonology,2024-07-12 20:21:00,87,133,94,99.7,17,94,2
SYN-V-001399,SYN-P-00276,SYN-E-000350,Synthetic Community Hospital East,Pulmonology,2024-07-13 07:56:00,108,110,94,97.8,22,99,8
SYN-V-001400,SYN-P-00276,SYN-E-000350,Synthetic Community Hospital East,Pulmonology,2024-07-13 22:59:00,68,106,70,97.8,15,93,0
SYN-V-001401,SYN-P-00276,SYN-E-000350,Synthetic Community Hospital East,Pulmonology,2024-07-14 02:04:00,65,142,74,97.3,13,97,4
SYN-V-001402,SYN-P-00276,SYN-E-000350,Synthetic Community Hospital East,Pulmonology,2024-07-14 04:31:00,93,133,64,99.7,19,100,3
SYN-V-001403,SYN-P-00276,SYN-E-000350,Synthetic Community Hospital East,Pulmonology,2024-07-14 05:48:00,71,113,89,97.1,20,97,6
SYN-V-001404,SYN-P-00276,SYN-E-000350,Synthetic Community Hospital East,Pulmonology,2024-07-14 08:18:00,80,111,73,98.9,22,96,8
SYN-V-001405,SYN-P-00276,SYN-E-000350,Synthetic Community Hospital East,Pulmonology,2024-07-14 13:18:00,84,160,91,99.1,20,93,0
SYN-V-001406,SYN-P-00276,SYN-E-000350,Synthetic Community Hospital East,Pulmonology,2024-07-14 14:28:00,86,129,61,98.7,15,94,8
SYN-V-001407,SYN-P-00163,SYN-E-000351,Synthetic Regional Medical Center,Cardiology,2024-07-12 22:33:00,61,113,60,98.0,16,98,6
SYN-V-001408,SYN-P-00163,SYN-E-000351,Synthetic Regional Medical Center,Cardiology,2024-07-12 23:52:00,86,152,79,98.5,20,97,8
SYN-V-001409,SYN-P-00163,SYN-E-000351,Synthetic Regional Medical Center,Cardiology,2024-07-12 23:59:00,76,124,72,98.6,15,94,4
SYN-V-001410,SYN-P-00163,SYN-E-000351,Synthetic Regional Medical Center,Cardiology,2024-07-13 00:16:00,68,145,82,99.5,20,99,2
SYN-V-001411,SYN-P-00163,SYN-E-000351,Synthetic Regional Medical Center,Cardiology,2024-07-13 00:54:00,108,154,93,97.2,15,97,7
SYN-V-001412,SYN-P-00163,SYN-E-000351,Synthetic Regional Medical Center,Cardiology,2024-07-13 01:12:00,63,109,77,99.5,19,96,3
SYN-V-001413,SYN-P-00138,SYN-E-000352,Synthetic Specialty Clinic,Cardiology,2024-07-13 20:04:00,88,145,86,98.2,22,92,1
SYN-V-001414,SYN-P-00138,SYN-E-000352,Synthetic Specialty Clinic,Cardiology,2024-07-13 20:09:00,71,105,85,99.4,21,95,6
SYN-V-001415,SYN-P-00138,SYN-E-000352,Synthetic Specialty Clinic,Cardiology,2024-07-13 20:27:00,105,157,78,98.9,13,99,5
SYN-V-001416,SYN-P-00149,SYN-E-000353,Synthetic Specialty Clinic,Primary Care,2024-07-13 19:16:00,100,159,95,99.7,16,93,1
SYN-V-001417,SYN-P-00261,SYN-E-000354,Synthetic Community Hospital West,Emergency,2024-07-13 18:45:00,97,130,61,97.4,14,93,
SYN-V-001418,SYN-P-00261,SYN-E-000354,Synthetic Community Hospital West,Emergency,2024-07-13 19:05:00,72,116,86,97.7,14,93,7
SYN-V-001419,SYN-P-00261,SYN-E-000354,Synthetic Community Hospital West,Emergency,2024-07-13 20:00:00,75,123,78,97.6,12,99,0
SYN-V-001420,SYN-P-00261,SYN-E-000354,Synthetic Community Hospital West,Emergency,2024-07-13 20:19:00,75,150,65,99.7,19,95,5
SYN-V-001421,SYN-P-00261,SYN-E-000354,Synthetic Community Hospital West,Emergency,2024-07-13 21:53:00,108,128,66,98.2,21,98,6
SYN-V-001422,SYN-P-00261,SYN-E-000354,Synthetic Community Hospital West,Emergency,2024-07-13 22:04:00,70,152,83,98.4,22,98,3
SYN-V-001423,SYN-P-00038,SYN-E-000355,Synthetic Community Hospital East,Internal Medicine,2024-07-15 02:04:00,94,104,80,98.2,15,95,3
SYN-V-001424,SYN-P-00038,SYN-E-000355,Synthetic Community Hospital East,Internal Medicine,2024-07-15 12:01:00,81,158,87,98.6,19,97,2
SYN-V-001425,SYN-P-00038,SYN-E-000355,Synthetic Community Hospital East,Internal Medicine,2024-07-15 16:14:00,91,142,71,98.9,17,100,7
SYN-V-001426,SYN-P-00038,SYN-E-000355,Synthetic Community Hospital East,Internal Medicine,2024-07-15 23:45:00,71,153,95,97.4,15,98,5
SYN-V-001427,SYN-P-00038,SYN-E-000355,Synthetic Community Hospital East,Internal Medicine,2024-07-16 01:39:00,87,130,69,99.5,22,95,1
SYN-V-001428,SYN-P-00038,SYN-E-000355,Synthetic Community Hospital East,Internal Medicine,2024-07-16 01:42:00,71,151,68,99.0,20,99,3
SYN-V-001429,SYN-P-00203,SYN-E-000357,Synthetic Community Hospital West,Emergency,2024-07-14 22:06:00,103,143,84,99.2,13,98,0
SYN-V-001430,SYN-P-00203,SYN-E-000357,Synthetic Community Hospital West,Emergency,2024-07-14 22:55:00,82,126,85,98.4,15,94,7
SYN-V-001431,SYN-P-00085,SYN-E-000358,Synthetic Regional Medical Center,Pulmonology,2024-07-15 17:02:00,57,141,65,98.8,17,97,4
SYN-V-001432,SYN-P-00085,SYN-E-000358,Synthetic Regional Medical Center,Pulmonology,2024-07-16 10:38:00,91,141,75,97.3,15,96,4
SYN-V-001433,SYN-P-00085,SYN-E-000358,Synthetic Regional Medical Center,Pulmonology,2024-07-17 00:17:00,97,102,92,98.9,20,96,0
SYN-V-001434,SYN-P-00085,SYN-E-000358,Synthetic Regional Medical Center,Pulmonology,2024-07-17 13:53:00,80,141,88,99.2,22,93,5
SYN-V-001435,SYN-P-00085,SYN-E-000358,Synthetic Regional Medical Center,Pulmonology,2024-07-17 21:57:00,74,102,79,98.5,22,93,
SYN-V-001436,SYN-P-00085,SYN-E-000358,Synthetic Regional Medical Center,Pulmonology,2024-07-17 22:35:00,58,142,80,98.4,22,100,7
SYN-V-001437,SYN-P-00085,SYN-E-000358,Synthetic Regional Medical Center,Pulmonology,2024-07-18 19:02:00,84,156,68,98.7,21,98,2
SYN-V-001438,SYN-P-00085,SYN-E-000358,Synthetic Regional Medical Center,Pulmonology,2024-07-18 23:21:00,60,104,69,99.3,14,92,3
SYN-V-001439,SYN-P-00085,SYN-E-000358,Synthetic Regional Medical Center,Pulmonology,2024-07-19 03:51:00,94,138,74,97.7,13,92,3
SYN-V-001440,SYN-P-00085,SYN-E-000358,Synthetic Regional Medical Center,Pulmonology,2024-07-19 03:58:00,99,113,71,98.2,19,98,8
SYN-V-001441,SYN-P-00085,SYN-E-000358,Synthetic Regional Medical Center,Pulmonology,2024-07-19 13:54:00,110,118,85,97.1,12,93,4
SYN-V-001442,SYN-P-00085,SYN-E-000358,Synthetic Regional Medical Center,Pulmonology,2024-07-19 14:19:00,71,125,90,99.2,15,99,8
SYN-V-001443,SYN-P-00085,SYN-E-000358,Synthetic Regional Medical Center,Pulmonology,2024-07-19 18:32:00,59,101,78,98.5,13,98,6
SYN-V-001444,SYN-P-00085,SYN-E-000358,Synthetic Regional Medical Center,Pulmonology,2024-07-19 21:43:00,105,148,65,98.6,22,95,7
SYN-V-001445,SYN-P-00085,SYN-E-000358,Synthetic Regional Medical Center,Pulmonology,2024-07-21 11:24:00,107,139,69,97.8,21,94,3
SYN-V-001446,SYN-P-00085,SYN-E-000358,Synthetic Regional Medical Center,Pulmonology,2024-07-21 15:05:00,83,158,85,98.4,16,95,1
SYN-V-001447,SYN-P-00264,SYN-E-000359,Synthetic Regional Medical Center,Internal Medicine,2024-07-16 08:21:00,72,112,86,98.0,18,92,3
SYN-V-001448,SYN-P-00264,SYN-E-000359,Synthetic Regional Medical Center,Internal Medicine,2024-07-16 10:17:00,96,140,61,97.9,18,93,7
SYN-V-001449,SYN-P-00264,SYN-E-000359,Synthetic Regional Medical Center,Internal Medicine,2024-07-16 11:49:00,85,149,88,99.3,15,97,8
SYN-V-001450,SYN-P-00264,SYN-E-000359,Synthetic Regional Medical Center,Internal Medicine,2024-07-16 15:29:00,56,142,63,98.5,22,92,
SYN-V-001451,SYN-P-00264,SYN-E-000359,Synthetic Regional Medical Center,Internal Medicine,2024-07-17 15:14:00,58,157,67,98.6,19,96,5
SYN-V-001452,SYN-P-00264,SYN-E-000359,Synthetic Regional Medical Center,Internal Medicine,2024-07-18 07:49:00,77,105,72,99.7,21,100,8
SYN-V-001453,SYN-P-00264,SYN-E-000359,Synthetic Regional Medical Center,Internal Medicine,2024-07-18 21:14:00,100,138,89,98.6,15,96,4
SYN-V-001454,SYN-P-00264,SYN-E-000359,Synthetic Regional Medical Center,Internal Medicine,2024-07-19 01:10:00,104,107,79,99.4,12,96,4
SYN-V-001455,SYN-P-00264,SYN-E-000359,Synthetic Regional Medical Center,Internal Medicine,2024-07-19 01:21:00,107,111,73,99.5,16,100,0
SYN-V-001456,SYN-P-00264,SYN-E-000359,Synthetic Regional Medical Center,Internal Medicine,2024-07-19 06:43:00,92,127,83,99.3,15,93,3
SYN-V-001457,SYN-P-00264,SYN-E-000359,Synthetic Regional Medical Center,Internal Medicine,2024-07-20 16:38:00,58,134,62,98.3,19,92,3
SYN-V-001458,SYN-P-00264,SYN-E-000359,Synthetic Regional Medical Center,Internal Medicine,2024-07-21 05:03:00,94,112,69,98.9,16,92,8
SYN-V-001459,SYN-P-00264,SYN-E-000359,Synthetic Regional Medical Center,Internal Medicine,2024-07-21 19:31:00,79,124,82,98.1,18,97,3
SYN-V-001460,SYN-P-00264,SYN-E-000359,Synthetic Regional Medical Center,Internal Medicine,2024-07-22 11:00:00,86,132,94,97.3,17,93,0
SYN-V-001461,SYN-P-00264,SYN-E-000359,Synthetic Regional Medical Center,Internal Medicine,2024-07-22 11:08:00,81,115,88,99.3,15,96,8
SYN-V-001462,SYN-P-00264,SYN-E-000359,Synthetic Regional Medical Center,Internal Medicine,2024-07-23 01:46:00,96,158,62,99.2,20,96,3
SYN-V-001463,SYN-P-00123,SYN-E-000360,Synthetic Specialty Clinic,Orthopedics,2024-07-16 21:38:00,72,134,64,98.2,18,99,4
SYN-V-001464,SYN-P-00065,SYN-E-000361,Synthetic Outpatient Center,Primary Care,2024-07-16 23:14:00,74,143,60,99.2,20,100,2
SYN-V-001465,SYN-P-00065,SYN-E-000361,Synthetic Outpatient Center,Primary Care,2024-07-17 01:23:00,55,111,80,98.8,18,94,1
SYN-V-001466,SYN-P-00171,SYN-E-000364,Synthetic Community Hospital East,Emergency,2024-07-17 20:56:00,71,101,94,97.8,17,100,4
SYN-V-001467,SYN-P-00171,SYN-E-000364,Synthetic Community Hospital East,Emergency,2024-07-17 22:15:00,80,117,87,99.5,14,92,4
SYN-V-001468,SYN-P-00290,SYN-E-000368,Synthetic Specialty Clinic,Orthopedics,2024-07-19 00:12:00,74,137,75,97.2,20,96,8
SYN-V-001469,SYN-P-00243,SYN-E-000371,Synthetic Outpatient Center,Primary Care,2024-07-21 09:26:00,56,106,72,99.5,22,100,1
SYN-V-001470,SYN-P-00243,SYN-E-000371,Synthetic Outpatient Center,Primary Care,2024-07-21 11:27:00,95,101,68,98.1,12,98,2
SYN-V-001471,SYN-P-00176,SYN-E-000372,Synthetic Community Hospital East,Internal Medicine,2024-07-21 12:43:00,100,147,91,97.2,19,100,5
SYN-V-001472,SYN-P-00176,SYN-E-000372,Synthetic Community Hospital East,Internal Medicine,2024-07-22 09:54:00,83,117,63,98.7,18,96,7
SYN-V-001473,SYN-P-00176,SYN-E-000372,Synthetic Community Hospital East,Internal Medicine,2024-07-22 09:59:00,63,127,72,97.4,17,94,0
SYN-V-001474,SYN-P-00176,SYN-E-000372,Synthetic Community Hospital East,Internal Medicine,2024-07-22 13:50:00,85,137,86,98.9,19,98,8
SYN-V-001475,SYN-P-00176,SYN-E-000372,Synthetic Community Hospital East,Internal Medicine,2024-07-22 14:34:00,100,107,64,99.6,13,92,5
SYN-V-001476,SYN-P-00176,SYN-E-000372,Synthetic Community Hospital East,Internal Medicine,2024-07-23 01:02:00,75,156,81,99.0,14,98,7
SYN-V-001477,SYN-P-00176,SYN-E-000372,Synthetic Community Hospital East,Internal Medicine,2024-07-23 05:33:00,101,109,69,99.2,21,94,4
SYN-V-001478,SYN-P-00176,SYN-E-000372,Synthetic Community Hospital East,Internal Medicine,2024-07-23 13:14:00,69,106,89,98.9,19,98,1
SYN-V-001479,SYN-P-00176,SYN-E-000372,Synthetic Community Hospital East,Internal Medicine,2024-07-23 21:36:00,102,137,91,98.4,18,95,7
SYN-V-001480,SYN-P-00176,SYN-E-000372,Synthetic Community Hospital East,Internal Medicine,2024-07-24 12:18:00,61,136,80,97.1,20,93,6
SYN-V-001481,SYN-P-00176,SYN-E-000372,Synthetic Community Hospital East,Internal Medicine,2024-07-24 18:27:00,88,100,80,98.0,22,94,5
SYN-V-001482,SYN-P-00176,SYN-E-000372,Synthetic Community Hospital East,Internal Medicine,2024-07-24 18:55:00,100,129,75,98.9,14,93,7
SYN-V-001483,SYN-P-00176,SYN-E-000372,Synthetic Community Hospital East,Internal Medicine,2024-07-24 23:05:00,81,114,83,97.0,21,93,
SYN-V-001484,SYN-P-00176,SYN-E-000372,Synthetic Community Hospital East,Internal Medicine,2024-07-25 04:25:00,105,141,75,97.3,21,98,3
SYN-V-001485,SYN-P-00176,SYN-E-000372,Synthetic Community Hospital East,Internal Medicine,2024-07-25 05:21:00,57,111,74,97.2,20,93,2
SYN-V-001486,SYN-P-00176,SYN-E-000372,Synthetic Community Hospital East,Internal Medicine,2024-07-25 05:55:00,104,155,67,98.0,14,97,4
SYN-V-001487,SYN-P-00176,SYN-E-000372,Synthetic Community Hospital East,Internal Medicine,2024-07-25 20:37:00,55,119,61,97.1,19,99,4
SYN-V-001488,SYN-P-00176,SYN-E-000372,Synthetic Community Hospital East,Internal Medicine,2024-07-26 04:19:00,102,120,75,97.3,21,93,1
SYN-V-001489,SYN-P-00176,SYN-E-000372,Synthetic Community Hospital East,Internal Medicine,2024-07-26 11:03:00,74,153,92,98.0,20,94,5
SYN-V-001490,SYN-P-00176,SYN-E-000372,Synthetic Community Hospital East,Internal Medicine,2024-07-26 11:42:00,72,142,65,99.3,22,94,3
SYN-V-001491,SYN-P-00176,SYN-E-000372,Synthetic Community Hospital East,Internal Medicine,2024-07-26 12:50:00,58,104,64,98.8,13,97,2
SYN-V-001492,SYN-P-00176,SYN-E-000372,Synthetic Community Hospital East,Internal Medicine,2024-07-26 13:24:00,91,121,93,99.6,18,100,8
SYN-V-001493,SYN-P-00043,SYN-E-000373,Synthetic Community Hospital East,Neurology,2024-07-21 22:22:00,109,157,62,97.9,19,95,8
SYN-V-001494,SYN-P-00043,SYN-E-000373,Synthetic Community Hospital East,Neurology,2024-07-21 23:19:00,94,154,89,97.9,16,96,6
SYN-V-001495,SYN-P-00043,SYN-E-000373,Synthetic Community Hospital East,Neurology,2024-07-22 10:03:00,105,157,87,98.2,14,92,7
SYN-V-001496,SYN-P-00043,SYN-E-000373,Synthetic Community Hospital East,Neurology,2024-07-22 16:16:00,96,115,78,98.7,19,96,2
SYN-V-001497,SYN-P-00043,SYN-E-000373,Synthetic Community Hospital East,Neurology,2024-07-22 16:51:00,80,104,75,98.9,21,92,0
SYN-V-001498,SYN-P-00239,SYN-E-000374,Synthetic Community Hospital West,Primary Care,2024-07-21 20:31:00,74,158,95,97.9,21,94,5
SYN-V-001499,SYN-P-00239,SYN-E-000374,Synthetic Community Hospital West,Primary Care,2024-07-21 20:35:00,59,110,76,97.7,14,98,3
SYN-V-001500,SYN-P-00239,SYN-E-000374,Synthetic Community Hospital West,Primary Care,2024-07-21 20:52:00,68,111,65,97.7,21,97,4
SYN-V-001501,SYN-P-00027,SYN-E-000375,Synthetic Community Hospital West,Pulmonology,2024-07-22 07:46:00,95,109,79,99.8,16,92,5
SYN-V-001502,SYN-P-00027,SYN-E-000375,Synthetic Community Hospital West,Pulmonology,2024-07-22 08:17:00,95,124,63,98.3,19,92,2
SYN-V-001503,SYN-P-00027,SYN-E-000375,Synthetic Community Hospital West,Pulmonology,2024-07-22 23:26:00,74,136,81,98.4,16,95,0
SYN-V-001504,SYN-P-00027,SYN-E-000375,Synthetic Community Hospital West,Pulmonology,2024-07-23 08:55:00,103,141,73,98.7,17,95,4
SYN-V-001505,SYN-P-00027,SYN-E-000375,Synthetic Community Hospital West,Pulmonology,2024-07-24 08:00:00,91,102,73,98.8,15,93,8
SYN-V-001506,SYN-P-00027,SYN-E-000375,Synthetic Community Hospital West,Pulmonology,2024-07-24 11:31:00,55,111,75,98.0,12,97,7
SYN-V-001507,SYN-P-00027,SYN-E-000375,Synthetic Community Hospital West,Pulmonology,2024-07-24 18:11:00,82,112,89,97.3,13,96,7
SYN-V-001508,SYN-P-00027,SYN-E-000375,Synthetic Community Hospital West,Pulmonology,2024-07-24 21:56:00,58,150,82,99.3,18,100,6
SYN-V-001509,SYN-P-00027,SYN-E-000375,Synthetic Community Hospital West,Pulmonology,2024-07-25 08:43:00,96,114,92,97.9,19,95,
SYN-V-001510,SYN-P-00027,SYN-E-000375,Synthetic Community Hospital West,Pulmonology,2024-07-25 09:16:00,103,137,77,99.3,17,94,0
SYN-V-001511,SYN-P-00086,SYN-E-000377,Synthetic Regional Medical Center,Primary Care,2024-07-23 08:23:00,80,105,71,99.7,16,93,0
SYN-V-001512,SYN-P-00217,SYN-E-000379,Synthetic Community Hospital East,Pulmonology,2024-07-24 03:44:00,103,119,64,97.9,14,93,5
SYN-V-001513,SYN-P-00118,SYN-E-000380,Synthetic Regional Medical Center,Internal Medicine,2024-07-25 09:31:00,76,158,70,99.5,14,92,1
SYN-V-001514,SYN-P-00118,SYN-E-000380,Synthetic Regional Medical Center,Internal Medicine,2024-07-25 10:52:00,63,137,71,98.6,21,95,1
SYN-V-001515,SYN-P-00118,SYN-E-000380,Synthetic Regional Medical Center,Internal Medicine,2024-07-25 23:30:00,79,126,91,97.2,21,96,1
SYN-V-001516,SYN-P-00118,SYN-E-000380,Synthetic Regional Medical Center,Internal Medicine,2024-07-26 01:50:00,103,101,74,99.7,13,93,6
SYN-V-001517,SYN-P-00118,SYN-E-000380,Synthetic Regional Medical Center,Internal Medicine,2024-07-26 14:07:00,78,111,77,97.0,16,99,7
SYN-V-001518,SYN-P-00118,SYN-E-000380,Synthetic Regional Medical Center,Internal Medicine,2024-07-26 17:55:00,66,101,79,98.1,15,96,3
SYN-V-001519,SYN-P-00118,SYN-E-000380,Synthetic Regional Medical Center,Internal Medicine,2024-07-27 07:25:00,85,138,66,98.4,19,96,4
SYN-V-001520,SYN-P-00118,SYN-E-000380,Synthetic Regional Medical Center,Internal Medicine,2024-07-27 09:52:00,85,137,81,97.2,13,93,5
SYN-V-001521,SYN-P-00118,SYN-E-000380,Synthetic Regional Medical Center,Internal Medicine,2024-07-27 19:06:00,104,132,93,98.4,18,100,0
SYN-V-001522,SYN-P-00118,SYN-E-000380,Synthetic Regional Medical Center,Internal Medicine,2024-07-27 20:02:00,88,160,66,98.4,14,97,5
SYN-V-001523,SYN-P-00161,SYN-E-000381,Synthetic Community Hospital East,Cardiology,2024-07-25 22:28:00,74,156,91,99.2,18,100,6
SYN-V-001524,SYN-P-00161,SYN-E-000381,Synthetic Community Hospital East,Cardiology,2024-07-25 22:47:00,88,140,81,99.2,17,96,5
SYN-V-001525,SYN-P-00161,SYN-E-000381,Synthetic Community Hospital East,Cardiology,2024-07-26 06:57:00,72,135,85,99.2,14,96,
SYN-V-001526,SYN-P-00161,SYN-E-000381,Synthetic Community Hospital East,Cardiology,2024-07-26 10:35:00,64,137,85,98.0,12,94,4
SYN-V-001527,SYN-P-00161,SYN-E-000381,Synthetic Community Hospital East,Cardiology,2024-07-26 19:28:00,66,138,95,97.2,17,95,7
SYN-V-001528,SYN-P-00161,SYN-E-000381,Synthetic Community Hospital East,Cardiology,2024-07-26 21:58:00,89,128,91,98.3,12,97,5
SYN-V-001529,SYN-P-00161,SYN-E-000381,Synthetic Community Hospital East,Cardiology,2024-07-26 22:04:00,69,148,82,97.2,19,92,2
SYN-V-001530,SYN-P-00132,SYN-E-000382,Synthetic Community Hospital East,Pulmonology,2024-07-26 14:28:00,108,102,63,97.1,17,92,8
SYN-V-001531,SYN-P-00132,SYN-E-000382,Synthetic Community Hospital East,Pulmonology,2024-07-27 04:52:00,104,108,81,99.3,16,95,5
SYN-V-001532,SYN-P-00132,SYN-E-000382,Synthetic Community Hospital East,Pulmonology,2024-07-27 09:58:00,95,108,92,99.3,14,97,2
SYN-V-001533,SYN-P-00132,SYN-E-000382,Synthetic Community Hospital East,Pulmonology,2024-07-28 09:39:00,101,153,90,98.7,22,94,
SYN-V-001534,SYN-P-00132,SYN-E-000382,Synthetic Community Hospital East,Pulmonology,2024-07-28 17:46:00,78,134,71,99.1,13,94,6
SYN-V-001535,SYN-P-00132,SYN-E-000382,Synthetic Community Hospital East,Pulmonology,2024-07-28 23:31:00,74,113,65,99.5,20,96,8
SYN-V-001536,SYN-P-00132,SYN-E-000382,Synthetic Community Hospital East,Pulmonology,2024-07-29 01:40:00,106,153,94,99.6,20,97,8
SYN-V-001537,SYN-P-00132,SYN-E-000382,Synthetic Community Hospital East,Pulmonology,2024-07-29 03:45:00,62,147,94,98.7,17,92,6
SYN-V-001538,SYN-P-00079,SYN-E-000384,Synthetic Outpatient Center,Orthopedics,2024-07-27 16:26:00,107,145,65,97.7,21,92,5
SYN-V-001539,SYN-P-00079,SYN-E-000384,Synthetic Outpatient Center,Orthopedics,2024-07-27 16:37:00,75,107,93,99.7,21,92,5
SYN-V-001540,SYN-P-00079,SYN-E-000384,Synthetic Outpatient Center,Orthopedics,2024-07-27 16:59:00,65,151,77,98.3,18,98,2
SYN-V-001541,SYN-P-00221,SYN-E-000385,Synthetic Regional Medical Center,Primary Care,2024-07-28 01:50:00,90,117,79,98.8,17,100,1
SYN-V-001542,SYN-P-00221,SYN-E-000385,Synthetic Regional Medical Center,Primary Care,2024-07-28 02:07:00,56,125,77,99.5,17,95,6
SYN-V-001543,SYN-P-00221,SYN-E-000385,Synthetic Regional Medical Center,Primary Care,2024-07-28 02:30:00,98,146,77,97.7,16,99,3
SYN-V-001544,SYN-P-00294,SYN-E-000387,Synthetic Community Hospital West,Cardiology,2024-07-28 11:38:00,62,103,87,98.7,12,92,0
SYN-V-001545,SYN-P-00280,SYN-E-000388,Synthetic Regional Medical Center,Internal Medicine,2024-07-29 11:29:00,86,157,92,98.5,13,93,1
SYN-V-001546,SYN-P-00280,SYN-E-000388,Synthetic Regional Medical Center,Internal Medicine,2024-07-29 19:23:00,59,153,95,98.0,20,98,6
SYN-V-001547,SYN-P-00280,SYN-E-000388,Synthetic Regional Medical Center,Internal Medicine,2024-07-31 18:08:00,99,107,79,98.9,16,92,1
SYN-V-001548,SYN-P-00280,SYN-E-000388,Synthetic Regional Medical Center,Internal Medicine,2024-08-01 07:05:00,93,106,77,97.0,14,99,6
SYN-V-001549,SYN-P-00113,SYN-E-000389,Synthetic Community Hospital East,Primary Care,2024-07-29 14:12:00,71,115,80,99.8,16,96,0
SYN-V-001550,SYN-P-00170,SYN-E-000391,Synthetic Community Hospital East,Emergency,2024-07-30 08:22:00,86,125,64,97.6,12,94,4
SYN-V-001551,SYN-P-00170,SYN-E-000391,Synthetic Community Hospital East,Emergency,2024-07-30 08:31:00,67,130,61,97.9,15,95,6
SYN-V-001552,SYN-P-00170,SYN-E-000391,Synthetic Community Hospital East,Emergency,2024-07-30 10:31:00,85,141,69,97.8,13,92,7
SYN-V-001553,SYN-P-00108,SYN-E-000392,Synthetic Specialty Clinic,Pulmonology,2024-08-01 17:56:00,74,133,60,99.6,12,94,2
SYN-V-001554,SYN-P-00072,SYN-E-000393,Synthetic Regional Medical Center,Pulmonology,2024-08-02 01:57:00,81,101,83,97.6,19,96,
SYN-V-001555,SYN-P-00072,SYN-E-000393,Synthetic Regional Medical Center,Pulmonology,2024-08-02 01:59:00,64,142,73,99.1,21,97,0
SYN-V-001556,SYN-P-00072,SYN-E-000393,Synthetic Regional Medical Center,Pulmonology,2024-08-02 20:41:00,79,119,78,99.6,13,99,0
SYN-V-001557,SYN-P-00072,SYN-E-000393,Synthetic Regional Medical Center,Pulmonology,2024-08-02 23:45:00,105,106,87,97.6,14,96,1
SYN-V-001558,SYN-P-00072,SYN-E-000393,Synthetic Regional Medical Center,Pulmonology,2024-08-03 19:37:00,63,112,76,97.3,20,100,0
SYN-V-001559,SYN-P-00072,SYN-E-000393,Synthetic Regional Medical Center,Pulmonology,2024-08-03 22:45:00,93,129,88,98.2,21,96,3
SYN-V-001560,SYN-P-00072,SYN-E-000393,Synthetic Regional Medical Center,Pulmonology,2024-08-03 23:22:00,85,137,68,98.5,22,95,2
SYN-V-001561,SYN-P-00072,SYN-E-000393,Synthetic Regional Medical Center,Pulmonology,2024-08-04 05:36:00,66,159,83,98.4,21,99,2
SYN-V-001562,SYN-P-00072,SYN-E-000393,Synthetic Regional Medical Center,Pulmonology,2024-08-04 13:54:00,100,152,95,98.3,12,92,6
SYN-V-001563,SYN-P-00072,SYN-E-000393,Synthetic Regional Medical Center,Pulmonology,2024-08-04 17:25:00,88,151,80,97.3,15,92,1
SYN-V-001564,SYN-P-00072,SYN-E-000393,Synthetic Regional Medical Center,Pulmonology,2024-08-04 17:54:00,104,138,80,97.3,15,92,4
SYN-V-001565,SYN-P-00072,SYN-E-000393,Synthetic Regional Medical Center,Pulmonology,2024-08-04 18:55:00,84,125,64,97.8,16,100,4
SYN-V-001566,SYN-P-00072,SYN-E-000393,Synthetic Regional Medical Center,Pulmonology,2024-08-05 03:50:00,109,100,95,99.0,15,95,0
SYN-V-001567,SYN-P-00072,SYN-E-000393,Synthetic Regional Medical Center,Pulmonology,2024-08-06 00:01:00,88,130,77,98.1,22,100,4
SYN-V-001568,SYN-P-00072,SYN-E-000393,Synthetic Regional Medical Center,Pulmonology,2024-08-06 08:45:00,63,153,65,99.1,12,94,0
SYN-V-001569,SYN-P-00072,SYN-E-000393,Synthetic Regional Medical Center,Pulmonology,2024-08-06 09:05:00,69,112,75,99.4,13,96,4
SYN-V-001570,SYN-P-00072,SYN-E-000393,Synthetic Regional Medical Center,Pulmonology,2024-08-06 14:20:00,70,152,94,99.0,15,95,8
SYN-V-001571,SYN-P-00072,SYN-E-000393,Synthetic Regional Medical Center,Pulmonology,2024-08-06 22:17:00,108,120,79,98.2,19,99,5
SYN-V-001572,SYN-P-00072,SYN-E-000393,Synthetic Regional Medical Center,Pulmonology,2024-08-07 12:32:00,88,135,91,97.7,22,97,0
SYN-V-001573,SYN-P-00072,SYN-E-000393,Synthetic Regional Medical Center,Pulmonology,2024-08-08 07:44:00,86,105,88,99.5,14,95,5
SYN-V-001574,SYN-P-00072,SYN-E-000393,Synthetic Regional Medical Center,Pulmonology,2024-08-08 09:46:00,82,140,60,99.2,12,94,1
SYN-V-001575,SYN-P-00072,SYN-E-000393,Synthetic Regional Medical Center,Pulmonology,2024-08-08 09:49:00,68,155,67,97.4,19,94,0
SYN-V-001576,SYN-P-00072,SYN-E-000393,Synthetic Regional Medical Center,Pulmonology,2024-08-08 16:36:00,98,101,64,99.3,14,93,8
SYN-V-001577,SYN-P-00207,SYN-E-000395,Synthetic Outpatient Center,Pulmonology,2024-08-02 04:20:00,74,156,67,98.5,19,98,7
SYN-V-001578,SYN-P-00207,SYN-E-000395,Synthetic Outpatient Center,Pulmonology,2024-08-02 06:39:00,79,102,91,99.5,22,94,0
SYN-V-001579,SYN-P-00070,SYN-E-000396,Synthetic Outpatient Center,Primary Care,2024-08-02 11:13:00,78,156,94,98.9,19,92,3
SYN-V-001580,SYN-P-00070,SYN-E-000396,Synthetic Outpatient Center,Primary Care,2024-08-02 11:55:00,68,143,70,98.4,19,92,0
SYN-V-001581,SYN-P-00060,SYN-E-000397,Synthetic Outpatient Center,Primary Care,2024-08-02 15:11:00,96,133,74,97.1,13,99,6
SYN-V-001582,SYN-P-00060,SYN-E-000397,Synthetic Outpatient Center,Primary Care,2024-08-02 16:27:00,87,157,74,97.2,15,92,
SYN-V-001583,SYN-P-00110,SYN-E-000398,Synthetic Community Hospital East,Emergency,2024-08-03 05:25:00,102,124,77,97.6,15,92,0
SYN-V-001584,SYN-P-00110,SYN-E-000398,Synthetic Community Hospital East,Emergency,2024-08-03 06:41:00,100,127,77,99.0,19,92,8
SYN-V-001585,SYN-P-00110,SYN-E-000398,Synthetic Community Hospital East,Emergency,2024-08-03 07:20:00,92,157,73,98.0,21,98,1
SYN-V-001586,SYN-P-00002,SYN-E-000399,Synthetic Community Hospital West,Orthopedics,2024-08-03 09:30:00,107,116,93,97.4,21,99,6
SYN-V-001587,SYN-P-00002,SYN-E-000399,Synthetic Community Hospital West,Orthopedics,2024-08-03 15:32:00,86,147,95,97.5,12,97,6
SYN-V-001588,SYN-P-00002,SYN-E-000399,Synthetic Community Hospital West,Orthopedics,2024-08-03 20:54:00,88,100,69,99.2,12,92,
SYN-V-001589,SYN-P-00002,SYN-E-000399,Synthetic Community Hospital West,Orthopedics,2024-08-04 00:18:00,94,119,81,98.2,14,100,5
SYN-V-001590,SYN-P-00002,SYN-E-000399,Synthetic Community Hospital West,Orthopedics,2024-08-04 19:00:00,75,152,92,97.7,18,100,1
SYN-V-001591,SYN-P-00002,SYN-E-000399,Synthetic Community Hospital West,Orthopedics,2024-08-04 23:47:00,60,136,75,99.3,22,97,6
SYN-V-001592,SYN-P-00002,SYN-E-000399,Synthetic Community Hospital West,Orthopedics,2024-08-05 02:00:00,84,152,75,99.3,12,99,4
SYN-V-001593,SYN-P-00002,SYN-E-000399,Synthetic Community Hospital West,Orthopedics,2024-08-05 11:29:00,107,155,61,99.7,14,96,4
SYN-V-001594,SYN-P-00002,SYN-E-000399,Synthetic Community Hospital West,Orthopedics,2024-08-05 13:16:00,89,132,88,98.2,21,100,5
SYN-V-001595,SYN-P-00002,SYN-E-000399,Synthetic Community Hospital West,Orthopedics,2024-08-05 17:08:00,99,118,86,99.2,20,96,7
SYN-V-001596,SYN-P-00002,SYN-E-000399,Synthetic Community Hospital West,Orthopedics,2024-08-05 21:29:00,85,101,89,97.6,12,98,5
SYN-V-001597,SYN-P-00002,SYN-E-000399,Synthetic Community Hospital West,Orthopedics,2024-08-06 00:11:00,55,148,79,98.8,15,92,0
SYN-V-001598,SYN-P-00002,SYN-E-000399,Synthetic Community Hospital West,Orthopedics,2024-08-06 12:44:00,96,116,64,97.5,22,98,3
SYN-V-001599,SYN-P-00002,SYN-E-000399,Synthetic Community Hospital West,Orthopedics,2024-08-06 17:19:00,89,120,90,97.1,12,95,8
SYN-V-001600,SYN-P-00002,SYN-E-000399,Synthetic Community Hospital West,Orthopedics,2024-08-07 02:48:00,68,155,66,98.9,21,93,5
SYN-V-001601,SYN-P-00254,SYN-E-000401,Synthetic Outpatient Center,Cardiology,2024-08-03 20:32:00,90,139,86,98.2,12,99,
SYN-V-001602,SYN-P-00183,SYN-E-000402,Synthetic Community Hospital East,Primary Care,2024-08-04 13:47:00,85,105,76,97.3,16,95,1
SYN-V-001603,SYN-P-00183,SYN-E-000402,Synthetic Community Hospital East,Primary Care,2024-08-04 15:47:00,63,103,66,98.3,12,96,4
SYN-V-001604,SYN-P-00281,SYN-E-000403,Synthetic Community Hospital East,Orthopedics,2024-08-05 04:40:00,80,146,63,98.6,12,95,4
SYN-V-001605,SYN-P-00156,SYN-E-000404,Synthetic Community Hospital East,Orthopedics,2024-08-07 05:44:00,87,134,65,99.7,18,96,3
SYN-V-001606,SYN-P-00156,SYN-E-000404,Synthetic Community Hospital East,Orthopedics,2024-08-07 07:46:00,100,159,93,98.2,16,92,3
SYN-V-001607,SYN-P-00156,SYN-E-000404,Synthetic Community Hospital East,Orthopedics,2024-08-07 09:09:00,93,103,86,99.0,15,92,2
SYN-V-001608,SYN-P-00156,SYN-E-000404,Synthetic Community Hospital East,Orthopedics,2024-08-07 12:56:00,108,115,89,98.3,19,98,6
SYN-V-001609,SYN-P-00068,SYN-E-000405,Synthetic Community Hospital West,Emergency,2024-08-06 22:43:00,108,145,91,98.0,21,100,5
SYN-V-001610,SYN-P-00068,SYN-E-000405,Synthetic Community Hospital West,Emergency,2024-08-06 23:32:00,59,138,76,98.4,21,100,8
SYN-V-001611,SYN-P-00068,SYN-E-000405,Synthetic Community Hospital West,Emergency,2024-08-06 23:40:00,75,119,72,98.8,15,97,7
SYN-V-001612,SYN-P-00074,SYN-E-000406,Synthetic Specialty Clinic,Pulmonology,2024-08-07 04:55:00,83,104,71,97.6,18,99,8
SYN-V-001613,SYN-P-00074,SYN-E-000406,Synthetic Specialty Clinic,Pulmonology,2024-08-07 06:05:00,89,153,94,98.1,21,100,4
SYN-V-001614,SYN-P-00074,SYN-E-000406,Synthetic Specialty Clinic,Pulmonology,2024-08-07 07:03:00,99,140,63,98.0,13,94,8
SYN-V-001615,SYN-P-00122,SYN-E-000407,Synthetic Regional Medical Center,Cardiology,2024-08-07 15:18:00,97,106,71,98.1,20,97,
SYN-V-001616,SYN-P-00122,SYN-E-000407,Synthetic Regional Medical Center,Cardiology,2024-08-07 15:54:00,92,128,90,98.4,12,99,5
SYN-V-001617,SYN-P-00122,SYN-E-000407,Synthetic Regional Medical Center,Cardiology,2024-08-07 17:42:00,86,134,94,97.8,18,100,8
SYN-V-001618,SYN-P-00274,SYN-E-000409,Synthetic Community Hospital West,Emergency,2024-08-08 17:11:00,104,158,68,97.1,19,92,1
SYN-V-001619,SYN-P-00274,SYN-E-000409,Synthetic Community Hospital West,Emergency,2024-08-08 17:40:00,92,153,61,99.7,15,95,7
SYN-V-001620,SYN-P-00274,SYN-E-000409,Synthetic Community Hospital West,Emergency,2024-08-08 18:01:00,108,138,79,99.6,20,92,5
SYN-V-001621,SYN-P-00274,SYN-E-000409,Synthetic Community Hospital West,Emergency,2024-08-08 18:48:00,71,146,61,99.5,14,96,6
SYN-V-001622,SYN-P-00182,SYN-E-000410,Synthetic Community Hospital West,Emergency,2024-08-08 20:15:00,70,160,70,97.3,18,100,0
SYN-V-001623,SYN-P-00182,SYN-E-000410,Synthetic Community Hospital West,Emergency,2024-08-08 21:25:00,70,112,74,98.3,21,98,2
SYN-V-001624,SYN-P-00290,SYN-E-000411,Synthetic Outpatient Center,Orthopedics,2024-08-09 05:41:00,98,124,79,98.1,21,97,2
SYN-V-001625,SYN-P-00242,SYN-E-000412,Synthetic Regional Medical Center,Orthopedics,2024-08-09 06:12:00,56,100,87,97.8,12,92,8
SYN-V-001626,SYN-P-00016,SYN-E-000413,Synthetic Outpatient Center,Primary Care,2024-08-09 05:03:00,61,142,60,98.4,12,93,3
SYN-V-001627,SYN-P-00016,SYN-E-000413,Synthetic Outpatient Center,Primary Care,2024-08-09 07:59:00,102,128,92,99.4,16,95,4
SYN-V-001628,SYN-P-00244,SYN-E-000414,Synthetic Outpatient Center,Endocrinology,2024-08-09 08:51:00,63,126,72,97.5,13,92,6
SYN-V-001629,SYN-P-00244,SYN-E-000414,Synthetic Outpatient Center,Endocrinology,2024-08-09 10:35:00,63,110,81,99.5,19,99,5
SYN-V-001630,SYN-P-00244,SYN-E-000414,Synthetic Outpatient Center,Endocrinology,2024-08-09 10:36:00,90,125,86,99.4,19,93,2
SYN-V-001631,SYN-P-00053,SYN-E-000415,Synthetic Community Hospital East,Emergency,2024-08-10 23:44:00,72,131,65,97.3,22,94,7
SYN-V-001632,SYN-P-00053,SYN-E-000415,Synthetic Community Hospital East,Emergency,2024-08-11 01:42:00,70,129,89,98.8,15,96,8
SYN-V-001633,SYN-P-00209,SYN-E-000417,Synthetic Community Hospital East,Pulmonology,2024-08-11 13:43:00,76,135,79,97.4,20,93,
SYN-V-001634,SYN-P-00209,SYN-E-000417,Synthetic Community Hospital East,Pulmonology,2024-08-11 14:54:00,73,128,69,99.7,17,95,
SYN-V-001635,SYN-P-00209,SYN-E-000417,Synthetic Community Hospital East,Pulmonology,2024-08-12 11:20:00,96,117,94,97.3,20,98,0
SYN-V-001636,SYN-P-00209,SYN-E-000417,Synthetic Community Hospital East,Pulmonology,2024-08-12 22:35:00,81,143,63,98.0,14,100,7
SYN-V-001637,SYN-P-00209,SYN-E-000417,Synthetic Community Hospital East,Pulmonology,2024-08-12 22:41:00,62,144,63,97.0,15,99,2
SYN-V-001638,SYN-P-00209,SYN-E-000417,Synthetic Community Hospital East,Pulmonology,2024-08-12 23:57:00,98,138,79,97.8,14,92,4
SYN-V-001639,SYN-P-00209,SYN-E-000417,Synthetic Community Hospital East,Pulmonology,2024-08-13 14:45:00,78,128,74,98.4,14,96,8
SYN-V-001640,SYN-P-00209,SYN-E-000417,Synthetic Community Hospital East,Pulmonology,2024-08-14 10:33:00,108,134,60,99.0,18,92,3
SYN-V-001641,SYN-P-00209,SYN-E-000417,Synthetic Community Hospital East,Pulmonology,2024-08-14 11:00:00,67,120,65,99.7,17,99,0
SYN-V-001642,SYN-P-00209,SYN-E-000417,Synthetic Community Hospital East,Pulmonology,2024-08-14 16:10:00,110,109,62,97.6,15,100,6
SYN-V-001643,SYN-P-00209,SYN-E-000417,Synthetic Community Hospital East,Pulmonology,2024-08-14 20:50:00,89,106,83,98.5,19,97,3
SYN-V-001644,SYN-P-00209,SYN-E-000417,Synthetic Community Hospital East,Pulmonology,2024-08-15 08:57:00,67,148,87,98.6,22,96,1
SYN-V-001645,SYN-P-00209,SYN-E-000417,Synthetic Community Hospital East,Pulmonology,2024-08-15 10:25:00,94,114,60,99.2,17,94,1
SYN-V-001646,SYN-P-00209,SYN-E-000417,Synthetic Community Hospital East,Pulmonology,2024-08-15 12:37:00,89,127,72,98.7,20,97,7
SYN-V-001647,SYN-P-00209,SYN-E-000417,Synthetic Community Hospital East,Pulmonology,2024-08-15 22:17:00,87,120,63,97.1,12,98,1
SYN-V-001648,SYN-P-00209,SYN-E-000417,Synthetic Community Hospital East,Pulmonology,2024-08-16 03:35:00,110,124,85,99.3,22,94,5
SYN-V-001649,SYN-P-00209,SYN-E-000417,Synthetic Community Hospital East,Pulmonology,2024-08-16 08:19:00,66,116,89,97.7,19,97,
SYN-V-001650,SYN-P-00209,SYN-E-000417,Synthetic Community Hospital East,Pulmonology,2024-08-16 09:12:00,82,107,64,98.1,18,98,3
SYN-V-001651,SYN-P-00209,SYN-E-000417,Synthetic Community Hospital East,Pulmonology,2024-08-16 18:23:00,61,134,90,99.7,19,93,2
SYN-V-001652,SYN-P-00209,SYN-E-000417,Synthetic Community Hospital East,Pulmonology,2024-08-16 18:57:00,57,127,87,97.4,15,94,3
SYN-V-001653,SYN-P-00209,SYN-E-000417,Synthetic Community Hospital East,Pulmonology,2024-08-16 23:57:00,84,155,62,97.7,15,96,3
SYN-V-001654,SYN-P-00209,SYN-E-000417,Synthetic Community Hospital East,Pulmonology,2024-08-17 01:17:00,71,110,86,97.8,15,93,6
SYN-V-001655,SYN-P-00209,SYN-E-000417,Synthetic Community Hospital East,Pulmonology,2024-08-17 16:48:00,93,110,70,97.5,21,100,8
SYN-V-001656,SYN-P-00209,SYN-E-000417,Synthetic Community Hospital East,Pulmonology,2024-08-17 22:50:00,88,138,75,98.7,17,92,3
SYN-V-001657,SYN-P-00209,SYN-E-000417,Synthetic Community Hospital East,Pulmonology,2024-08-18 03:27:00,77,134,81,99.4,14,96,6
SYN-V-001658,SYN-P-00209,SYN-E-000417,Synthetic Community Hospital East,Pulmonology,2024-08-18 07:39:00,84,128,70,98.5,18,97,7
SYN-V-001659,SYN-P-00209,SYN-E-000417,Synthetic Community Hospital East,Pulmonology,2024-08-18 14:34:00,83,134,94,97.9,17,98,8
SYN-V-001660,SYN-P-00209,SYN-E-000417,Synthetic Community Hospital East,Pulmonology,2024-08-18 16:47:00,58,104,64,97.2,14,95,7
SYN-V-001661,SYN-P-00209,SYN-E-000417,Synthetic Community Hospital East,Pulmonology,2024-08-19 02:03:00,92,128,92,98.5,15,99,3
SYN-V-001662,SYN-P-00209,SYN-E-000417,Synthetic Community Hospital East,Pulmonology,2024-08-19 23:31:00,106,106,81,98.8,22,97,8
SYN-V-001663,SYN-P-00209,SYN-E-000417,Synthetic Community Hospital East,Pulmonology,2024-08-20 07:38:00,59,147,82,98.5,15,97,5
SYN-V-001664,SYN-P-00275,SYN-E-000418,Synthetic Specialty Clinic,Primary Care,2024-08-11 19:13:00,109,108,78,97.9,16,95,2
SYN-V-001665,SYN-P-00057,SYN-E-000421,Synthetic Community Hospital West,Pulmonology,2024-08-13 08:09:00,76,108,72,97.6,13,95,0
SYN-V-001666,SYN-P-00057,SYN-E-000421,Synthetic Community Hospital West,Pulmonology,2024-08-13 11:32:00,106,134,82,98.0,16,98,8
SYN-V-001667,SYN-P-00057,SYN-E-000421,Synthetic Community Hospital West,Pulmonology,2024-08-13 17:02:00,77,118,64,97.2,19,94,5
SYN-V-001668,SYN-P-00057,SYN-E-000421,Synthetic Community Hospital West,Pulmonology,2024-08-13 19:43:00,78,122,95,97.6,12,99,3
SYN-V-001669,SYN-P-00057,SYN-E-000421,Synthetic Community Hospital West,Pulmonology,2024-08-13 21:31:00,61,114,63,99.7,15,92,0
SYN-V-001670,SYN-P-00057,SYN-E-000421,Synthetic Community Hospital West,Pulmonology,2024-08-13 21:49:00,83,120,71,98.1,16,96,3
SYN-V-001671,SYN-P-00057,SYN-E-000421,Synthetic Community Hospital West,Pulmonology,2024-08-14 00:19:00,95,100,69,97.0,16,100,2
SYN-V-001672,SYN-P-00057,SYN-E-000421,Synthetic Community Hospital West,Pulmonology,2024-08-14 05:30:00,102,100,84,98.8,12,100,0
SYN-V-001673,SYN-P-00057,SYN-E-000421,Synthetic Community Hospital West,Pulmonology,2024-08-14 12:04:00,69,147,94,98.6,12,93,2
SYN-V-001674,SYN-P-00057,SYN-E-000421,Synthetic Community Hospital West,Pulmonology,2024-08-14 18:07:00,68,150,79,97.3,17,92,3
SYN-V-001675,SYN-P-00057,SYN-E-000421,Synthetic Community Hospital West,Pulmonology,2024-08-15 07:31:00,105,139,82,99.3,21,93,4
SYN-V-001676,SYN-P-00057,SYN-E-000421,Synthetic Community Hospital West,Pulmonology,2024-08-15 08:10:00,80,143,81,99.6,21,94,
SYN-V-001677,SYN-P-00057,SYN-E-000421,Synthetic Community Hospital West,Pulmonology,2024-08-15 11:37:00,58,144,70,97.6,22,100,4
SYN-V-001678,SYN-P-00057,SYN-E-000421,Synthetic Community Hospital West,Pulmonology,2024-08-15 20:16:00,59,140,76,97.2,16,92,5
SYN-V-001679,SYN-P-00057,SYN-E-000421,Synthetic Community Hospital West,Pulmonology,2024-08-16 07:37:00,69,143,89,99.3,19,96,4
SYN-V-001680,SYN-P-00057,SYN-E-000421,Synthetic Community Hospital West,Pulmonology,2024-08-16 15:25:00,57,108,75,98.3,20,98,1
SYN-V-001681,SYN-P-00057,SYN-E-000421,Synthetic Community Hospital West,Pulmonology,2024-08-17 02:31:00,91,151,74,99.5,17,100,6
SYN-V-001682,SYN-P-00057,SYN-E-000421,Synthetic Community Hospital West,Pulmonology,2024-08-17 05:54:00,101,148,85,98.1,13,97,8
SYN-V-001683,SYN-P-00131,SYN-E-000423,Synthetic Community Hospital East,Emergency,2024-08-14 07:25:00,59,105,68,98.4,17,97,8
SYN-V-001684,SYN-P-00131,SYN-E-000423,Synthetic Community Hospital East,Emergency,2024-08-14 09:06:00,88,157,93,98.0,12,98,8
SYN-V-001685,SYN-P-00232,SYN-E-000424,Synthetic Community Hospital West,Pulmonology,2024-08-15 02:37:00,89,155,73,98.8,12,98,0
SYN-V-001686,SYN-P-00232,SYN-E-000424,Synthetic Community Hospital West,Pulmonology,2024-08-15 16:54:00,85,139,68,97.3,12,99,0
SYN-V-001687,SYN-P-00232,SYN-E-000424,Synthetic Community Hospital West,Pulmonology,2024-08-15 22:07:00,73,140,84,99.5,14,97,4
SYN-V-001688,SYN-P-00232,SYN-E-000424,Synthetic Community Hospital West,Pulmonology,2024-08-16 08:37:00,85,140,80,98.6,16,98,2
SYN-V-001689,SYN-P-00232,SYN-E-000424,Synthetic Community Hospital West,Pulmonology,2024-08-16 12:21:00,73,101,73,97.2,14,98,7
SYN-V-001690,SYN-P-00232,SYN-E-000424,Synthetic Community Hospital West,Pulmonology,2024-08-17 03:55:00,67,137,71,98.7,15,99,0
SYN-V-001691,SYN-P-00038,SYN-E-000425,Synthetic Community Hospital East,Nephrology,2024-08-15 11:53:00,81,160,92,98.5,22,100,1
SYN-V-001692,SYN-P-00038,SYN-E-000425,Synthetic Community Hospital East,Nephrology,2024-08-15 16:33:00,92,113,66,98.8,17,98,6
SYN-V-001693,SYN-P-00038,SYN-E-000425,Synthetic Community Hospital East,Nephrology,2024-08-16 02:59:00,98,105,79,97.7,20,93,4
SYN-V-001694,SYN-P-00038,SYN-E-000425,Synthetic Community Hospital East,Nephrology,2024-08-16 04:09:00,85,104,82,97.4,17,97,2
SYN-V-001695,SYN-P-00038,SYN-E-000425,Synthetic Community Hospital East,Nephrology,2024-08-16 04:23:00,77,135,65,97.6,19,100,6
SYN-V-001696,SYN-P-00038,SYN-E-000425,Synthetic Community Hospital East,Nephrology,2024-08-16 09:46:00,82,135,64,98.4,17,93,7
SYN-V-001697,SYN-P-00038,SYN-E-000425,Synthetic Community Hospital East,Nephrology,2024-08-16 14:14:00,56,157,70,97.5,13,94,6
SYN-V-001698,SYN-P-00038,SYN-E-000425,Synthetic Community Hospital East,Nephrology,2024-08-16 16:57:00,86,154,83,98.5,14,93,5
SYN-V-001699,SYN-P-00038,SYN-E-000425,Synthetic Community Hospital East,Nephrology,2024-08-16 18:19:00,73,128,76,97.4,15,100,1
SYN-V-001700,SYN-P-00038,SYN-E-000425,Synthetic Community Hospital East,Nephrology,2024-08-16 19:51:00,93,144,80,97.7,20,94,
SYN-V-001701,SYN-P-00288,SYN-E-000427,Synthetic Outpatient Center,Pulmonology,2024-08-16 17:31:00,60,141,80,97.6,13,97,6
SYN-V-001702,SYN-P-00006,SYN-E-000428,Synthetic Regional Medical Center,Cardiology,2024-08-17 05:40:00,77,129,62,97.6,13,98,2
SYN-V-001703,SYN-P-00006,SYN-E-000428,Synthetic Regional Medical Center,Cardiology,2024-08-17 12:48:00,75,107,64,98.3,17,96,0
SYN-V-001704,SYN-P-00006,SYN-E-000428,Synthetic Regional Medical Center,Cardiology,2024-08-17 19:47:00,93,137,70,98.7,18,93,4
SYN-V-001705,SYN-P-00278,SYN-E-000429,Synthetic Outpatient Center,Endocrinology,2024-08-17 00:16:00,90,156,71,98.9,19,93,7
SYN-V-001706,SYN-P-00090,SYN-E-000430,Synthetic Outpatient Center,Pulmonology,2024-08-17 02:38:00,84,142,61,97.5,21,99,0
SYN-V-001707,SYN-P-00090,SYN-E-000430,Synthetic Outpatient Center,Pulmonology,2024-08-17 02:56:00,86,109,65,97.5,16,99,8
SYN-V-001708,SYN-P-00171,SYN-E-000431,Synthetic Community Hospital East,Emergency,2024-08-17 07:31:00,63,156,90,99.7,21,93,1
SYN-V-001709,SYN-P-00196,SYN-E-000432,Synthetic Community Hospital East,Emergency,2024-08-17 06:47:00,96,136,60,98.9,18,96,7
SYN-V-001710,SYN-P-00198,SYN-E-000433,Synthetic Outpatient Center,Pulmonology,2024-08-17 20:55:00,94,152,95,98.5,18,96,3
SYN-V-001711,SYN-P-00198,SYN-E-000433,Synthetic Outpatient Center,Pulmonology,2024-08-17 22:22:00,74,104,63,97.3,17,92,1
SYN-V-001712,SYN-P-00040,SYN-E-000434,Synthetic Specialty Clinic,Orthopedics,2024-08-18 01:31:00,64,107,63,99.5,12,100,3
SYN-V-001713,SYN-P-00191,SYN-E-000436,Synthetic Community Hospital East,Neurology,2024-08-20 21:41:00,95,154,94,99.4,12,99,2
SYN-V-001714,SYN-P-00191,SYN-E-000436,Synthetic Community Hospital East,Neurology,2024-08-21 02:34:00,91,143,80,97.9,17,96,4
SYN-V-001715,SYN-P-00191,SYN-E-000436,Synthetic Community Hospital East,Neurology,2024-08-22 05:58:00,69,102,82,98.5,20,94,4
SYN-V-001716,SYN-P-00191,SYN-E-000436,Synthetic Community Hospital East,Neurology,2024-08-22 14:15:00,70,159,62,98.7,21,95,4
SYN-V-001717,SYN-P-00191,SYN-E-000436,Synthetic Community Hospital East,Neurology,2024-08-23 02:08:00,79,140,82,99.1,22,98,0
SYN-V-001718,SYN-P-00191,SYN-E-000436,Synthetic Community Hospital East,Neurology,2024-08-23 06:06:00,105,118,74,97.1,16,100,5
SYN-V-001719,SYN-P-00191,SYN-E-000436,Synthetic Community Hospital East,Neurology,2024-08-23 11:19:00,96,150,61,99.2,14,96,1
SYN-V-001720,SYN-P-00191,SYN-E-000436,Synthetic Community Hospital East,Neurology,2024-08-24 17:10:00,104,114,76,99.6,22,98,2
SYN-V-001721,SYN-P-00191,SYN-E-000436,Synthetic Community Hospital East,Neurology,2024-08-24 19:41:00,109,129,82,98.5,20,95,5
SYN-V-001722,SYN-P-00191,SYN-E-000436,Synthetic Community Hospital East,Neurology,2024-08-25 04:02:00,62,105,87,99.1,13,95,3
SYN-V-001723,SYN-P-00191,SYN-E-000436,Synthetic Community Hospital East,Neurology,2024-08-25 06:20:00,99,108,78,99.3,14,96,3
SYN-V-001724,SYN-P-00191,SYN-E-000436,Synthetic Community Hospital East,Neurology,2024-08-25 10:57:00,94,109,60,97.5,22,93,1
SYN-V-001725,SYN-P-00191,SYN-E-000436,Synthetic Community Hospital East,Neurology,2024-08-25 11:24:00,69,147,81,99.5,20,95,1
SYN-V-001726,SYN-P-00191,SYN-E-000436,Synthetic Community Hospital East,Neurology,2024-08-25 13:10:00,109,122,73,99.2,16,97,6
SYN-V-001727,SYN-P-00191,SYN-E-000436,Synthetic Community Hospital East,Neurology,2024-08-25 23:26:00,80,157,61,98.3,22,95,
SYN-V-001728,SYN-P-00191,SYN-E-000436,Synthetic Community Hospital East,Neurology,2024-08-26 13:26:00,108,134,82,99.1,22,98,4
SYN-V-001729,SYN-P-00191,SYN-E-000436,Synthetic Community Hospital East,Neurology,2024-08-26 16:38:00,110,131,94,99.3,18,95,3
SYN-V-001730,SYN-P-00191,SYN-E-000436,Synthetic Community Hospital East,Neurology,2024-08-26 18:47:00,108,150,64,99.4,22,99,7
SYN-V-001731,SYN-P-00191,SYN-E-000436,Synthetic Community Hospital East,Neurology,2024-08-27 00:35:00,99,146,82,97.8,18,96,8
SYN-V-001732,SYN-P-00191,SYN-E-000436,Synthetic Community Hospital East,Neurology,2024-08-27 10:03:00,75,111,86,97.2,16,98,3
SYN-V-001733,SYN-P-00191,SYN-E-000436,Synthetic Community Hospital East,Neurology,2024-08-27 17:50:00,58,101,61,98.2,21,95,5
SYN-V-001734,SYN-P-00191,SYN-E-000436,Synthetic Community Hospital East,Neurology,2024-08-28 06:07:00,78,111,76,99.3,21,100,1
SYN-V-001735,SYN-P-00191,SYN-E-000436,Synthetic Community Hospital East,Neurology,2024-08-28 12:11:00,90,116,71,97.2,20,98,5
SYN-V-001736,SYN-P-00191,SYN-E-000436,Synthetic Community Hospital East,Neurology,2024-08-28 12:13:00,102,132,77,98.8,19,98,0
SYN-V-001737,SYN-P-00191,SYN-E-000436,Synthetic Community Hospital East,Neurology,2024-08-28 23:57:00,96,141,66,99.8,21,98,0
SYN-V-001738,SYN-P-00027,SYN-E-000437,Synthetic Community Hospital East,Pulmonology,2024-08-21 03:35:00,78,128,92,98.2,14,97,1
SYN-V-001739,SYN-P-00027,SYN-E-000437,Synthetic Community Hospital East,Pulmonology,2024-08-21 06:25:00,67,129,64,98.2,16,98,2
SYN-V-001740,SYN-P-00027,SYN-E-000437,Synthetic Community Hospital East,Pulmonology,2024-08-21 14:12:00,88,138,65,97.3,13,97,6
SYN-V-001741,SYN-P-00027,SYN-E-000437,Synthetic Community Hospital East,Pulmonology,2024-08-21 16:28:00,109,155,86,99.2,17,97,5
SYN-V-001742,SYN-P-00027,SYN-E-000437,Synthetic Community Hospital East,Pulmonology,2024-08-21 18:06:00,71,129,81,97.4,16,100,
SYN-V-001743,SYN-P-00027,SYN-E-000437,Synthetic Community Hospital East,Pulmonology,2024-08-22 10:15:00,101,143,77,98.6,22,98,5
SYN-V-001744,SYN-P-00027,SYN-E-000437,Synthetic Community Hospital East,Pulmonology,2024-08-22 18:08:00,110,119,74,98.7,17,97,5
SYN-V-001745,SYN-P-00027,SYN-E-000437,Synthetic Community Hospital East,Pulmonology,2024-08-22 20:09:00,65,131,73,97.8,15,95,4
SYN-V-001746,SYN-P-00027,SYN-E-000437,Synthetic Community Hospital East,Pulmonology,2024-08-22 21:41:00,80,151,87,99.4,19,92,5
SYN-V-001747,SYN-P-00027,SYN-E-000437,Synthetic Community Hospital East,Pulmonology,2024-08-23 02:48:00,78,105,72,99.7,16,97,3
SYN-V-001748,SYN-P-00027,SYN-E-000437,Synthetic Community Hospital East,Pulmonology,2024-08-23 16:57:00,92,122,79,99.4,20,94,2
SYN-V-001749,SYN-P-00011,SYN-E-000438,Synthetic Specialty Clinic,Endocrinology,2024-08-21 02:20:00,79,115,71,97.3,17,94,6
SYN-V-001750,SYN-P-00259,SYN-E-000439,Synthetic Outpatient Center,Pulmonology,2024-08-21 07:46:00,107,116,65,99.7,22,97,5
SYN-V-001751,SYN-P-00125,SYN-E-000440,Synthetic Outpatient Center,Pulmonology,2024-08-21 10:52:00,79,132,69,98.3,14,98,1
SYN-V-001752,SYN-P-00125,SYN-E-000440,Synthetic Outpatient Center,Pulmonology,2024-08-21 12:58:00,96,107,67,97.4,20,98,0
SYN-V-001753,SYN-P-00125,SYN-E-000440,Synthetic Outpatient Center,Pulmonology,2024-08-21 13:03:00,71,153,62,97.9,16,96,6
SYN-V-001754,SYN-P-00188,SYN-E-000441,Synthetic Community Hospital East,Nephrology,2024-08-22 05:32:00,103,133,72,98.5,22,97,5
SYN-V-001755,SYN-P-00188,SYN-E-000441,Synthetic Community Hospital East,Nephrology,2024-08-22 10:15:00,65,109,95,99.3,14,97,3
SYN-V-001756,SYN-P-00188,SYN-E-000441,Synthetic Community Hospital East,Nephrology,2024-08-22 18:33:00,107,122,94,98.0,13,99,4
SYN-V-001757,SYN-P-00188,SYN-E-000441,Synthetic Community Hospital East,Nephrology,2024-08-23 02:17:00,58,118,88,98.5,13,94,8
SYN-V-001758,SYN-P-00188,SYN-E-000441,Synthetic Community Hospital East,Nephrology,2024-08-23 05:37:00,83,113,67,99.2,20,95,8
SYN-V-001759,SYN-P-00188,SYN-E-000441,Synthetic Community Hospital East,Nephrology,2024-08-23 19:58:00,73,144,93,97.2,15,95,2
SYN-V-001760,SYN-P-00188,SYN-E-000441,Synthetic Community Hospital East,Nephrology,2024-08-24 13:54:00,100,130,95,97.3,22,93,3
SYN-V-001761,SYN-P-00188,SYN-E-000441,Synthetic Community Hospital East,Nephrology,2024-08-24 22:09:00,82,106,65,98.3,17,94,0
SYN-V-001762,SYN-P-00282,SYN-E-000442,Synthetic Community Hospital East,Internal Medicine,2024-08-22 05:52:00,78,129,65,98.1,21,95,7
SYN-V-001763,SYN-P-00282,SYN-E-000442,Synthetic Community Hospital East,Internal Medicine,2024-08-22 05:57:00,110,113,83,99.5,21,95,4
SYN-V-001764,SYN-P-00015,SYN-E-000443,Synthetic Outpatient Center,Pulmonology,2024-08-22 21:59:00,81,138,83,98.9,15,97,5
SYN-V-001765,SYN-P-00015,SYN-E-000443,Synthetic Outpatient Center,Pulmonology,2024-08-23 00:13:00,79,110,62,98.9,15,92,5
SYN-V-001766,SYN-P-00195,SYN-E-000444,Synthetic Specialty Clinic,Orthopedics,2024-08-23 02:32:00,107,159,92,97.0,17,93,5
SYN-V-001767,SYN-P-00195,SYN-E-000444,Synthetic Specialty Clinic,Orthopedics,2024-08-23 04:25:00,98,122,67,99.5,20,93,8
SYN-V-001768,SYN-P-00120,SYN-E-000445,Synthetic Community Hospital West,Cardiology,2024-08-23 10:09:00,90,124,65,98.3,16,93,6
SYN-V-001769,SYN-P-00120,SYN-E-000445,Synthetic Community Hospital West,Cardiology,2024-08-23 10:50:00,58,129,78,97.3,18,99,0
SYN-V-001770,SYN-P-00186,SYN-E-000446,Synthetic Community Hospital West,Internal Medicine,2024-08-23 20:43:00,84,159,82,99.4,15,99,8
SYN-V-001771,SYN-P-00186,SYN-E-000446,Synthetic Community Hospital West,Internal Medicine,2024-08-24 04:37:00,91,153,71,98.4,15,93,2
SYN-V-001772,SYN-P-00186,SYN-E-000446,Synthetic Community Hospital West,Internal Medicine,2024-08-24 05:10:00,107,142,77,98.8,15,95,4
SYN-V-001773,SYN-P-00186,SYN-E-000446,Synthetic Community Hospital West,Internal Medicine,2024-08-24 10:17:00,71,112,81,99.6,15,97,3
SYN-V-001774,SYN-P-00186,SYN-E-000446,Synthetic Community Hospital West,Internal Medicine,2024-08-24 11:58:00,90,122,82,98.3,20,99,3
SYN-V-001775,SYN-P-00132,SYN-E-000447,Synthetic Specialty Clinic,Orthopedics,2024-08-24 04:47:00,64,148,88,99.0,18,99,1
SYN-V-001776,SYN-P-00132,SYN-E-000447,Synthetic Specialty Clinic,Orthopedics,2024-08-24 07:10:00,83,139,88,99.0,21,98,2
SYN-V-001777,SYN-P-00165,SYN-E-000448,Synthetic Outpatient Center,Primary Care,2024-08-25 07:54:00,105,105,75,97.6,18,99,0
SYN-V-001778,SYN-P-00250,SYN-E-000449,Synthetic Community Hospital East,Pulmonology,2024-08-25 19:14:00,67,148,94,97.6,18,93,3
SYN-V-001779,SYN-P-00250,SYN-E-000449,Synthetic Community Hospital East,Pulmonology,2024-08-26 04:43:00,73,150,89,97.8,19,98,2
SYN-V-001780,SYN-P-00250,SYN-E-000449,Synthetic Community Hospital East,Pulmonology,2024-08-26 06:21:00,81,126,92,98.0,14,93,5
SYN-V-001781,SYN-P-00250,SYN-E-000449,Synthetic Community Hospital East,Pulmonology,2024-08-26 17:51:00,106,117,66,98.5,17,92,6
SYN-V-001782,SYN-P-00250,SYN-E-000449,Synthetic Community Hospital East,Pulmonology,2024-08-26 23:31:00,87,107,90,99.1,21,99,0
SYN-V-001783,SYN-P-00250,SYN-E-000449,Synthetic Community Hospital East,Pulmonology,2024-08-27 06:16:00,79,153,94,99.7,19,95,8
SYN-V-001784,SYN-P-00250,SYN-E-000449,Synthetic Community Hospital East,Pulmonology,2024-08-27 10:26:00,68,124,71,98.1,20,94,
SYN-V-001785,SYN-P-00250,SYN-E-000449,Synthetic Community Hospital East,Pulmonology,2024-08-28 13:08:00,109,120,72,97.2,19,99,2
SYN-V-001786,SYN-P-00250,SYN-E-000449,Synthetic Community Hospital East,Pulmonology,2024-08-28 20:49:00,81,139,76,97.3,12,99,1
SYN-V-001787,SYN-P-00225,SYN-E-000451,Synthetic Regional Medical Center,Pulmonology,2024-08-27 09:08:00,58,143,64,98.1,22,100,7
SYN-V-001788,SYN-P-00225,SYN-E-000451,Synthetic Regional Medical Center,Pulmonology,2024-08-27 09:33:00,99,119,75,97.3,16,95,6
SYN-V-001789,SYN-P-00225,SYN-E-000451,Synthetic Regional Medical Center,Pulmonology,2024-08-27 13:00:00,55,147,67,97.9,13,93,2
SYN-V-001790,SYN-P-00225,SYN-E-000451,Synthetic Regional Medical Center,Pulmonology,2024-08-28 00:17:00,109,142,89,99.3,15,93,1
SYN-V-001791,SYN-P-00225,SYN-E-000451,Synthetic Regional Medical Center,Pulmonology,2024-08-28 06:10:00,97,130,90,98.7,14,94,5
SYN-V-001792,SYN-P-00225,SYN-E-000451,Synthetic Regional Medical Center,Pulmonology,2024-08-28 12:36:00,96,102,91,97.0,12,92,2
SYN-V-001793,SYN-P-00225,SYN-E-000451,Synthetic Regional Medical Center,Pulmonology,2024-08-29 04:29:00,72,131,80,97.2,16,96,8
SYN-V-001794,SYN-P-00225,SYN-E-000451,Synthetic Regional Medical Center,Pulmonology,2024-08-29 22:11:00,61,122,64,97.5,17,99,6
SYN-V-001795,SYN-P-00218,SYN-E-000452,Synthetic Outpatient Center,Pulmonology,2024-08-27 16:06:00,101,118,93,98.8,75,98,0
SYN-V-001796,SYN-P-00041,SYN-E-000453,Synthetic Community Hospital West,Internal Medicine,2024-08-27 21:52:00,93,111,89,98.8,20,98,8
SYN-V-001797,SYN-P-00041,SYN-E-000453,Synthetic Community Hospital West,Internal Medicine,2024-08-28 13:37:00,107,115,75,97.8,17,97,5
SYN-V-001798,SYN-P-00041,SYN-E-000453,Synthetic Community Hospital West,Internal Medicine,2024-08-28 22:41:00,58,104,88,97.6,14,96,5
SYN-V-001799,SYN-P-00041,SYN-E-000453,Synthetic Community Hospital West,Internal Medicine,2024-08-29 21:41:00,72,145,62,99.3,20,92,5
SYN-V-001800,SYN-P-00041,SYN-E-000453,Synthetic Community Hospital West,Internal Medicine,2024-08-30 06:46:00,85,106,78,97.0,12,99,4
SYN-V-001801,SYN-P-00041,SYN-E-000453,Synthetic Community Hospital West,Internal Medicine,2024-08-30 10:30:00,76,115,85,98.3,17,99,0
SYN-V-001802,SYN-P-00041,SYN-E-000453,Synthetic Community Hospital West,Internal Medicine,2024-08-30 13:12:00,61,152,61,98.7,20,99,8
SYN-V-001803,SYN-P-00041,SYN-E-000453,Synthetic Community Hospital West,Internal Medicine,2024-08-31 01:44:00,72,144,79,97.0,19,96,6
SYN-V-001804,SYN-P-00041,SYN-E-000453,Synthetic Community Hospital West,Internal Medicine,2024-08-31 04:54:00,100,105,82,97.2,19,96,7
SYN-V-001805,SYN-P-00041,SYN-E-000453,Synthetic Community Hospital West,Internal Medicine,2024-08-31 11:31:00,78,150,65,99.6,16,96,7
SYN-V-001806,SYN-P-00041,SYN-E-000453,Synthetic Community Hospital West,Internal Medicine,2024-09-01 10:57:00,76,100,62,97.7,21,92,4
SYN-V-001807,SYN-P-00041,SYN-E-000453,Synthetic Community Hospital West,Internal Medicine,2024-09-01 23:42:00,109,140,66,97.2,12,100,3
SYN-V-001808,SYN-P-00041,SYN-E-000453,Synthetic Community Hospital West,Internal Medicine,2024-09-01 23:57:00,61,149,95,98.0,17,100,2
SYN-V-001809,SYN-P-00041,SYN-E-000453,Synthetic Community Hospital West,Internal Medicine,2024-09-02 08:55:00,110,132,62,99.5,13,92,3
SYN-V-001810,SYN-P-00041,SYN-E-000453,Synthetic Community Hospital West,Internal Medicine,2024-09-02 15:30:00,97,140,81,97.4,22,95,7
SYN-V-001811,SYN-P-00041,SYN-E-000453,Synthetic Community Hospital West,Internal Medicine,2024-09-02 16:35:00,78,140,89,98.7,15,92,1
SYN-V-001812,SYN-P-00041,SYN-E-000453,Synthetic Community Hospital West,Internal Medicine,2024-09-02 20:28:00,72,131,71,98.2,21,96,1
SYN-V-001813,SYN-P-00041,SYN-E-000453,Synthetic Community Hospital West,Internal Medicine,2024-09-03 20:37:00,94,140,84,98.8,14,98,3
SYN-V-001814,SYN-P-00213,SYN-E-000455,Synthetic Regional Medical Center,Cardiology,2024-08-29 01:45:00,79,146,90,98.7,15,93,3
SYN-V-001815,SYN-P-00213,SYN-E-000455,Synthetic Regional Medical Center,Cardiology,2024-08-29 16:13:00,89,112,63,98.8,18,99,3
SYN-V-001816,SYN-P-00213,SYN-E-000455,Synthetic Regional Medical Center,Cardiology,2024-08-30 12:19:00,104,127,87,99.2,12,96,8
SYN-V-001817,SYN-P-00213,SYN-E-000455,Synthetic Regional Medical Center,Cardiology,2024-08-31 01:55:00,70,127,79,98.4,14,94,3
SYN-V-001818,SYN-P-00213,SYN-E-000455,Synthetic Regional Medical Center,Cardiology,2024-08-31 07:13:00,98,113,70,98.5,20,95,2
SYN-V-001819,SYN-P-00213,SYN-E-000455,Synthetic Regional Medical Center,Cardiology,2024-08-31 11:48:00,71,130,67,99.0,18,98,7
SYN-V-001820,SYN-P-00213,SYN-E-000455,Synthetic Regional Medical Center,Cardiology,2024-08-31 13:47:00,83,120,76,98.1,16,99,2
SYN-V-001821,SYN-P-00213,SYN-E-000455,Synthetic Regional Medical Center,Cardiology,2024-09-01 00:44:00,76,140,95,98.5,20,93,4
SYN-V-001822,SYN-P-00213,SYN-E-000455,Synthetic Regional Medical Center,Cardiology,2024-09-01 01:33:00,61,122,82,97.7,20,94,7
SYN-V-001823,SYN-P-00213,SYN-E-000455,Synthetic Regional Medical Center,Cardiology,2024-09-01 08:18:00,69,142,95,99.3,22,99,6
SYN-V-001824,SYN-P-00213,SYN-E-000455,Synthetic Regional Medical Center,Cardiology,2024-09-01 10:00:00,70,157,87,97.7,21,100,3
SYN-V-001825,SYN-P-00213,SYN-E-000455,Synthetic Regional Medical Center,Cardiology,2024-09-01 15:08:00,93,135,95,97.8,14,96,5
SYN-V-001826,SYN-P-00213,SYN-E-000455,Synthetic Regional Medical Center,Cardiology,2024-09-01 16:35:00,60,116,92,98.7,16,93,4
SYN-V-001827,SYN-P-00213,SYN-E-000455,Synthetic Regional Medical Center,Cardiology,2024-09-01 16:39:00,78,118,64,97.8,13,100,2
SYN-V-001828,SYN-P-00213,SYN-E-000455,Synthetic Regional Medical Center,Cardiology,2024-09-01 18:55:00,65,110,81,98.0,15,98,4
SYN-V-001829,SYN-P-00213,SYN-E-000455,Synthetic Regional Medical Center,Cardiology,2024-09-01 22:04:00,90,101,76,97.9,20,95,2
SYN-V-001830,SYN-P-00213,SYN-E-000455,Synthetic Regional Medical Center,Cardiology,2024-09-02 07:11:00,108,141,94,97.8,16,92,5
SYN-V-001831,SYN-P-00213,SYN-E-000455,Synthetic Regional Medical Center,Cardiology,2024-09-02 08:26:00,67,139,75,99.5,20,92,5
SYN-V-001832,SYN-P-00213,SYN-E-000455,Synthetic Regional Medical Center,Cardiology,2024-09-02 11:47:00,63,147,75,97.0,20,93,3
SYN-V-001833,SYN-P-00213,SYN-E-000455,Synthetic Regional Medical Center,Cardiology,2024-09-03 01:14:00,58,126,91,97.1,21,95,2
SYN-V-001834,SYN-P-00030,SYN-E-000458,Synthetic Community Hospital West,Endocrinology,2024-08-30 05:56:00,86,160,74,98.4,12,100,4
SYN-V-001835,SYN-P-00226,SYN-E-000459,Synthetic Outpatient Center,Primary Care,2024-08-31 04:52:00,98,101,79,99.8,14,93,3
SYN-V-001836,SYN-P-00176,SYN-E-000463,Synthetic Community Hospital East,Orthopedics,2024-08-31 05:23:00,74,131,68,99.1,15,92,8
SYN-V-001837,SYN-P-00176,SYN-E-000463,Synthetic Community Hospital East,Orthopedics,2024-08-31 06:58:00,67,131,76,98.8,21,92,6
SYN-V-001838,SYN-P-00176,SYN-E-000463,Synthetic Community Hospital East,Orthopedics,2024-08-31 08:37:00,77,122,84,97.1,14,96,1
SYN-V-001839,SYN-P-00176,SYN-E-000463,Synthetic Community Hospital East,Orthopedics,2024-08-31 08:47:00,101,160,61,98.7,14,95,0
SYN-V-001840,SYN-P-00136,SYN-E-000464,Synthetic Regional Medical Center,Emergency,2024-08-31 07:36:00,56,146,85,97.2,20,97,7
SYN-V-001841,SYN-P-00136,SYN-E-000464,Synthetic Regional Medical Center,Emergency,2024-08-31 08:20:00,102,129,63,97.7,19,92,1
SYN-V-001842,SYN-P-00136,SYN-E-000464,Synthetic Regional Medical Center,Emergency,2024-08-31 08:46:00,77,135,79,97.1,14,96,3
SYN-V-001843,SYN-P-00136,SYN-E-000464,Synthetic Regional Medical Center,Emergency,2024-08-31 08:55:00,110,148,82,98.7,12,100,3
SYN-V-001844,SYN-P-00136,SYN-E-000464,Synthetic Regional Medical Center,Emergency,2024-08-31 09:12:00,61,155,92,98.5,20,98,0
SYN-V-001845,SYN-P-00184,SYN-E-000466,Synthetic Outpatient Center,Primary Care,2024-09-01 06:03:00,56,149,76,97.2,20,94,2
SYN-V-001846,SYN-P-00260,SYN-E-000468,Synthetic Community Hospital East,Nephrology,2024-09-04 04:58:00,57,133,95,98.2,14,95,8
SYN-V-001847,SYN-P-00260,SYN-E-000468,Synthetic Community Hospital East,Nephrology,2024-09-04 12:00:00,85,100,76,99.1,16,98,6
SYN-V-001848,SYN-P-00260,SYN-E-000468,Synthetic Community Hospital East,Nephrology,2024-09-04 22:14:00,94,123,64,99.1,20,98,8
SYN-V-001849,SYN-P-00260,SYN-E-000468,Synthetic Community Hospital East,Nephrology,2024-09-05 00:29:00,84,147,79,99.5,12,97,8
SYN-V-001850,SYN-P-00260,SYN-E-000468,Synthetic Community Hospital East,Nephrology,2024-09-05 01:17:00,98,130,81,97.5,16,92,8
SYN-V-001851,SYN-P-00260,SYN-E-000468,Synthetic Community Hospital East,Nephrology,2024-09-05 04:04:00,91,151,88,99.0,21,92,4
SYN-V-001852,SYN-P-00260,SYN-E-000468,Synthetic Community Hospital East,Nephrology,2024-09-05 20:11:00,72,147,75,98.5,18,100,6
SYN-V-001853,SYN-P-00260,SYN-E-000468,Synthetic Community Hospital East,Nephrology,2024-09-06 08:38:00,110,116,73,97.9,19,100,6
SYN-V-001854,SYN-P-00260,SYN-E-000468,Synthetic Community Hospital East,Nephrology,2024-09-06 09:47:00,72,112,69,98.5,21,92,5
SYN-V-001855,SYN-P-00260,SYN-E-000468,Synthetic Community Hospital East,Nephrology,2024-09-07 01:50:00,69,103,85,98.6,13,99,4
SYN-V-001856,SYN-P-00001,SYN-E-000469,Synthetic Community Hospital East,Internal Medicine,2024-09-04 06:14:00,108,112,90,98.1,18,99,0
SYN-V-001857,SYN-P-00001,SYN-E-000469,Synthetic Community Hospital East,Internal Medicine,2024-09-04 09:42:00,58,107,67,99.8,16,95,5
SYN-V-001858,SYN-P-00001,SYN-E-000469,Synthetic Community Hospital East,Internal Medicine,2024-09-05 05:33:00,90,159,63,98.3,16,99,2
SYN-V-001859,SYN-P-00001,SYN-E-000469,Synthetic Community Hospital East,Internal Medicine,2024-09-05 08:00:00,103,101,72,97.6,12,93,8
SYN-V-001860,SYN-P-00001,SYN-E-000469,Synthetic Community Hospital East,Internal Medicine,2024-09-05 17:05:00,108,149,70,97.4,13,95,2
SYN-V-001861,SYN-P-00001,SYN-E-000469,Synthetic Community Hospital East,Internal Medicine,2024-09-05 17:28:00,80,142,76,98.9,20,95,7
SYN-V-001862,SYN-P-00001,SYN-E-000469,Synthetic Community Hospital East,Internal Medicine,2024-09-06 00:43:00,81,147,87,98.6,14,97,
SYN-V-001863,SYN-P-00001,SYN-E-000469,Synthetic Community Hospital East,Internal Medicine,2024-09-06 05:44:00,91,153,79,98.9,20,96,2
SYN-V-001864,SYN-P-00001,SYN-E-000469,Synthetic Community Hospital East,Internal Medicine,2024-09-06 08:48:00,86,114,70,98.5,20,92,2
SYN-V-001865,SYN-P-00001,SYN-E-000469,Synthetic Community Hospital East,Internal Medicine,2024-09-06 15:37:00,99,147,78,97.8,13,96,2
SYN-V-001866,SYN-P-00001,SYN-E-000469,Synthetic Community Hospital East,Internal Medicine,2024-09-06 17:01:00,72,126,90,99.4,19,94,6
SYN-V-001867,SYN-P-00001,SYN-E-000469,Synthetic Community Hospital East,Internal Medicine,2024-09-06 23:41:00,97,134,62,99.7,13,92,7
SYN-V-001868,SYN-P-00001,SYN-E-000469,Synthetic Community Hospital East,Internal Medicine,2024-09-07 04:12:00,57,136,62,99.5,19,92,5
SYN-V-001869,SYN-P-00064,SYN-E-000470,Synthetic Specialty Clinic,Primary Care,2024-09-04 08:39:00,106,126,80,97.1,21,92,7
SYN-V-001870,SYN-P-00052,SYN-E-000471,Synthetic Outpatient Center,Pulmonology,2024-09-04 15:29:00,57,129,88,97.8,13,93,0
SYN-V-001871,SYN-P-00271,SYN-E-000473,Synthetic Community Hospital East,Cardiology,2024-09-05 17:40:00,86,155,65,99.7,21,95,4
SYN-V-001872,SYN-P-00271,SYN-E-000473,Synthetic Community Hospital East,Cardiology,2024-09-06 10:00:00,56,144,72,99.1,22,92,4
SYN-V-001873,SYN-P-00271,SYN-E-000473,Synthetic Community Hospital East,Cardiology,2024-09-07 00:31:00,79,132,94,99.0,14,96,0
SYN-V-001874,SYN-P-00271,SYN-E-000473,Synthetic Community Hospital East,Cardiology,2024-09-07 07:15:00,100,119,79,98.8,19,92,1
SYN-V-001875,SYN-P-00271,SYN-E-000473,Synthetic Community Hospital East,Cardiology,2024-09-07 17:06:00,93,100,73,98.6,17,100,8
SYN-V-001876,SYN-P-00271,SYN-E-000473,Synthetic Community Hospital East,Cardiology,2024-09-08 20:47:00,91,126,89,98.7,20,92,3
SYN-V-001877,SYN-P-00271,SYN-E-000473,Synthetic Community Hospital East,Cardiology,2024-09-08 21:43:00,64,130,74,99.2,19,97,1
SYN-V-001878,SYN-P-00271,SYN-E-000473,Synthetic Community Hospital East,Cardiology,2024-09-09 20:31:00,102,102,80,97.6,12,94,6
SYN-V-001879,SYN-P-00271,SYN-E-000473,Synthetic Community Hospital East,Cardiology,2024-09-10 01:24:00,64,133,66,98.9,21,95,4
SYN-V-001880,SYN-P-00271,SYN-E-000473,Synthetic Community Hospital East,Cardiology,2024-09-10 12:02:00,78,144,73,98.6,20,92,0
SYN-V-001881,SYN-P-00271,SYN-E-000473,Synthetic Community Hospital East,Cardiology,2024-09-11 00:42:00,86,104,82,98.4,21,96,0
SYN-V-001882,SYN-P-00271,SYN-E-000473,Synthetic Community Hospital East,Cardiology,2024-09-11 02:12:00,97,142,74,99.8,19,99,7
SYN-V-001883,SYN-P-00271,SYN-E-000473,Synthetic Community Hospital East,Cardiology,2024-09-11 12:20:00,92,149,72,98.4,20,96,4
SYN-V-001884,SYN-P-00271,SYN-E-000473,Synthetic Community Hospital East,Cardiology,2024-09-12 06:58:00,56,149,92,97.8,18,100,7
SYN-V-001885,SYN-P-00271,SYN-E-000473,Synthetic Community Hospital East,Cardiology,2024-09-13 07:55:00,74,124,89,97.7,17,93,2
SYN-V-001886,SYN-P-00271,SYN-E-000473,Synthetic Community Hospital East,Cardiology,2024-09-13 17:45:00,84,121,62,97.2,14,96,
SYN-V-001887,SYN-P-00271,SYN-E-000473,Synthetic Community Hospital East,Cardiology,2024-09-13 20:42:00,87,126,76,97.8,15,95,8
SYN-V-001888,SYN-P-00271,SYN-E-000473,Synthetic Community Hospital East,Cardiology,2024-09-13 22:43:00,104,119,84,97.4,22,96,2
SYN-V-001889,SYN-P-00271,SYN-E-000473,Synthetic Community Hospital East,Cardiology,2024-09-14 01:44:00,76,116,73,99.7,16,92,5
SYN-V-001890,SYN-P-00271,SYN-E-000473,Synthetic Community Hospital East,Cardiology,2024-09-15 07:31:00,100,153,60,99.2,16,92,2
SYN-V-001891,SYN-P-00271,SYN-E-000473,Synthetic Community Hospital East,Cardiology,2024-09-15 07:53:00,69,146,87,97.8,22,100,5
SYN-V-001892,SYN-P-00271,SYN-E-000473,Synthetic Community Hospital East,Cardiology,2024-09-16 01:51:00,71,140,85,99.0,12,94,7
SYN-V-001893,SYN-P-00271,SYN-E-000473,Synthetic Community Hospital East,Cardiology,2024-09-16 07:33:00,98,104,71,98.3,22,100,7
SYN-V-001894,SYN-P-00271,SYN-E-000473,Synthetic Community Hospital East,Cardiology,2024-09-17 09:26:00,90,156,60,97.1,12,92,3
SYN-V-001895,SYN-P-00271,SYN-E-000473,Synthetic Community Hospital East,Cardiology,2024-09-17 15:36:00,91,110,77,98.6,12,97,3
SYN-V-001896,SYN-P-00048,SYN-E-000474,Synthetic Community Hospital West,Pulmonology,2024-09-06 11:25:00,88,112,92,99.7,13,98,1
SYN-V-001897,SYN-P-00044,SYN-E-000475,Synthetic Regional Medical Center,Emergency,2024-09-06 13:49:00,68,110,87,98.1,20,100,1
SYN-V-001898,SYN-P-00044,SYN-E-000475,Synthetic Regional Medical Center,Emergency,2024-09-06 15:48:00,90,128,66,97.8,13,97,3
SYN-V-001899,SYN-P-00044,SYN-E-000475,Synthetic Regional Medical Center,Emergency,2024-09-06 15:57:00,82,126,64,97.3,17,96,0
SYN-V-001900,SYN-P-00196,SYN-E-000477,Synthetic Outpatient Center,Pulmonology,2024-09-07 12:23:00,108,143,72,99.8,19,93,8
SYN-V-001901,SYN-P-00018,SYN-E-000478,Synthetic Specialty Clinic,Primary Care,2024-09-07 22:57:00,85,110,80,99.8,22,93,2
SYN-V-001902,SYN-P-00072,SYN-E-000479,Synthetic Regional Medical Center,Pulmonology,2024-09-08 23:15:00,75,137,75,98.6,21,96,4
SYN-V-001903,SYN-P-00072,SYN-E-000479,Synthetic Regional Medical Center,Pulmonology,2024-09-09 06:13:00,55,125,93,97.6,13,96,5
SYN-V-001904,SYN-P-00072,SYN-E-000479,Synthetic Regional Medical Center,Pulmonology,2024-09-09 13:56:00,101,109,85,99.1,19,100,2
SYN-V-001905,SYN-P-00072,SYN-E-000479,Synthetic Regional Medical Center,Pulmonology,2024-09-09 20:51:00,109,100,65,99.7,15,100,4
SYN-V-001906,SYN-P-00072,SYN-E-000479,Synthetic Regional Medical Center,Pulmonology,2024-09-10 02:33:00,56,151,63,98.3,22,95,5
SYN-V-001907,SYN-P-00072,SYN-E-000479,Synthetic Regional Medical Center,Pulmonology,2024-09-10 18:56:00,105,114,67,98.7,14,94,7
SYN-V-001908,SYN-P-00162,SYN-E-000480,Synthetic Specialty Clinic,Pulmonology,2024-09-09 01:34:00,56,119,75,99.4,13,94,0
SYN-V-001909,SYN-P-00121,SYN-E-000481,Synthetic Specialty Clinic,Endocrinology,2024-09-09 05:57:00,65,141,81,97.2,20,96,3
SYN-V-001910,SYN-P-00147,SYN-E-000482,Synthetic Community Hospital West,Emergency,2024-09-09 06:32:00,107,120,83,99.8,20,92,1
SYN-V-001911,SYN-P-00147,SYN-E-000482,Synthetic Community Hospital West,Emergency,2024-09-09 06:59:00,73,149,67,97.9,12,100,2
SYN-V-001912,SYN-P-00147,SYN-E-000482,Synthetic Community Hospital West,Emergency,2024-09-09 07:58:00,69,104,88,97.6,21,98,7
SYN-V-001913,SYN-P-00147,SYN-E-000482,Synthetic Community Hospital West,Emergency,2024-09-09 08:00:00,65,109,80,98.3,21,99,
SYN-V-001914,SYN-P-00147,SYN-E-000482,Synthetic Community Hospital West,Emergency,2024-09-09 08:06:00,82,140,80,98.2,18,95,8
SYN-V-001915,SYN-P-00071,SYN-E-000483,Synthetic Outpatient Center,Primary Care,2024-09-09 19:06:00,95,145,61,98.3,14,94,7
SYN-V-001916,SYN-P-00005,SYN-E-000484,Synthetic Regional Medical Center,Emergency,2024-09-09 19:39:00,94,120,61,97.7,20,94,2
SYN-V-001917,SYN-P-00005,SYN-E-000484,Synthetic Regional Medical Center,Emergency,2024-09-09 19:44:00,72,136,82,98.1,13,98,7
SYN-V-001918,SYN-P-00250,SYN-E-000485,Synthetic Community Hospital East,Pulmonology,2024-09-11 02:39:00,93,103,70,98.7,21,92,5
SYN-V-001919,SYN-P-00250,SYN-E-000485,Synthetic Community Hospital East,Pulmonology,2024-09-11 09:59:00,92,135,77,98.3,15,92,6
SYN-V-001920,SYN-P-00250,SYN-E-000485,Synthetic Community Hospital East,Pulmonology,2024-09-11 17:39:00,73,134,68,98.2,16,95,5
SYN-V-001921,SYN-P-00250,SYN-E-000485,Synthetic Community Hospital East,Pulmonology,2024-09-11 18:33:00,90,141,95,99.3,12,95,8
SYN-V-001922,SYN-P-00250,SYN-E-000485,Synthetic Community Hospital East,Pulmonology,2024-09-12 16:35:00,71,149,89,97.6,20,95,7
SYN-V-001923,SYN-P-00250,SYN-E-000485,Synthetic Community Hospital East,Pulmonology,2024-09-12 18:18:00,65,129,81,98.5,19,98,7
SYN-V-001924,SYN-P-00250,SYN-E-000485,Synthetic Community Hospital East,Pulmonology,2024-09-12 20:25:00,84,159,82,98.9,14,95,8
SYN-V-001925,SYN-P-00250,SYN-E-000485,Synthetic Community Hospital East,Pulmonology,2024-09-12 23:51:00,70,114,82,99.3,14,98,4
SYN-V-001926,SYN-P-00298,SYN-E-000486,Synthetic Specialty Clinic,Pulmonology,2024-09-11 13:02:00,99,150,64,97.3,15,94,0
SYN-V-001927,SYN-P-00298,SYN-E-000486,Synthetic Specialty Clinic,Pulmonology,2024-09-11 14:00:00,62,120,92,97.8,18,95,7
SYN-V-001928,SYN-P-00298,SYN-E-000486,Synthetic Specialty Clinic,Pulmonology,2024-09-11 15:39:00,64,123,68,97.7,18,94,5
SYN-V-001929,SYN-P-00215,SYN-E-000487,Synthetic Outpatient Center,Primary Care,2024-09-11 14:40:00,85,154,75,97.6,16,97,7
SYN-V-001930,SYN-P-00215,SYN-E-000487,Synthetic Outpatient Center,Primary Care,2024-09-11 15:31:00,55,134,86,98.2,21,95,
SYN-V-001931,SYN-P-00066,SYN-E-000488,Synthetic Regional Medical Center,Internal Medicine,2024-09-11 16:14:00,55,113,84,97.8,18,99,6
SYN-V-001932,SYN-P-00066,SYN-E-000488,Synthetic Regional Medical Center,Internal Medicine,2024-09-11 16:55:00,78,139,71,99.2,13,97,1
SYN-V-001933,SYN-P-00066,SYN-E-000488,Synthetic Regional Medical Center,Internal Medicine,2024-09-11 18:43:00,108,140,88,97.5,13,98,2
SYN-V-001934,SYN-P-00066,SYN-E-000488,Synthetic Regional Medical Center,Internal Medicine,2024-09-11 21:58:00,63,141,68,97.5,21,98,4
SYN-V-001935,SYN-P-00066,SYN-E-000488,Synthetic Regional Medical Center,Internal Medicine,2024-09-12 03:10:00,72,136,85,97.9,22,99,2
SYN-V-001936,SYN-P-00066,SYN-E-000488,Synthetic Regional Medical Center,Internal Medicine,2024-09-12 14:51:00,92,102,85,98.9,17,99,6
SYN-V-001937,SYN-P-00124,SYN-E-000491,Synthetic Community Hospital East,Emergency,2024-09-12 15:11:00,74,138,74,98.9,16,97,7
SYN-V-001938,SYN-P-00124,SYN-E-000491,Synthetic Community Hospital East,Emergency,2024-09-12 18:38:00,55,133,64,97.4,13,95,
SYN-V-001939,SYN-P-00232,SYN-E-000493,Synthetic Community Hospital West,Neurology,2024-09-13 12:33:00,99,109,77,98.1,17,96,5
SYN-V-001940,SYN-P-00232,SYN-E-000493,Synthetic Community Hospital West,Neurology,2024-09-13 23:04:00,55,124,93,97.0,13,98,1
SYN-V-001941,SYN-P-00232,SYN-E-000493,Synthetic Community Hospital West,Neurology,2024-09-14 01:37:00,100,134,63,99.5,18,97,4
SYN-V-001942,SYN-P-00232,SYN-E-000493,Synthetic Community Hospital West,Neurology,2024-09-14 06:38:00,98,104,67,98.8,18,98,6
SYN-V-001943,SYN-P-00232,SYN-E-000493,Synthetic Community Hospital West,Neurology,2024-09-14 14:19:00,59,150,79,97.7,15,99,7
SYN-V-001944,SYN-P-00232,SYN-E-000493,Synthetic Community Hospital West,Neurology,2024-09-14 19:23:00,78,139,81,99.1,14,92,6
SYN-V-001945,SYN-P-00232,SYN-E-000493,Synthetic Community Hospital West,Neurology,2024-09-14 21:16:00,75,100,66,99.0,20,100,6
SYN-V-001946,SYN-P-00075,SYN-E-000494,Synthetic Community Hospital West,Emergency,2024-09-13 18:00:00,86,118,90,97.9,22,97,5
SYN-V-001947,SYN-P-00075,SYN-E-000494,Synthetic Community Hospital West,Emergency,2024-09-13 18:01:00,84,106,73,98.5,15,100,4
SYN-V-001948,SYN-P-00075,SYN-E-000494,Synthetic Community Hospital West,Emergency,2024-09-13 19:27:00,70,144,89,97.1,20,96,4
SYN-V-001949,SYN-P-00130,SYN-E-000495,Synthetic Community Hospital West,Emergency,2024-09-13 22:22:00,94,156,87,97.6,20,92,1
SYN-V-001950,SYN-P-00169,SYN-E-000497,Synthetic Outpatient Center,Primary Care,2024-09-14 21:03:00,109,120,73,98.1,17,97,3
SYN-V-001951,SYN-P-00169,SYN-E-000497,Synthetic Outpatient Center,Primary Care,2024-09-14 23:06:00,107,152,66,98.0,22,96,5
SYN-V-001952,SYN-P-00047,SYN-E-000498,Synthetic Specialty Clinic,Primary Care,2024-09-15 01:18:00,70,146,73,99.7,13,100,7
SYN-V-001953,SYN-P-00045,SYN-E-000499,Synthetic Community Hospital East,Cardiology,2024-09-16 01:00:00,98,160,61,98.4,14,93,8
SYN-V-001954,SYN-P-00225,SYN-E-000501,Synthetic Regional Medical Center,Cardiology,2024-09-18 21:53:00,83,124,69,99.5,15,98,2
SYN-V-001955,SYN-P-00225,SYN-E-000501,Synthetic Regional Medical Center,Cardiology,2024-09-19 09:16:00,57,139,88,98.3,20,94,5
SYN-V-001956,SYN-P-00225,SYN-E-000501,Synthetic Regional Medical Center,Cardiology,2024-09-20 13:21:00,87,107,67,99.6,15,98,8
SYN-V-001957,SYN-P-00225,SYN-E-000501,Synthetic Regional Medical Center,Cardiology,2024-09-20 13:57:00,95,106,77,97.3,18,95,3
SYN-V-001958,SYN-P-00225,SYN-E-000501,Synthetic Regional Medical Center,Cardiology,2024-09-21 00:39:00,100,159,70,98.8,20,99,6
SYN-V-001959,SYN-P-00225,SYN-E-000501,Synthetic Regional Medical Center,Cardiology,2024-09-21 05:45:00,110,125,70,98.8,14,92,3
SYN-V-001960,SYN-P-00202,SYN-E-000503,Synthetic Community Hospital East,Cardiology,2024-09-19 09:23:00,63,116,69,98.8,15,93,1
SYN-V-001961,SYN-P-00202,SYN-E-000503,Synthetic Community Hospital East,Cardiology,2024-09-19 12:40:00,84,141,91,99.2,20,97,
SYN-V-001962,SYN-P-00202,SYN-E-000503,Synthetic Community Hospital East,Cardiology,2024-09-19 18:17:00,104,129,60,99.0,19,98,2
SYN-V-001963,SYN-P-00202,SYN-E-000503,Synthetic Community Hospital East,Cardiology,2024-09-20 07:25:00,85,131,65,98.5,18,98,1
SYN-V-001964,SYN-P-00202,SYN-E-000503,Synthetic Community Hospital East,Cardiology,2024-09-20 18:24:00,87,103,62,99.0,22,99,
SYN-V-001965,SYN-P-00202,SYN-E-000503,Synthetic Community Hospital East,Cardiology,2024-09-21 02:58:00,63,159,89,98.0,13,96,7
SYN-V-001966,SYN-P-00202,SYN-E-000503,Synthetic Community Hospital East,Cardiology,2024-09-22 01:45:00,90,150,77,98.4,17,92,8
SYN-V-001967,SYN-P-00202,SYN-E-000503,Synthetic Community Hospital East,Cardiology,2024-09-22 04:18:00,83,140,79,97.0,17,94,0
SYN-V-001968,SYN-P-00202,SYN-E-000503,Synthetic Community Hospital East,Cardiology,2024-09-22 11:56:00,65,124,90,97.3,17,96,0
SYN-V-001969,SYN-P-00202,SYN-E-000503,Synthetic Community Hospital East,Cardiology,2024-09-22 15:59:00,65,126,82,97.2,13,94,3
SYN-V-001970,SYN-P-00202,SYN-E-000503,Synthetic Community Hospital East,Cardiology,2024-09-23 00:53:00,70,149,69,98.2,16,95,5
SYN-V-001971,SYN-P-00221,SYN-E-000504,Synthetic Regional Medical Center,Cardiology,2024-09-20 01:25:00,105,158,67,98.8,18,94,8
SYN-V-001972,SYN-P-00221,SYN-E-000504,Synthetic Regional Medical Center,Cardiology,2024-09-20 05:23:00,91,126,82,97.4,12,92,0
SYN-V-001973,SYN-P-00221,SYN-E-000504,Synthetic Regional Medical Center,Cardiology,2024-09-20 11:59:00,96,136,76,97.0,18,97,3
SYN-V-001974,SYN-P-00221,SYN-E-000504,Synthetic Regional Medical Center,Cardiology,2024-09-21 03:22:00,78,157,92,98.2,13,92,2
SYN-V-001975,SYN-P-00221,SYN-E-000504,Synthetic Regional Medical Center,Cardiology,2024-09-21 07:20:00,97,125,95,97.4,19,92,2
SYN-V-001976,SYN-P-00221,SYN-E-000504,Synthetic Regional Medical Center,Cardiology,2024-09-21 09:20:00,88,156,78,99.6,16,99,5
SYN-V-001977,SYN-P-00221,SYN-E-000504,Synthetic Regional Medical Center,Cardiology,2024-09-21 11:35:00,102,129,74,97.5,17,100,3
SYN-V-001978,SYN-P-00111,SYN-E-000505,Synthetic Regional Medical Center,Emergency,2024-09-20 04:17:00,105,115,70,97.9,15,92,6
SYN-V-001979,SYN-P-00111,SYN-E-000505,Synthetic Regional Medical Center,Emergency,2024-09-20 05:30:00,99,121,92,97.6,13,95,
SYN-V-001980,SYN-P-00177,SYN-E-000506,Synthetic Specialty Clinic,Primary Care,2024-09-20 04:55:00,84,151,93,98.0,20,99,4
SYN-V-001981,SYN-P-00177,SYN-E-000506,Synthetic Specialty Clinic,Primary Care,2024-09-20 06:48:00,60,120,90,97.8,12,94,
SYN-V-001982,SYN-P-00251,SYN-E-000507,Synthetic Community Hospital East,Pulmonology,2024-09-20 06:48:00,85,144,95,99.1,19,99,5
SYN-V-001983,SYN-P-00264,SYN-E-000509,Synthetic Specialty Clinic,Primary Care,2024-09-20 16:19:00,84,122,70,97.8,16,99,
SYN-V-001984,SYN-P-00028,SYN-E-000510,Synthetic Outpatient Center,Endocrinology,2024-09-21 22:05:00,96,126,69,97.8,20,94,2
SYN-V-001985,SYN-P-00048,SYN-E-000511,Synthetic Community Hospital West,Pulmonology,2024-09-22 18:20:00,87,151,74,98.8,13,93,2
SYN-V-001986,SYN-P-00185,SYN-E-000512,Synthetic Community Hospital West,Internal Medicine,2024-09-23 05:18:00,65,120,83,97.6,20,100,7
SYN-V-001987,SYN-P-00185,SYN-E-000512,Synthetic Community Hospital West,Internal Medicine,2024-09-23 05:33:00,110,148,78,99.8,20,96,7
SYN-V-001988,SYN-P-00185,SYN-E-000512,Synthetic Community Hospital West,Internal Medicine,2024-09-23 05:59:00,76,137,62,97.0,17,93,7
SYN-V-001989,SYN-P-00185,SYN-E-000512,Synthetic Community Hospital West,Internal Medicine,2024-09-23 06:55:00,97,108,70,99.3,18,96,4
SYN-V-001990,SYN-P-00185,SYN-E-000512,Synthetic Community Hospital West,Internal Medicine,2024-09-23 07:01:00,93,147,63,99.4,20,95,3
SYN-V-001991,SYN-P-00174,SYN-E-000513,Synthetic Community Hospital East,Emergency,2024-09-23 05:50:00,90,111,86,97.8,18,98,7
SYN-V-001992,SYN-P-00174,SYN-E-000513,Synthetic Community Hospital East,Emergency,2024-09-23 05:54:00,105,112,78,98.5,14,97,
SYN-V-001993,SYN-P-00174,SYN-E-000513,Synthetic Community Hospital East,Emergency,2024-09-23 08:13:00,73,148,60,97.5,18,94,1
SYN-V-001994,SYN-P-00019,SYN-E-000514,Synthetic Specialty Clinic,Primary Care,2024-09-24 04:00:00,86,112,74,98.4,14,99,8
SYN-V-001995,SYN-P-00213,SYN-E-000516,Synthetic Regional Medical Center,Cardiology,2024-09-24 12:38:00,80,141,92,97.6,22,93,0
SYN-V-001996,SYN-P-00213,SYN-E-000516,Synthetic Regional Medical Center,Cardiology,2024-09-25 07:38:00,100,136,76,98.0,16,92,1
SYN-V-001997,SYN-P-00213,SYN-E-000516,Synthetic Regional Medical Center,Cardiology,2024-09-25 14:01:00,74,123,64,98.1,17,93,0
SYN-V-001998,SYN-P-00213,SYN-E-000516,Synthetic Regional Medical Center,Cardiology,2024-09-25 15:52:00,69,105,68,99.7,19,100,6
SYN-V-001999,SYN-P-00213,SYN-E-000516,Synthetic Regional Medical Center,Cardiology,2024-09-25 18:33:00,74,142,84,98.3,13,96,1
SYN-V-002000,SYN-P-00213,SYN-E-000516,Synthetic Regional Medical Center,Cardiology,2024-09-25 19:08:00,99,132,63,99.6,18,98,6
SYN-V-002001,SYN-P-00213,SYN-E-000516,Synthetic Regional Medical Center,Cardiology,2024-09-25 20:40:00,70,100,80,97.7,19,97,8
SYN-V-002002,SYN-P-00213,SYN-E-000516,Synthetic Regional Medical Center,Cardiology,2024-09-25 23:08:00,72,120,72,99.3,18,92,0
SYN-V-002003,SYN-P-00213,SYN-E-000516,Synthetic Regional Medical Center,Cardiology,2024-09-26 13:51:00,78,157,90,99.6,22,93,5
SYN-V-002004,SYN-P-00015,SYN-E-000517,Synthetic Outpatient Center,Pulmonology,2024-09-24 20:57:00,65,121,78,97.8,14,93,4
SYN-V-002005,SYN-P-00107,SYN-E-000519,Synthetic Regional Medical Center,Cardiology,2024-09-25 08:01:00,102,113,74,97.6,17,97,3
SYN-V-002006,SYN-P-00107,SYN-E-000519,Synthetic Regional Medical Center,Cardiology,2024-09-25 10:36:00,94,148,75,98.6,17,95,1
SYN-V-002007,SYN-P-00107,SYN-E-000519,Synthetic Regional Medical Center,Cardiology,2024-09-25 10:53:00,63,124,69,97.7,14,92,8
SYN-V-002008,SYN-P-00107,SYN-E-000519,Synthetic Regional Medical Center,Cardiology,2024-09-25 11:10:00,61,113,88,98.6,22,94,2
SYN-V-002009,SYN-P-00236,SYN-E-000521,Synthetic Community Hospital West,Pulmonology,2024-09-26 22:05:00,70,136,69,98.5,13,94,6
SYN-V-002010,SYN-P-00236,SYN-E-000521,Synthetic Community Hospital West,Pulmonology,2024-09-27 13:48:00,96,126,75,99.0,14,96,6
SYN-V-002011,SYN-P-00236,SYN-E-000521,Synthetic Community Hospital West,Pulmonology,2024-09-28 02:10:00,87,160,82,99.1,12,94,8
SYN-V-002012,SYN-P-00236,SYN-E-000521,Synthetic Community Hospital West,Pulmonology,2024-09-28 05:19:00,63,135,87,99.6,22,100,
SYN-V-002013,SYN-P-00236,SYN-E-000521,Synthetic Community Hospital West,Pulmonology,2024-09-28 05:45:00,87,144,93,99.2,22,100,6
SYN-V-002014,SYN-P-00236,SYN-E-000521,Synthetic Community Hospital West,Pulmonology,2024-09-28 09:21:00,88,134,70,97.9,19,93,2
SYN-V-002015,SYN-P-00236,SYN-E-000521,Synthetic Community Hospital West,Pulmonology,2024-09-29 00:19:00,92,157,91,98.2,15,98,3
SYN-V-002016,SYN-P-00236,SYN-E-000521,Synthetic Community Hospital West,Pulmonology,2024-09-29 05:50:00,92,153,95,97.8,21,100,
SYN-V-002017,SYN-P-00236,SYN-E-000521,Synthetic Community Hospital West,Pulmonology,2024-09-29 07:02:00,72,153,62,97.7,14,94,
SYN-V-002018,SYN-P-00236,SYN-E-000521,Synthetic Community Hospital West,Pulmonology,2024-09-30 01:50:00,97,125,62,99.5,15,100,
SYN-V-002019,SYN-P-00236,SYN-E-000521,Synthetic Community Hospital West,Pulmonology,2024-09-30 04:01:00,72,122,86,98.9,14,100,7
SYN-V-002020,SYN-P-00236,SYN-E-000521,Synthetic Community Hospital West,Pulmonology,2024-09-30 05:37:00,84,126,64,98.8,15,97,8
SYN-V-002021,SYN-P-00236,SYN-E-000521,Synthetic Community Hospital West,Pulmonology,2024-09-30 06:56:00,72,101,60,97.3,14,93,2
SYN-V-002022,SYN-P-00236,SYN-E-000521,Synthetic Community Hospital West,Pulmonology,2024-09-30 08:09:00,71,148,90,98.3,13,96,7
SYN-V-002023,SYN-P-00236,SYN-E-000521,Synthetic Community Hospital West,Pulmonology,2024-09-30 12:09:00,67,101,79,97.5,12,98,4
SYN-V-002024,SYN-P-00236,SYN-E-000521,Synthetic Community Hospital West,Pulmonology,2024-10-01 07:34:00,94,117,80,97.1,20,92,1
SYN-V-002025,SYN-P-00236,SYN-E-000521,Synthetic Community Hospital West,Pulmonology,2024-10-01 10:38:00,75,137,81,98.6,16,99,6
SYN-V-002026,SYN-P-00236,SYN-E-000521,Synthetic Community Hospital West,Pulmonology,2024-10-01 21:13:00,79,131,87,98.7,18,100,0
SYN-V-002027,SYN-P-00105,SYN-E-000523,Synthetic Outpatient Center,Orthopedics,2024-09-27 23:18:00,80,119,77,99.5,17,98,8
SYN-V-002028,SYN-P-00106,SYN-E-000524,Synthetic Regional Medical Center,Orthopedics,2024-09-28 05:53:00,110,140,68,99.5,21,98,6
SYN-V-002029,SYN-P-00106,SYN-E-000524,Synthetic Regional Medical Center,Orthopedics,2024-09-28 06:43:00,58,135,66,99.2,20,98,4
SYN-V-002030,SYN-P-00106,SYN-E-000524,Synthetic Regional Medical Center,Orthopedics,2024-09-28 09:18:00,86,134,75,98.9,13,92,1
SYN-V-002031,SYN-P-00244,SYN-E-000526,Synthetic Community Hospital East,Emergency,2024-09-29 20:26:00,80,151,71,98.3,17,96,5
SYN-V-002032,SYN-P-00244,SYN-E-000526,Synthetic Community Hospital East,Emergency,2024-09-29 20:32:00,105,149,71,97.0,22,92,4
SYN-V-002033,SYN-P-00244,SYN-E-000526,Synthetic Community Hospital East,Emergency,2024-09-29 20:54:00,75,143,89,99.4,15,98,2
SYN-V-002034,SYN-P-00244,SYN-E-000526,Synthetic Community Hospital East,Emergency,2024-09-29 21:58:00,108,146,65,99.3,19,100,2
SYN-V-002035,SYN-P-00244,SYN-E-000526,Synthetic Community Hospital East,Emergency,2024-09-29 22:36:00,66,137,93,99.6,14,92,6
SYN-V-002036,SYN-P-00244,SYN-E-000526,Synthetic Community Hospital East,Emergency,2024-09-29 22:43:00,74,150,81,97.1,15,92,7
SYN-V-002037,SYN-P-00244,SYN-E-000526,Synthetic Community Hospital East,Emergency,2024-09-29 22:48:00,73,156,70,97.1,13,92,7
SYN-V-002038,SYN-P-00290,SYN-E-000527,Synthetic Outpatient Center,Pulmonology,2024-09-29 23:44:00,58,160,71,99.7,17,93,4
SYN-V-002039,SYN-P-00160,SYN-E-000529,Synthetic Specialty Clinic,Cardiology,2024-09-30 17:35:00,72,114,79,98.1,17,96,0
SYN-V-002040,SYN-P-00160,SYN-E-000529,Synthetic Specialty Clinic,Cardiology,2024-09-30 17:37:00,66,107,82,99.5,15,93,3
SYN-V-002041,SYN-P-00160,SYN-E-000529,Synthetic Specialty Clinic,Cardiology,2024-09-30 20:38:00,103,149,65,99.0,13,95,6
SYN-V-002042,SYN-P-00056,SYN-E-000530,Synthetic Outpatient Center,Orthopedics,2024-09-30 21:11:00,71,111,65,97.1,16,96,3
SYN-V-002043,SYN-P-00085,SYN-E-000532,Synthetic Specialty Clinic,Orthopedics,2024-10-03 13:02:00,84,125,95,97.6,21,94,0
SYN-V-002044,SYN-P-00127,SYN-E-000537,Synthetic Regional Medical Center,Emergency,2024-10-04 01:42:00,103,135,77,97.3,20,99,2
SYN-V-002045,SYN-P-00163,SYN-E-000538,Synthetic Regional Medical Center,Internal Medicine,2024-10-04 08:28:00,56,137,78,99.3,21,96,2
SYN-V-002046,SYN-P-00163,SYN-E-000538,Synthetic Regional Medical Center,Internal Medicine,2024-10-04 09:53:00,102,130,70,97.5,19,96,5
SYN-V-002047,SYN-P-00163,SYN-E-000538,Synthetic Regional Medical Center,Internal Medicine,2024-10-04 20:59:00,64,148,70,98.1,15,92,0
SYN-V-002048,SYN-P-00163,SYN-E-000538,Synthetic Regional Medical Center,Internal Medicine,2024-10-04 21:06:00,65,120,76,99.5,20,93,7
SYN-V-002049,SYN-P-00163,SYN-E-000538,Synthetic Regional Medical Center,Internal Medicine,2024-10-05 00:47:00,73,145,74,99.1,21,99,0
SYN-V-002050,SYN-P-00163,SYN-E-000538,Synthetic Regional Medical Center,Internal Medicine,2024-10-05 07:00:00,103,102,83,97.7,13,99,5
SYN-V-002051,SYN-P-00163,SYN-E-000538,Synthetic Regional Medical Center,Internal Medicine,2024-10-05 07:57:00,86,124,94,98.8,18,99,2
SYN-V-002052,SYN-P-00163,SYN-E-000538,Synthetic Regional Medical Center,Internal Medicine,2024-10-06 02:43:00,63,132,81,98.1,14,98,
SYN-V-002053,SYN-P-00163,SYN-E-000538,Synthetic Regional Medical Center,Internal Medicine,2024-10-06 09:30:00,104,117,84,97.0,16,93,1
SYN-V-002054,SYN-P-00163,SYN-E-000538,Synthetic Regional Medical Center,Internal Medicine,2024-10-06 14:47:00,83,152,84,97.1,22,95,3
SYN-V-002055,SYN-P-00163,SYN-E-000538,Synthetic Regional Medical Center,Internal Medicine,2024-10-06 17:12:00,86,158,63,98.5,15,96,4
SYN-V-002056,SYN-P-00058,SYN-E-000539,Synthetic Community Hospital East,Emergency,2024-10-04 09:08:00,106,110,71,98.9,15,93,3
SYN-V-002057,SYN-P-00058,SYN-E-000539,Synthetic Community Hospital East,Emergency,2024-10-04 09:34:00,88,112,69,99.5,18,94,0
SYN-V-002058,SYN-P-00241,SYN-E-000540,Synthetic Community Hospital East,Neurology,2024-10-04 19:18:00,97,126,61,97.8,20,99,6
SYN-V-002059,SYN-P-00241,SYN-E-000540,Synthetic Community Hospital East,Neurology,2024-10-05 13:35:00,78,108,73,97.1,12,94,7
SYN-V-002060,SYN-P-00241,SYN-E-000540,Synthetic Community Hospital East,Neurology,2024-10-06 03:17:00,62,118,71,97.8,21,100,2
SYN-V-002061,SYN-P-00241,SYN-E-000540,Synthetic Community Hospital East,Neurology,2024-10-07 04:57:00,94,129,63,99.8,13,100,4
SYN-V-002062,SYN-P-00241,SYN-E-000540,Synthetic Community Hospital East,Neurology,2024-10-07 14:03:00,88,153,92,97.8,12,99,
SYN-V-002063,SYN-P-00021,SYN-E-000541,Synthetic Community Hospital West,Cardiology,2024-10-04 15:32:00,90,142,76,99.4,17,92,0
SYN-V-002064,SYN-P-00021,SYN-E-000541,Synthetic Community Hospital West,Cardiology,2024-10-04 17:39:00,86,110,70,99.7,17,98,7
SYN-V-002065,SYN-P-00021,SYN-E-000541,Synthetic Community Hospital West,Cardiology,2024-10-05 01:44:00,74,147,69,99.4,21,100,3
SYN-V-002066,SYN-P-00021,SYN-E-000541,Synthetic Community Hospital West,Cardiology,2024-10-05 14:00:00,91,159,64,97.1,16,94,
SYN-V-002067,SYN-P-00021,SYN-E-000541,Synthetic Community Hospital West,Cardiology,2024-10-06 05:34:00,86,136,89,97.9,17,100,6
SYN-V-002068,SYN-P-00021,SYN-E-000541,Synthetic Community Hospital West,Cardiology,2024-10-06 14:26:00,74,132,95,98.9,15,92,7
SYN-V-002069,SYN-P-00021,SYN-E-000541,Synthetic Community Hospital West,Cardiology,2024-10-07 05:05:00,102,144,86,99.4,17,94,3
SYN-V-002070,SYN-P-00021,SYN-E-000541,Synthetic Community Hospital West,Cardiology,2024-10-07 13:54:00,65,108,86,97.8,18,95,3
SYN-V-002071,SYN-P-00021,SYN-E-000541,Synthetic Community Hospital West,Cardiology,2024-10-09 01:35:00,91,103,64,98.3,17,92,0
SYN-V-002072,SYN-P-00021,SYN-E-000541,Synthetic Community Hospital West,Cardiology,2024-10-09 05:01:00,61,104,83,99.4,22,94,2
SYN-V-002073,SYN-P-00021,SYN-E-000541,Synthetic Community Hospital West,Cardiology,2024-10-09 19:04:00,60,154,75,97.8,17,93,7
SYN-V-002074,SYN-P-00021,SYN-E-000541,Synthetic Community Hospital West,Cardiology,2024-10-10 16:22:00,102,108,60,99.1,15,96,7
SYN-V-002075,SYN-P-00021,SYN-E-000541,Synthetic Community Hospital West,Cardiology,2024-10-11 08:33:00,83,136,72,99.6,22,94,0
SYN-V-002076,SYN-P-00021,SYN-E-000541,Synthetic Community Hospital West,Cardiology,2024-10-12 02:15:00,89,143,68,97.1,18,98,3
SYN-V-002077,SYN-P-00021,SYN-E-000541,Synthetic Community Hospital West,Cardiology,2024-10-12 04:19:00,107,135,69,99.1,13,95,5
SYN-V-002078,SYN-P-00021,SYN-E-000541,Synthetic Community Hospital West,Cardiology,2024-10-12 18:48:00,58,131,80,99.5,20,97,2
SYN-V-002079,SYN-P-00021,SYN-E-000541,Synthetic Community Hospital West,Cardiology,2024-10-13 12:28:00,107,114,79,98.3,18,92,4
SYN-V-002080,SYN-P-00021,SYN-E-000541,Synthetic Community Hospital West,Cardiology,2024-10-13 14:53:00,55,128,65,98.2,22,99,6
SYN-V-002081,SYN-P-00021,SYN-E-000541,Synthetic Community Hospital West,Cardiology,2024-10-13 21:03:00,66,111,73,98.4,20,96,1
SYN-V-002082,SYN-P-00021,SYN-E-000541,Synthetic Community Hospital West,Cardiology,2024-10-13 23:13:00,109,115,78,98.6,12,99,4
SYN-V-002083,SYN-P-00021,SYN-E-000541,Synthetic Community Hospital West,Cardiology,2024-10-14 00:46:00,92,158,79,97.2,22,100,4
SYN-V-002084,SYN-P-00021,SYN-E-000541,Synthetic Community Hospital West,Cardiology,2024-10-14 15:39:00,78,125,91,97.7,21,92,7
SYN-V-002085,SYN-P-00021,SYN-E-000541,Synthetic Community Hospital West,Cardiology,2024-10-14 18:42:00,83,129,75,97.7,17,99,8
SYN-V-002086,SYN-P-00021,SYN-E-000541,Synthetic Community Hospital West,Cardiology,2024-10-15 09:39:00,101,125,75,99.3,20,95,6
SYN-V-002087,SYN-P-00021,SYN-E-000541,Synthetic Community Hospital West,Cardiology,2024-10-15 12:40:00,95,113,93,99.1,21,100,6
SYN-V-002088,SYN-P-00021,SYN-E-000541,Synthetic Community Hospital West,Cardiology,2024-10-15 16:43:00,77,100,95,99.7,15,94,8
SYN-V-002089,SYN-P-00021,SYN-E-000541,Synthetic Community Hospital West,Cardiology,2024-10-16 00:54:00,71,120,67,97.1,19,98,0
SYN-V-002090,SYN-P-00021,SYN-E-000541,Synthetic Community Hospital West,Cardiology,2024-10-16 10:49:00,86,112,67,99.3,16,92,8
SYN-V-002091,SYN-P-00025,SYN-E-000542,Synthetic Community Hospital West,Internal Medicine,2024-10-05 22:17:00,72,160,72,99.2,20,95,8
SYN-V-002092,SYN-P-00025,SYN-E-000542,Synthetic Community Hospital West,Internal Medicine,2024-10-05 22:39:00,98,153,93,99.7,12,96,4
SYN-V-002093,SYN-P-00025,SYN-E-000542,Synthetic Community Hospital West,Internal Medicine,2024-10-06 16:34:00,94,124,77,99.3,12,96,
SYN-V-002094,SYN-P-00025,SYN-E-000542,Synthetic Community Hospital West,Internal Medicine,2024-10-07 10:45:00,74,114,95,99.0,17,95,0
SYN-V-002095,SYN-P-00025,SYN-E-000542,Synthetic Community Hospital West,Internal Medicine,2024-10-07 15:51:00,82,151,77,99.6,16,95,4
SYN-V-002096,SYN-P-00025,SYN-E-000542,Synthetic Community Hospital West,Internal Medicine,2024-10-08 00:05:00,93,113,66,97.4,15,96,5
SYN-V-002097,SYN-P-00025,SYN-E-000542,Synthetic Community Hospital West,Internal Medicine,2024-10-08 01:42:00,107,147,91,98.7,17,96,0
SYN-V-002098,SYN-P-00025,SYN-E-000542,Synthetic Community Hospital West,Internal Medicine,2024-10-08 04:56:00,73,111,62,98.3,12,92,7
SYN-V-002099,SYN-P-00025,SYN-E-000542,Synthetic Community Hospital West,Internal Medicine,2024-10-08 05:48:00,70,107,74,99.0,17,95,
SYN-V-002100,SYN-P-00025,SYN-E-000542,Synthetic Community Hospital West,Internal Medicine,2024-10-08 07:39:00,82,108,86,98.2,20,100,3
SYN-V-002101,SYN-P-00025,SYN-E-000542,Synthetic Community Hospital West,Internal Medicine,2024-10-08 08:02:00,93,153,78,98.9,19,94,0
SYN-V-002102,SYN-P-00025,SYN-E-000542,Synthetic Community Hospital West,Internal Medicine,2024-10-08 22:08:00,78,145,81,99.6,14,96,5
SYN-V-002103,SYN-P-00025,SYN-E-000542,Synthetic Community Hospital West,Internal Medicine,2024-10-09 02:47:00,64,125,89,98.6,22,99,1
SYN-V-002104,SYN-P-00025,SYN-E-000542,Synthetic Community Hospital West,Internal Medicine,2024-10-09 04:59:00,62,139,76,97.9,21,98,4
SYN-V-002105,SYN-P-00225,SYN-E-000543,Synthetic Outpatient Center,Primary Care,2024-10-05 16:06:00,100,113,95,98.3,12,96,1
SYN-V-002106,SYN-P-00286,SYN-E-000544,Synthetic Community Hospital East,Internal Medicine,2024-10-06 03:01:00,84,101,75,98.5,18,99,1
SYN-V-002107,SYN-P-00286,SYN-E-000544,Synthetic Community Hospital East,Internal Medicine,2024-10-06 04:21:00,89,156,94,98.3,14,98,8
SYN-V-002108,SYN-P-00286,SYN-E-000544,Synthetic Community Hospital East,Internal Medicine,2024-10-06 13:47:00,92,112,75,99.3,16,96,1
SYN-V-002109,SYN-P-00286,SYN-E-000544,Synthetic Community Hospital East,Internal Medicine,2024-10-07 18:58:00,93,104,75,99.7,19,94,4
SYN-V-002110,SYN-P-00286,SYN-E-000544,Synthetic Community Hospital East,Internal Medicine,2024-10-07 23:57:00,102,126,68,98.8,21,99,3
SYN-V-002111,SYN-P-00197,SYN-E-000545,Synthetic Specialty Clinic,Orthopedics,2024-10-06 08:36:00,91,151,75,97.7,22,98,0
SYN-V-002112,SYN-P-00235,SYN-E-000546,Synthetic Community Hospital West,Cardiology,2024-10-07 01:14:00,101,103,68,98.5,18,96,8
SYN-V-002113,SYN-P-00235,SYN-E-000546,Synthetic Community Hospital West,Cardiology,2024-10-07 11:00:00,109,159,64,99.2,12,95,2
SYN-V-002114,SYN-P-00235,SYN-E-000546,Synthetic Community Hospital West,Cardiology,2024-10-07 12:14:00,90,132,88,99.2,14,97,2
SYN-V-002115,SYN-P-00078,SYN-E-000547,Synthetic Regional Medical Center,Nephrology,2024-10-06 13:13:00,84,112,85,98.7,18,97,1
SYN-V-002116,SYN-P-00078,SYN-E-000547,Synthetic Regional Medical Center,Nephrology,2024-10-06 15:39:00,89,101,82,97.7,20,93,6
SYN-V-002117,SYN-P-00078,SYN-E-000547,Synthetic Regional Medical Center,Nephrology,2024-10-06 15:47:00,101,100,76,99.4,22,96,8
SYN-V-002118,SYN-P-00078,SYN-E-000547,Synthetic Regional Medical Center,Nephrology,2024-10-07 03:23:00,86,148,84,98.9,16,97,5
SYN-V-002119,SYN-P-00078,SYN-E-000547,Synthetic Regional Medical Center,Nephrology,2024-10-07 15:47:00,89,128,79,99.8,13,99,4
SYN-V-002120,SYN-P-00078,SYN-E-000547,Synthetic Regional Medical Center,Nephrology,2024-10-08 04:18:00,84,127,75,98.6,22,100,2
SYN-V-002121,SYN-P-00078,SYN-E-000547,Synthetic Regional Medical Center,Nephrology,2024-10-08 04:24:00,90,157,94,98.9,19,99,0
SYN-V-002122,SYN-P-00078,SYN-E-000547,Synthetic Regional Medical Center,Nephrology,2024-10-08 05:58:00,87,148,72,97.8,21,100,8
SYN-V-002123,SYN-P-00078,SYN-E-000547,Synthetic Regional Medical Center,Nephrology,2024-10-08 07:04:00,94,139,80,98.8,22,98,6
SYN-V-002124,SYN-P-00078,SYN-E-000547,Synthetic Regional Medical Center,Nephrology,2024-10-08 07:20:00,109,124,93,98.2,12,95,8
SYN-V-002125,SYN-P-00078,SYN-E-000547,Synthetic Regional Medical Center,Nephrology,2024-10-08 10:12:00,82,130,84,98.5,12,99,7
SYN-V-002126,SYN-P-00078,SYN-E-000547,Synthetic Regional Medical Center,Nephrology,2024-10-08 20:18:00,84,102,62,97.3,22,99,0
SYN-V-002127,SYN-P-00078,SYN-E-000547,Synthetic Regional Medical Center,Nephrology,2024-10-09 08:08:00,64,115,72,97.9,18,94,2
SYN-V-002128,SYN-P-00078,SYN-E-000547,Synthetic Regional Medical Center,Nephrology,2024-10-09 16:40:00,80,158,72,97.2,20,100,2
SYN-V-002129,SYN-P-00078,SYN-E-000547,Synthetic Regional Medical Center,Nephrology,2024-10-10 03:32:00,86,135,81,97.1,14,96,3
SYN-V-002130,SYN-P-00078,SYN-E-000547,Synthetic Regional Medical Center,Nephrology,2024-10-10 14:17:00,97,160,81,99.3,18,99,4
SYN-V-002131,SYN-P-00039,SYN-E-000548,Synthetic Outpatient Center,Primary Care,2024-10-06 14:16:00,96,143,91,99.4,20,92,5
SYN-V-002132,SYN-P-00229,SYN-E-000550,Synthetic Outpatient Center,Orthopedics,2024-10-07 11:12:00,90,131,81,99.0,21,99,2
SYN-V-002133,SYN-P-00086,SYN-E-000551,Synthetic Regional Medical Center,Orthopedics,2024-10-07 13:17:00,70,147,61,97.8,21,98,
SYN-V-002134,SYN-P-00086,SYN-E-000551,Synthetic Regional Medical Center,Orthopedics,2024-10-07 13:50:00,110,156,76,99.3,21,96,6
SYN-V-002135,SYN-P-00081,SYN-E-000552,Synthetic Regional Medical Center,Primary Care,2024-10-07 13:26:00,73,123,66,99.0,18,97,2
SYN-V-002136,SYN-P-00081,SYN-E-000552,Synthetic Regional Medical Center,Primary Care,2024-10-07 14:16:00,62,127,84,97.5,13,100,7
SYN-V-002137,SYN-P-00091,SYN-E-000553,Synthetic Community Hospital West,Cardiology,2024-10-08 01:22:00,66,140,91,98.8,18,94,2
SYN-V-002138,SYN-P-00091,SYN-E-000553,Synthetic Community Hospital West,Cardiology,2024-10-08 15:09:00,105,138,86,97.5,22,92,6
SYN-V-002139,SYN-P-00091,SYN-E-000553,Synthetic Community Hospital West,Cardiology,2024-10-08 15:42:00,86,126,63,98.6,16,92,4
SYN-V-002140,SYN-P-00054,SYN-E-000554,Synthetic Community Hospital West,Orthopedics,2024-10-07 17:33:00,80,118,95,98.9,20,93,3
SYN-V-002141,SYN-P-00252,SYN-E-000555,Synthetic Specialty Clinic,Endocrinology,2024-10-07 18:17:00,55,155,87,98.5,12,96,0
SYN-V-002142,SYN-P-00252,SYN-E-000555,Synthetic Specialty Clinic,Endocrinology,2024-10-07 20:40:00,93,142,90,98.8,20,99,3
SYN-V-002143,SYN-P-00288,SYN-E-000556,Synthetic Community Hospital East,Emergency,2024-10-08 05:49:00,71,141,60,97.7,15,96,8
SYN-V-002144,SYN-P-00288,SYN-E-000556,Synthetic Community Hospital East,Emergency,2024-10-08 06:14:00,89,154,84,97.4,22,93,3
SYN-V-002145,SYN-P-00288,SYN-E-000556,Synthetic Community Hospital East,Emergency,2024-10-08 07:04:00,93,112,67,97.4,22,93,5
SYN-V-002146,SYN-P-00288,SYN-E-000556,Synthetic Community Hospital East,Emergency,2024-10-08 08:38:00,72,102,77,97.3,12,97,1
SYN-V-002147,SYN-P-00288,SYN-E-000556,Synthetic Community Hospital East,Emergency,2024-10-08 08:47:00,66,104,85,99.3,16,94,2
SYN-V-002148,SYN-P-00288,SYN-E-000556,Synthetic Community Hospital East,Emergency,2024-10-08 09:09:00,97,117,93,99.2,13,92,7
SYN-V-002149,SYN-P-00280,SYN-E-000558,Synthetic Regional Medical Center,Cardiology,2024-10-08 16:32:00,99,104,69,97.7,14,100,0
SYN-V-002150,SYN-P-00280,SYN-E-000558,Synthetic Regional Medical Center,Cardiology,2024-10-09 03:19:00,88,117,89,98.8,15,94,6
SYN-V-002151,SYN-P-00280,SYN-E-000558,Synthetic Regional Medical Center,Cardiology,2024-10-09 04:05:00,65,157,73,99.8,21,95,4
SYN-V-002152,SYN-P-00280,SYN-E-000558,Synthetic Regional Medical Center,Cardiology,2024-10-09 09:16:00,64,135,72,99.1,18,95,1
SYN-V-002153,SYN-P-00280,SYN-E-000558,Synthetic Regional Medical Center,Cardiology,2024-10-09 15:18:00,92,125,71,99.1,18,100,8
SYN-V-002154,SYN-P-00280,SYN-E-000558,Synthetic Regional Medical Center,Cardiology,2024-10-09 15:52:00,76,115,60,97.6,19,96,6
SYN-V-002155,SYN-P-00211,SYN-E-000561,Synthetic Community Hospital East,Cardiology,2024-10-11 09:01:00,70,158,95,97.7,20,96,
SYN-V-002156,SYN-P-00211,SYN-E-000561,Synthetic Community Hospital East,Cardiology,2024-10-11 10:35:00,57,134,69,99.7,20,95,1
SYN-V-002157,SYN-P-00211,SYN-E-000561,Synthetic Community Hospital East,Cardiology,2024-10-11 23:00:00,74,100,70,97.2,15,96,6
SYN-V-002158,SYN-P-00133,SYN-E-000563,Synthetic Community Hospital West,Emergency,2024-10-12 02:21:00,56,140,77,99.6,12,98,6
SYN-V-002159,SYN-P-00111,SYN-E-000565,Synthetic Regional Medical Center,Emergency,2024-10-12 12:42:00,93,122,74,97.7,19,96,0
SYN-V-002160,SYN-P-00111,SYN-E-000565,Synthetic Regional Medical Center,Emergency,2024-10-12 12:42:00,102,145,65,97.0,15,96,4
SYN-V-002161,SYN-P-00111,SYN-E-000565,Synthetic Regional Medical Center,Emergency,2024-10-12 13:15:00,107,140,95,98.9,13,98,7
SYN-V-002162,SYN-P-00111,SYN-E-000565,Synthetic Regional Medical Center,Emergency,2024-10-12 14:29:00,92,122,75,98.7,19,92,8
SYN-V-002163,SYN-P-00111,SYN-E-000565,Synthetic Regional Medical Center,Emergency,2024-10-12 14:40:00,66,144,89,97.5,20,96,4
SYN-V-002164,SYN-P-00069,SYN-E-000566,Synthetic Outpatient Center,Orthopedics,2024-10-12 13:48:00,104,114,77,98.4,13,99,2
SYN-V-002165,SYN-P-00069,SYN-E-000566,Synthetic Outpatient Center,Orthopedics,2024-10-12 15:04:00,88,126,67,97.7,21,93,1
SYN-V-002166,SYN-P-00069,SYN-E-000566,Synthetic Outpatient Center,Orthopedics,2024-10-12 15:04:00,93,151,84,98.2,20,94,8
SYN-V-002167,SYN-P-00069,SYN-E-000566,Synthetic Outpatient Center,Orthopedics,2024-10-12 16:25:00,80,110,92,99.4,12,98,
SYN-V-002168,SYN-P-00166,SYN-E-000567,Synthetic Specialty Clinic,Primary Care,2024-10-12 22:24:00,107,140,83,99.7,17,93,4
SYN-V-002169,SYN-P-00129,SYN-E-000568,Synthetic Community Hospital West,Emergency,2024-10-13 00:55:00,78,122,93,97.7,14,96,3
SYN-V-002170,SYN-P-00129,SYN-E-000568,Synthetic Community Hospital West,Emergency,2024-10-13 02:17:00,61,149,73,97.3,19,99,6
SYN-V-002171,SYN-P-00129,SYN-E-000568,Synthetic Community Hospital West,Emergency,2024-10-13 03:03:00,106,119,81,98.7,14,98,
SYN-V-002172,SYN-P-00129,SYN-E-000568,Synthetic Community Hospital West,Emergency,2024-10-13 03:45:00,55,132,92,99.5,15,92,
SYN-V-002173,SYN-P-00004,SYN-E-000569,Synthetic Regional Medical Center,Neurology,2024-10-13 12:22:00,95,141,82,98.4,12,100,0
SYN-V-002174,SYN-P-00004,SYN-E-000569,Synthetic Regional Medical Center,Neurology,2024-10-13 16:59:00,109,119,94,97.5,18,93,8
SYN-V-002175,SYN-P-00004,SYN-E-000569,Synthetic Regional Medical Center,Neurology,2024-10-14 13:44:00,64,102,90,97.3,17,97,7
SYN-V-002176,SYN-P-00004,SYN-E-000569,Synthetic Regional Medical Center,Neurology,2024-10-14 15:22:00,71,122,70,99.3,12,96,0
SYN-V-002177,SYN-P-00004,SYN-E-000569,Synthetic Regional Medical Center,Neurology,2024-10-15 07:53:00,108,114,67,97.1,15,95,0
SYN-V-002178,SYN-P-00004,SYN-E-000569,Synthetic Regional Medical Center,Neurology,2024-10-15 18:41:00,92,106,72,97.1,17,95,3
SYN-V-002179,SYN-P-00004,SYN-E-000569,Synthetic Regional Medical Center,Neurology,2024-10-16 11:42:00,77,119,74,98.7,19,92,4
SYN-V-002180,SYN-P-00004,SYN-E-000569,Synthetic Regional Medical Center,Neurology,2024-10-16 12:55:00,89,142,69,98.2,22,100,5
SYN-V-002181,SYN-P-00004,SYN-E-000569,Synthetic Regional Medical Center,Neurology,2024-10-17 02:35:00,64,134,80,98.2,16,93,5
SYN-V-002182,SYN-P-00004,SYN-E-000569,Synthetic Regional Medical Center,Neurology,2024-10-17 23:52:00,70,135,91,99.8,15,100,
SYN-V-002183,SYN-P-00004,SYN-E-000569,Synthetic Regional Medical Center,Neurology,2024-10-18 23:31:00,84,100,63,97.9,15,96,2
SYN-V-002184,SYN-P-00004,SYN-E-000569,Synthetic Regional Medical Center,Neurology,2024-10-19 04:19:00,106,125,85,99.6,12,96,0
SYN-V-002185,SYN-P-00004,SYN-E-000569,Synthetic Regional Medical Center,Neurology,2024-10-19 06:44:00,92,108,63,97.5,13,97,7
SYN-V-002186,SYN-P-00004,SYN-E-000569,Synthetic Regional Medical Center,Neurology,2024-10-19 07:57:00,83,108,60,97.9,18,97,3
SYN-V-002187,SYN-P-00004,SYN-E-000569,Synthetic Regional Medical Center,Neurology,2024-10-20 03:07:00,58,110,87,98.2,12,98,8
SYN-V-002188,SYN-P-00004,SYN-E-000569,Synthetic Regional Medical Center,Neurology,2024-10-20 10:49:00,60,125,66,97.4,20,96,6
SYN-V-002189,SYN-P-00004,SYN-E-000569,Synthetic Regional Medical Center,Neurology,2024-10-20 22:14:00,80,104,64,99.5,15,92,4
SYN-V-002190,SYN-P-00004,SYN-E-000569,Synthetic Regional Medical Center,Neurology,2024-10-20 22:14:00,96,146,86,97.6,14,97,8
SYN-V-002191,SYN-P-00004,SYN-E-000569,Synthetic Regional Medical Center,Neurology,2024-10-20 22:40:00,82,124,79,97.7,17,95,3
SYN-V-002192,SYN-P-00004,SYN-E-000569,Synthetic Regional Medical Center,Neurology,2024-10-22 08:39:00,93,101,65,97.8,18,98,6
SYN-V-002193,SYN-P-00004,SYN-E-000569,Synthetic Regional Medical Center,Neurology,2024-10-22 14:50:00,62,143,94,99.6,19,98,7
SYN-V-002194,SYN-P-00004,SYN-E-000569,Synthetic Regional Medical Center,Neurology,2024-10-22 16:40:00,104,153,76,99.0,16,94,5
SYN-V-002195,SYN-P-00004,SYN-E-000569,Synthetic Regional Medical Center,Neurology,2024-10-22 17:05:00,84,159,82,98.5,21,93,8
SYN-V-002196,SYN-P-00004,SYN-E-000569,Synthetic Regional Medical Center,Neurology,2024-10-22 17:56:00,73,130,77,99.0,12,92,0
SYN-V-002197,SYN-P-00004,SYN-E-000569,Synthetic Regional Medical Center,Neurology,2024-10-23 05:36:00,82,155,78,98.4,15,92,4
SYN-V-002198,SYN-P-00004,SYN-E-000569,Synthetic Regional Medical Center,Neurology,2024-10-23 12:23:00,65,112,74,98.2,15,95,4
SYN-V-002199,SYN-P-00004,SYN-E-000569,Synthetic Regional Medical Center,Neurology,2024-10-23 16:00:00,64,117,86,98.5,22,94,5
SYN-V-002200,SYN-P-00183,SYN-E-000570,Synthetic Community Hospital East,Emergency,2024-10-13 17:13:00,77,147,63,98.0,22,99,2
SYN-V-002201,SYN-P-00183,SYN-E-000570,Synthetic Community Hospital East,Emergency,2024-10-13 19:33:00,83,131,82,99.4,17,99,7
SYN-V-002202,SYN-P-00068,SYN-E-000571,Synthetic Community Hospital West,Emergency,2024-10-14 11:06:00,95,155,93,99.4,20,94,6
SYN-V-002203,SYN-P-00024,SYN-E-000573,Synthetic Community Hospital East,Neurology,2024-10-15 05:47:00,78,101,79,97.7,12,99,4
SYN-V-002204,SYN-P-00024,SYN-E-000573,Synthetic Community Hospital East,Neurology,2024-10-16 13:14:00,108,142,83,99.8,13,92,0
SYN-V-002205,SYN-P-00024,SYN-E-000573,Synthetic Community Hospital East,Neurology,2024-10-16 17:40:00,80,122,93,98.4,14,100,2
SYN-V-002206,SYN-P-00024,SYN-E-000573,Synthetic Community Hospital East,Neurology,2024-10-16 19:07:00,82,115,64,98.8,20,96,3
SYN-V-002207,SYN-P-00024,SYN-E-000573,Synthetic Community Hospital East,Neurology,2024-10-17 03:11:00,57,149,87,99.8,20,98,6
SYN-V-002208,SYN-P-00024,SYN-E-000573,Synthetic Community Hospital East,Neurology,2024-10-17 04:29:00,99,116,73,99.1,21,93,7
SYN-V-002209,SYN-P-00024,SYN-E-000573,Synthetic Community Hospital East,Neurology,2024-10-18 09:59:00,71,160,72,99.2,21,98,3
SYN-V-002210,SYN-P-00024,SYN-E-000573,Synthetic Community Hospital East,Neurology,2024-10-18 14:56:00,76,144,68,97.5,13,92,3
SYN-V-002211,SYN-P-00024,SYN-E-000573,Synthetic Community Hospital East,Neurology,2024-10-18 15:33:00,59,113,73,99.7,22,96,1
SYN-V-002212,SYN-P-00024,SYN-E-000573,Synthetic Community Hospital East,Neurology,2024-10-18 21:48:00,63,101,73,99.0,14,99,3
SYN-V-002213,SYN-P-00024,SYN-E-000573,Synthetic Community Hospital East,Neurology,2024-10-19 04:40:00,110,138,89,99.7,12,93,1
SYN-V-002214,SYN-P-00024,SYN-E-000573,Synthetic Community Hospital East,Neurology,2024-10-20 12:46:00,55,116,65,99.4,20,95,1
SYN-V-002215,SYN-P-00024,SYN-E-000573,Synthetic Community Hospital East,Neurology,2024-10-20 18:23:00,101,155,72,97.8,13,93,7
SYN-V-002216,SYN-P-00254,SYN-E-000574,Synthetic Regional Medical Center,Nephrology,2024-10-15 07:15:00,85,134,79,98.3,15,94,2
SYN-V-002217,SYN-P-00254,SYN-E-000574,Synthetic Regional Medical Center,Nephrology,2024-10-15 12:06:00,73,136,62,99.2,21,99,8
SYN-V-002218,SYN-P-00254,SYN-E-000574,Synthetic Regional Medical Center,Nephrology,2024-10-15 21:24:00,93,100,82,98.9,16,98,8
SYN-V-002219,SYN-P-00254,SYN-E-000574,Synthetic Regional Medical Center,Nephrology,2024-10-16 16:54:00,60,120,74,97.1,21,94,4
SYN-V-002220,SYN-P-00254,SYN-E-000574,Synthetic Regional Medical Center,Nephrology,2024-10-16 17:45:00,102,143,93,99.3,16,100,3
SYN-V-002221,SYN-P-00254,SYN-E-000574,Synthetic Regional Medical Center,Nephrology,2024-10-16 19:37:00,70,118,77,97.7,20,96,3
SYN-V-002222,SYN-P-00254,SYN-E-000574,Synthetic Regional Medical Center,Nephrology,2024-10-16 20:50:00,99,146,86,98.0,16,94,8
SYN-V-002223,SYN-P-00254,SYN-E-000574,Synthetic Regional Medical Center,Nephrology,2024-10-17 00:34:00,75,156,79,98.5,17,99,6
SYN-V-002224,SYN-P-00260,SYN-E-000575,Synthetic Community Hospital East,Nephrology,2024-10-15 09:55:00,101,111,82,98.5,12,93,0
SYN-V-002225,SYN-P-00260,SYN-E-000575,Synthetic Community Hospital East,Nephrology,2024-10-15 10:35:00,91,150,78,99.6,20,95,4
SYN-V-002226,SYN-P-00260,SYN-E-000575,Synthetic Community Hospital East,Nephrology,2024-10-15 15:59:00,59,129,90,97.7,18,93,6
SYN-V-002227,SYN-P-00260,SYN-E-000575,Synthetic Community Hospital East,Nephrology,2024-10-16 06:09:00,83,136,88,97.4,20,98,3
SYN-V-002228,SYN-P-00260,SYN-E-000575,Synthetic Community Hospital East,Nephrology,2024-10-16 12:19:00,78,151,76,98.3,16,98,5
SYN-V-002229,SYN-P-00260,SYN-E-000575,Synthetic Community Hospital East,Nephrology,2024-10-16 12:37:00,95,148,91,98.1,18,99,5
SYN-V-002230,SYN-P-00260,SYN-E-000575,Synthetic Community Hospital East,Nephrology,2024-10-17 18:34:00,99,135,61,99.1,17,98,8
SYN-V-002231,SYN-P-00260,SYN-E-000575,Synthetic Community Hospital East,Nephrology,2024-10-17 18:45:00,68,131,63,99.3,22,97,5
SYN-V-002232,SYN-P-00260,SYN-E-000575,Synthetic Community Hospital East,Nephrology,2024-10-18 02:33:00,95,154,60,98.6,13,97,1
SYN-V-002233,SYN-P-00260,SYN-E-000575,Synthetic Community Hospital East,Nephrology,2024-10-18 17:15:00,64,140,69,97.4,20,96,2
SYN-V-002234,SYN-P-00260,SYN-E-000575,Synthetic Community Hospital East,Nephrology,2024-10-18 21:57:00,86,143,69,99.3,16,92,5
SYN-V-002235,SYN-P-00260,SYN-E-000575,Synthetic Community Hospital East,Nephrology,2024-10-19 17:16:00,98,123,84,97.7,12,99,0
SYN-V-002236,SYN-P-00260,SYN-E-000575,Synthetic Community Hospital East,Nephrology,2024-10-19 18:39:00,58,126,74,99.1,14,94,6
SYN-V-002237,SYN-P-00260,SYN-E-000575,Synthetic Community Hospital East,Nephrology,2024-10-19 23:20:00,66,109,69,98.2,22,96,2
SYN-V-002238,SYN-P-00260,SYN-E-000575,Synthetic Community Hospital East,Nephrology,2024-10-20 04:48:00,67,159,92,99.0,19,98,8
SYN-V-002239,SYN-P-00138,SYN-E-000576,Synthetic Specialty Clinic,Endocrinology,2024-10-15 06:19:00,105,146,93,99.7,18,94,4
SYN-V-002240,SYN-P-00263,SYN-E-000577,Synthetic Community Hospital East,Orthopedics,2024-10-15 09:49:00,91,160,63,99.1,19,99,4
SYN-V-002241,SYN-P-00041,SYN-E-000578,Synthetic Community Hospital West,Pulmonology,2024-10-15 12:54:00,68,143,60,98.6,13,99,3
SYN-V-002242,SYN-P-00041,SYN-E-000578,Synthetic Community Hospital West,Pulmonology,2024-10-15 21:10:00,63,103,75,97.1,19,93,0
SYN-V-002243,SYN-P-00041,SYN-E-000578,Synthetic Community Hospital West,Pulmonology,2024-10-16 02:25:00,79,143,72,99.2,20,100,5
SYN-V-002244,SYN-P-00041,SYN-E-000578,Synthetic Community Hospital West,Pulmonology,2024-10-16 06:05:00,93,129,72,98.3,17,99,0
SYN-V-002245,SYN-P-00041,SYN-E-000578,Synthetic Community Hospital West,Pulmonology,2024-10-16 07:44:00,61,120,69,97.9,13,98,0
SYN-V-002246,SYN-P-00041,SYN-E-000578,Synthetic Community Hospital West,Pulmonology,2024-10-16 09:18:00,56,137,90,98.7,21,95,8
SYN-V-002247,SYN-P-00041,SYN-E-000578,Synthetic Community Hospital West,Pulmonology,2024-10-17 02:55:00,92,158,90,99.1,18,94,6
SYN-V-002248,SYN-P-00028,SYN-E-000579,Synthetic Community Hospital East,Nephrology,2024-10-15 17:11:00,101,144,94,99.5,17,97,4
SYN-V-002249,SYN-P-00028,SYN-E-000579,Synthetic Community Hospital East,Nephrology,2024-10-16 22:04:00,102,118,69,98.8,21,99,0
SYN-V-002250,SYN-P-00028,SYN-E-000579,Synthetic Community Hospital East,Nephrology,2024-10-17 05:05:00,106,112,65,98.5,22,100,6
SYN-V-002251,SYN-P-00028,SYN-E-000579,Synthetic Community Hospital East,Nephrology,2024-10-17 05:12:00,64,101,78,99.3,13,96,5
SYN-V-002252,SYN-P-00028,SYN-E-000579,Synthetic Community Hospital East,Nephrology,2024-10-17 08:56:00,59,109,94,98.7,17,97,6
SYN-V-002253,SYN-P-00028,SYN-E-000579,Synthetic Community Hospital East,Nephrology,2024-10-17 09:13:00,57,129,72,97.5,22,97,6
SYN-V-002254,SYN-P-00028,SYN-E-000579,Synthetic Community Hospital East,Nephrology,2024-10-17 11:00:00,110,108,87,97.8,22,98,5
SYN-V-002255,SYN-P-00028,SYN-E-000579,Synthetic Community Hospital East,Nephrology,2024-10-18 08:33:00,84,114,64,98.8,13,99,2
SYN-V-002256,SYN-P-00028,SYN-E-000579,Synthetic Community Hospital East,Nephrology,2024-10-18 18:06:00,108,108,66,98.4,15,97,1
SYN-V-002257,SYN-P-00028,SYN-E-000579,Synthetic Community Hospital East,Nephrology,2024-10-19 12:29:00,67,151,83,97.1,14,94,8
SYN-V-002258,SYN-P-00028,SYN-E-000579,Synthetic Community Hospital East,Nephrology,2024-10-19 21:07:00,55,149,64,98.9,12,100,8
SYN-V-002259,SYN-P-00028,SYN-E-000579,Synthetic Community Hospital East,Nephrology,2024-10-20 04:22:00,97,126,78,97.8,21,92,4
SYN-V-002260,SYN-P-00053,SYN-E-000580,Synthetic Community Hospital East,Internal Medicine,2024-10-15 18:28:00,70,136,74,99.1,16,94,8
SYN-V-002261,SYN-P-00053,SYN-E-000580,Synthetic Community Hospital East,Internal Medicine,2024-10-15 21:14:00,79,149,84,97.4,21,99,7
SYN-V-002262,SYN-P-00053,SYN-E-000580,Synthetic Community Hospital East,Internal Medicine,2024-10-16 00:44:00,82,148,67,97.9,17,96,3
SYN-V-002263,SYN-P-00053,SYN-E-000580,Synthetic Community Hospital East,Internal Medicine,2024-10-16 12:27:00,100,129,63,98.2,13,95,2
SYN-V-002264,SYN-P-00053,SYN-E-000580,Synthetic Community Hospital East,Internal Medicine,2024-10-16 23:30:00,79,135,70,97.9,15,99,0
SYN-V-002265,SYN-P-00053,SYN-E-000580,Synthetic Community Hospital East,Internal Medicine,2024-10-17 02:31:00,105,158,91,98.6,14,96,6
SYN-V-002266,SYN-P-00053,SYN-E-000580,Synthetic Community Hospital East,Internal Medicine,2024-10-17 13:19:00,90,124,91,98.8,15,97,8
SYN-V-002267,SYN-P-00053,SYN-E-000580,Synthetic Community Hospital East,Internal Medicine,2024-10-17 16:58:00,87,115,72,97.8,19,93,
SYN-V-002268,SYN-P-00053,SYN-E-000580,Synthetic Community Hospital East,Internal Medicine,2024-10-18 00:09:00,55,118,85,97.9,22,94,4
SYN-V-002269,SYN-P-00053,SYN-E-000580,Synthetic Community Hospital East,Internal Medicine,2024-10-18 12:08:00,86,150,70,98.1,19,97,3
SYN-V-002270,SYN-P-00053,SYN-E-000580,Synthetic Community Hospital East,Internal Medicine,2024-10-19 01:30:00,66,125,77,98.7,20,97,4
SYN-V-002271,SYN-P-00053,SYN-E-000580,Synthetic Community Hospital East,Internal Medicine,2024-10-19 09:48:00,110,120,74,98.7,16,92,3
SYN-V-002272,SYN-P-00218,SYN-E-000581,Synthetic Regional Medical Center,Cardiology,2024-10-17 23:14:00,100,154,85,98.1,15,100,0
SYN-V-002273,SYN-P-00218,SYN-E-000581,Synthetic Regional Medical Center,Cardiology,2024-10-18 10:51:00,55,144,71,98.3,21,97,7
SYN-V-002274,SYN-P-00218,SYN-E-000581,Synthetic Regional Medical Center,Cardiology,2024-10-18 20:47:00,72,119,89,99.6,16,94,1
SYN-V-002275,SYN-P-00218,SYN-E-000581,Synthetic Regional Medical Center,Cardiology,2024-10-19 17:36:00,97,160,88,99.4,14,92,6
SYN-V-002276,SYN-P-00218,SYN-E-000581,Synthetic Regional Medical Center,Cardiology,2024-10-19 17:53:00,87,101,87,97.7,12,92,5
SYN-V-002277,SYN-P-00218,SYN-E-000581,Synthetic Regional Medical Center,Cardiology,2024-10-19 22:46:00,64,157,61,98.6,19,94,5
SYN-V-002278,SYN-P-00218,SYN-E-000581,Synthetic Regional Medical Center,Cardiology,2024-10-20 19:17:00,66,118,72,97.0,15,98,7
SYN-V-002279,SYN-P-00218,SYN-E-000581,Synthetic Regional Medical Center,Cardiology,2024-10-21 07:24:00,82,150,81,99.6,17,92,6
SYN-V-002280,SYN-P-00218,SYN-E-000581,Synthetic Regional Medical Center,Cardiology,2024-10-21 10:50:00,87,129,90,97.6,12,100,
SYN-V-002281,SYN-P-00218,SYN-E-000581,Synthetic Regional Medical Center,Cardiology,2024-10-21 13:35:00,71,116,64,98.6,21,94,4
SYN-V-002282,SYN-P-00218,SYN-E-000581,Synthetic Regional Medical Center,Cardiology,2024-10-22 02:41:00,88,114,86,99.7,20,94,6
SYN-V-002283,SYN-P-00218,SYN-E-000581,Synthetic Regional Medical Center,Cardiology,2024-10-22 02:47:00,98,144,64,97.7,21,95,4
SYN-V-002284,SYN-P-00218,SYN-E-000581,Synthetic Regional Medical Center,Cardiology,2024-10-22 14:44:00,89,105,82,98.1,17,100,4
SYN-V-002285,SYN-P-00271,SYN-E-000582,Synthetic Community Hospital East,Pulmonology,2024-10-17 08:09:00,66,140,76,99.5,17,98,2
SYN-V-002286,SYN-P-00271,SYN-E-000582,Synthetic Community Hospital East,Pulmonology,2024-10-17 08:42:00,84,143,73,99.6,12,99,5
SYN-V-002287,SYN-P-00271,SYN-E-000582,Synthetic Community Hospital East,Pulmonology,2024-10-18 14:20:00,70,119,81,97.8,13,100,1
SYN-V-002288,SYN-P-00271,SYN-E-000582,Synthetic Community Hospital East,Pulmonology,2024-10-18 15:48:00,71,160,95,99.2,16,92,5
SYN-V-002289,SYN-P-00271,SYN-E-000582,Synthetic Community Hospital East,Pulmonology,2024-10-18 19:03:00,94,114,70,97.3,22,94,3
SYN-V-002290,SYN-P-00271,SYN-E-000582,Synthetic Community Hospital East,Pulmonology,2024-10-19 06:23:00,65,140,79,97.8,16,97,3
SYN-V-002291,SYN-P-00050,SYN-E-000583,Synthetic Outpatient Center,Endocrinology,2024-10-17 09:10:00,65,147,79,98.1,15,95,6
SYN-V-002292,SYN-P-00050,SYN-E-000583,Synthetic Outpatient Center,Endocrinology,2024-10-17 09:51:00,58,130,75,98.3,16,99,1
SYN-V-002293,SYN-P-00283,SYN-E-000584,Synthetic Specialty Clinic,Pulmonology,2024-10-17 10:30:00,78,146,75,99.7,15,92,3
SYN-V-002294,SYN-P-00283,SYN-E-000584,Synthetic Specialty Clinic,Pulmonology,2024-10-17 11:53:00,99,114,60,98.9,21,100,1
SYN-V-002295,SYN-P-00274,SYN-E-000585,Synthetic Specialty Clinic,Pulmonology,2024-10-17 21:05:00,104,104,79,99.1,21,95,6
SYN-V-002296,SYN-P-00274,SYN-E-000585,Synthetic Specialty Clinic,Pulmonology,2024-10-17 21:46:00,72,146,69,98.9,14,100,5
SYN-V-002297,SYN-P-00060,SYN-E-000586,Synthetic Community Hospital West,Emergency,2024-10-17 20:29:00,64,128,76,99.8,15,93,5
SYN-V-002298,SYN-P-00060,SYN-E-000586,Synthetic Community Hospital West,Emergency,2024-10-17 20:40:00,62,143,68,97.3,21,94,3
SYN-V-002299,SYN-P-00060,SYN-E-000586,Synthetic Community Hospital West,Emergency,2024-10-17 22:07:00,98,118,63,98.0,21,96,2
SYN-V-002300,SYN-P-00060,SYN-E-000586,Synthetic Community Hospital West,Emergency,2024-10-17 22:28:00,57,137,62,99.6,16,94,
SYN-V-002301,SYN-P-00060,SYN-E-000586,Synthetic Community Hospital West,Emergency,2024-10-17 23:12:00,92,120,62,98.2,13,98,3
SYN-V-002302,SYN-P-00276,SYN-E-000587,Synthetic Outpatient Center,Primary Care,2024-10-17 22:40:00,89,150,95,98.0,19,96,
SYN-V-002303,SYN-P-00194,SYN-E-000588,Synthetic Specialty Clinic,Primary Care,2024-10-18 01:35:00,65,137,83,99.0,21,93,4
SYN-V-002304,SYN-P-00194,SYN-E-000588,Synthetic Specialty Clinic,Primary Care,2024-10-18 04:00:00,59,141,66,99.6,20,100,1
SYN-V-002305,SYN-P-00118,SYN-E-000589,Synthetic Community Hospital West,Emergency,2024-10-18 21:01:00,80,113,74,98.3,19,100,4
SYN-V-002306,SYN-P-00118,SYN-E-000589,Synthetic Community Hospital West,Emergency,2024-10-18 21:16:00,90,120,80,99.0,19,97,7
SYN-V-002307,SYN-P-00118,SYN-E-000589,Synthetic Community Hospital West,Emergency,2024-10-18 22:01:00,94,145,67,98.4,17,93,7
SYN-V-002308,SYN-P-00118,SYN-E-000589,Synthetic Community Hospital West,Emergency,2024-10-18 23:16:00,70,113,74,97.5,14,98,5
SYN-V-002309,SYN-P-00072,SYN-E-000590,Synthetic Community Hospital West,Pulmonology,2024-10-19 14:07:00,81,155,85,99.6,22,93,1
SYN-V-002310,SYN-P-00072,SYN-E-000590,Synthetic Community Hospital West,Pulmonology,2024-10-19 16:56:00,99,159,61,99.6,19,100,0
SYN-V-002311,SYN-P-00072,SYN-E-000590,Synthetic Community Hospital West,Pulmonology,2024-10-19 20:39:00,81,134,60,97.5,12,97,3
SYN-V-002312,SYN-P-00072,SYN-E-000590,Synthetic Community Hospital West,Pulmonology,2024-10-19 21:15:00,101,137,75,99.0,13,96,4
SYN-V-002313,SYN-P-00072,SYN-E-000590,Synthetic Community Hospital West,Pulmonology,2024-10-20 18:41:00,79,112,70,99.4,21,100,8
SYN-V-002314,SYN-P-00072,SYN-E-000590,Synthetic Community Hospital West,Pulmonology,2024-10-21 00:50:00,94,135,70,97.3,14,94,2
SYN-V-002315,SYN-P-00072,SYN-E-000590,Synthetic Community Hospital West,Pulmonology,2024-10-21 01:04:00,75,146,88,98.8,18,97,4
SYN-V-002316,SYN-P-00072,SYN-E-000590,Synthetic Community Hospital West,Pulmonology,2024-10-21 01:52:00,102,111,89,98.9,16,98,0
SYN-V-002317,SYN-P-00072,SYN-E-000590,Synthetic Community Hospital West,Pulmonology,2024-10-21 05:40:00,77,120,90,97.2,16,93,0
SYN-V-002318,SYN-P-00072,SYN-E-000590,Synthetic Community Hospital West,Pulmonology,2024-10-21 07:33:00,107,131,74,97.7,15,94,4
SYN-V-002319,SYN-P-00072,SYN-E-000590,Synthetic Community Hospital West,Pulmonology,2024-10-21 14:17:00,89,114,75,98.2,21,95,1
SYN-V-002320,SYN-P-00198,SYN-E-000591,Synthetic Community Hospital East,Emergency,2024-10-19 20:16:00,58,102,78,99.7,22,92,
SYN-V-002321,SYN-P-00198,SYN-E-000591,Synthetic Community Hospital East,Emergency,2024-10-19 23:05:00,92,113,61,98.5,21,98,4
SYN-V-002322,SYN-P-00198,SYN-E-000591,Synthetic Community Hospital East,Emergency,2024-10-19 23:31:00,62,156,93,99.5,15,98,0
SYN-V-002323,SYN-P-00198,SYN-E-000591,Synthetic Community Hospital East,Emergency,2024-10-19 23:41:00,92,119,78,97.7,21,100,4
SYN-V-002324,SYN-P-00051,SYN-E-000592,Synthetic Regional Medical Center,Pulmonology,2024-10-20 09:43:00,86,119,76,98.1,18,97,4
SYN-V-002325,SYN-P-00279,SYN-E-000593,Synthetic Community Hospital West,Emergency,2024-10-20 00:48:00,95,121,89,97.5,15,92,4
SYN-V-002326,SYN-P-00279,SYN-E-000593,Synthetic Community Hospital West,Emergency,2024-10-20 02:39:00,78,142,69,99.4,12,100,0
SYN-V-002327,SYN-P-00200,SYN-E-000594,Synthetic Regional Medical Center,Orthopedics,2024-10-22 21:08:00,108,152,91,99.5,15,99,1
SYN-V-002328,SYN-P-00200,SYN-E-000594,Synthetic Regional Medical Center,Orthopedics,2024-10-23 01:54:00,93,107,84,99.0,15,96,7
SYN-V-002329,SYN-P-00200,SYN-E-000594,Synthetic Regional Medical Center,Orthopedics,2024-10-23 06:17:00,108,132,73,97.0,17,99,6
SYN-V-002330,SYN-P-00158,SYN-E-000596,Synthetic Regional Medical Center,Primary Care,2024-10-21 20:05:00,69,146,80,97.0,13,100,2
SYN-V-002331,SYN-P-00149,SYN-E-000597,Synthetic Outpatient Center,Primary Care,2024-10-22 01:14:00,87,139,84,98.5,16,98,0
SYN-V-002332,SYN-P-00264,SYN-E-000598,Synthetic Specialty Clinic,Pulmonology,2024-10-23 01:34:00,93,128,80,98.4,17,92,5
SYN-V-002333,SYN-P-00264,SYN-E-000598,Synthetic Specialty Clinic,Pulmonology,2024-10-23 02:09:00,94,123,90,98.0,20,98,0
SYN-V-002334,SYN-P-00264,SYN-E-000598,Synthetic Specialty Clinic,Pulmonology,2024-10-23 03:40:00,97,129,76,99.1,19,95,0
SYN-V-002335,SYN-P-00038,SYN-E-000599,Synthetic Community Hospital East,Emergency,2024-10-23 12:54:00,106,137,94,97.6,20,95,4
SYN-V-002336,SYN-P-00038,SYN-E-000599,Synthetic Community Hospital East,Emergency,2024-10-23 14:04:00,84,110,93,97.3,15,96,5
SYN-V-002337,SYN-P-00038,SYN-E-000599,Synthetic Community Hospital East,Emergency,2024-10-23 14:29:00,101,114,61,97.8,12,97,3
SYN-V-002338,SYN-P-00038,SYN-E-000599,Synthetic Community Hospital East,Emergency,2024-10-23 14:32:00,102,124,95,97.1,16,96,5
SYN-V-002339,SYN-P-00038,SYN-E-000599,Synthetic Community Hospital East,Emergency,2024-10-23 14:43:00,81,116,65,97.8,16,95,5
SYN-V-002340,SYN-P-00038,SYN-E-000599,Synthetic Community Hospital East,Emergency,2024-10-23 15:03:00,55,103,84,99.6,18,95,
SYN-V-002341,SYN-P-00038,SYN-E-000599,Synthetic Community Hospital East,Emergency,2024-10-23 15:05:00,63,107,93,97.9,19,96,5
SYN-V-002342,SYN-P-00132,SYN-E-000600,Synthetic Outpatient Center,Orthopedics,2024-10-24 02:55:00,60,134,95,98.1,15,95,1
SYN-V-002343,SYN-P-00132,SYN-E-000600,Synthetic Outpatient Center,Orthopedics,2024-10-24 04:01:00,93,134,63,97.6,22,100,
SYN-V-002344,SYN-P-00157,SYN-E-000601,Synthetic Outpatient Center,Orthopedics,2024-10-24 15:26:00,58,100,84,99.1,20,94,3
SYN-V-002345,SYN-P-00213,SYN-E-000602,Synthetic Regional Medical Center,Pulmonology,2024-10-24 22:53:00,73,143,92,98.4,22,99,8
SYN-V-002346,SYN-P-00213,SYN-E-000602,Synthetic Regional Medical Center,Pulmonology,2024-10-25 00:14:00,98,132,91,99.4,12,94,0
SYN-V-002347,SYN-P-00213,SYN-E-000602,Synthetic Regional Medical Center,Pulmonology,2024-10-25 07:52:00,65,100,84,99.2,12,97,5
SYN-V-002348,SYN-P-00213,SYN-E-000602,Synthetic Regional Medical Center,Pulmonology,2024-10-25 17:55:00,55,124,90,97.7,14,96,2
SYN-V-002349,SYN-P-00213,SYN-E-000602,Synthetic Regional Medical Center,Pulmonology,2024-10-26 04:15:00,102,151,71,98.7,19,94,1
SYN-V-002350,SYN-P-00213,SYN-E-000602,Synthetic Regional Medical Center,Pulmonology,2024-10-26 13:54:00,70,151,65,97.4,12,93,5
SYN-V-002351,SYN-P-00143,SYN-E-000603,Synthetic Regional Medical Center,Internal Medicine,2024-10-24 20:16:00,104,109,69,97.4,15,96,2
SYN-V-002352,SYN-P-00143,SYN-E-000603,Synthetic Regional Medical Center,Internal Medicine,2024-10-24 20:43:00,70,124,89,98.9,18,94,2
SYN-V-002353,SYN-P-00143,SYN-E-000603,Synthetic Regional Medical Center,Internal Medicine,2024-10-24 23:17:00,72,132,76,97.9,18,100,3
SYN-V-002354,SYN-P-00143,SYN-E-000603,Synthetic Regional Medical Center,Internal Medicine,2024-10-24 23:32:00,107,102,78,98.4,18,98,3
SYN-V-002355,SYN-P-00143,SYN-E-000603,Synthetic Regional Medical Center,Internal Medicine,2024-10-24 23:42:00,83,133,75,98.3,12,97,3
SYN-V-002356,SYN-P-00026,SYN-E-000604,Synthetic Community Hospital East,Cardiology,2024-10-25 20:01:00,75,141,91,97.9,15,95,0
SYN-V-002357,SYN-P-00026,SYN-E-000604,Synthetic Community Hospital East,Cardiology,2024-10-26 09:40:00,65,121,93,99.2,14,95,6
SYN-V-002358,SYN-P-00026,SYN-E-000604,Synthetic Community Hospital East,Cardiology,2024-10-26 20:47:00,73,103,73,98.7,19,98,8
SYN-V-002359,SYN-P-00026,SYN-E-000604,Synthetic Community Hospital East,Cardiology,2024-10-26 23:55:00,79,126,95,98.0,17,100,0
SYN-V-002360,SYN-P-00026,SYN-E-000604,Synthetic Community Hospital East,Cardiology,2024-10-27 02:59:00,68,117,76,99.2,19,92,4
SYN-V-002361,SYN-P-00026,SYN-E-000604,Synthetic Community Hospital East,Cardiology,2024-10-27 03:01:00,55,119,82,97.8,21,97,2
SYN-V-002362,SYN-P-00026,SYN-E-000604,Synthetic Community Hospital East,Cardiology,2024-10-27 15:36:00,90,124,80,97.7,20,99,6
SYN-V-002363,SYN-P-00026,SYN-E-000604,Synthetic Community Hospital East,Cardiology,2024-10-28 06:31:00,89,156,68,98.2,22,99,0
SYN-V-002364,SYN-P-00026,SYN-E-000604,Synthetic Community Hospital East,Cardiology,2024-10-28 17:44:00,72,142,61,99.3,15,96,5
SYN-V-002365,SYN-P-00026,SYN-E-000604,Synthetic Community Hospital East,Cardiology,2024-10-28 17:56:00,61,145,67,98.9,12,95,4
SYN-V-002366,SYN-P-00026,SYN-E-000604,Synthetic Community Hospital East,Cardiology,2024-10-28 23:55:00,75,120,60,98.7,13,94,3
SYN-V-002367,SYN-P-00026,SYN-E-000604,Synthetic Community Hospital East,Cardiology,2024-10-30 22:22:00,71,124,93,99.5,17,96,5
SYN-V-002368,SYN-P-00026,SYN-E-000604,Synthetic Community Hospital East,Cardiology,2024-10-31 10:36:00,88,153,70,98.4,14,96,3
SYN-V-002369,SYN-P-00026,SYN-E-000604,Synthetic Community Hospital East,Cardiology,2024-10-31 19:20:00,101,127,84,99.2,12,95,5
SYN-V-002370,SYN-P-00026,SYN-E-000604,Synthetic Community Hospital East,Cardiology,2024-11-01 05:17:00,105,145,63,97.5,21,97,4
SYN-V-002371,SYN-P-00026,SYN-E-000604,Synthetic Community Hospital East,Cardiology,2024-11-02 01:24:00,110,122,79,97.5,21,96,8
SYN-V-002372,SYN-P-00026,SYN-E-000604,Synthetic Community Hospital East,Cardiology,2024-11-02 04:04:00,87,136,71,97.4,12,98,5
SYN-V-002373,SYN-P-00026,SYN-E-000604,Synthetic Community Hospital East,Cardiology,2024-11-02 04:15:00,97,102,81,99.0,13,94,1
SYN-V-002374,SYN-P-00026,SYN-E-000604,Synthetic Community Hospital East,Cardiology,2024-11-03 11:19:00,106,109,95,99.2,17,97,0
SYN-V-002375,SYN-P-00026,SYN-E-000604,Synthetic Community Hospital East,Cardiology,2024-11-04 01:42:00,87,104,78,98.6,18,92,4
SYN-V-002376,SYN-P-00026,SYN-E-000604,Synthetic Community Hospital East,Cardiology,2024-11-05 21:05:00,64,151,78,97.3,17,93,5
SYN-V-002377,SYN-P-00026,SYN-E-000604,Synthetic Community Hospital East,Cardiology,2024-11-05 22:31:00,107,151,92,99.7,14,98,6
SYN-V-002378,SYN-P-00026,SYN-E-000604,Synthetic Community Hospital East,Cardiology,2024-11-06 15:53:00,70,132,83,99.6,18,97,0
SYN-V-002379,SYN-P-00292,SYN-E-000605,Synthetic Specialty Clinic,Primary Care,2024-10-26 05:43:00,68,155,63,99.2,12,93,8
SYN-V-002380,SYN-P-00033,SYN-E-000606,Synthetic Specialty Clinic,Orthopedics,2024-10-26 17:14:00,98,148,85,98.2,22,95,8
SYN-V-002381,SYN-P-00033,SYN-E-000606,Synthetic Specialty Clinic,Orthopedics,2024-10-26 18:53:00,94,101,60,99.0,17,99,6
SYN-V-002382,SYN-P-00033,SYN-E-000606,Synthetic Specialty Clinic,Orthopedics,2024-10-26 20:11:00,106,148,87,99.8,12,92,0
SYN-V-002383,SYN-P-00215,SYN-E-000607,Synthetic Regional Medical Center,Nephrology,2024-10-27 03:22:00,109,136,76,98.5,20,95,1
SYN-V-002384,SYN-P-00215,SYN-E-000607,Synthetic Regional Medical Center,Nephrology,2024-10-27 03:28:00,70,137,60,98.1,20,98,2
SYN-V-002385,SYN-P-00215,SYN-E-000607,Synthetic Regional Medical Center,Nephrology,2024-10-27 06:23:00,55,157,67,99.3,14,100,2
SYN-V-002386,SYN-P-00215,SYN-E-000607,Synthetic Regional Medical Center,Nephrology,2024-10-27 10:56:00,74,107,80,99.6,17,92,3
SYN-V-002387,SYN-P-00215,SYN-E-000607,Synthetic Regional Medical Center,Nephrology,2024-10-27 14:11:00,80,113,67,97.3,18,96,2
SYN-V-002388,SYN-P-00215,SYN-E-000607,Synthetic Regional Medical Center,Nephrology,2024-10-27 15:53:00,65,160,95,99.2,17,97,3
SYN-V-002389,SYN-P-00174,SYN-E-000608,Synthetic Community Hospital East,Orthopedics,2024-10-27 07:25:00,100,157,92,98.1,18,96,0
SYN-V-002390,SYN-P-00174,SYN-E-000608,Synthetic Community Hospital East,Orthopedics,2024-10-27 09:03:00,68,136,63,98.9,13,92,3
SYN-V-002391,SYN-P-00270,SYN-E-000609,Synthetic Community Hospital West,Emergency,2024-10-28 18:43:00,90,145,79,97.2,15,97,6
SYN-V-002392,SYN-P-00172,SYN-E-000610,Synthetic Community Hospital East,Pulmonology,2024-10-29 18:31:00,61,148,94,97.8,22,97,2
SYN-V-002393,SYN-P-00172,SYN-E-000610,Synthetic Community Hospital East,Pulmonology,2024-10-29 23:07:00,108,117,75,99.0,20,100,6
SYN-V-002394,SYN-P-00172,SYN-E-000610,Synthetic Community Hospital East,Pulmonology,2024-10-30 00:46:00,96,127,93,99.2,16,100,3
SYN-V-002395,SYN-P-00172,SYN-E-000610,Synthetic Community Hospital East,Pulmonology,2024-10-30 06:25:00,73,131,78,97.7,17,100,0
SYN-V-002396,SYN-P-00172,SYN-E-000610,Synthetic Community Hospital East,Pulmonology,2024-10-30 06:36:00,99,123,84,97.5,12,95,
SYN-V-002397,SYN-P-00172,SYN-E-000610,Synthetic Community Hospital East,Pulmonology,2024-10-30 07:57:00,62,123,95,99.7,12,95,2
SYN-V-002398,SYN-P-00172,SYN-E-000610,Synthetic Community Hospital East,Pulmonology,2024-10-31 06:04:00,108,124,85,98.7,19,96,4
SYN-V-002399,SYN-P-00172,SYN-E-000610,Synthetic Community Hospital East,Pulmonology,2024-10-31 07:19:00,67,141,64,97.4,14,95,3
SYN-V-002400,SYN-P-00172,SYN-E-000610,Synthetic Community Hospital East,Pulmonology,2024-10-31 18:49:00,86,103,91,98.8,22,95,5
SYN-V-002401,SYN-P-00172,SYN-E-000610,Synthetic Community Hospital East,Pulmonology,2024-11-01 05:15:00,68,110,84,97.3,21,98,5
SYN-V-002402,SYN-P-00172,SYN-E-000610,Synthetic Community Hospital East,Pulmonology,2024-11-01 09:31:00,88,120,83,99.5,15,100,8
SYN-V-002403,SYN-P-00195,SYN-E-000611,Synthetic Outpatient Center,Primary Care,2024-10-29 15:33:00,71,155,75,99.6,22,100,8
SYN-V-002404,SYN-P-00047,SYN-E-000612,Synthetic Regional Medical Center,Emergency,2024-10-29 23:20:00,97,155,79,97.7,15,95,6
SYN-V-002405,SYN-P-00047,SYN-E-000612,Synthetic Regional Medical Center,Emergency,2024-10-30 02:14:00,107,113,63,97.6,18,94,8
SYN-V-002406,SYN-P-00222,SYN-E-000613,Synthetic Community Hospital East,Emergency,2024-10-30 13:11:00,76,105,84,99.2,17,96,5
SYN-V-002407,SYN-P-00222,SYN-E-000613,Synthetic Community Hospital East,Emergency,2024-10-30 13:23:00,108,142,73,98.3,18,95,1
SYN-V-002408,SYN-P-00222,SYN-E-000613,Synthetic Community Hospital East,Emergency,2024-10-30 14:16:00,72,136,66,98.4,14,94,3
SYN-V-002409,SYN-P-00139,SYN-E-000614,Synthetic Outpatient Center,Primary Care,2024-10-30 11:21:00,80,106,68,99.2,20,94,4
SYN-V-002410,SYN-P-00139,SYN-E-000614,Synthetic Outpatient Center,Primary Care,2024-10-30 13:11:00,92,123,81,99.2,19,99,0
SYN-V-002411,SYN-P-00277,SYN-E-000615,Synthetic Community Hospital East,Emergency,2024-10-30 13:09:00,69,109,92,98.2,19,100,2
SYN-V-002412,SYN-P-00277,SYN-E-000615,Synthetic Community Hospital East,Emergency,2024-10-30 15:37:00,56,126,70,97.5,19,100,0
SYN-V-002413,SYN-P-00163,SYN-E-000616,Synthetic Regional Medical Center,Pulmonology,2024-10-31 12:25:00,55,112,84,97.9,19,99,4
SYN-V-002414,SYN-P-00163,SYN-E-000616,Synthetic Regional Medical Center,Pulmonology,2024-10-31 13:28:00,74,138,74,98.1,12,97,2
SYN-V-002415,SYN-P-00163,SYN-E-000616,Synthetic Regional Medical Center,Pulmonology,2024-11-01 01:55:00,56,153,91,99.5,21,98,7
SYN-V-002416,SYN-P-00163,SYN-E-000616,Synthetic Regional Medical Center,Pulmonology,2024-11-01 15:23:00,89,112,70,98.0,16,92,2
SYN-V-002417,SYN-P-00163,SYN-E-000616,Synthetic Regional Medical Center,Pulmonology,2024-11-01 15:50:00,82,119,62,99.1,14,93,8
SYN-V-002418,SYN-P-00163,SYN-E-000616,Synthetic Regional Medical Center,Pulmonology,2024-11-02 02:13:00,68,129,95,98.3,22,99,
SYN-V-002419,SYN-P-00163,SYN-E-000616,Synthetic Regional Medical Center,Pulmonology,2024-11-02 04:05:00,83,155,93,99.1,14,99,7
SYN-V-002420,SYN-P-00163,SYN-E-000616,Synthetic Regional Medical Center,Pulmonology,2024-11-02 10:14:00,105,104,80,97.5,20,98,4
SYN-V-002421,SYN-P-00163,SYN-E-000616,Synthetic Regional Medical Center,Pulmonology,2024-11-02 11:41:00,80,135,86,97.8,20,99,
SYN-V-002422,SYN-P-00163,SYN-E-000616,Synthetic Regional Medical Center,Pulmonology,2024-11-02 18:49:00,97,113,79,98.0,22,92,7
SYN-V-002423,SYN-P-00163,SYN-E-000616,Synthetic Regional Medical Center,Pulmonology,2024-11-02 21:12:00,79,142,91,97.8,13,95,6
SYN-V-002424,SYN-P-00098,SYN-E-000617,Synthetic Outpatient Center,Endocrinology,2024-10-31 03:29:00,88,129,82,98.6,15,94,4
SYN-V-002425,SYN-P-00188,SYN-E-000619,Synthetic Community Hospital East,Emergency,2024-11-01 10:32:00,65,111,67,97.1,18,100,3
SYN-V-002426,SYN-P-00188,SYN-E-000619,Synthetic Community Hospital East,Emergency,2024-11-01 12:17:00,102,119,72,97.1,19,100,8
SYN-V-002427,SYN-P-00188,SYN-E-000619,Synthetic Community Hospital East,Emergency,2024-11-01 12:56:00,109,132,87,98.7,18,97,4
SYN-V-002428,SYN-P-00064,SYN-E-000621,Synthetic Community Hospital East,Emergency,2024-11-02 00:47:00,60,137,81,99.6,18,97,2
SYN-V-002429,SYN-P-00064,SYN-E-000621,Synthetic Community Hospital East,Emergency,2024-11-02 00:53:00,88,119,89,97.9,14,93,2
SYN-V-002430,SYN-P-00064,SYN-E-000621,Synthetic Community Hospital East,Emergency,2024-11-02 02:02:00,79,155,92,98.1,12,92,1
SYN-V-002431,SYN-P-00049,SYN-E-000626,Synthetic Regional Medical Center,Internal Medicine,2024-11-05 06:48:00,95,126,79,98.4,12,96,2
SYN-V-002432,SYN-P-00049,SYN-E-000626,Synthetic Regional Medical Center,Internal Medicine,2024-11-05 07:26:00,80,144,94,99.1,13,97,0
SYN-V-002433,SYN-P-00049,SYN-E-000626,Synthetic Regional Medical Center,Internal Medicine,2024-11-06 06:09:00,58,106,69,97.1,16,93,4
SYN-V-002434,SYN-P-00049,SYN-E-000626,Synthetic Regional Medical Center,Internal Medicine,2024-11-06 06:14:00,106,148,63,97.7,21,100,8
SYN-V-002435,SYN-P-00049,SYN-E-000626,Synthetic Regional Medical Center,Internal Medicine,2024-11-06 06:18:00,80,123,87,98.0,22,99,8
SYN-V-002436,SYN-P-00049,SYN-E-000626,Synthetic Regional Medical Center,Internal Medicine,2024-11-06 15:00:00,102,134,67,97.8,15,93,8
SYN-V-002437,SYN-P-00049,SYN-E-000626,Synthetic Regional Medical Center,Internal Medicine,2024-11-07 06:45:00,66,122,67,98.6,21,94,6
SYN-V-002438,SYN-P-00049,SYN-E-000626,Synthetic Regional Medical Center,Internal Medicine,2024-11-07 16:22:00,87,131,75,97.5,17,97,0
SYN-V-002439,SYN-P-00049,SYN-E-000626,Synthetic Regional Medical Center,Internal Medicine,2024-11-08 03:11:00,99,103,78,99.5,13,100,8
SYN-V-002440,SYN-P-00049,SYN-E-000626,Synthetic Regional Medical Center,Internal Medicine,2024-11-09 01:21:00,69,113,83,98.5,16,92,2
SYN-V-002441,SYN-P-00049,SYN-E-000626,Synthetic Regional Medical Center,Internal Medicine,2024-11-09 04:55:00,100,110,75,99.1,20,94,3
SYN-V-002442,SYN-P-00049,SYN-E-000626,Synthetic Regional Medical Center,Internal Medicine,2024-11-10 00:25:00,73,153,94,97.2,18,98,7
SYN-V-002443,SYN-P-00049,SYN-E-000626,Synthetic Regional Medical Center,Internal Medicine,2024-11-10 08:49:00,99,124,66,99.6,13,99,8
SYN-V-002444,SYN-P-00049,SYN-E-000626,Synthetic Regional Medical Center,Internal Medicine,2024-11-10 20:24:00,81,154,84,98.7,16,94,3
SYN-V-002445,SYN-P-00049,SYN-E-000626,Synthetic Regional Medical Center,Internal Medicine,2024-11-11 06:13:00,98,126,94,99.7,13,94,1
SYN-V-002446,SYN-P-00049,SYN-E-000626,Synthetic Regional Medical Center,Internal Medicine,2024-11-12 22:26:00,78,122,87,97.4,20,100,1
SYN-V-002447,SYN-P-00049,SYN-E-000626,Synthetic Regional Medical Center,Internal Medicine,2024-11-13 01:57:00,86,112,63,99.3,16,98,1
SYN-V-002448,SYN-P-00049,SYN-E-000626,Synthetic Regional Medical Center,Internal Medicine,2024-11-13 04:37:00,71,116,79,97.9,15,97,6
SYN-V-002449,SYN-P-00049,SYN-E-000626,Synthetic Regional Medical Center,Internal Medicine,2024-11-15 04:47:00,64,157,85,99.7,22,94,6
SYN-V-002450,SYN-P-00049,SYN-E-000626,Synthetic Regional Medical Center,Internal Medicine,2024-11-15 17:11:00,96,113,66,97.9,13,95,5
SYN-V-002451,SYN-P-00049,SYN-E-000626,Synthetic Regional Medical Center,Internal Medicine,2024-11-16 02:20:00,107,127,83,97.8,17,92,3
SYN-V-002452,SYN-P-00049,SYN-E-000626,Synthetic Regional Medical Center,Internal Medicine,2024-11-16 02:32:00,72,123,77,98.2,21,92,1
SYN-V-002453,SYN-P-00049,SYN-E-000626,Synthetic Regional Medical Center,Internal Medicine,2024-11-16 03:36:00,74,140,94,99.3,14,99,2
SYN-V-002454,SYN-P-00049,SYN-E-000626,Synthetic Regional Medical Center,Internal Medicine,2024-11-16 06:09:00,74,113,95,99.2,19,94,1
SYN-V-002455,SYN-P-00049,SYN-E-000626,Synthetic Regional Medical Center,Internal Medicine,2024-11-16 08:15:00,56,159,88,98.8,13,98,6
SYN-V-002456,SYN-P-00049,SYN-E-000626,Synthetic Regional Medical Center,Internal Medicine,2024-11-16 13:55:00,92,145,91,99.1,18,100,3
SYN-V-002457,SYN-P-00082,SYN-E-000627,Synthetic Community Hospital East,Neurology,2024-11-04 19:05:00,97,130,72,97.2,21,95,7
SYN-V-002458,SYN-P-00082,SYN-E-000627,Synthetic Community Hospital East,Neurology,2024-11-05 13:28:00,109,140,63,97.1,22,100,7
SYN-V-002459,SYN-P-00082,SYN-E-000627,Synthetic Community Hospital East,Neurology,2024-11-05 19:56:00,89,146,65,97.2,21,99,4
SYN-V-002460,SYN-P-00082,SYN-E-000627,Synthetic Community Hospital East,Neurology,2024-11-06 02:34:00,65,129,70,98.2,15,98,2
SYN-V-002461,SYN-P-00082,SYN-E-000627,Synthetic Community Hospital East,Neurology,2024-11-06 08:05:00,79,149,65,97.6,12,95,5
SYN-V-002462,SYN-P-00082,SYN-E-000627,Synthetic Community Hospital East,Neurology,2024-11-06 08:37:00,80,110,88,97.6,22,99,6
SYN-V-002463,SYN-P-00082,SYN-E-000627,Synthetic Community Hospital East,Neurology,2024-11-06 11:49:00,64,142,94,98.7,12,95,1
SYN-V-002464,SYN-P-00082,SYN-E-000627,Synthetic Community Hospital East,Neurology,2024-11-07 19:26:00,108,136,85,99.1,22,95,2
SYN-V-002465,SYN-P-00008,SYN-E-000629,Synthetic Community Hospital East,Pulmonology,2024-11-05 08:08:00,62,141,70,99.5,14,96,6
SYN-V-002466,SYN-P-00008,SYN-E-000629,Synthetic Community Hospital East,Pulmonology,2024-11-05 15:16:00,75,109,84,99.0,14,93,4
SYN-V-002467,SYN-P-00008,SYN-E-000629,Synthetic Community Hospital East,Pulmonology,2024-11-06 00:20:00,65,105,72,99.1,17,97,6
SYN-V-002468,SYN-P-00008,SYN-E-000629,Synthetic Community Hospital East,Pulmonology,2024-11-06 02:59:00,108,100,70,97.8,17,99,5
SYN-V-002469,SYN-P-00008,SYN-E-000629,Synthetic Community Hospital East,Pulmonology,2024-11-06 03:25:00,90,139,71,98.5,14,93,2
SYN-V-002470,SYN-P-00008,SYN-E-000629,Synthetic Community Hospital East,Pulmonology,2024-11-06 11:52:00,93,116,63,98.0,19,94,3
SYN-V-002471,SYN-P-00008,SYN-E-000629,Synthetic Community Hospital East,Pulmonology,2024-11-07 01:14:00,68,111,63,98.4,17,92,3
SYN-V-002472,SYN-P-00042,SYN-E-000630,Synthetic Community Hospital West,Nephrology,2024-11-06 07:45:00,82,113,66,98.3,13,95,6
SYN-V-002473,SYN-P-00042,SYN-E-000630,Synthetic Community Hospital West,Nephrology,2024-11-06 11:00:00,108,156,95,99.5,20,97,1
SYN-V-002474,SYN-P-00042,SYN-E-000630,Synthetic Community Hospital West,Nephrology,2024-11-07 03:20:00,109,103,65,97.1,16,96,1
SYN-V-002475,SYN-P-00042,SYN-E-000630,Synthetic Community Hospital West,Nephrology,2024-11-07 15:42:00,103,116,81,98.8,17,98,6
SYN-V-002476,SYN-P-00042,SYN-E-000630,Synthetic Community Hospital West,Nephrology,2024-11-07 18:43:00,95,100,62,97.1,18,94,6
SYN-V-002477,SYN-P-00042,SYN-E-000630,Synthetic Community Hospital West,Nephrology,2024-11-08 02:24:00,81,122,87,97.3,18,93,8
SYN-V-002478,SYN-P-00042,SYN-E-000630,Synthetic Community Hospital West,Nephrology,2024-11-08 09:50:00,58,100,82,99.2,14,98,2
SYN-V-002479,SYN-P-00042,SYN-E-000630,Synthetic Community Hospital West,Nephrology,2024-11-08 17:40:00,61,145,80,99.3,14,96,1
SYN-V-002480,SYN-P-00042,SYN-E-000630,Synthetic Community Hospital West,Nephrology,2024-11-09 06:37:00,67,144,85,97.1,16,98,4
SYN-V-002481,SYN-P-00042,SYN-E-000630,Synthetic Community Hospital West,Nephrology,2024-11-09 22:24:00,64,112,68,99.6,20,96,3
SYN-V-002482,SYN-P-00042,SYN-E-000630,Synthetic Community Hospital West,Nephrology,2024-11-09 22:47:00,96,136,68,98.7,15,96,2
SYN-V-002483,SYN-P-00042,SYN-E-000630,Synthetic Community Hospital West,Nephrology,2024-11-10 12:23:00,55,158,63,97.0,16,98,4
SYN-V-002484,SYN-P-00248,SYN-E-000631,Synthetic Community Hospital West,Cardiology,2024-11-05 15:03:00,97,149,65,98.7,18,95,1
SYN-V-002485,SYN-P-00248,SYN-E-000631,Synthetic Community Hospital West,Cardiology,2024-11-06 01:13:00,95,111,72,97.2,13,96,3
SYN-V-002486,SYN-P-00248,SYN-E-000631,Synthetic Community Hospital West,Cardiology,2024-11-06 04:33:00,79,157,89,99.0,20,95,6
SYN-V-002487,SYN-P-00248,SYN-E-000631,Synthetic Community Hospital West,Cardiology,2024-11-06 05:55:00,72,136,73,97.5,21,95,6
SYN-V-002488,SYN-P-00248,SYN-E-000631,Synthetic Community Hospital West,Cardiology,2024-11-06 09:42:00,78,142,61,99.1,21,95,5
SYN-V-002489,SYN-P-00248,SYN-E-000631,Synthetic Community Hospital West,Cardiology,2024-11-06 10:57:00,105,146,80,98.1,16,93,3
SYN-V-002490,SYN-P-00248,SYN-E-000631,Synthetic Community Hospital West,Cardiology,2024-11-07 19:08:00,108,154,66,99.5,21,92,7
SYN-V-002491,SYN-P-00248,SYN-E-000631,Synthetic Community Hospital West,Cardiology,2024-11-07 21:31:00,94,115,88,99.2,20,94,2
SYN-V-002492,SYN-P-00248,SYN-E-000631,Synthetic Community Hospital West,Cardiology,2024-11-08 07:42:00,74,139,71,99.0,16,97,4
SYN-V-002493,SYN-P-00248,SYN-E-000631,Synthetic Community Hospital West,Cardiology,2024-11-08 21:52:00,85,150,83,99.0,17,97,0
SYN-V-002494,SYN-P-00248,SYN-E-000631,Synthetic Community Hospital West,Cardiology,2024-11-09 02:39:00,103,149,83,97.8,16,98,6
SYN-V-002495,SYN-P-00186,SYN-E-000632,Synthetic Community Hospital East,Pulmonology,2024-11-06 22:08:00,81,117,63,99.6,17,97,5
SYN-V-002496,SYN-P-00186,SYN-E-000632,Synthetic Community Hospital East,Pulmonology,2024-11-06 22:28:00,91,104,83,98.9,13,98,3
SYN-V-002497,SYN-P-00186,SYN-E-000632,Synthetic Community Hospital East,Pulmonology,2024-11-07 01:50:00,93,144,75,99.0,17,92,
SYN-V-002498,SYN-P-00186,SYN-E-000632,Synthetic Community Hospital East,Pulmonology,2024-11-07 10:41:00,76,124,85,98.4,21,97,0
SYN-V-002499,SYN-P-00220,SYN-E-000633,Synthetic Community Hospital East,Emergency,2024-11-07 04:31:00,103,132,87,99.5,12,92,8
SYN-V-002500,SYN-P-00032,SYN-E-000634,Synthetic Community Hospital West,Pulmonology,2024-11-07 15:33:00,69,128,80,97.8,16,92,2
SYN-V-002501,SYN-P-00032,SYN-E-000634,Synthetic Community Hospital West,Pulmonology,2024-11-07 22:44:00,101,122,95,98.2,22,92,3
SYN-V-002502,SYN-P-00032,SYN-E-000634,Synthetic Community Hospital West,Pulmonology,2024-11-08 01:27:00,70,115,70,97.4,20,93,7
SYN-V-002503,SYN-P-00032,SYN-E-000634,Synthetic Community Hospital West,Pulmonology,2024-11-08 01:51:00,95,103,86,98.0,16,97,2
SYN-V-002504,SYN-P-00032,SYN-E-000634,Synthetic Community Hospital West,Pulmonology,2024-11-08 06:46:00,77,129,88,98.6,22,98,8
SYN-V-002505,SYN-P-00032,SYN-E-000634,Synthetic Community Hospital West,Pulmonology,2024-11-08 08:46:00,107,157,89,98.0,15,100,3
SYN-V-002506,SYN-P-00078,SYN-E-000635,Synthetic Outpatient Center,Pulmonology,2024-11-07 12:55:00,71,141,61,98.6,22,92,4
SYN-V-002507,SYN-P-00011,SYN-E-000636,Synthetic Outpatient Center,Cardiology,2024-11-07 17:18:00,60,128,88,99.5,15,99,
SYN-V-002508,SYN-P-00035,SYN-E-000637,Synthetic Specialty Clinic,Cardiology,2024-11-08 00:39:00,61,114,93,97.7,13,94,4
SYN-V-002509,SYN-P-00021,SYN-E-000638,Synthetic Community Hospital West,Pulmonology,2024-11-08 09:06:00,95,132,89,98.6,18,100,2
SYN-V-002510,SYN-P-00021,SYN-E-000638,Synthetic Community Hospital West,Pulmonology,2024-11-08 12:48:00,89,127,87,98.6,14,96,4
SYN-V-002511,SYN-P-00021,SYN-E-000638,Synthetic Community Hospital West,Pulmonology,2024-11-08 13:29:00,93,129,61,98.3,21,94,6
SYN-V-002512,SYN-P-00021,SYN-E-000638,Synthetic Community Hospital West,Pulmonology,2024-11-08 18:07:00,63,139,61,98.3,15,98,3
SYN-V-002513,SYN-P-00056,SYN-E-000639,Synthetic Community Hospital West,Orthopedics,2024-11-08 15:38:00,77,141,87,98.4,15,96,7
SYN-V-002514,SYN-P-00056,SYN-E-000639,Synthetic Community Hospital West,Orthopedics,2024-11-08 21:12:00,75,109,72,98.6,20,98,7
SYN-V-002515,SYN-P-00056,SYN-E-000639,Synthetic Community Hospital West,Orthopedics,2024-11-08 22:37:00,71,154,85,98.8,18,95,1
SYN-V-002516,SYN-P-00056,SYN-E-000639,Synthetic Community Hospital West,Orthopedics,2024-11-09 04:15:00,79,112,60,98.0,13,99,0
SYN-V-002517,SYN-P-00056,SYN-E-000639,Synthetic Community Hospital West,Orthopedics,2024-11-09 13:22:00,56,159,61,98.1,18,93,7
SYN-V-002518,SYN-P-00056,SYN-E-000639,Synthetic Community Hospital West,Orthopedics,2024-11-09 22:58:00,59,132,65,97.6,20,94,1
SYN-V-002519,SYN-P-00056,SYN-E-000639,Synthetic Community Hospital West,Orthopedics,2024-11-10 05:23:00,81,138,72,97.8,12,99,3
SYN-V-002520,SYN-P-00056,SYN-E-000639,Synthetic Community Hospital West,Orthopedics,2024-11-10 12:38:00,70,140,64,99.3,12,95,0
SYN-V-002521,SYN-P-00180,SYN-E-000641,Synthetic Specialty Clinic,Pulmonology,2024-07-10 06:57:00,104,137,89,99.4,16,95,8
SYN-V-002522,SYN-P-00180,SYN-E-000641,Synthetic Specialty Clinic,Pulmonology,2024-07-10 07:36:00,66,102,68,97.3,17,94,2
SYN-V-002523,SYN-P-00216,SYN-E-000642,Synthetic Community Hospital West,Emergency,2024-11-09 07:36:00,65,137,95,98.1,13,98,6
SYN-V-002524,SYN-P-00216,SYN-E-000642,Synthetic Community Hospital West,Emergency,2024-11-09 08:23:00,88,129,70,97.1,14,97,4
SYN-V-002525,SYN-P-00181,SYN-E-000644,Synthetic Community Hospital West,Emergency,2024-11-09 16:19:00,57,142,77,99.2,12,97,4
SYN-V-002526,SYN-P-00181,SYN-E-000644,Synthetic Community Hospital West,Emergency,2024-11-09 16:22:00,101,113,82,97.1,16,97,
SYN-V-002527,SYN-P-00181,SYN-E-000644,Synthetic Community Hospital West,Emergency,2024-11-09 16:57:00,103,102,87,99.5,17,95,4
SYN-V-002528,SYN-P-00181,SYN-E-000644,Synthetic Community Hospital West,Emergency,2024-11-09 17:26:00,104,118,68,99.5,18,100,7
SYN-V-002529,SYN-P-00181,SYN-E-000644,Synthetic Community Hospital West,Emergency,2024-11-09 17:37:00,89,158,71,98.0,20,96,8
SYN-V-002530,SYN-P-00181,SYN-E-000644,Synthetic Community Hospital West,Emergency,2024-11-09 18:37:00,84,121,69,97.3,17,94,2
SYN-V-002531,SYN-P-00181,SYN-E-000644,Synthetic Community Hospital West,Emergency,2024-11-09 18:59:00,83,112,67,99.1,18,99,2
SYN-V-002532,SYN-P-00181,SYN-E-000644,Synthetic Community Hospital West,Emergency,2024-11-09 19:31:00,82,104,78,98.1,15,97,4
SYN-V-002533,SYN-P-00181,SYN-E-000644,Synthetic Community Hospital West,Emergency,2024-11-09 19:51:00,64,160,93,97.8,20,100,8
SYN-V-002534,SYN-P-00249,SYN-E-000645,Synthetic Community Hospital East,Internal Medicine,2024-11-09 20:18:00,104,105,76,98.1,12,100,5
SYN-V-002535,SYN-P-00249,SYN-E-000645,Synthetic Community Hospital East,Internal Medicine,2024-11-09 20:50:00,79,137,93,99.8,17,99,5
SYN-V-002536,SYN-P-00249,SYN-E-000645,Synthetic Community Hospital East,Internal Medicine,2024-11-09 21:13:00,57,143,79,99.4,15,95,4
SYN-V-002537,SYN-P-00249,SYN-E-000645,Synthetic Community Hospital East,Internal Medicine,2024-11-09 22:44:00,81,148,65,97.0,18,93,2
SYN-V-002538,SYN-P-00242,SYN-E-000646,Synthetic Regional Medical Center,Pulmonology,2024-11-10 21:56:00,109,126,82,97.2,14,93,2
SYN-V-002539,SYN-P-00242,SYN-E-000646,Synthetic Regional Medical Center,Pulmonology,2024-11-10 22:57:00,103,103,65,97.0,12,93,4
SYN-V-002540,SYN-P-00242,SYN-E-000646,Synthetic Regional Medical Center,Pulmonology,2024-11-11 08:41:00,89,118,66,99.4,17,93,3
SYN-V-002541,SYN-P-00242,SYN-E-000646,Synthetic Regional Medical Center,Pulmonology,2024-11-11 18:22:00,73,149,77,99.0,14,98,4
SYN-V-002542,SYN-P-00242,SYN-E-000646,Synthetic Regional Medical Center,Pulmonology,2024-11-11 18:41:00,73,136,78,97.4,13,96,8
SYN-V-002543,SYN-P-00242,SYN-E-000646,Synthetic Regional Medical Center,Pulmonology,2024-11-12 00:40:00,57,126,94,97.5,14,92,
SYN-V-002544,SYN-P-00242,SYN-E-000646,Synthetic Regional Medical Center,Pulmonology,2024-11-12 23:08:00,108,160,89,97.6,15,97,5
SYN-V-002545,SYN-P-00242,SYN-E-000646,Synthetic Regional Medical Center,Pulmonology,2024-11-13 03:22:00,84,142,75,97.9,18,95,2
SYN-V-002546,SYN-P-00242,SYN-E-000646,Synthetic Regional Medical Center,Pulmonology,2024-11-13 06:27:00,85,112,61,98.4,13,99,5
SYN-V-002547,SYN-P-00242,SYN-E-000646,Synthetic Regional Medical Center,Pulmonology,2024-11-13 19:08:00,102,113,78,97.7,18,98,6
SYN-V-002548,SYN-P-00242,SYN-E-000646,Synthetic Regional Medical Center,Pulmonology,2024-11-14 15:22:00,92,132,76,97.7,15,100,2
SYN-V-002549,SYN-P-00189,SYN-E-000647,Synthetic Regional Medical Center,Cardiology,2024-11-11 08:47:00,68,115,91,97.9,18,92,5
SYN-V-002550,SYN-P-00189,SYN-E-000647,Synthetic Regional Medical Center,Cardiology,2024-11-11 22:27:00,110,148,71,99.0,21,92,4
SYN-V-002551,SYN-P-00189,SYN-E-000647,Synthetic Regional Medical Center,Cardiology,2024-11-12 20:23:00,59,156,63,98.6,16,98,8
SYN-V-002552,SYN-P-00189,SYN-E-000647,Synthetic Regional Medical Center,Cardiology,2024-11-13 06:17:00,55,129,72,98.8,19,92,4
SYN-V-002553,SYN-P-00189,SYN-E-000647,Synthetic Regional Medical Center,Cardiology,2024-11-13 10:34:00,105,155,65,99.3,19,97,
SYN-V-002554,SYN-P-00189,SYN-E-000647,Synthetic Regional Medical Center,Cardiology,2024-11-14 02:19:00,73,119,81,98.6,17,93,6
SYN-V-002555,SYN-P-00189,SYN-E-000647,Synthetic Regional Medical Center,Cardiology,2024-11-14 08:37:00,87,103,70,99.3,16,99,2
SYN-V-002556,SYN-P-00189,SYN-E-000647,Synthetic Regional Medical Center,Cardiology,2024-11-14 12:26:00,59,136,65,97.7,19,96,3
SYN-V-002557,SYN-P-00189,SYN-E-000647,Synthetic Regional Medical Center,Cardiology,2024-11-14 16:27:00,66,146,83,98.3,16,92,4
SYN-V-002558,SYN-P-00189,SYN-E-000647,Synthetic Regional Medical Center,Cardiology,2024-11-16 03:16:00,67,103,66,99.0,14,99,2
SYN-V-002559,SYN-P-00189,SYN-E-000647,Synthetic Regional Medical Center,Cardiology,2024-11-16 08:38:00,56,153,78,97.3,17,94,3
SYN-V-002560,SYN-P-00189,SYN-E-000647,Synthetic Regional Medical Center,Cardiology,2024-11-16 09:27:00,88,117,63,98.7,20,96,0
SYN-V-002561,SYN-P-00189,SYN-E-000647,Synthetic Regional Medical Center,Cardiology,2024-11-16 20:36:00,98,127,75,98.5,19,97,3
SYN-V-002562,SYN-P-00189,SYN-E-000647,Synthetic Regional Medical Center,Cardiology,2024-11-17 01:44:00,59,113,79,98.3,19,98,0
SYN-V-002563,SYN-P-00189,SYN-E-000647,Synthetic Regional Medical Center,Cardiology,2024-11-18 03:01:00,59,133,67,97.7,17,98,6
SYN-V-002564,SYN-P-00189,SYN-E-000647,Synthetic Regional Medical Center,Cardiology,2024-11-19 09:07:00,85,154,74,99.3,14,99,0
SYN-V-002565,SYN-P-00189,SYN-E-000647,Synthetic Regional Medical Center,Cardiology,2024-11-20 07:04:00,108,128,80,99.1,19,95,8
SYN-V-002566,SYN-P-00130,SYN-E-000648,Synthetic Regional Medical Center,Internal Medicine,2024-11-11 19:20:00,90,152,83,98.7,22,99,8
SYN-V-002567,SYN-P-00130,SYN-E-000648,Synthetic Regional Medical Center,Internal Medicine,2024-11-12 02:47:00,59,134,74,98.8,16,97,6
SYN-V-002568,SYN-P-00130,SYN-E-000648,Synthetic Regional Medical Center,Internal Medicine,2024-11-13 11:06:00,61,112,63,99.3,13,99,4
SYN-V-002569,SYN-P-00130,SYN-E-000648,Synthetic Regional Medical Center,Internal Medicine,2024-11-13 11:17:00,96,123,88,97.3,15,93,1
SYN-V-002570,SYN-P-00130,SYN-E-000648,Synthetic Regional Medical Center,Internal Medicine,2024-11-14 04:12:00,98,123,87,97.1,14,93,2
SYN-V-002571,SYN-P-00130,SYN-E-000648,Synthetic Regional Medical Center,Internal Medicine,2024-11-14 04:27:00,85,147,64,97.1,18,96,1
SYN-V-002572,SYN-P-00130,SYN-E-000648,Synthetic Regional Medical Center,Internal Medicine,2024-11-14 10:09:00,76,125,77,98.8,20,96,4
SYN-V-002573,SYN-P-00130,SYN-E-000648,Synthetic Regional Medical Center,Internal Medicine,2024-11-15 01:54:00,74,101,77,97.6,21,99,6
SYN-V-002574,SYN-P-00130,SYN-E-000648,Synthetic Regional Medical Center,Internal Medicine,2024-11-15 02:13:00,101,118,85,97.4,13,96,3
SYN-V-002575,SYN-P-00130,SYN-E-000648,Synthetic Regional Medical Center,Internal Medicine,2024-11-15 02:20:00,59,137,87,98.8,20,92,0
SYN-V-002576,SYN-P-00130,SYN-E-000648,Synthetic Regional Medical Center,Internal Medicine,2024-11-15 16:14:00,60,127,61,97.2,21,95,1
SYN-V-002577,SYN-P-00130,SYN-E-000648,Synthetic Regional Medical Center,Internal Medicine,2024-11-16 10:47:00,83,132,85,97.6,15,92,8
SYN-V-002578,SYN-P-00130,SYN-E-000648,Synthetic Regional Medical Center,Internal Medicine,2024-11-16 14:27:00,75,158,73,98.0,18,100,8
SYN-V-002579,SYN-P-00130,SYN-E-000648,Synthetic Regional Medical Center,Internal Medicine,2024-11-16 14:59:00,55,158,64,99.6,13,93,0
SYN-V-002580,SYN-P-00130,SYN-E-000648,Synthetic Regional Medical Center,Internal Medicine,2024-11-16 17:14:00,66,132,87,98.2,21,92,8
SYN-V-002581,SYN-P-00130,SYN-E-000648,Synthetic Regional Medical Center,Internal Medicine,2024-11-18 05:37:00,105,158,62,97.1,22,98,3
SYN-V-002582,SYN-P-00130,SYN-E-000648,Synthetic Regional Medical Center,Internal Medicine,2024-11-19 03:36:00,105,142,79,97.2,13,94,7
SYN-V-002583,SYN-P-00130,SYN-E-000648,Synthetic Regional Medical Center,Internal Medicine,2024-11-19 03:54:00,94,156,75,98.9,20,93,5
SYN-V-002584,SYN-P-00130,SYN-E-000648,Synthetic Regional Medical Center,Internal Medicine,2024-11-19 10:07:00,55,158,83,98.5,15,92,8
SYN-V-002585,SYN-P-00130,SYN-E-000648,Synthetic Regional Medical Center,Internal Medicine,2024-11-19 10:08:00,71,126,64,98.4,19,92,3
SYN-V-002586,SYN-P-00130,SYN-E-000648,Synthetic Regional Medical Center,Internal Medicine,2024-11-19 16:39:00,55,127,68,97.4,20,99,6
SYN-V-002587,SYN-P-00130,SYN-E-000648,Synthetic Regional Medical Center,Internal Medicine,2024-11-20 00:38:00,91,144,60,97.9,17,97,7
SYN-V-002588,SYN-P-00130,SYN-E-000648,Synthetic Regional Medical Center,Internal Medicine,2024-11-20 05:03:00,75,143,81,99.8,18,98,
SYN-V-002589,SYN-P-00130,SYN-E-000648,Synthetic Regional Medical Center,Internal Medicine,2024-11-21 07:11:00,104,114,69,98.8,14,96,7
SYN-V-002590,SYN-P-00130,SYN-E-000648,Synthetic Regional Medical Center,Internal Medicine,2024-11-21 17:25:00,67,147,66,97.3,17,96,1
SYN-V-002591,SYN-P-00130,SYN-E-000648,Synthetic Regional Medical Center,Internal Medicine,2024-11-22 03:06:00,81,149,69,98.6,18,99,
SYN-V-002592,SYN-P-00130,SYN-E-000648,Synthetic Regional Medical Center,Internal Medicine,2024-11-22 22:10:00,109,101,85,98.6,16,96,8
SYN-V-002593,SYN-P-00025,SYN-E-000650,Synthetic Community Hospital West,Nephrology,2024-11-12 11:51:00,74,127,74,97.0,15,93,1
SYN-V-002594,SYN-P-00025,SYN-E-000650,Synthetic Community Hospital West,Nephrology,2024-11-13 02:09:00,93,124,70,99.5,15,100,4
SYN-V-002595,SYN-P-00025,SYN-E-000650,Synthetic Community Hospital West,Nephrology,2024-11-13 09:57:00,87,150,64,98.2,18,93,2
SYN-V-002596,SYN-P-00025,SYN-E-000650,Synthetic Community Hospital West,Nephrology,2024-11-13 14:52:00,97,149,73,98.6,22,97,5
SYN-V-002597,SYN-P-00025,SYN-E-000650,Synthetic Community Hospital West,Nephrology,2024-11-13 19:37:00,100,105,67,99.6,18,99,8
SYN-V-002598,SYN-P-00025,SYN-E-000650,Synthetic Community Hospital West,Nephrology,2024-11-13 19:53:00,87,136,90,98.8,13,96,2
SYN-V-002599,SYN-P-00025,SYN-E-000650,Synthetic Community Hospital West,Nephrology,2024-11-13 23:32:00,102,124,64,97.7,14,93,5
SYN-V-002600,SYN-P-00025,SYN-E-000650,Synthetic Community Hospital West,Nephrology,2024-11-13 23:48:00,89,119,93,99.5,17,97,4
SYN-V-002601,SYN-P-00025,SYN-E-000650,Synthetic Community Hospital West,Nephrology,2024-11-14 08:22:00,105,131,62,97.2,22,96,4
SYN-V-002602,SYN-P-00025,SYN-E-000650,Synthetic Community Hospital West,Nephrology,2024-11-14 15:38:00,102,110,74,99.3,21,97,1
SYN-V-002603,SYN-P-00025,SYN-E-000650,Synthetic Community Hospital West,Nephrology,2024-11-15 00:25:00,60,115,85,97.6,19,97,8
SYN-V-002604,SYN-P-00025,SYN-E-000650,Synthetic Community Hospital West,Nephrology,2024-11-15 03:32:00,57,138,66,97.1,16,98,2
SYN-V-002605,SYN-P-00025,SYN-E-000650,Synthetic Community Hospital West,Nephrology,2024-11-15 06:42:00,102,145,92,98.6,21,94,4
SYN-V-002606,SYN-P-00025,SYN-E-000650,Synthetic Community Hospital West,Nephrology,2024-11-15 18:12:00,55,117,87,97.0,18,94,4
SYN-V-002607,SYN-P-00025,SYN-E-000650,Synthetic Community Hospital West,Nephrology,2024-11-15 19:54:00,77,127,66,99.5,15,99,2
SYN-V-002608,SYN-P-00025,SYN-E-000650,Synthetic Community Hospital West,Nephrology,2024-11-16 04:30:00,101,104,87,97.9,14,100,3
SYN-V-002609,SYN-P-00051,SYN-E-000651,Synthetic Regional Medical Center,Pulmonology,2024-11-12 12:50:00,107,113,63,99.0,15,99,4
SYN-V-002610,SYN-P-00051,SYN-E-000651,Synthetic Regional Medical Center,Pulmonology,2024-11-12 14:15:00,65,157,64,98.4,13,93,4
SYN-V-002611,SYN-P-00051,SYN-E-000651,Synthetic Regional Medical Center,Pulmonology,2024-11-13 01:11:00,72,141,72,98.8,22,95,2
SYN-V-002612,SYN-P-00051,SYN-E-000651,Synthetic Regional Medical Center,Pulmonology,2024-11-13 04:07:00,106,151,69,97.4,21,96,1
SYN-V-002613,SYN-P-00051,SYN-E-000651,Synthetic Regional Medical Center,Pulmonology,2024-11-13 06:50:00,106,159,69,97.1,22,93,2
SYN-V-002614,SYN-P-00051,SYN-E-000651,Synthetic Regional Medical Center,Pulmonology,2024-11-13 10:11:00,65,148,92,98.4,14,93,4
SYN-V-002615,SYN-P-00051,SYN-E-000651,Synthetic Regional Medical Center,Pulmonology,2024-11-13 14:44:00,71,122,94,97.9,21,92,0
SYN-V-002616,SYN-P-00051,SYN-E-000651,Synthetic Regional Medical Center,Pulmonology,2024-11-13 15:07:00,80,126,74,99.7,15,97,8
SYN-V-002617,SYN-P-00230,SYN-E-000652,Synthetic Regional Medical Center,Cardiology,2024-11-13 02:08:00,108,155,62,97.1,16,96,4
SYN-V-002618,SYN-P-00230,SYN-E-000652,Synthetic Regional Medical Center,Cardiology,2024-11-13 06:05:00,97,102,90,98.3,12,92,5
SYN-V-002619,SYN-P-00230,SYN-E-000652,Synthetic Regional Medical Center,Cardiology,2024-11-13 12:40:00,57,154,64,99.7,12,95,2
SYN-V-002620,SYN-P-00230,SYN-E-000652,Synthetic Regional Medical Center,Cardiology,2024-11-13 18:40:00,57,115,80,97.7,17,99,
SYN-V-002621,SYN-P-00293,SYN-E-000653,Synthetic Outpatient Center,Primary Care,2024-11-14 09:27:00,107,103,74,97.1,18,92,7
SYN-V-002622,SYN-P-00240,SYN-E-000654,Synthetic Outpatient Center,Primary Care,2024-11-14 11:29:00,57,123,79,99.0,17,95,7
SYN-V-002623,SYN-P-00240,SYN-E-000654,Synthetic Outpatient Center,Primary Care,2024-11-14 13:02:00,73,104,83,97.2,20,92,1
SYN-V-002624,SYN-P-00065,SYN-E-000656,Synthetic Regional Medical Center,Pulmonology,2024-11-14 16:58:00,70,142,76,98.0,17,95,8
SYN-V-002625,SYN-P-00065,SYN-E-000656,Synthetic Regional Medical Center,Pulmonology,2024-11-14 20:31:00,62,103,78,98.9,15,100,1
SYN-V-002626,SYN-P-00065,SYN-E-000656,Synthetic Regional Medical Center,Pulmonology,2024-11-14 23:49:00,59,102,73,98.9,17,95,6
SYN-V-002627,SYN-P-00065,SYN-E-000656,Synthetic Regional Medical Center,Pulmonology,2024-11-17 17:09:00,102,126,80,97.7,18,95,7
SYN-V-002628,SYN-P-00065,SYN-E-000656,Synthetic Regional Medical Center,Pulmonology,2024-11-18 03:24:00,67,124,92,98.1,17,100,6
SYN-V-002629,SYN-P-00065,SYN-E-000656,Synthetic Regional Medical Center,Pulmonology,2024-11-18 10:42:00,85,126,68,99.8,18,92,
SYN-V-002630,SYN-P-00092,SYN-E-000657,Synthetic Community Hospital West,Cardiology,2024-11-15 04:57:00,107,103,85,99.3,13,100,2
SYN-V-002631,SYN-P-00092,SYN-E-000657,Synthetic Community Hospital West,Cardiology,2024-11-15 21:42:00,84,131,71,99.8,17,97,8
SYN-V-002632,SYN-P-00092,SYN-E-000657,Synthetic Community Hospital West,Cardiology,2024-11-16 16:59:00,59,145,62,99.5,15,100,0
SYN-V-002633,SYN-P-00092,SYN-E-000657,Synthetic Community Hospital West,Cardiology,2024-11-17 02:46:00,65,128,67,97.7,21,96,5
SYN-V-002634,SYN-P-00092,SYN-E-000657,Synthetic Community Hospital West,Cardiology,2024-11-17 11:31:00,88,118,72,99.7,14,95,0
SYN-V-002635,SYN-P-00092,SYN-E-000657,Synthetic Community Hospital West,Cardiology,2024-11-17 14:34:00,82,110,69,98.1,16,93,6
SYN-V-002636,SYN-P-00092,SYN-E-000657,Synthetic Community Hospital West,Cardiology,2024-11-17 16:19:00,70,141,78,98.9,18,97,6
SYN-V-002637,SYN-P-00092,SYN-E-000657,Synthetic Community Hospital West,Cardiology,2024-11-17 20:06:00,90,107,73,99.6,19,99,4
SYN-V-002638,SYN-P-00092,SYN-E-000657,Synthetic Community Hospital West,Cardiology,2024-11-18 01:38:00,63,158,91,97.9,20,97,1
SYN-V-002639,SYN-P-00092,SYN-E-000657,Synthetic Community Hospital West,Cardiology,2024-11-19 12:09:00,104,140,64,97.7,21,92,0
SYN-V-002640,SYN-P-00092,SYN-E-000657,Synthetic Community Hospital West,Cardiology,2024-11-19 22:47:00,68,104,75,98.5,14,93,8
SYN-V-002641,SYN-P-00092,SYN-E-000657,Synthetic Community Hospital West,Cardiology,2024-11-20 01:38:00,94,159,80,99.7,20,99,2
SYN-V-002642,SYN-P-00092,SYN-E-000657,Synthetic Community Hospital West,Cardiology,2024-11-20 18:40:00,96,102,90,99.1,21,99,8
SYN-V-002643,SYN-P-00092,SYN-E-000657,Synthetic Community Hospital West,Cardiology,2024-11-20 23:22:00,77,160,87,97.0,17,98,6
SYN-V-002644,SYN-P-00092,SYN-E-000657,Synthetic Community Hospital West,Cardiology,2024-11-21 02:55:00,58,143,66,98.0,14,95,0
SYN-V-002645,SYN-P-00092,SYN-E-000657,Synthetic Community Hospital West,Cardiology,2024-11-22 02:55:00,76,133,73,99.7,17,98,1
SYN-V-002646,SYN-P-00092,SYN-E-000657,Synthetic Community Hospital West,Cardiology,2024-11-22 13:38:00,105,129,87,98.5,12,94,2
SYN-V-002647,SYN-P-00092,SYN-E-000657,Synthetic Community Hospital West,Cardiology,2024-11-22 20:45:00,82,129,85,98.8,22,92,2
SYN-V-002648,SYN-P-00092,SYN-E-000657,Synthetic Community Hospital West,Cardiology,2024-11-23 06:13:00,95,154,94,97.2,12,93,4
SYN-V-002649,SYN-P-00092,SYN-E-000657,Synthetic Community Hospital West,Cardiology,2024-11-23 11:18:00,98,147,79,98.1,18,100,3
SYN-V-002650,SYN-P-00092,SYN-E-000657,Synthetic Community Hospital West,Cardiology,2024-11-23 11:35:00,69,151,79,99.3,14,97,2
SYN-V-002651,SYN-P-00092,SYN-E-000657,Synthetic Community Hospital West,Cardiology,2024-11-23 13:09:00,65,155,65,99.0,12,98,3
SYN-V-002652,SYN-P-00092,SYN-E-000657,Synthetic Community Hospital West,Cardiology,2024-11-24 10:00:00,102,140,69,97.2,16,100,8
SYN-V-002653,SYN-P-00092,SYN-E-000657,Synthetic Community Hospital West,Cardiology,2024-11-24 23:50:00,66,134,90,99.1,14,97,1
SYN-V-002654,SYN-P-00092,SYN-E-000657,Synthetic Community Hospital West,Cardiology,2024-11-25 03:43:00,78,129,84,97.5,13,100,2
SYN-V-002655,SYN-P-00092,SYN-E-000657,Synthetic Community Hospital West,Cardiology,2024-11-25 07:25:00,86,137,88,98.7,17,98,0
SYN-V-002656,SYN-P-00092,SYN-E-000657,Synthetic Community Hospital West,Cardiology,2024-11-25 07:49:00,103,131,65,97.8,13,92,0
SYN-V-002657,SYN-P-00092,SYN-E-000657,Synthetic Community Hospital West,Cardiology,2024-11-25 15:24:00,100,155,82,97.1,19,93,4
SYN-V-002658,SYN-P-00092,SYN-E-000657,Synthetic Community Hospital West,Cardiology,2024-11-26 12:01:00,107,107,92,97.5,14,98,2
SYN-V-002659,SYN-P-00092,SYN-E-000657,Synthetic Community Hospital West,Cardiology,2024-11-26 14:58:00,93,106,76,97.1,19,92,1
SYN-V-002660,SYN-P-00092,SYN-E-000657,Synthetic Community Hospital West,Cardiology,2024-11-27 03:14:00,103,136,94,99.6,21,99,4
SYN-V-002661,SYN-P-00092,SYN-E-000657,Synthetic Community Hospital West,Cardiology,2024-11-27 04:45:00,61,132,82,97.3,14,99,0
SYN-V-002662,SYN-P-00079,SYN-E-000658,Synthetic Outpatient Center,Orthopedics,2024-11-15 17:13:00,65,102,71,97.6,12,100,8
SYN-V-002663,SYN-P-00079,SYN-E-000658,Synthetic Outpatient Center,Orthopedics,2024-11-15 19:03:00,62,119,78,97.8,20,95,1
SYN-V-002664,SYN-P-00079,SYN-E-000658,Synthetic Outpatient Center,Orthopedics,2024-11-15 19:07:00,82,106,68,97.6,14,97,5
SYN-V-002665,SYN-P-00057,SYN-E-000660,Synthetic Community Hospital East,Internal Medicine,2024-11-16 23:02:00,67,108,61,97.8,20,98,6
SYN-V-002666,SYN-P-00057,SYN-E-000660,Synthetic Community Hospital East,Internal Medicine,2024-11-17 00:31:00,63,133,95,97.6,18,97,2
SYN-V-002667,SYN-P-00057,SYN-E-000660,Synthetic Community Hospital East,Internal Medicine,2024-11-17 08:35:00,75,155,90,97.5,20,94,0
SYN-V-002668,SYN-P-00057,SYN-E-000660,Synthetic Community Hospital East,Internal Medicine,2024-11-17 14:00:00,57,138,77,97.5,22,100,5
SYN-V-002669,SYN-P-00057,SYN-E-000660,Synthetic Community Hospital East,Internal Medicine,2024-11-17 14:14:00,64,139,86,98.9,12,92,8
SYN-V-002670,SYN-P-00173,SYN-E-000662,Synthetic Outpatient Center,Orthopedics,2024-11-17 05:43:00,85,109,63,99.2,13,94,8
SYN-V-002671,SYN-P-00107,SYN-E-000664,Synthetic Specialty Clinic,Primary Care,2024-11-17 20:32:00,99,149,70,98.9,22,93,7
SYN-V-002672,SYN-P-00005,SYN-E-000665,Synthetic Regional Medical Center,Pulmonology,2024-11-17 23:36:00,81,100,68,98.7,12,97,8
SYN-V-002673,SYN-P-00187,SYN-E-000666,Synthetic Community Hospital East,Emergency,2024-11-18 04:12:00,81,128,93,97.6,15,93,5
SYN-V-002674,SYN-P-00187,SYN-E-000666,Synthetic Community Hospital East,Emergency,2024-11-18 04:55:00,73,148,74,98.5,20,95,7
SYN-V-002675,SYN-P-00163,SYN-E-000667,Synthetic Regional Medical Center,Orthopedics,2024-11-18 22:06:00,61,157,80,98.1,15,94,1
SYN-V-002676,SYN-P-00163,SYN-E-000667,Synthetic Regional Medical Center,Orthopedics,2024-11-19 03:18:00,67,146,82,98.6,15,98,2
SYN-V-002677,SYN-P-00163,SYN-E-000667,Synthetic Regional Medical Center,Orthopedics,2024-11-19 15:05:00,107,113,69,99.1,14,94,6
SYN-V-002678,SYN-P-00163,SYN-E-000667,Synthetic Regional Medical Center,Orthopedics,2024-11-20 04:59:00,72,134,61,97.9,14,94,6
SYN-V-002679,SYN-P-00163,SYN-E-000667,Synthetic Regional Medical Center,Orthopedics,2024-11-20 07:15:00,61,111,66,98.8,16,94,7
SYN-V-002680,SYN-P-00163,SYN-E-000667,Synthetic Regional Medical Center,Orthopedics,2024-11-20 23:33:00,65,122,71,98.1,12,94,0
SYN-V-002681,SYN-P-00163,SYN-E-000667,Synthetic Regional Medical Center,Orthopedics,2024-11-21 11:30:00,72,118,83,98.9,22,96,2
SYN-V-002682,SYN-P-00163,SYN-E-000667,Synthetic Regional Medical Center,Orthopedics,2024-11-21 20:20:00,80,128,82,99.3,12,97,7
SYN-V-002683,SYN-P-00163,SYN-E-000667,Synthetic Regional Medical Center,Orthopedics,2024-11-21 23:34:00,69,102,95,98.4,17,97,5
SYN-V-002684,SYN-P-00163,SYN-E-000667,Synthetic Regional Medical Center,Orthopedics,2024-11-22 12:20:00,58,122,71,98.3,18,100,1
SYN-V-002685,SYN-P-00163,SYN-E-000667,Synthetic Regional Medical Center,Orthopedics,2024-11-22 13:47:00,63,109,79,98.9,12,100,7
SYN-V-002686,SYN-P-00170,SYN-E-000670,Synthetic Specialty Clinic,Orthopedics,2024-11-19 13:35:00,63,127,65,98.1,13,95,4
SYN-V-002687,SYN-P-00099,SYN-E-000672,Synthetic Community Hospital East,Emergency,2024-11-19 18:29:00,81,150,71,97.5,19,95,6
SYN-V-002688,SYN-P-00099,SYN-E-000672,Synthetic Community Hospital East,Emergency,2024-11-19 18:40:00,81,104,79,99.3,22,97,0
SYN-V-002689,SYN-P-00099,SYN-E-000672,Synthetic Community Hospital East,Emergency,2024-11-19 19:06:00,61,147,62,99.5,14,94,5
SYN-V-002690,SYN-P-00099,SYN-E-000672,Synthetic Community Hospital East,Emergency,2024-11-19 20:04:00,110,137,94,98.5,12,93,1
SYN-V-002691,SYN-P-00161,SYN-E-000673,Synthetic Community Hospital East,Internal Medicine,2024-11-20 13:46:00,70,126,63,99.0,13,96,1
SYN-V-002692,SYN-P-00017,SYN-E-000675,Synthetic Specialty Clinic,Primary Care,2024-11-20 08:33:00,88,160,76,99.5,19,93,8
SYN-V-002693,SYN-P-00017,SYN-E-000675,Synthetic Specialty Clinic,Primary Care,2024-11-20 11:38:00,71,126,86,98.1,20,96,6
SYN-V-002694,SYN-P-00178,SYN-E-000676,Synthetic Regional Medical Center,Emergency,2024-11-21 03:41:00,101,145,79,98.2,14,97,7
SYN-V-002695,SYN-P-00245,SYN-E-000678,Synthetic Outpatient Center,Endocrinology,2024-11-21 09:12:00,63,120,84,99.6,21,99,3
SYN-V-002696,SYN-P-00298,SYN-E-000679,Synthetic Outpatient Center,Pulmonology,2024-11-21 16:03:00,76,118,88,97.3,18,93,
SYN-V-002697,SYN-P-00295,SYN-E-000680,Synthetic Specialty Clinic,Orthopedics,2024-11-22 23:58:00,95,125,75,97.9,21,93,5
SYN-V-002698,SYN-P-00182,SYN-E-000681,Synthetic Outpatient Center,Orthopedics,2024-11-23 10:39:00,100,129,79,98.7,14,100,4
SYN-V-002699,SYN-P-00026,SYN-E-000682,Synthetic Community Hospital East,Nephrology,2024-11-24 00:19:00,66,156,80,98.2,19,99,1
SYN-V-002700,SYN-P-00026,SYN-E-000682,Synthetic Community Hospital East,Nephrology,2024-11-24 09:52:00,86,148,88,99.2,12,100,3
SYN-V-002701,SYN-P-00026,SYN-E-000682,Synthetic Community Hospital East,Nephrology,2024-11-24 17:07:00,61,149,81,97.8,19,98,5
SYN-V-002702,SYN-P-00001,SYN-E-000683,Synthetic Community Hospital East,Emergency,2024-11-24 08:16:00,97,116,81,99.0,12,97,6
SYN-V-002703,SYN-P-00001,SYN-E-000683,Synthetic Community Hospital East,Emergency,2024-11-24 10:34:00,91,116,93,99.1,22,94,8
SYN-V-002704,SYN-P-00267,SYN-E-000684,Synthetic Regional Medical Center,Internal Medicine,2024-11-26 07:06:00,62,156,65,98.8,13,97,2
SYN-V-002705,SYN-P-00267,SYN-E-000684,Synthetic Regional Medical Center,Internal Medicine,2024-11-26 12:05:00,64,108,83,98.6,13,92,0
SYN-V-002706,SYN-P-00267,SYN-E-000684,Synthetic Regional Medical Center,Internal Medicine,2024-11-27 01:04:00,61,118,62,98.7,15,94,
SYN-V-002707,SYN-P-00267,SYN-E-000684,Synthetic Regional Medical Center,Internal Medicine,2024-11-27 15:15:00,108,133,84,98.8,18,99,7
SYN-V-002708,SYN-P-00276,SYN-E-000685,Synthetic Outpatient Center,Pulmonology,2024-11-25 23:31:00,58,157,84,97.1,15,95,6
SYN-V-002709,SYN-P-00276,SYN-E-000685,Synthetic Outpatient Center,Pulmonology,2024-11-25 23:58:00,85,147,78,99.4,18,94,8
SYN-V-002710,SYN-P-00112,SYN-E-000686,Synthetic Community Hospital East,Emergency,2024-11-26 01:47:00,92,100,83,99.3,18,94,3
SYN-V-002711,SYN-P-00112,SYN-E-000686,Synthetic Community Hospital East,Emergency,2024-11-26 03:29:00,61,111,80,99.8,15,95,5
SYN-V-002712,SYN-P-00272,SYN-E-000687,Synthetic Specialty Clinic,Orthopedics,2024-11-26 16:37:00,108,117,75,98.4,20,94,
SYN-V-002713,SYN-P-00231,SYN-E-000689,Synthetic Specialty Clinic,Cardiology,2024-11-27 20:08:00,69,132,67,98.3,18,96,6
SYN-V-002714,SYN-P-00078,SYN-E-000690,Synthetic Regional Medical Center,Emergency,2024-11-28 09:40:00,102,144,81,98.1,16,94,1
SYN-V-002715,SYN-P-00078,SYN-E-000690,Synthetic Regional Medical Center,Emergency,2024-11-28 11:00:00,64,113,94,97.9,15,100,7
SYN-V-002716,SYN-P-00078,SYN-E-000690,Synthetic Regional Medical Center,Emergency,2024-11-28 11:12:00,69,131,89,99.2,12,97,7
SYN-V-002717,SYN-P-00078,SYN-E-000690,Synthetic Regional Medical Center,Emergency,2024-11-28 11:59:00,100,115,89,97.5,18,94,4
SYN-V-002718,SYN-P-00233,SYN-E-000691,Synthetic Regional Medical Center,Cardiology,2024-11-29 02:23:00,96,121,77,97.5,16,95,3
SYN-V-002719,SYN-P-00233,SYN-E-000691,Synthetic Regional Medical Center,Cardiology,2024-11-29 07:18:00,72,133,77,98.1,16,97,7
SYN-V-002720,SYN-P-00233,SYN-E-000691,Synthetic Regional Medical Center,Cardiology,2024-11-30 09:04:00,64,155,92,97.9,20,98,0
SYN-V-002721,SYN-P-00233,SYN-E-000691,Synthetic Regional Medical Center,Cardiology,2024-11-30 20:24:00,57,124,91,98.8,20,95,5
SYN-V-002722,SYN-P-00233,SYN-E-000691,Synthetic Regional Medical Center,Cardiology,2024-11-30 21:17:00,83,112,76,97.9,22,100,3
SYN-V-002723,SYN-P-00233,SYN-E-000691,Synthetic Regional Medical Center,Cardiology,2024-12-01 01:06:00,89,135,83,98.0,17,93,0
SYN-V-002724,SYN-P-00233,SYN-E-000691,Synthetic Regional Medical Center,Cardiology,2024-12-01 14:41:00,73,125,86,99.6,13,94,0
SYN-V-002725,SYN-P-00233,SYN-E-000691,Synthetic Regional Medical Center,Cardiology,2024-12-01 18:46:00,104,102,91,97.7,17,99,3
SYN-V-002726,SYN-P-00029,SYN-E-000693,Synthetic Community Hospital West,Orthopedics,2024-11-28 21:57:00,96,157,67,97.5,21,96,3
SYN-V-002727,SYN-P-00271,SYN-E-000694,Synthetic Community Hospital East,Neurology,2024-11-30 08:50:00,75,149,83,97.3,20,96,7
SYN-V-002728,SYN-P-00271,SYN-E-000694,Synthetic Community Hospital East,Neurology,2024-11-30 14:32:00,77,116,84,99.8,21,100,4
SYN-V-002729,SYN-P-00271,SYN-E-000694,Synthetic Community Hospital East,Neurology,2024-12-01 02:52:00,78,110,76,98.9,22,93,2
SYN-V-002730,SYN-P-00271,SYN-E-000694,Synthetic Community Hospital East,Neurology,2024-12-01 08:02:00,92,121,76,98.7,19,97,7
SYN-V-002731,SYN-P-00271,SYN-E-000694,Synthetic Community Hospital East,Neurology,2024-12-01 09:00:00,96,134,63,99.1,15,93,4
SYN-V-002732,SYN-P-00271,SYN-E-000694,Synthetic Community Hospital East,Neurology,2024-12-01 11:05:00,98,130,72,99.7,16,95,8
SYN-V-002733,SYN-P-00271,SYN-E-000694,Synthetic Community Hospital East,Neurology,2024-12-01 18:42:00,109,133,80,98.9,13,94,6
SYN-V-002734,SYN-P-00271,SYN-E-000694,Synthetic Community Hospital East,Neurology,2024-12-02 03:46:00,88,104,73,99.3,12,97,8
SYN-V-002735,SYN-P-00271,SYN-E-000694,Synthetic Community Hospital East,Neurology,2024-12-02 11:07:00,62,108,80,99.5,14,98,1
SYN-V-002736,SYN-P-00271,SYN-E-000694,Synthetic Community Hospital East,Neurology,2024-12-02 12:17:00,88,150,81,97.4,14,99,0
SYN-V-002737,SYN-P-00271,SYN-E-000694,Synthetic Community Hospital East,Neurology,2024-12-02 15:26:00,100,109,78,99.7,22,93,7
SYN-V-002738,SYN-P-00271,SYN-E-000694,Synthetic Community Hospital East,Neurology,2024-12-02 15:29:00,60,119,75,99.5,19,97,8
SYN-V-002739,SYN-P-00214,SYN-E-000696,Synthetic Regional Medical Center,Cardiology,2024-12-02 20:07:00,106,153,73,97.8,22,96,1
SYN-V-002740,SYN-P-00214,SYN-E-000696,Synthetic Regional Medical Center,Cardiology,2024-12-02 21:23:00,75,126,75,99.3,17,96,0
SYN-V-002741,SYN-P-00214,SYN-E-000696,Synthetic Regional Medical Center,Cardiology,2024-12-02 23:25:00,92,127,92,99.5,12,93,1
SYN-V-002742,SYN-P-00214,SYN-E-000696,Synthetic Regional Medical Center,Cardiology,2024-12-03 04:30:00,105,114,62,97.4,17,96,3
SYN-V-002743,SYN-P-00214,SYN-E-000696,Synthetic Regional Medical Center,Cardiology,2024-12-03 10:47:00,79,122,68,99.0,14,96,4
SYN-V-002744,SYN-P-00214,SYN-E-000696,Synthetic Regional Medical Center,Cardiology,2024-12-03 13:38:00,64,104,72,97.8,19,100,2
SYN-V-002745,SYN-P-00098,SYN-E-000698,Synthetic Community Hospital West,Nephrology,2024-12-03 04:32:00,97,124,95,97.0,17,96,8
SYN-V-002746,SYN-P-00098,SYN-E-000698,Synthetic Community Hospital West,Nephrology,2024-12-03 20:00:00,60,141,73,98.5,22,95,1
SYN-V-002747,SYN-P-00053,SYN-E-000699,Synthetic Community Hospital East,Orthopedics,2024-12-03 02:05:00,98,146,65,98.2,21,96,
SYN-V-002748,SYN-P-00203,SYN-E-000700,Synthetic Community Hospital West,Cardiology,2024-12-03 08:12:00,80,134,93,97.7,19,96,7
SYN-V-002749,SYN-P-00203,SYN-E-000700,Synthetic Community Hospital West,Cardiology,2024-12-04 02:00:00,95,109,77,97.3,21,96,3
SYN-V-002750,SYN-P-00203,SYN-E-000700,Synthetic Community Hospital West,Cardiology,2024-12-05 05:32:00,69,150,72,99.0,18,92,2
SYN-V-002751,SYN-P-00203,SYN-E-000700,Synthetic Community Hospital West,Cardiology,2024-12-05 07:53:00,85,136,81,99.1,14,100,3
SYN-V-002752,SYN-P-00203,SYN-E-000700,Synthetic Community Hospital West,Cardiology,2024-12-05 11:23:00,105,108,80,98.9,16,97,5
SYN-V-002753,SYN-P-00203,SYN-E-000700,Synthetic Community Hospital West,Cardiology,2024-12-05 17:00:00,66,139,80,97.8,21,97,1
SYN-V-002754,SYN-P-00203,SYN-E-000700,Synthetic Community Hospital West,Cardiology,2024-12-06 00:01:00,110,127,81,97.0,19,98,
SYN-V-002755,SYN-P-00203,SYN-E-000700,Synthetic Community Hospital West,Cardiology,2024-12-06 00:11:00,109,141,77,99.5,15,100,7
SYN-V-002756,SYN-P-00203,SYN-E-000700,Synthetic Community Hospital West,Cardiology,2024-12-06 00:54:00,77,153,62,97.3,22,99,2
SYN-V-002757,SYN-P-00203,SYN-E-000700,Synthetic Community Hospital West,Cardiology,2024-12-06 05:01:00,91,120,85,99.5,18,92,1
SYN-V-002758,SYN-P-00203,SYN-E-000700,Synthetic Community Hospital West,Cardiology,2024-12-06 10:29:00,95,102,83,98.3,15,95,1
SYN-V-002759,SYN-P-00203,SYN-E-000700,Synthetic Community Hospital West,Cardiology,2024-12-06 15:22:00,64,107,93,98.0,18,94,1
SYN-V-002760,SYN-P-00203,SYN-E-000700,Synthetic Community Hospital West,Cardiology,2024-12-06 18:49:00,58,133,74,97.1,18,97,6
SYN-V-002761,SYN-P-00203,SYN-E-000700,Synthetic Community Hospital West,Cardiology,2024-12-07 06:48:00,76,101,87,97.4,20,98,2
SYN-V-002762,SYN-P-00203,SYN-E-000700,Synthetic Community Hospital West,Cardiology,2024-12-07 22:38:00,68,149,86,98.9,15,94,0
SYN-V-002763,SYN-P-00203,SYN-E-000700,Synthetic Community Hospital West,Cardiology,2024-12-08 01:07:00,76,115,67,97.5,22,98,2
SYN-V-002764,SYN-P-00203,SYN-E-000700,Synthetic Community Hospital West,Cardiology,2024-12-08 05:40:00,83,144,64,97.7,12,98,5
SYN-V-002765,SYN-P-00032,SYN-E-000701,Synthetic Outpatient Center,Primary Care,2024-12-03 16:08:00,73,139,92,99.5,12,92,0
SYN-V-002766,SYN-P-00032,SYN-E-000701,Synthetic Outpatient Center,Primary Care,2024-12-03 18:11:00,63,140,73,98.2,19,99,1
SYN-V-002767,SYN-P-00058,SYN-E-000702,Synthetic Regional Medical Center,Emergency,2024-12-03 20:56:00,108,119,80,99.1,22,95,5
SYN-V-002768,SYN-P-00058,SYN-E-000702,Synthetic Regional Medical Center,Emergency,2024-12-03 21:11:00,108,131,62,99.1,19,98,4
SYN-V-002769,SYN-P-00058,SYN-E-000702,Synthetic Regional Medical Center,Emergency,2024-12-03 22:00:00,59,121,60,99.2,14,97,7
SYN-V-002770,SYN-P-00058,SYN-E-000702,Synthetic Regional Medical Center,Emergency,2024-12-03 22:13:00,103,112,77,99.3,18,97,8
SYN-V-002771,SYN-P-00243,SYN-E-000703,Synthetic Community Hospital West,Emergency,2024-12-04 19:26:00,103,129,76,98.6,20,97,0
SYN-V-002772,SYN-P-00243,SYN-E-000703,Synthetic Community Hospital West,Emergency,2024-12-04 19:44:00,108,138,94,97.4,17,94,5
SYN-V-002773,SYN-P-00245,SYN-E-000704,Synthetic Community Hospital West,Internal Medicine,2024-12-05 02:27:00,86,147,65,97.1,17,100,
SYN-V-002774,SYN-P-00245,SYN-E-000704,Synthetic Community Hospital West,Internal Medicine,2024-12-05 06:06:00,67,138,83,99.3,19,93,0
SYN-V-002775,SYN-P-00245,SYN-E-000704,Synthetic Community Hospital West,Internal Medicine,2024-12-05 08:00:00,88,124,75,98.2,12,99,5
SYN-V-002776,SYN-P-00245,SYN-E-000704,Synthetic Community Hospital West,Internal Medicine,2024-12-05 08:46:00,96,159,61,98.6,17,96,5
SYN-V-002777,SYN-P-00245,SYN-E-000704,Synthetic Community Hospital West,Internal Medicine,2024-12-05 09:21:00,87,119,91,97.2,18,95,3
SYN-V-002778,SYN-P-00245,SYN-E-000704,Synthetic Community Hospital West,Internal Medicine,2024-12-05 12:37:00,67,127,80,99.0,20,95,6
SYN-V-002779,SYN-P-00245,SYN-E-000704,Synthetic Community Hospital West,Internal Medicine,2024-12-05 13:30:00,107,141,93,97.4,14,94,8
SYN-V-002780,SYN-P-00245,SYN-E-000704,Synthetic Community Hospital West,Internal Medicine,2024-12-05 21:25:00,63,131,88,99.4,19,95,5
SYN-V-002781,SYN-P-00245,SYN-E-000704,Synthetic Community Hospital West,Internal Medicine,2024-12-06 05:01:00,60,129,63,98.5,21,100,0
SYN-V-002782,SYN-P-00084,SYN-E-000705,Synthetic Specialty Clinic,Orthopedics,2024-12-05 16:17:00,70,141,65,99.6,16,98,1
SYN-V-002783,SYN-P-00207,SYN-E-000706,Synthetic Community Hospital East,Emergency,2024-12-05 15:55:00,60,120,69,98.0,19,96,3
SYN-V-002784,SYN-P-00207,SYN-E-000706,Synthetic Community Hospital East,Emergency,2024-12-05 16:13:00,109,140,77,99.3,20,98,1
SYN-V-002785,SYN-P-00207,SYN-E-000706,Synthetic Community Hospital East,Emergency,2024-12-05 19:04:00,104,124,67,99.6,17,98,0
SYN-V-002786,SYN-P-00277,SYN-E-000707,Synthetic Community Hospital East,Emergency,2024-12-06 08:26:00,99,118,76,98.0,16,100,1
SYN-V-002787,SYN-P-00277,SYN-E-000707,Synthetic Community Hospital East,Emergency,2024-12-06 08:50:00,68,143,78,99.2,20,99,4
SYN-V-002788,SYN-P-00277,SYN-E-000707,Synthetic Community Hospital East,Emergency,2024-12-06 10:14:00,78,112,64,98.5,21,96,7
SYN-V-002789,SYN-P-00277,SYN-E-000707,Synthetic Community Hospital East,Emergency,2024-12-06 10:39:00,80,133,94,99.4,16,94,1
SYN-V-002790,SYN-P-00204,SYN-E-000708,Synthetic Regional Medical Center,Pulmonology,2024-12-06 19:21:00,83,106,93,97.0,12,98,5
SYN-V-002791,SYN-P-00204,SYN-E-000708,Synthetic Regional Medical Center,Pulmonology,2024-12-07 05:45:00,67,145,83,98.8,19,94,0
SYN-V-002792,SYN-P-00204,SYN-E-000708,Synthetic Regional Medical Center,Pulmonology,2024-12-07 06:10:00,76,113,73,98.6,13,92,3
SYN-V-002793,SYN-P-00204,SYN-E-000708,Synthetic Regional Medical Center,Pulmonology,2024-12-07 11:52:00,77,131,80,99.1,20,92,5
SYN-V-002794,SYN-P-00204,SYN-E-000708,Synthetic Regional Medical Center,Pulmonology,2024-12-07 18:50:00,103,137,84,97.8,22,92,2
SYN-V-002795,SYN-P-00204,SYN-E-000708,Synthetic Regional Medical Center,Pulmonology,2024-12-08 07:46:00,66,124,88,97.4,15,92,5
SYN-V-002796,SYN-P-00204,SYN-E-000708,Synthetic Regional Medical Center,Pulmonology,2024-12-08 14:05:00,69,129,66,98.8,15,100,0
SYN-V-002797,SYN-P-00204,SYN-E-000708,Synthetic Regional Medical Center,Pulmonology,2024-12-08 22:05:00,80,109,92,99.3,14,94,7
SYN-V-002798,SYN-P-00204,SYN-E-000708,Synthetic Regional Medical Center,Pulmonology,2024-12-09 06:29:00,92,123,66,99.1,20,96,0
SYN-V-002799,SYN-P-00204,SYN-E-000708,Synthetic Regional Medical Center,Pulmonology,2024-12-09 11:56:00,78,125,91,99.1,14,95,3
SYN-V-002800,SYN-P-00204,SYN-E-000708,Synthetic Regional Medical Center,Pulmonology,2024-12-09 13:14:00,90,128,71,99.7,12,94,7
SYN-V-002801,SYN-P-00204,SYN-E-000708,Synthetic Regional Medical Center,Pulmonology,2024-12-09 22:16:00,57,114,64,99.3,12,95,1
SYN-V-002802,SYN-P-00204,SYN-E-000708,Synthetic Regional Medical Center,Pulmonology,2024-12-11 05:32:00,106,157,86,98.5,12,100,8
SYN-V-002803,SYN-P-00204,SYN-E-000708,Synthetic Regional Medical Center,Pulmonology,2024-12-11 11:16:00,77,151,70,97.6,21,94,8
SYN-V-002804,SYN-P-00204,SYN-E-000708,Synthetic Regional Medical Center,Pulmonology,2024-12-11 11:49:00,86,125,93,99.1,13,94,6
SYN-V-002805,SYN-P-00204,SYN-E-000708,Synthetic Regional Medical Center,Pulmonology,2024-12-11 11:50:00,69,150,86,97.2,15,100,4
SYN-V-002806,SYN-P-00256,SYN-E-000710,Synthetic Community Hospital West,Emergency,2024-12-06 21:55:00,56,122,61,97.9,13,92,6
SYN-V-002807,SYN-P-00256,SYN-E-000710,Synthetic Community Hospital West,Emergency,2024-12-06 23:42:00,60,157,83,98.8,18,93,4
SYN-V-002808,SYN-P-00256,SYN-E-000710,Synthetic Community Hospital West,Emergency,2024-12-07 00:51:00,74,158,78,98.8,12,93,1
SYN-V-002809,SYN-P-00217,SYN-E-000711,Synthetic Community Hospital East,Emergency,2024-12-07 09:45:00,67,106,83,99.2,20,95,4
SYN-V-002810,SYN-P-00217,SYN-E-000711,Synthetic Community Hospital East,Emergency,2024-12-07 09:59:00,108,135,78,98.8,18,100,3
SYN-V-002811,SYN-P-00217,SYN-E-000711,Synthetic Community Hospital East,Emergency,2024-12-07 10:14:00,73,101,75,99.1,13,99,5
SYN-V-002812,SYN-P-00217,SYN-E-000711,Synthetic Community Hospital East,Emergency,2024-12-07 10:15:00,96,140,67,98.4,13,96,0
SYN-V-002813,SYN-P-00278,SYN-E-000712,Synthetic Outpatient Center,Endocrinology,2024-12-07 16:50:00,102,129,80,97.0,18,93,5
SYN-V-002814,SYN-P-00278,SYN-E-000712,Synthetic Outpatient Center,Endocrinology,2024-12-07 18:26:00,75,127,94,98.8,20,97,
SYN-V-002815,SYN-P-00133,SYN-E-000713,Synthetic Outpatient Center,Primary Care,2024-12-07 19:18:00,73,123,81,98.5,21,95,0
SYN-V-002816,SYN-P-00133,SYN-E-000713,Synthetic Outpatient Center,Primary Care,2024-12-07 19:24:00,89,138,76,99.4,12,93,6
SYN-V-002817,SYN-P-00234,SYN-E-000715,Synthetic Specialty Clinic,Orthopedics,2024-12-07 23:56:00,97,141,75,98.5,18,100,8
SYN-V-002818,SYN-P-00264,SYN-E-000716,Synthetic Regional Medical Center,Emergency,2024-12-08 00:01:00,65,107,60,97.8,19,99,2
SYN-V-002819,SYN-P-00264,SYN-E-000716,Synthetic Regional Medical Center,Emergency,2024-12-08 02:33:00,63,101,63,99.2,13,92,4
SYN-V-002820,SYN-P-00159,SYN-E-000717,Synthetic Specialty Clinic,Primary Care,2024-12-09 01:21:00,84,133,90,99.7,19,99,7
SYN-V-002821,SYN-P-00275,SYN-E-000718,Synthetic Community Hospital West,Emergency,2024-12-09 15:10:00,100,107,70,99.6,21,93,3
SYN-V-002822,SYN-P-00275,SYN-E-000718,Synthetic Community Hospital West,Emergency,2024-12-09 16:01:00,66,157,88,99.1,12,92,6
SYN-V-002823,SYN-P-00275,SYN-E-000718,Synthetic Community Hospital West,Emergency,2024-12-09 17:19:00,89,128,79,98.9,22,92,5
SYN-V-002824,SYN-P-00275,SYN-E-000718,Synthetic Community Hospital West,Emergency,2024-12-09 17:22:00,98,140,77,99.7,17,97,5
SYN-V-002825,SYN-P-00275,SYN-E-000718,Synthetic Community Hospital West,Emergency,2024-12-09 18:23:00,93,129,82,99.6,19,93,4
SYN-V-002826,SYN-P-00027,SYN-E-000719,Synthetic Regional Medical Center,Pulmonology,2024-12-10 18:24:00,69,157,68,98.5,12,99,0
SYN-V-002827,SYN-P-00027,SYN-E-000719,Synthetic Regional Medical Center,Pulmonology,2024-12-11 00:00:00,106,158,79,97.9,14,92,4
SYN-V-002828,SYN-P-00027,SYN-E-000719,Synthetic Regional Medical Center,Pulmonology,2024-12-11 07:18:00,101,118,80,98.2,12,96,7
SYN-V-002829,SYN-P-00027,SYN-E-000719,Synthetic Regional Medical Center,Pulmonology,2024-12-11 14:43:00,79,111,94,99.7,22,99,0
SYN-V-002830,SYN-P-00027,SYN-E-000719,Synthetic Regional Medical Center,Pulmonology,2024-12-11 15:47:00,106,131,67,98.9,15,93,8
SYN-V-002831,SYN-P-00027,SYN-E-000719,Synthetic Regional Medical Center,Pulmonology,2024-12-11 18:56:00,85,131,90,97.8,17,98,0
SYN-V-002832,SYN-P-00027,SYN-E-000719,Synthetic Regional Medical Center,Pulmonology,2024-12-11 20:14:00,63,135,83,97.6,12,97,5
SYN-V-002833,SYN-P-00027,SYN-E-000719,Synthetic Regional Medical Center,Pulmonology,2024-12-12 02:23:00,101,128,80,99.3,13,95,1
SYN-V-002834,SYN-P-00027,SYN-E-000719,Synthetic Regional Medical Center,Pulmonology,2024-12-12 04:20:00,76,141,79,97.7,20,96,1
SYN-V-002835,SYN-P-00027,SYN-E-000719,Synthetic Regional Medical Center,Pulmonology,2024-12-12 06:34:00,82,128,87,97.1,15,95,0
SYN-V-002836,SYN-P-00081,SYN-E-000722,Synthetic Regional Medical Center,Emergency,2024-12-11 01:55:00,82,155,74,99.6,20,97,5
SYN-V-002837,SYN-P-00081,SYN-E-000722,Synthetic Regional Medical Center,Emergency,2024-12-11 04:19:00,105,129,80,99.4,20,95,5
SYN-V-002838,SYN-P-00081,SYN-E-000722,Synthetic Regional Medical Center,Emergency,2024-12-11 04:26:00,93,123,73,97.2,16,94,0
SYN-V-002839,SYN-P-00242,SYN-E-000723,Synthetic Regional Medical Center,Pulmonology,2024-12-11 08:11:00,82,159,93,98.4,21,99,1
SYN-V-002840,SYN-P-00242,SYN-E-000723,Synthetic Regional Medical Center,Pulmonology,2024-12-11 14:10:00,75,142,89,98.0,15,92,7
SYN-V-002841,SYN-P-00242,SYN-E-000723,Synthetic Regional Medical Center,Pulmonology,2024-12-11 14:32:00,59,109,73,99.3,12,99,0
SYN-V-002842,SYN-P-00242,SYN-E-000723,Synthetic Regional Medical Center,Pulmonology,2024-12-11 23:24:00,62,138,77,98.5,15,93,6
SYN-V-002843,SYN-P-00242,SYN-E-000723,Synthetic Regional Medical Center,Pulmonology,2024-12-12 09:38:00,76,148,72,97.0,21,94,7
SYN-V-002844,SYN-P-00242,SYN-E-000723,Synthetic Regional Medical Center,Pulmonology,2024-12-13 03:46:00,55,102,80,99.3,20,95,0
SYN-V-002845,SYN-P-00010,SYN-E-000724,Synthetic Regional Medical Center,Neurology,2024-12-11 16:26:00,82,134,86,97.3,19,94,2
SYN-V-002846,SYN-P-00010,SYN-E-000724,Synthetic Regional Medical Center,Neurology,2024-12-11 17:38:00,67,158,92,97.1,22,92,3
SYN-V-002847,SYN-P-00010,SYN-E-000724,Synthetic Regional Medical Center,Neurology,2024-12-11 19:59:00,61,124,77,98.9,22,94,2
SYN-V-002848,SYN-P-00010,SYN-E-000724,Synthetic Regional Medical Center,Neurology,2024-12-11 22:54:00,58,150,91,97.8,16,94,4
SYN-V-002849,SYN-P-00010,SYN-E-000724,Synthetic Regional Medical Center,Neurology,2024-12-12 07:25:00,80,160,79,99.3,16,98,7
SYN-V-002850,SYN-P-00010,SYN-E-000724,Synthetic Regional Medical Center,Neurology,2024-12-12 11:24:00,64,144,81,99.5,19,93,7
SYN-V-002851,SYN-P-00071,SYN-E-000726,Synthetic Specialty Clinic,Pulmonology,2024-12-12 20:43:00,108,101,95,97.0,21,93,3
SYN-V-002852,SYN-P-00071,SYN-E-000726,Synthetic Specialty Clinic,Pulmonology,2024-12-12 20:47:00,96,133,90,98.9,12,96,4
SYN-V-002853,SYN-P-00166,SYN-E-000727,Synthetic Regional Medical Center,Emergency,2024-12-12 21:16:00,98,108,62,97.1,13,99,5
SYN-V-002854,SYN-P-00166,SYN-E-000727,Synthetic Regional Medical Center,Emergency,2024-12-12 23:37:00,93,104,74,97.7,20,94,6
SYN-V-002855,SYN-P-00166,SYN-E-000727,Synthetic Regional Medical Center,Emergency,2024-12-13 00:32:00,64,102,89,98.1,17,95,8
SYN-V-002856,SYN-P-00177,SYN-E-000728,Synthetic Regional Medical Center,Pulmonology,2024-12-13 01:49:00,73,100,95,98.0,16,96,2
SYN-V-002857,SYN-P-00090,SYN-E-000729,Synthetic Regional Medical Center,Internal Medicine,2024-12-13 00:54:00,60,108,92,98.2,21,99,2
SYN-V-002858,SYN-P-00090,SYN-E-000729,Synthetic Regional Medical Center,Internal Medicine,2024-12-13 01:35:00,64,139,68,97.6,18,97,3
SYN-V-002859,SYN-P-00090,SYN-E-000729,Synthetic Regional Medical Center,Internal Medicine,2024-12-13 05:57:00,62,145,70,97.6,15,94,4
SYN-V-002860,SYN-P-00090,SYN-E-000729,Synthetic Regional Medical Center,Internal Medicine,2024-12-13 08:37:00,105,147,82,99.2,21,94,3
SYN-V-002861,SYN-P-00090,SYN-E-000729,Synthetic Regional Medical Center,Internal Medicine,2024-12-13 09:04:00,105,102,80,99.1,14,96,2
SYN-V-002862,SYN-P-00090,SYN-E-000729,Synthetic Regional Medical Center,Internal Medicine,2024-12-13 19:16:00,104,120,86,97.8,12,97,
SYN-V-002863,SYN-P-00090,SYN-E-000729,Synthetic Regional Medical Center,Internal Medicine,2024-12-13 19:28:00,102,152,87,98.0,15,95,2
SYN-V-002864,SYN-P-00090,SYN-E-000729,Synthetic Regional Medical Center,Internal Medicine,2024-12-13 19:32:00,71,123,77,99.1,12,100,0
SYN-V-002865,SYN-P-00090,SYN-E-000729,Synthetic Regional Medical Center,Internal Medicine,2024-12-14 01:28:00,99,157,71,98.2,20,98,8
SYN-V-002866,SYN-P-00044,SYN-E-000730,Synthetic Specialty Clinic,Cardiology,2024-12-13 05:05:00,63,121,82,99.2,21,96,1
SYN-V-002867,SYN-P-00044,SYN-E-000730,Synthetic Specialty Clinic,Cardiology,2024-12-13 06:22:00,60,118,77,97.8,18,100,6
SYN-V-002868,SYN-P-00227,SYN-E-000731,Synthetic Specialty Clinic,Endocrinology,2024-12-13 07:28:00,88,121,71,99.0,19,98,0
SYN-V-002869,SYN-P-00019,SYN-E-000732,Synthetic Specialty Clinic,Orthopedics,2024-12-13 08:29:00,104,123,85,98.7,20,100,4
SYN-V-002870,SYN-P-00019,SYN-E-000732,Synthetic Specialty Clinic,Orthopedics,2024-12-13 09:27:00,100,134,79,99.5,12,92,5
SYN-V-002871,SYN-P-00019,SYN-E-000732,Synthetic Specialty Clinic,Orthopedics,2024-12-13 10:20:00,101,111,85,97.8,17,98,0
SYN-V-002872,SYN-P-00019,SYN-E-000732,Synthetic Specialty Clinic,Orthopedics,2024-12-13 10:32:00,57,116,71,99.7,16,99,1
SYN-V-002873,SYN-P-00070,SYN-E-000734,Synthetic Community Hospital West,Pulmonology,2024-12-14 04:00:00,86,126,90,97.0,13,93,5
SYN-V-002874,SYN-P-00070,SYN-E-000734,Synthetic Community Hospital West,Pulmonology,2024-12-14 04:49:00,87,105,61,97.5,13,95,5
SYN-V-002875,SYN-P-00070,SYN-E-000734,Synthetic Community Hospital West,Pulmonology,2024-12-14 09:25:00,84,136,81,97.6,19,95,8
SYN-V-002876,SYN-P-00070,SYN-E-000734,Synthetic Community Hospital West,Pulmonology,2024-12-14 13:04:00,100,135,70,97.3,20,92,6
SYN-V-002877,SYN-P-00070,SYN-E-000734,Synthetic Community Hospital West,Pulmonology,2024-12-14 17:57:00,106,145,68,99.3,18,93,1
SYN-V-002878,SYN-P-00070,SYN-E-000734,Synthetic Community Hospital West,Pulmonology,2024-12-14 21:18:00,73,130,61,98.4,16,100,2
SYN-V-002879,SYN-P-00070,SYN-E-000734,Synthetic Community Hospital West,Pulmonology,2024-12-15 07:08:00,84,155,93,97.1,17,97,2
SYN-V-002880,SYN-P-00070,SYN-E-000734,Synthetic Community Hospital West,Pulmonology,2024-12-15 07:25:00,70,114,62,98.1,20,100,6
SYN-V-002881,SYN-P-00070,SYN-E-000734,Synthetic Community Hospital West,Pulmonology,2024-12-15 10:42:00,57,133,77,97.6,19,100,4
SYN-V-002882,SYN-P-00070,SYN-E-000734,Synthetic Community Hospital West,Pulmonology,2024-12-16 01:30:00,90,136,66,99.6,16,95,5
SYN-V-002883,SYN-P-00070,SYN-E-000734,Synthetic Community Hospital West,Pulmonology,2024-12-16 09:40:00,109,160,73,97.3,19,99,2
SYN-V-002884,SYN-P-00070,SYN-E-000734,Synthetic Community Hospital West,Pulmonology,2024-12-16 09:43:00,83,137,91,99.0,12,94,8
SYN-V-002885,SYN-P-00070,SYN-E-000734,Synthetic Community Hospital West,Pulmonology,2024-12-16 16:55:00,106,159,79,97.5,12,93,1
SYN-V-002886,SYN-P-00070,SYN-E-000734,Synthetic Community Hospital West,Pulmonology,2024-12-17 12:10:00,73,153,94,97.7,21,95,3
SYN-V-002887,SYN-P-00070,SYN-E-000734,Synthetic Community Hospital West,Pulmonology,2024-12-17 18:53:00,100,157,87,99.0,19,100,
SYN-V-002888,SYN-P-00070,SYN-E-000734,Synthetic Community Hospital West,Pulmonology,2024-12-17 21:06:00,57,126,68,97.5,22,95,4
SYN-V-002889,SYN-P-00070,SYN-E-000734,Synthetic Community Hospital West,Pulmonology,2024-12-18 06:47:00,96,151,88,99.4,15,96,7
SYN-V-002890,SYN-P-00070,SYN-E-000734,Synthetic Community Hospital West,Pulmonology,2024-12-18 15:40:00,102,155,87,97.8,20,97,
SYN-V-002891,SYN-P-00070,SYN-E-000734,Synthetic Community Hospital West,Pulmonology,2024-12-18 23:57:00,60,146,66,97.5,12,96,3
SYN-V-002892,SYN-P-00149,SYN-E-000735,Synthetic Regional Medical Center,Internal Medicine,2024-12-14 22:32:00,105,104,71,98.8,13,99,4
SYN-V-002893,SYN-P-00149,SYN-E-000735,Synthetic Regional Medical Center,Internal Medicine,2024-12-14 23:32:00,88,153,86,98.3,19,93,1
SYN-V-002894,SYN-P-00149,SYN-E-000735,Synthetic Regional Medical Center,Internal Medicine,2024-12-16 03:00:00,76,129,60,99.5,14,94,4
SYN-V-002895,SYN-P-00149,SYN-E-000735,Synthetic Regional Medical Center,Internal Medicine,2024-12-16 05:10:00,96,127,79,98.7,12,93,2
SYN-V-002896,SYN-P-00149,SYN-E-000735,Synthetic Regional Medical Center,Internal Medicine,2024-12-16 07:25:00,77,143,80,99.4,13,98,7
SYN-V-002897,SYN-P-00149,SYN-E-000735,Synthetic Regional Medical Center,Internal Medicine,2024-12-16 08:28:00,56,142,83,97.9,14,95,5
SYN-V-002898,SYN-P-00076,SYN-E-000736,Synthetic Community Hospital East,Nephrology,2024-12-16 22:57:00,107,113,88,98.6,18,94,1
SYN-V-002899,SYN-P-00076,SYN-E-000736,Synthetic Community Hospital East,Nephrology,2024-12-16 23:52:00,91,132,72,97.9,13,96,4
SYN-V-002900,SYN-P-00267,SYN-E-000737,Synthetic Regional Medical Center,Cardiology,2024-12-16 07:56:00,79,123,64,99.4,21,100,5
SYN-V-002901,SYN-P-00267,SYN-E-000737,Synthetic Regional Medical Center,Cardiology,2024-12-16 10:15:00,95,106,70,97.1,19,94,5
SYN-V-002902,SYN-P-00267,SYN-E-000737,Synthetic Regional Medical Center,Cardiology,2024-12-16 15:12:00,55,102,75,98.5,16,97,8
SYN-V-002903,SYN-P-00267,SYN-E-000737,Synthetic Regional Medical Center,Cardiology,2024-12-16 15:20:00,79,154,61,97.8,22,97,4
SYN-V-002904,SYN-P-00267,SYN-E-000737,Synthetic Regional Medical Center,Cardiology,2024-12-17 05:20:00,88,139,74,99.1,18,98,1
SYN-V-002905,SYN-P-00267,SYN-E-000737,Synthetic Regional Medical Center,Cardiology,2024-12-17 11:30:00,62,108,61,97.2,18,99,4
SYN-V-002906,SYN-P-00267,SYN-E-000737,Synthetic Regional Medical Center,Cardiology,2024-12-17 20:10:00,74,152,91,98.2,19,95,4
SYN-V-002907,SYN-P-00267,SYN-E-000737,Synthetic Regional Medical Center,Cardiology,2024-12-18 05:35:00,65,147,95,99.2,21,92,0
SYN-V-002908,SYN-P-00267,SYN-E-000737,Synthetic Regional Medical Center,Cardiology,2024-12-19 03:32:00,81,122,81,97.3,19,92,7
SYN-V-002909,SYN-P-00267,SYN-E-000737,Synthetic Regional Medical Center,Cardiology,2024-12-19 05:49:00,81,155,68,97.5,22,98,3
SYN-V-002910,SYN-P-00267,SYN-E-000737,Synthetic Regional Medical Center,Cardiology,2024-12-19 12:44:00,66,107,67,97.0,21,95,7
SYN-V-002911,SYN-P-00250,SYN-E-000738,Synthetic Specialty Clinic,Endocrinology,2024-12-15 22:50:00,110,112,92,98.5,19,97,0
SYN-V-002912,SYN-P-00131,SYN-E-000739,Synthetic Specialty Clinic,Orthopedics,2024-12-16 03:33:00,64,122,92,97.8,19,95,0
SYN-V-002913,SYN-P-00163,SYN-E-000740,Synthetic Regional Medical Center,Cardiology,2024-12-16 04:45:00,90,149,86,97.9,20,98,2
SYN-V-002914,SYN-P-00163,SYN-E-000740,Synthetic Regional Medical Center,Cardiology,2024-12-16 08:33:00,65,125,63,99.1,21,95,8
SYN-V-002915,SYN-P-00163,SYN-E-000740,Synthetic Regional Medical Center,Cardiology,2024-12-17 02:21:00,72,100,85,98.1,19,97,7
SYN-V-002916,SYN-P-00163,SYN-E-000740,Synthetic Regional Medical Center,Cardiology,2024-12-17 03:05:00,83,137,67,98.6,20,94,4
SYN-V-002917,SYN-P-00163,SYN-E-000740,Synthetic Regional Medical Center,Cardiology,2024-12-17 10:05:00,110,116,90,98.6,17,92,1
SYN-V-002918,SYN-P-00163,SYN-E-000740,Synthetic Regional Medical Center,Cardiology,2024-12-17 12:10:00,64,115,89,98.6,12,96,0
SYN-V-002919,SYN-P-00163,SYN-E-000740,Synthetic Regional Medical Center,Cardiology,2024-12-17 22:26:00,104,120,94,98.9,20,96,6
SYN-V-002920,SYN-P-00163,SYN-E-000740,Synthetic Regional Medical Center,Cardiology,2024-12-18 02:11:00,72,151,75,98.4,12,92,6
SYN-V-002921,SYN-P-00113,SYN-E-000741,Synthetic Community Hospital East,Emergency,2024-12-16 20:30:00,72,132,63,97.4,12,94,3
SYN-V-002922,SYN-P-00113,SYN-E-000741,Synthetic Community Hospital East,Emergency,2024-12-16 23:21:00,107,101,94,98.9,14,99,
SYN-V-002923,SYN-P-00240,SYN-E-000742,Synthetic Regional Medical Center,Primary Care,2024-12-16 21:49:00,93,151,86,99.8,18,92,6
SYN-V-002924,SYN-P-00240,SYN-E-000742,Synthetic Regional Medical Center,Primary Care,2024-12-16 23:07:00,74,144,75,97.5,15,96,2
SYN-V-002925,SYN-P-00061,SYN-E-000743,Synthetic Regional Medical Center,Cardiology,2024-12-17 14:29:00,61,158,95,97.4,12,94,2
SYN-V-002926,SYN-P-00061,SYN-E-000743,Synthetic Regional Medical Center,Cardiology,2024-12-18 08:10:00,81,136,93,97.4,14,96,7
SYN-V-002927,SYN-P-00061,SYN-E-000743,Synthetic Regional Medical Center,Cardiology,2024-12-18 09:37:00,89,105,71,97.1,22,92,3
SYN-V-002928,SYN-P-00057,SYN-E-000744,Synthetic Outpatient Center,Orthopedics,2024-12-17 09:57:00,97,109,95,97.8,21,97,1
SYN-V-002929,SYN-P-00290,SYN-E-000745,Synthetic Specialty Clinic,Primary Care,2024-12-17 23:32:00,77,114,81,97.2,19,92,6
SYN-V-002930,SYN-P-00106,SYN-E-000746,Synthetic Regional Medical Center,Neurology,2024-12-18 08:36:00,81,125,75,99.3,18,96,5
SYN-V-002931,SYN-P-00106,SYN-E-000746,Synthetic Regional Medical Center,Neurology,2024-12-18 18:24:00,66,137,95,97.4,19,97,7
SYN-V-002932,SYN-P-00106,SYN-E-000746,Synthetic Regional Medical Center,Neurology,2024-12-19 08:53:00,95,116,66,97.3,19,99,
SYN-V-002933,SYN-P-00106,SYN-E-000746,Synthetic Regional Medical Center,Neurology,2024-12-19 11:49:00,104,131,68,98.7,18,98,3
SYN-V-002934,SYN-P-00106,SYN-E-000746,Synthetic Regional Medical Center,Neurology,2024-12-19 16:24:00,64,144,66,98.9,22,97,2
SYN-V-002935,SYN-P-00106,SYN-E-000746,Synthetic Regional Medical Center,Neurology,2024-12-20 04:05:00,83,122,92,99.4,12,100,1
SYN-V-002936,SYN-P-00106,SYN-E-000746,Synthetic Regional Medical Center,Neurology,2024-12-20 05:37:00,78,100,84,98.7,16,99,3
SYN-V-002937,SYN-P-00106,SYN-E-000746,Synthetic Regional Medical Center,Neurology,2024-12-20 14:58:00,98,138,90,98.0,16,94,2
SYN-V-002938,SYN-P-00106,SYN-E-000746,Synthetic Regional Medical Center,Neurology,2024-12-21 01:38:00,104,154,80,99.2,20,94,0
SYN-V-002939,SYN-P-00106,SYN-E-000746,Synthetic Regional Medical Center,Neurology,2024-12-21 09:44:00,93,159,79,98.2,19,92,3
SYN-V-002940,SYN-P-00106,SYN-E-000746,Synthetic Regional Medical Center,Neurology,2024-12-21 10:10:00,91,155,75,98.8,18,92,2
SYN-V-002941,SYN-P-00106,SYN-E-000746,Synthetic Regional Medical Center,Neurology,2024-12-21 10:25:00,74,139,81,99.3,14,93,1
SYN-V-002942,SYN-P-00106,SYN-E-000746,Synthetic Regional Medical Center,Neurology,2024-12-21 14:17:00,59,102,94,98.3,20,93,1
SYN-V-002943,SYN-P-00106,SYN-E-000746,Synthetic Regional Medical Center,Neurology,2024-12-21 16:59:00,97,142,73,99.4,21,95,2
SYN-V-002944,SYN-P-00106,SYN-E-000746,Synthetic Regional Medical Center,Neurology,2024-12-21 18:50:00,109,157,84,97.8,22,92,8
SYN-V-002945,SYN-P-00106,SYN-E-000746,Synthetic Regional Medical Center,Neurology,2024-12-22 02:18:00,98,155,93,97.2,12,97,
SYN-V-002946,SYN-P-00106,SYN-E-000746,Synthetic Regional Medical Center,Neurology,2024-12-22 04:57:00,67,133,77,99.4,22,93,5
SYN-V-002947,SYN-P-00144,SYN-E-000747,Synthetic Outpatient Center,Pulmonology,2024-12-18 18:12:00,103,140,75,98.7,13,100,6
SYN-V-002948,SYN-P-00098,SYN-E-000750,Synthetic Community Hospital West,Internal Medicine,2024-12-21 05:05:00,77,145,90,98.6,20,99,0
SYN-V-002949,SYN-P-00098,SYN-E-000750,Synthetic Community Hospital West,Internal Medicine,2024-12-22 02:56:00,110,102,76,97.5,17,92,0
SYN-V-002950,SYN-P-00098,SYN-E-000750,Synthetic Community Hospital West,Internal Medicine,2024-12-22 06:29:00,99,121,78,98.1,16,98,8
SYN-V-002951,SYN-P-00098,SYN-E-000750,Synthetic Community Hospital West,Internal Medicine,2024-12-22 16:00:00,76,140,66,99.8,15,98,8
SYN-V-002952,SYN-P-00098,SYN-E-000750,Synthetic Community Hospital West,Internal Medicine,2024-12-22 18:32:00,108,141,94,98.2,17,93,4
SYN-V-002953,SYN-P-00098,SYN-E-000750,Synthetic Community Hospital West,Internal Medicine,2024-12-23 02:14:00,69,101,61,98.2,20,94,4
SYN-V-002954,SYN-P-00053,SYN-E-000751,Synthetic Community Hospital East,Cardiology,2024-12-21 08:49:00,69,107,76,98.2,16,98,0
SYN-V-002955,SYN-P-00053,SYN-E-000751,Synthetic Community Hospital East,Cardiology,2024-12-21 14:21:00,83,137,90,97.8,22,100,0
SYN-V-002956,SYN-P-00053,SYN-E-000751,Synthetic Community Hospital East,Cardiology,2024-12-21 17:38:00,61,127,86,99.2,22,97,1
SYN-V-002957,SYN-P-00053,SYN-E-000751,Synthetic Community Hospital East,Cardiology,2024-12-21 17:46:00,73,116,73,99.5,19,95,4
SYN-V-002958,SYN-P-00053,SYN-E-000751,Synthetic Community Hospital East,Cardiology,2024-12-21 21:10:00,88,152,92,98.1,12,99,6
SYN-V-002959,SYN-P-00053,SYN-E-000751,Synthetic Community Hospital East,Cardiology,2024-12-22 10:10:00,85,126,72,97.1,18,93,8
SYN-V-002960,SYN-P-00053,SYN-E-000751,Synthetic Community Hospital East,Cardiology,2024-12-23 01:03:00,84,155,88,98.4,21,93,8
SYN-V-002961,SYN-P-00053,SYN-E-000751,Synthetic Community Hospital East,Cardiology,2024-12-23 10:38:00,88,122,78,97.4,18,98,8
SYN-V-002962,SYN-P-00053,SYN-E-000751,Synthetic Community Hospital East,Cardiology,2024-12-23 17:22:00,92,108,74,97.9,20,97,0
SYN-V-002963,SYN-P-00053,SYN-E-000751,Synthetic Community Hospital East,Cardiology,2024-12-23 20:34:00,60,145,63,98.3,15,94,0
SYN-V-002964,SYN-P-00053,SYN-E-000751,Synthetic Community Hospital East,Cardiology,2024-12-23 20:38:00,74,133,93,99.2,12,97,6
SYN-V-002965,SYN-P-00053,SYN-E-000751,Synthetic Community Hospital East,Cardiology,2024-12-23 21:15:00,61,106,92,99.7,19,94,2
SYN-V-002966,SYN-P-00053,SYN-E-000751,Synthetic Community Hospital East,Cardiology,2024-12-24 04:14:00,58,133,88,97.5,18,92,4
SYN-V-002967,SYN-P-00053,SYN-E-000751,Synthetic Community Hospital East,Cardiology,2024-12-24 12:28:00,70,160,82,97.5,16,93,7
SYN-V-002968,SYN-P-00053,SYN-E-000751,Synthetic Community Hospital East,Cardiology,2024-12-24 16:33:00,84,157,94,98.7,21,94,1
SYN-V-002969,SYN-P-00053,SYN-E-000751,Synthetic Community Hospital East,Cardiology,2024-12-24 20:36:00,104,132,74,98.9,20,95,2
SYN-V-002970,SYN-P-00053,SYN-E-000751,Synthetic Community Hospital East,Cardiology,2024-12-24 22:23:00,74,149,62,97.1,22,96,5
SYN-V-002971,SYN-P-00053,SYN-E-000751,Synthetic Community Hospital East,Cardiology,2024-12-25 07:24:00,86,143,94,98.7,14,96,0
SYN-V-002972,SYN-P-00053,SYN-E-000751,Synthetic Community Hospital East,Cardiology,2024-12-25 16:27:00,100,146,71,98.5,14,100,4
SYN-V-002973,SYN-P-00053,SYN-E-000751,Synthetic Community Hospital East,Cardiology,2024-12-26 00:29:00,63,138,84,97.9,14,98,5
SYN-V-002974,SYN-P-00053,SYN-E-000751,Synthetic Community Hospital East,Cardiology,2024-12-26 17:11:00,59,152,83,99.1,12,94,4
SYN-V-002975,SYN-P-00053,SYN-E-000751,Synthetic Community Hospital East,Cardiology,2024-12-26 22:23:00,108,129,87,97.0,15,95,4
SYN-V-002976,SYN-P-00053,SYN-E-000751,Synthetic Community Hospital East,Cardiology,2024-12-27 06:24:00,68,152,76,98.7,14,92,6
SYN-V-002977,SYN-P-00255,SYN-E-000752,Synthetic Community Hospital West,Pulmonology,2024-12-21 14:13:00,93,159,89,97.0,18,100,4
SYN-V-002978,SYN-P-00255,SYN-E-000752,Synthetic Community Hospital West,Pulmonology,2024-12-21 15:47:00,97,118,85,98.5,22,100,8
SYN-V-002979,SYN-P-00255,SYN-E-000752,Synthetic Community Hospital West,Pulmonology,2024-12-21 16:31:00,73,116,83,98.0,20,92,5
SYN-V-002980,SYN-P-00255,SYN-E-000752,Synthetic Community Hospital West,Pulmonology,2024-12-21 21:46:00,102,130,82,98.3,16,98,1
SYN-V-002981,SYN-P-00255,SYN-E-000752,Synthetic Community Hospital West,Pulmonology,2024-12-22 09:31:00,105,145,66,98.6,17,97,7
SYN-V-002982,SYN-P-00255,SYN-E-000752,Synthetic Community Hospital West,Pulmonology,2024-12-22 11:30:00,62,135,82,99.7,19,92,0
SYN-V-002983,SYN-P-00255,SYN-E-000752,Synthetic Community Hospital West,Pulmonology,2024-12-22 11:35:00,86,133,60,97.4,16,98,6
SYN-V-002984,SYN-P-00255,SYN-E-000752,Synthetic Community Hospital West,Pulmonology,2024-12-22 12:34:00,78,108,95,99.5,13,95,8
SYN-V-002985,SYN-P-00255,SYN-E-000752,Synthetic Community Hospital West,Pulmonology,2024-12-22 16:01:00,71,149,79,99.0,20,94,6
SYN-V-002986,SYN-P-00223,SYN-E-000753,Synthetic Regional Medical Center,Cardiology,2024-12-21 22:59:00,107,137,69,98.9,14,93,1
SYN-V-002987,SYN-P-00223,SYN-E-000753,Synthetic Regional Medical Center,Cardiology,2024-12-22 04:32:00,105,116,75,99.7,18,96,7
SYN-V-002988,SYN-P-00223,SYN-E-000753,Synthetic Regional Medical Center,Cardiology,2024-12-22 14:17:00,74,159,72,99.3,18,96,4
SYN-V-002989,SYN-P-00223,SYN-E-000753,Synthetic Regional Medical Center,Cardiology,2024-12-22 17:12:00,64,117,85,97.2,20,92,7
SYN-V-002990,SYN-P-00223,SYN-E-000753,Synthetic Regional Medical Center,Cardiology,2024-12-23 00:38:00,82,107,60,97.9,13,96,1
SYN-V-002991,SYN-P-00223,SYN-E-000753,Synthetic Regional Medical Center,Cardiology,2024-12-23 03:55:00,94,125,95,99.3,17,96,6
SYN-V-002992,SYN-P-00223,SYN-E-000753,Synthetic Regional Medical Center,Cardiology,2024-12-23 08:40:00,108,158,62,99.2,22,95,6
SYN-V-002993,SYN-P-00274,SYN-E-000754,Synthetic Outpatient Center,Pulmonology,2024-12-22 01:46:00,93,126,85,98.9,17,94,
SYN-V-002994,SYN-P-00130,SYN-E-000755,Synthetic Regional Medical Center,Cardiology,2024-12-22 09:14:00,109,138,86,98.5,16,100,7
SYN-V-002995,SYN-P-00130,SYN-E-000755,Synthetic Regional Medical Center,Cardiology,2024-12-22 10:32:00,60,141,79,99.5,21,92,4
SYN-V-002996,SYN-P-00130,SYN-E-000755,Synthetic Regional Medical Center,Cardiology,2024-12-22 11:27:00,84,131,62,99.7,15,95,3
SYN-V-002997,SYN-P-00130,SYN-E-000755,Synthetic Regional Medical Center,Cardiology,2024-12-22 19:07:00,99,134,80,99.1,12,92,2
SYN-V-002998,SYN-P-00130,SYN-E-000755,Synthetic Regional Medical Center,Cardiology,2024-12-22 19:48:00,73,107,85,98.4,22,100,0
SYN-V-002999,SYN-P-00130,SYN-E-000755,Synthetic Regional Medical Center,Cardiology,2024-12-23 06:36:00,85,117,82,99.1,21,97,7
SYN-V-003000,SYN-P-00130,SYN-E-000755,Synthetic Regional Medical Center,Cardiology,2024-12-23 06:57:00,62,105,95,99.4,14,92,6
SYN-V-003001,SYN-P-00130,SYN-E-000755,Synthetic Regional Medical Center,Cardiology,2024-12-23 15:15:00,86,118,80,99.1,16,99,6
SYN-V-003002,SYN-P-00130,SYN-E-000755,Synthetic Regional Medical Center,Cardiology,2024-12-23 17:48:00,110,134,78,97.0,16,92,0
SYN-V-003003,SYN-P-00130,SYN-E-000755,Synthetic Regional Medical Center,Cardiology,2024-12-23 19:09:00,103,153,84,97.5,16,92,1
SYN-V-003004,SYN-P-00239,SYN-E-000756,Synthetic Community Hospital West,Pulmonology,2024-12-22 17:23:00,95,119,93,99.1,15,96,4
SYN-V-003005,SYN-P-00239,SYN-E-000756,Synthetic Community Hospital West,Pulmonology,2024-12-22 21:15:00,96,142,70,98.0,13,96,0
SYN-V-003006,SYN-P-00239,SYN-E-000756,Synthetic Community Hospital West,Pulmonology,2024-12-23 08:16:00,99,157,67,99.8,12,96,5
SYN-V-003007,SYN-P-00239,SYN-E-000756,Synthetic Community Hospital West,Pulmonology,2024-12-23 16:52:00,108,137,60,99.2,22,92,4
SYN-V-003008,SYN-P-00239,SYN-E-000756,Synthetic Community Hospital West,Pulmonology,2024-12-24 14:27:00,87,119,66,99.2,17,97,1
SYN-V-003009,SYN-P-00239,SYN-E-000756,Synthetic Community Hospital West,Pulmonology,2024-12-25 11:53:00,110,137,95,99.5,22,100,3
SYN-V-003010,SYN-P-00239,SYN-E-000756,Synthetic Community Hospital West,Pulmonology,2024-12-25 21:28:00,62,112,83,99.8,15,96,5
SYN-V-003011,SYN-P-00239,SYN-E-000756,Synthetic Community Hospital West,Pulmonology,2024-12-26 13:49:00,69,128,84,97.1,17,99,5
SYN-V-003012,SYN-P-00257,SYN-E-000757,Synthetic Outpatient Center,Primary Care,2024-12-22 11:55:00,67,146,71,99.8,15,94,8
SYN-V-003013,SYN-P-00257,SYN-E-000757,Synthetic Outpatient Center,Primary Care,2024-12-22 12:22:00,72,157,85,99.3,13,100,5
SYN-V-003014,SYN-P-00257,SYN-E-000757,Synthetic Outpatient Center,Primary Care,2024-12-22 14:28:00,64,100,60,97.5,13,94,1
SYN-V-003015,SYN-P-00066,SYN-E-000758,Synthetic Specialty Clinic,Cardiology,2024-12-23 05:04:00,91,107,69,97.5,13,96,1
SYN-V-003016,SYN-P-00066,SYN-E-000758,Synthetic Specialty Clinic,Cardiology,2024-12-23 05:39:00,103,133,70,99.4,22,97,3
SYN-V-003017,SYN-P-00149,SYN-E-000759,Synthetic Community Hospital East,Internal Medicine,2024-12-23 09:49:00,76,159,62,97.2,16,95,0
SYN-V-003018,SYN-P-00149,SYN-E-000759,Synthetic Community Hospital East,Internal Medicine,2024-12-23 16:36:00,78,121,88,97.7,16,94,5
SYN-V-003019,SYN-P-00149,SYN-E-000759,Synthetic Community Hospital East,Internal Medicine,2024-12-23 23:02:00,66,140,85,98.6,15,93,5
SYN-V-003020,SYN-P-00149,SYN-E-000759,Synthetic Community Hospital East,Internal Medicine,2024-12-24 19:16:00,97,123,95,99.6,14,93,6
SYN-V-003021,SYN-P-00149,SYN-E-000759,Synthetic Community Hospital East,Internal Medicine,2024-12-25 15:28:00,60,130,92,98.2,14,92,2
SYN-V-003022,SYN-P-00149,SYN-E-000759,Synthetic Community Hospital East,Internal Medicine,2024-12-25 21:55:00,82,143,60,99.1,12,93,0
SYN-V-003023,SYN-P-00149,SYN-E-000759,Synthetic Community Hospital East,Internal Medicine,2024-12-26 00:22:00,98,132,85,97.7,19,99,4
SYN-V-003024,SYN-P-00149,SYN-E-000759,Synthetic Community Hospital East,Internal Medicine,2024-12-26 23:07:00,102,129,82,98.1,19,100,3
SYN-V-003025,SYN-P-00149,SYN-E-000759,Synthetic Community Hospital East,Internal Medicine,2024-12-27 00:33:00,82,135,94,99.2,21,100,8
SYN-V-003026,SYN-P-00149,SYN-E-000759,Synthetic Community Hospital East,Internal Medicine,2024-12-27 03:06:00,92,151,78,99.5,17,100,0
SYN-V-003027,SYN-P-00149,SYN-E-000759,Synthetic Community Hospital East,Internal Medicine,2024-12-27 08:10:00,91,116,62,99.7,13,95,3
SYN-V-003028,SYN-P-00149,SYN-E-000759,Synthetic Community Hospital East,Internal Medicine,2024-12-27 09:16:00,104,101,71,99.8,15,92,2
SYN-V-003029,SYN-P-00149,SYN-E-000759,Synthetic Community Hospital East,Internal Medicine,2024-12-27 13:57:00,62,147,91,98.8,19,92,6
SYN-V-003030,SYN-P-00149,SYN-E-000759,Synthetic Community Hospital East,Internal Medicine,2024-12-28 03:16:00,98,114,81,99.3,21,98,2
SYN-V-003031,SYN-P-00149,SYN-E-000759,Synthetic Community Hospital East,Internal Medicine,2024-12-28 06:18:00,93,144,71,98.0,14,92,4
SYN-V-003032,SYN-P-00083,SYN-E-000761,Synthetic Outpatient Center,Primary Care,2024-12-23 13:55:00,94,154,66,98.7,19,100,6
SYN-V-003033,SYN-P-00043,SYN-E-000762,Synthetic Community Hospital West,Emergency,2024-12-23 23:01:00,58,100,92,98.0,15,96,3
SYN-V-003034,SYN-P-00043,SYN-E-000762,Synthetic Community Hospital West,Emergency,2024-12-24 00:00:00,81,145,74,99.1,15,94,3
SYN-V-003035,SYN-P-00043,SYN-E-000762,Synthetic Community Hospital West,Emergency,2024-12-24 02:01:00,105,101,87,99.3,13,92,4
SYN-V-003036,SYN-P-00193,SYN-E-000765,Synthetic Specialty Clinic,Endocrinology,2024-12-24 12:04:00,100,101,71,99.3,21,95,6
SYN-V-003037,SYN-P-00193,SYN-E-000765,Synthetic Specialty Clinic,Endocrinology,2024-12-24 13:08:00,60,159,77,97.5,15,100,4
SYN-V-003038,SYN-P-00297,SYN-E-000766,Synthetic Community Hospital East,Emergency,2024-12-24 23:27:00,84,155,73,99.5,19,93,3
SYN-V-003039,SYN-P-00297,SYN-E-000766,Synthetic Community Hospital East,Emergency,2024-12-25 00:01:00,64,160,80,99.6,13,97,8
SYN-V-003040,SYN-P-00297,SYN-E-000766,Synthetic Community Hospital East,Emergency,2024-12-25 01:00:00,91,138,78,98.0,21,96,3
SYN-V-003041,SYN-P-00297,SYN-E-000766,Synthetic Community Hospital East,Emergency,2024-12-25 02:20:00,102,113,77,99.7,15,100,0
SYN-V-003042,SYN-P-00121,SYN-E-000767,Synthetic Community Hospital East,Internal Medicine,2024-12-25 02:21:00,65,125,93,97.2,14,96,7
SYN-V-003043,SYN-P-00121,SYN-E-000767,Synthetic Community Hospital East,Internal Medicine,2024-12-25 20:06:00,78,108,69,99.7,12,94,4
SYN-V-003044,SYN-P-00121,SYN-E-000767,Synthetic Community Hospital East,Internal Medicine,2024-12-25 21:35:00,94,138,89,99.1,17,92,5
SYN-V-003045,SYN-P-00121,SYN-E-000767,Synthetic Community Hospital East,Internal Medicine,2024-12-27 00:45:00,108,115,87,98.6,17,95,6
SYN-V-003046,SYN-P-00121,SYN-E-000767,Synthetic Community Hospital East,Internal Medicine,2024-12-27 07:41:00,91,100,87,99.1,19,98,5
SYN-V-003047,SYN-P-00121,SYN-E-000767,Synthetic Community Hospital East,Internal Medicine,2024-12-27 10:42:00,99,158,65,97.2,20,97,8
SYN-V-003048,SYN-P-00121,SYN-E-000767,Synthetic Community Hospital East,Internal Medicine,2024-12-27 16:39:00,55,139,86,97.2,16,96,1
SYN-V-003049,SYN-P-00121,SYN-E-000767,Synthetic Community Hospital East,Internal Medicine,2024-12-27 21:32:00,75,125,83,97.8,22,92,6
SYN-V-003050,SYN-P-00160,SYN-E-000768,Synthetic Specialty Clinic,Endocrinology,2024-12-25 03:09:00,62,141,62,99.7,17,93,3
SYN-V-003051,SYN-P-00061,SYN-E-000769,Synthetic Community Hospital East,Orthopedics,2024-12-25 21:11:00,79,160,94,98.9,20,98,6
SYN-V-003052,SYN-P-00061,SYN-E-000769,Synthetic Community Hospital East,Orthopedics,2024-12-27 00:51:00,92,116,68,98.7,17,93,1
SYN-V-003053,SYN-P-00061,SYN-E-000769,Synthetic Community Hospital East,Orthopedics,2024-12-27 13:47:00,100,154,82,99.2,22,92,0
SYN-V-003054,SYN-P-00091,SYN-E-000771,Synthetic Community Hospital West,Emergency,2024-12-26 04:02:00,66,155,72,98.4,17,96,6
SYN-V-003055,SYN-P-00091,SYN-E-000771,Synthetic Community Hospital West,Emergency,2024-12-26 06:10:00,70,160,76,99.0,15,92,4
SYN-V-003056,SYN-P-00275,SYN-E-000772,Synthetic Community Hospital East,Neurology,2024-12-26 15:09:00,91,133,73,99.0,18,99,8
SYN-V-003057,SYN-P-00275,SYN-E-000772,Synthetic Community Hospital East,Neurology,2024-12-26 15:47:00,91,108,84,98.5,17,93,0
SYN-V-003058,SYN-P-00275,SYN-E-000772,Synthetic Community Hospital East,Neurology,2024-12-27 01:44:00,95,129,93,99.8,12,95,1
SYN-V-003059,SYN-P-00275,SYN-E-000772,Synthetic Community Hospital East,Neurology,2024-12-27 03:17:00,110,133,84,97.8,12,96,2
SYN-V-003060,SYN-P-00275,SYN-E-000772,Synthetic Community Hospital East,Neurology,2024-12-27 23:01:00,92,114,73,97.7,20,98,1
SYN-V-003061,SYN-P-00275,SYN-E-000772,Synthetic Community Hospital East,Neurology,2024-12-28 05:14:00,101,122,93,98.0,20,98,5
SYN-V-003062,SYN-P-00275,SYN-E-000772,Synthetic Community Hospital East,Neurology,2024-12-28 13:34:00,110,157,70,98.4,19,94,8
SYN-V-003063,SYN-P-00275,SYN-E-000772,Synthetic Community Hospital East,Neurology,2024-12-29 23:29:00,70,160,80,98.8,22,97,
SYN-V-003064,SYN-P-00275,SYN-E-000772,Synthetic Community Hospital East,Neurology,2024-12-30 03:25:00,71,143,79,97.2,20,100,
SYN-V-003065,SYN-P-00275,SYN-E-000772,Synthetic Community Hospital East,Neurology,2024-12-30 13:18:00,110,130,60,98.0,20,97,1
SYN-V-003066,SYN-P-00275,SYN-E-000772,Synthetic Community Hospital East,Neurology,2024-12-31 03:58:00,100,145,91,99.8,12,94,5
SYN-V-003067,SYN-P-00275,SYN-E-000772,Synthetic Community Hospital East,Neurology,2024-12-31 12:01:00,103,156,92,98.4,12,92,8
SYN-V-003068,SYN-P-00156,SYN-E-000774,Synthetic Community Hospital East,Emergency,2024-12-27 06:55:00,100,142,92,99.2,14,97,2
SYN-V-003069,SYN-P-00156,SYN-E-000774,Synthetic Community Hospital East,Emergency,2024-12-27 06:59:00,102,138,68,97.2,18,98,4
SYN-V-003070,SYN-P-00183,SYN-E-000775,Synthetic Community Hospital East,Pulmonology,2024-12-27 06:18:00,74,115,73,99.2,21,94,1
SYN-V-003071,SYN-P-00204,SYN-E-000776,Synthetic Regional Medical Center,Pulmonology,2024-12-27 22:29:00,79,122,65,98.1,21,92,7
SYN-V-003072,SYN-P-00204,SYN-E-000776,Synthetic Regional Medical Center,Pulmonology,2024-12-28 04:59:00,87,142,60,97.4,20,92,6
SYN-V-003073,SYN-P-00204,SYN-E-000776,Synthetic Regional Medical Center,Pulmonology,2024-12-29 00:58:00,110,126,64,97.0,19,93,0
SYN-V-003074,SYN-P-00204,SYN-E-000776,Synthetic Regional Medical Center,Pulmonology,2024-12-30 03:59:00,108,125,68,98.3,12,92,0
SYN-V-003075,SYN-P-00204,SYN-E-000776,Synthetic Regional Medical Center,Pulmonology,2024-12-30 04:08:00,106,126,64,99.5,15,93,3
SYN-V-003076,SYN-P-00204,SYN-E-000776,Synthetic Regional Medical Center,Pulmonology,2024-12-30 13:36:00,62,138,78,98.5,21,93,5
SYN-V-003077,SYN-P-00204,SYN-E-000776,Synthetic Regional Medical Center,Pulmonology,2024-12-30 21:27:00,86,142,68,97.1,18,93,8
SYN-V-003078,SYN-P-00204,SYN-E-000776,Synthetic Regional Medical Center,Pulmonology,2024-12-31 04:27:00,60,116,75,98.7,21,94,3
SYN-V-003079,SYN-P-00182,SYN-E-000777,Synthetic Community Hospital West,Pulmonology,2024-12-27 18:00:00,61,135,85,99.5,19,95,8
SYN-V-003080,SYN-P-00182,SYN-E-000777,Synthetic Community Hospital West,Pulmonology,2024-12-27 20:36:00,99,160,74,98.9,14,98,5
SYN-V-003081,SYN-P-00070,SYN-E-000778,Synthetic Community Hospital East,Internal Medicine,2024-12-28 09:10:00,72,157,64,99.8,17,100,1
SYN-V-003082,SYN-P-00070,SYN-E-000778,Synthetic Community Hospital East,Internal Medicine,2024-12-28 09:55:00,66,100,94,98.5,22,97,5
SYN-V-003083,SYN-P-00070,SYN-E-000778,Synthetic Community Hospital East,Internal Medicine,2024-12-28 21:05:00,63,152,93,97.8,20,100,3
SYN-V-003084,SYN-P-00070,SYN-E-000778,Synthetic Community Hospital East,Internal Medicine,2024-12-29 19:20:00,94,125,90,97.3,21,100,2
SYN-V-003085,SYN-P-00070,SYN-E-000778,Synthetic Community Hospital East,Internal Medicine,2024-12-29 20:34:00,81,129,65,97.3,17,97,3
SYN-V-003086,SYN-P-00104,SYN-E-000779,Synthetic Regional Medical Center,Pulmonology,2024-12-28 00:51:00,98,108,66,98.5,15,99,3
SYN-V-003087,SYN-P-00104,SYN-E-000779,Synthetic Regional Medical Center,Pulmonology,2024-12-29 07:32:00,83,139,95,98.8,22,95,4
SYN-V-003088,SYN-P-00104,SYN-E-000779,Synthetic Regional Medical Center,Pulmonology,2024-12-30 00:28:00,81,112,77,98.8,22,93,6
SYN-V-003089,SYN-P-00104,SYN-E-000779,Synthetic Regional Medical Center,Pulmonology,2024-12-30 01:22:00,67,108,93,99.7,17,98,5
SYN-V-003090,SYN-P-00104,SYN-E-000779,Synthetic Regional Medical Center,Pulmonology,2024-12-30 04:08:00,69,146,90,99.3,12,93,8
SYN-V-003091,SYN-P-00104,SYN-E-000779,Synthetic Regional Medical Center,Pulmonology,2024-12-30 08:47:00,70,123,83,97.2,17,96,3
SYN-V-003092,SYN-P-00104,SYN-E-000779,Synthetic Regional Medical Center,Pulmonology,2024-12-30 13:35:00,98,133,70,98.0,13,99,2
SYN-V-003093,SYN-P-00104,SYN-E-000779,Synthetic Regional Medical Center,Pulmonology,2024-12-30 22:58:00,77,118,87,97.8,13,92,2
SYN-V-003094,SYN-P-00207,SYN-E-000780,Synthetic Community Hospital East,Internal Medicine,2024-12-28 15:46:00,87,158,63,98.6,21,95,5
SYN-V-003095,SYN-P-00207,SYN-E-000780,Synthetic Community Hospital East,Internal Medicine,2024-12-29 05:40:00,71,142,62,98.0,12,96,0
SYN-V-003096,SYN-P-00207,SYN-E-000780,Synthetic Community Hospital East,Internal Medicine,2024-12-29 09:52:00,97,135,62,99.6,13,93,3
SYN-V-003097,SYN-P-00207,SYN-E-000780,Synthetic Community Hospital East,Internal Medicine,2024-12-29 17:05:00,81,126,87,99.6,13,98,6
SYN-V-003098,SYN-P-00254,SYN-E-000781,Synthetic Regional Medical Center,Emergency,2024-12-30 00:39:00,84,152,64,98.5,12,92,1
SYN-V-003099,SYN-P-00254,SYN-E-000781,Synthetic Regional Medical Center,Emergency,2024-12-30 03:27:00,71,143,92,99.8,19,93,5
SYN-V-003100,SYN-P-00254,SYN-E-000781,Synthetic Regional Medical Center,Emergency,2024-12-30 04:12:00,108,101,66,99.1,20,96,2
SYN-V-003101,SYN-P-00228,SYN-E-000782,Synthetic Outpatient Center,Primary Care,2024-12-30 12:02:00,79,144,78,98.5,12,92,3
SYN-V-003102,SYN-P-00060,SYN-E-000784,Synthetic Outpatient Center,Orthopedics,2025-01-01 03:53:00,66,158,82,97.4,13,97,4
SYN-V-003103,SYN-P-00060,SYN-E-000784,Synthetic Outpatient Center,Orthopedics,2025-01-01 03:54:00,74,124,89,98.8,22,94,8
SYN-V-003104,SYN-P-00085,SYN-E-000787,Synthetic Regional Medical Center,Emergency,2025-01-03 14:00:00,76,105,92,97.6,13,96,7
SYN-V-003105,SYN-P-00085,SYN-E-000787,Synthetic Regional Medical Center,Emergency,2025-01-03 14:35:00,69,120,82,98.6,21,99,5
SYN-V-003106,SYN-P-00085,SYN-E-000787,Synthetic Regional Medical Center,Emergency,2025-01-03 14:41:00,79,132,89,98.6,14,94,5
SYN-V-003107,SYN-P-00085,SYN-E-000787,Synthetic Regional Medical Center,Emergency,2025-01-03 16:18:00,82,139,74,97.4,13,99,2
SYN-V-003108,SYN-P-00023,SYN-E-000788,Synthetic Community Hospital West,Primary Care,2025-01-04 16:32:00,110,137,65,97.9,13,99,
SYN-V-003109,SYN-P-00122,SYN-E-000790,Synthetic Regional Medical Center,Emergency,2025-01-06 18:50:00,57,129,63,97.5,12,93,4
SYN-V-003110,SYN-P-00122,SYN-E-000790,Synthetic Regional Medical Center,Emergency,2025-01-06 22:00:00,100,153,90,98.7,16,93,8
SYN-V-003111,SYN-P-00169,SYN-E-000791,Synthetic Community Hospital West,Emergency,2025-01-06 19:50:00,109,138,83,97.5,21,94,7
SYN-V-003112,SYN-P-00169,SYN-E-000791,Synthetic Community Hospital West,Emergency,2025-01-06 21:41:00,70,117,79,98.1,17,98,4
SYN-V-003113,SYN-P-00169,SYN-E-000791,Synthetic Community Hospital West,Emergency,2025-01-06 21:55:00,84,106,95,97.6,13,97,0
SYN-V-003114,SYN-P-00191,SYN-E-000793,Synthetic Community Hospital East,Pulmonology,2025-01-08 07:28:00,104,117,94,99.1,22,94,4
SYN-V-003115,SYN-P-00191,SYN-E-000793,Synthetic Community Hospital East,Pulmonology,2025-01-09 01:51:00,77,128,64,97.4,20,100,1
SYN-V-003116,SYN-P-00191,SYN-E-000793,Synthetic Community Hospital East,Pulmonology,2025-01-09 11:56:00,87,156,69,99.1,19,100,0
SYN-V-003117,SYN-P-00191,SYN-E-000793,Synthetic Community Hospital East,Pulmonology,2025-01-09 21:05:00,62,101,91,99.1,16,95,3
SYN-V-003118,SYN-P-00191,SYN-E-000793,Synthetic Community Hospital East,Pulmonology,2025-01-10 17:22:00,63,126,94,97.3,15,100,8
SYN-V-003119,SYN-P-00191,SYN-E-000793,Synthetic Community Hospital East,Pulmonology,2025-01-10 18:46:00,89,130,74,99.4,15,93,
SYN-V-003120,SYN-P-00191,SYN-E-000793,Synthetic Community Hospital East,Pulmonology,2025-01-11 05:52:00,60,128,84,97.8,14,99,8
SYN-V-003121,SYN-P-00013,SYN-E-000794,Synthetic Regional Medical Center,Emergency,2025-01-07 15:29:00,92,137,76,98.7,13,98,7
SYN-V-003122,SYN-P-00141,SYN-E-000796,Synthetic Community Hospital West,Emergency,2025-01-08 12:42:00,61,120,92,97.3,17,94,2
SYN-V-003123,SYN-P-00032,SYN-E-000797,Synthetic Regional Medical Center,Emergency,2025-01-09 03:11:00,97,135,82,98.9,12,99,3
SYN-V-003124,SYN-P-00032,SYN-E-000797,Synthetic Regional Medical Center,Emergency,2025-01-09 03:46:00,92,142,76,99.4,15,97,1
SYN-V-003125,SYN-P-00032,SYN-E-000797,Synthetic Regional Medical Center,Emergency,2025-01-09 04:08:00,68,146,74,97.9,20,100,3
SYN-V-003126,SYN-P-00032,SYN-E-000797,Synthetic Regional Medical Center,Emergency,2025-01-09 05:56:00,57,131,73,98.8,14,98,8
SYN-V-003127,SYN-P-00032,SYN-E-000797,Synthetic Regional Medical Center,Emergency,2025-01-09 06:04:00,104,112,93,98.5,17,99,8
SYN-V-003128,SYN-P-00291,SYN-E-000798,Synthetic Outpatient Center,Endocrinology,2025-01-09 05:38:00,104,135,60,98.4,16,99,0
SYN-V-003129,SYN-P-00291,SYN-E-000798,Synthetic Outpatient Center,Endocrinology,2025-01-09 05:58:00,97,112,94,98.9,14,99,2
SYN-V-003130,SYN-P-00291,SYN-E-000798,Synthetic Outpatient Center,Endocrinology,2025-01-09 07:41:00,80,133,70,98.0,14,100,4
SYN-V-003131,SYN-P-00081,SYN-E-000799,Synthetic Regional Medical Center,Cardiology,2025-01-09 18:35:00,68,157,74,99.0,16,93,
SYN-V-003132,SYN-P-00081,SYN-E-000799,Synthetic Regional Medical Center,Cardiology,2025-01-10 01:04:00,86,137,88,99.5,22,94,2
SYN-V-003133,SYN-P-00081,SYN-E-000799,Synthetic Regional Medical Center,Cardiology,2025-01-10 01:34:00,69,132,89,98.7,16,95,0
SYN-V-003134,SYN-P-00081,SYN-E-000799,Synthetic Regional Medical Center,Cardiology,2025-01-10 03:32:00,89,112,63,98.3,15,97,0
SYN-V-003135,SYN-P-00081,SYN-E-000799,Synthetic Regional Medical Center,Cardiology,2025-01-10 07:39:00,85,105,79,98.6,15,99,2
SYN-V-003136,SYN-P-00081,SYN-E-000799,Synthetic Regional Medical Center,Cardiology,2025-01-10 08:15:00,101,154,81,98.4,20,92,7
SYN-V-003137,SYN-P-00081,SYN-E-000799,Synthetic Regional Medical Center,Cardiology,2025-01-10 09:33:00,82,142,88,97.4,14,97,7
SYN-V-003138,SYN-P-00081,SYN-E-000799,Synthetic Regional Medical Center,Cardiology,2025-01-11 12:38:00,109,132,90,98.3,21,92,3
SYN-V-003139,SYN-P-00081,SYN-E-000799,Synthetic Regional Medical Center,Cardiology,2025-01-11 12:48:00,91,119,92,98.2,14,98,2
SYN-V-003140,SYN-P-00195,SYN-E-000800,Synthetic Regional Medical Center,Nephrology,2025-01-10 06:28:00,68,139,71,99.5,22,100,8
SYN-V-003141,SYN-P-00195,SYN-E-000800,Synthetic Regional Medical Center,Nephrology,2025-01-10 09:37:00,93,157,88,97.5,12,94,2
SYN-V-003142,SYN-P-00195,SYN-E-000800,Synthetic Regional Medical Center,Nephrology,2025-01-10 11:55:00,96,152,67,99.7,12,95,8
SYN-V-003143,SYN-P-00195,SYN-E-000800,Synthetic Regional Medical Center,Nephrology,2025-01-10 20:16:00,82,128,86,98.7,16,98,2
SYN-V-003144,SYN-P-00195,SYN-E-000800,Synthetic Regional Medical Center,Nephrology,2025-01-10 21:46:00,106,153,67,97.9,22,95,8
SYN-V-003145,SYN-P-00281,SYN-E-000801,Synthetic Community Hospital East,Internal Medicine,2025-01-10 17:19:00,98,149,74,99.7,20,93,8
SYN-V-003146,SYN-P-00281,SYN-E-000801,Synthetic Community Hospital East,Internal Medicine,2025-01-11 01:45:00,76,139,62,99.4,22,92,8
SYN-V-003147,SYN-P-00080,SYN-E-000802,Synthetic Specialty Clinic,Primary Care,2025-01-10 16:29:00,77,142,88,99.0,13,92,6
SYN-V-003148,SYN-P-00263,SYN-E-000803,Synthetic Outpatient Center,Cardiology,2025-01-10 20:13:00,110,148,77,98.7,17,97,1
SYN-V-003149,SYN-P-00263,SYN-E-000803,Synthetic Outpatient Center,Cardiology,2025-01-10 20:35:00,67,149,92,98.5,21,100,4
SYN-V-003150,SYN-P-00263,SYN-E-000803,Synthetic Outpatient Center,Cardiology,2025-01-10 20:41:00,63,106,86,99.8,17,96,3
SYN-V-003151,SYN-P-00006,SYN-E-000804,Synthetic Specialty Clinic,Cardiology,2025-01-11 21:26:00,98,133,68,98.7,16,99,1
SYN-V-003152,SYN-P-00211,SYN-E-000805,Synthetic Outpatient Center,Endocrinology,2025-01-12 06:10:00,66,121,69,97.8,19,94,3
SYN-V-003153,SYN-P-00211,SYN-E-000805,Synthetic Outpatient Center,Endocrinology,2025-01-12 08:03:00,101,130,76,98.7,22,100,3
SYN-V-003154,SYN-P-00211,SYN-E-000805,Synthetic Outpatient Center,Endocrinology,2025-01-12 08:20:00,83,154,90,97.7,13,100,4
SYN-V-003155,SYN-P-00186,SYN-E-000806,Synthetic Outpatient Center,Pulmonology,2025-01-12 08:36:00,60,117,61,97.6,14,99,4
SYN-V-003156,SYN-P-00186,SYN-E-000806,Synthetic Outpatient Center,Pulmonology,2025-01-12 09:28:00,104,142,70,98.2,15,98,7
SYN-V-003157,SYN-P-00027,SYN-E-000809,Synthetic Community Hospital West,Pulmonology,2025-01-15 08:39:00,58,117,66,97.2,13,94,4
SYN-V-003158,SYN-P-00027,SYN-E-000809,Synthetic Community Hospital West,Pulmonology,2025-01-15 21:39:00,104,143,92,98.3,21,92,6
SYN-V-003159,SYN-P-00027,SYN-E-000809,Synthetic Community Hospital West,Pulmonology,2025-01-16 01:35:00,87,102,82,97.2,18,99,0
SYN-V-003160,SYN-P-00027,SYN-E-000809,Synthetic Community Hospital West,Pulmonology,2025-01-16 07:58:00,106,151,82,99.0,22,97,1
SYN-V-003161,SYN-P-00027,SYN-E-000809,Synthetic Community Hospital West,Pulmonology,2025-01-16 09:48:00,106,124,63,99.4,14,97,2
SYN-V-003162,SYN-P-00027,SYN-E-000809,Synthetic Community Hospital West,Pulmonology,2025-01-16 21:45:00,68,136,85,99.1,16,92,3
SYN-V-003163,SYN-P-00027,SYN-E-000809,Synthetic Community Hospital West,Pulmonology,2025-01-17 00:00:00,87,128,61,98.5,16,98,2
SYN-V-003164,SYN-P-00027,SYN-E-000809,Synthetic Community Hospital West,Pulmonology,2025-01-17 01:01:00,107,125,64,97.7,19,93,6
SYN-V-003165,SYN-P-00027,SYN-E-000809,Synthetic Community Hospital West,Pulmonology,2025-01-17 10:48:00,100,159,91,97.5,14,100,6
SYN-V-003166,SYN-P-00027,SYN-E-000809,Synthetic Community Hospital West,Pulmonology,2025-01-17 14:15:00,71,123,88,97.6,22,96,1
SYN-V-003167,SYN-P-00027,SYN-E-000809,Synthetic Community Hospital West,Pulmonology,2025-01-17 21:25:00,107,130,90,98.9,20,98,2
SYN-V-003168,SYN-P-00027,SYN-E-000809,Synthetic Community Hospital West,Pulmonology,2025-01-18 04:18:00,89,146,85,99.2,22,97,2
SYN-V-003169,SYN-P-00027,SYN-E-000809,Synthetic Community Hospital West,Pulmonology,2025-01-18 05:39:00,93,101,69,98.2,20,100,0
SYN-V-003170,SYN-P-00027,SYN-E-000809,Synthetic Community Hospital West,Pulmonology,2025-01-19 17:07:00,55,118,82,98.1,15,97,8
SYN-V-003171,SYN-P-00027,SYN-E-000809,Synthetic Community Hospital West,Pulmonology,2025-01-20 17:23:00,107,103,70,99.1,18,100,2
SYN-V-003172,SYN-P-00027,SYN-E-000809,Synthetic Community Hospital West,Pulmonology,2025-01-21 01:44:00,103,139,63,99.4,17,97,5
SYN-V-003173,SYN-P-00027,SYN-E-000809,Synthetic Community Hospital West,Pulmonology,2025-01-21 10:17:00,56,150,70,98.1,13,100,2
SYN-V-003174,SYN-P-00027,SYN-E-000809,Synthetic Community Hospital West,Pulmonology,2025-01-21 13:29:00,92,132,71,98.8,22,92,0
SYN-V-003175,SYN-P-00027,SYN-E-000809,Synthetic Community Hospital West,Pulmonology,2025-01-21 14:14:00,61,116,63,99.1,19,93,8
SYN-V-003176,SYN-P-00027,SYN-E-000809,Synthetic Community Hospital West,Pulmonology,2025-01-22 02:36:00,86,122,92,97.2,22,92,8
SYN-V-003177,SYN-P-00027,SYN-E-000809,Synthetic Community Hospital West,Pulmonology,2025-01-22 03:02:00,69,141,74,98.3,18,97,2
SYN-V-003178,SYN-P-00056,SYN-E-000811,Synthetic Community Hospital West,Internal Medicine,2025-01-14 11:26:00,65,132,66,98.7,17,99,5
SYN-V-003179,SYN-P-00056,SYN-E-000811,Synthetic Community Hospital West,Internal Medicine,2025-01-14 13:50:00,93,108,90,97.4,19,97,7
SYN-V-003180,SYN-P-00056,SYN-E-000811,Synthetic Community Hospital West,Internal Medicine,2025-01-14 22:48:00,64,102,71,98.5,16,98,
SYN-V-003181,SYN-P-00056,SYN-E-000811,Synthetic Community Hospital West,Internal Medicine,2025-01-15 03:26:00,103,134,82,99.2,16,93,0
SYN-V-003182,SYN-P-00048,SYN-E-000812,Synthetic Community Hospital West,Orthopedics,2025-01-14 08:11:00,100,131,89,97.1,18,100,6
SYN-V-003183,SYN-P-00048,SYN-E-000812,Synthetic Community Hospital West,Orthopedics,2025-01-14 10:19:00,71,105,93,99.4,15,93,8
SYN-V-003184,SYN-P-00138,SYN-E-000813,Synthetic Specialty Clinic,Primary Care,2025-01-15 04:31:00,68,119,73,97.1,22,100,3
SYN-V-003185,SYN-P-00044,SYN-E-000814,Synthetic Regional Medical Center,Emergency,2025-01-15 16:53:00,100,113,94,99.2,22,93,4
SYN-V-003186,SYN-P-00196,SYN-E-000815,Synthetic Community Hospital West,Cardiology,2025-01-16 22:45:00,94,129,89,98.9,14,93,8
SYN-V-003187,SYN-P-00196,SYN-E-000815,Synthetic Community Hospital West,Cardiology,2025-01-17 05:18:00,74,151,62,99.7,19,96,8
SYN-V-003188,SYN-P-00196,SYN-E-000815,Synthetic Community Hospital West,Cardiology,2025-01-17 07:54:00,0,104,84,97.5,14,96,2
SYN-V-003189,SYN-P-00196,SYN-E-000815,Synthetic Community Hospital West,Cardiology,2025-01-17 09:49:00,61,160,71,98.1,14,100,1
SYN-V-003190,SYN-P-00196,SYN-E-000815,Synthetic Community Hospital West,Cardiology,2025-01-17 15:50:00,97,130,80,98.2,18,95,2
SYN-V-003191,SYN-P-00196,SYN-E-000815,Synthetic Community Hospital West,Cardiology,2025-01-18 01:15:00,97,134,65,99.3,13,97,6
SYN-V-003192,SYN-P-00196,SYN-E-000815,Synthetic Community Hospital West,Cardiology,2025-01-18 02:57:00,64,136,95,98.6,14,95,1
SYN-V-003193,SYN-P-00196,SYN-E-000815,Synthetic Community Hospital West,Cardiology,2025-01-18 05:11:00,109,107,65,98.8,14,98,5
SYN-V-003194,SYN-P-00196,SYN-E-000815,Synthetic Community Hospital West,Cardiology,2025-01-18 06:31:00,96,129,81,99.6,12,98,6
SYN-V-003195,SYN-P-00004,SYN-E-000816,Synthetic Regional Medical Center,Emergency,2025-01-17 08:07:00,84,112,93,99.2,22,99,1
SYN-V-003196,SYN-P-00280,SYN-E-000817,Synthetic Regional Medical Center,Endocrinology,2025-01-17 14:19:00,100,107,80,98.5,21,94,1
SYN-V-003197,SYN-P-00017,SYN-E-000818,Synthetic Outpatient Center,Primary Care,2025-01-18 03:11:00,93,157,84,97.8,12,98,8
SYN-V-003198,SYN-P-00194,SYN-E-000819,Synthetic Community Hospital East,Orthopedics,2025-01-18 10:58:00,83,129,72,97.1,18,94,6
SYN-V-003199,SYN-P-00194,SYN-E-000819,Synthetic Community Hospital East,Orthopedics,2025-01-18 11:19:00,64,105,68,97.3,13,98,2
SYN-V-003200,SYN-P-00194,SYN-E-000819,Synthetic Community Hospital East,Orthopedics,2025-01-18 13:58:00,76,139,82,97.6,14,93,3
SYN-V-003201,SYN-P-00194,SYN-E-000819,Synthetic Community Hospital East,Orthopedics,2025-01-19 03:21:00,104,122,68,98.2,16,92,
SYN-V-003202,SYN-P-00194,SYN-E-000819,Synthetic Community Hospital East,Orthopedics,2025-01-19 22:37:00,61,114,86,99.7,22,93,2
SYN-V-003203,SYN-P-00194,SYN-E-000819,Synthetic Community Hospital East,Orthopedics,2025-01-20 00:41:00,85,123,60,99.8,14,97,0
SYN-V-003204,SYN-P-00194,SYN-E-000819,Synthetic Community Hospital East,Orthopedics,2025-01-20 08:22:00,88,126,89,99.2,12,95,3
SYN-V-003205,SYN-P-00194,SYN-E-000819,Synthetic Community Hospital East,Orthopedics,2025-01-20 15:14:00,90,101,62,98.4,16,92,3
SYN-V-003206,SYN-P-00194,SYN-E-000819,Synthetic Community Hospital East,Orthopedics,2025-01-20 18:55:00,93,121,95,98.2,13,97,5
SYN-V-003207,SYN-P-00194,SYN-E-000819,Synthetic Community Hospital East,Orthopedics,2025-01-20 22:00:00,71,107,69,97.4,21,97,2
SYN-V-003208,SYN-P-00194,SYN-E-000819,Synthetic Community Hospital East,Orthopedics,2025-01-20 22:25:00,60,100,94,99.7,13,93,6
SYN-V-003209,SYN-P-00194,SYN-E-000819,Synthetic Community Hospital East,Orthopedics,2025-01-21 04:48:00,90,149,79,97.5,22,97,2
SYN-V-003210,SYN-P-00194,SYN-E-000819,Synthetic Community Hospital East,Orthopedics,2025-01-21 06:38:00,88,142,80,98.0,19,100,0
SYN-V-003211,SYN-P-00194,SYN-E-000819,Synthetic Community Hospital East,Orthopedics,2025-01-21 22:26:00,78,152,80,98.5,18,100,3
SYN-V-003212,SYN-P-00194,SYN-E-000819,Synthetic Community Hospital East,Orthopedics,2025-01-22 20:27:00,73,149,63,98.0,22,97,6
SYN-V-003213,SYN-P-00037,SYN-E-000820,Synthetic Regional Medical Center,Cardiology,2025-01-18 21:30:00,79,127,65,98.0,14,98,6
SYN-V-003214,SYN-P-00037,SYN-E-000820,Synthetic Regional Medical Center,Cardiology,2025-01-19 05:08:00,63,111,65,99.4,14,100,4
SYN-V-003215,SYN-P-00037,SYN-E-000820,Synthetic Regional Medical Center,Cardiology,2025-01-19 07:50:00,70,122,63,97.7,19,92,2
SYN-V-003216,SYN-P-00037,SYN-E-000820,Synthetic Regional Medical Center,Cardiology,2025-01-19 16:04:00,79,137,69,98.7,16,92,7
SYN-V-003217,SYN-P-00037,SYN-E-000820,Synthetic Regional Medical Center,Cardiology,2025-01-19 23:24:00,90,128,76,99.5,17,99,6
SYN-V-003218,SYN-P-00037,SYN-E-000820,Synthetic Regional Medical Center,Cardiology,2025-01-20 13:50:00,69,112,87,98.5,12,98,5
SYN-V-003219,SYN-P-00037,SYN-E-000820,Synthetic Regional Medical Center,Cardiology,2025-01-21 00:53:00,65,131,84,97.1,20,94,4
SYN-V-003220,SYN-P-00037,SYN-E-000820,Synthetic Regional Medical Center,Cardiology,2025-01-21 06:45:00,89,106,76,98.2,20,100,5
SYN-V-003221,SYN-P-00037,SYN-E-000820,Synthetic Regional Medical Center,Cardiology,2025-01-21 09:03:00,86,130,60,98.0,17,92,3
SYN-V-003222,SYN-P-00037,SYN-E-000820,Synthetic Regional Medical Center,Cardiology,2025-01-21 09:47:00,70,155,95,98.6,22,93,7
SYN-V-003223,SYN-P-00185,SYN-E-000821,Synthetic Specialty Clinic,Endocrinology,2025-01-19 13:12:00,102,127,66,97.7,12,98,4
SYN-V-003224,SYN-P-00223,SYN-E-000826,Synthetic Community Hospital East,Cardiology,2025-01-23 21:10:00,79,134,84,98.3,12,94,1
SYN-V-003225,SYN-P-00223,SYN-E-000826,Synthetic Community Hospital East,Cardiology,2025-01-24 00:31:00,98,152,69,99.6,18,95,4
SYN-V-003226,SYN-P-00223,SYN-E-000826,Synthetic Community Hospital East,Cardiology,2025-01-24 12:11:00,84,126,77,98.6,22,97,8
SYN-V-003227,SYN-P-00223,SYN-E-000826,Synthetic Community Hospital East,Cardiology,2025-01-24 20:39:00,84,126,79,99.5,18,96,1
SYN-V-003228,SYN-P-00223,SYN-E-000826,Synthetic Community Hospital East,Cardiology,2025-01-25 09:00:00,69,106,77,97.4,17,98,4
SYN-V-003229,SYN-P-00223,SYN-E-000826,Synthetic Community Hospital East,Cardiology,2025-01-25 21:03:00,103,108,82,97.1,19,92,0
SYN-V-003230,SYN-P-00223,SYN-E-000826,Synthetic Community Hospital East,Cardiology,2025-01-26 01:08:00,108,120,60,97.7,16,100,0
SYN-V-003231,SYN-P-00022,SYN-E-000827,Synthetic Community Hospital West,Nephrology,2025-01-23 07:39:00,91,120,70,97.2,13,94,4
SYN-V-003232,SYN-P-00022,SYN-E-000827,Synthetic Community Hospital West,Nephrology,2025-01-23 13:10:00,55,128,80,99.4,12,100,3
SYN-V-003233,SYN-P-00022,SYN-E-000827,Synthetic Community Hospital West,Nephrology,2025-01-23 17:45:00,110,144,64,98.9,15,93,3
SYN-V-003234,SYN-P-00022,SYN-E-000827,Synthetic Community Hospital West,Nephrology,2025-01-24 02:58:00,79,120,67,98.7,18,95,8
SYN-V-003235,SYN-P-00022,SYN-E-000827,Synthetic Community Hospital West,Nephrology,2025-01-24 05:14:00,94,122,94,97.4,19,99,1
SYN-V-003236,SYN-P-00022,SYN-E-000827,Synthetic Community Hospital West,Nephrology,2025-01-24 09:08:00,77,153,74,98.5,14,93,7
SYN-V-003237,SYN-P-00022,SYN-E-000827,Synthetic Community Hospital West,Nephrology,2025-01-24 09:15:00,100,101,66,99.6,18,98,7
SYN-V-003238,SYN-P-00022,SYN-E-000827,Synthetic Community Hospital West,Nephrology,2025-01-25 07:40:00,99,152,93,97.2,13,92,6
SYN-V-003239,SYN-P-00022,SYN-E-000827,Synthetic Community Hospital West,Nephrology,2025-01-25 13:34:00,69,143,76,97.8,16,93,5
SYN-V-003240,SYN-P-00022,SYN-E-000827,Synthetic Community Hospital West,Nephrology,2025-01-25 16:26:00,91,136,79,97.7,12,98,4
SYN-V-003241,SYN-P-00022,SYN-E-000827,Synthetic Community Hospital West,Nephrology,2025-01-26 06:35:00,106,147,85,97.6,19,93,6
SYN-V-003242,SYN-P-00220,SYN-E-000828,Synthetic Community Hospital East,Orthopedics,2025-01-23 14:25:00,72,108,88,97.3,16,99,2
SYN-V-003243,SYN-P-00014,SYN-E-000829,Synthetic Specialty Clinic,Cardiology,2025-01-23 14:11:00,62,132,60,99.3,15,98,4
SYN-V-003244,SYN-P-00014,SYN-E-000829,Synthetic Specialty Clinic,Cardiology,2025-01-23 14:21:00,78,155,82,98.2,15,100,0
SYN-V-003245,SYN-P-00225,SYN-E-000830,Synthetic Regional Medical Center,Cardiology,2025-01-25 07:28:00,60,153,68,97.7,13,94,1
SYN-V-003246,SYN-P-00225,SYN-E-000830,Synthetic Regional Medical Center,Cardiology,2025-01-25 11:16:00,67,117,76,99.8,15,96,6
SYN-V-003247,SYN-P-00225,SYN-E-000830,Synthetic Regional Medical Center,Cardiology,2025-01-25 15:06:00,85,157,60,99.5,20,96,
SYN-V-003248,SYN-P-00225,SYN-E-000830,Synthetic Regional Medical Center,Cardiology,2025-01-25 15:41:00,79,136,95,99.1,22,99,8
SYN-V-003249,SYN-P-00125,SYN-E-000832,Synthetic Outpatient Center,Orthopedics,2025-01-25 23:46:00,84,117,82,99.4,21,100,0
SYN-V-003250,SYN-P-00120,SYN-E-000834,Synthetic Community Hospital West,Emergency,2025-01-26 06:37:00,88,118,93,98.2,22,97,7
SYN-V-003251,SYN-P-00120,SYN-E-000834,Synthetic Community Hospital West,Emergency,2025-01-26 06:55:00,55,101,64,99.5,12,93,1
SYN-V-003252,SYN-P-00120,SYN-E-000834,Synthetic Community Hospital West,Emergency,2025-01-26 08:06:00,69,136,64,98.6,19,97,7
SYN-V-003253,SYN-P-00111,SYN-E-000835,Synthetic Regional Medical Center,Emergency,2025-01-26 06:57:00,80,106,70,97.6,22,93,8
SYN-V-003254,SYN-P-00111,SYN-E-000835,Synthetic Regional Medical Center,Emergency,2025-01-26 08:18:00,83,125,61,99.6,22,96,4
SYN-V-003255,SYN-P-00111,SYN-E-000835,Synthetic Regional Medical Center,Emergency,2025-01-26 09:45:00,73,150,95,99.4,14,98,
SYN-V-003256,SYN-P-00065,SYN-E-000836,Synthetic Community Hospital East,Neurology,2025-01-26 23:03:00,56,123,73,97.2,19,99,7
SYN-V-003257,SYN-P-00065,SYN-E-000836,Synthetic Community Hospital East,Neurology,2025-01-27 07:13:00,57,112,65,99.1,17,99,8
SYN-V-003258,SYN-P-00065,SYN-E-000836,Synthetic Community Hospital East,Neurology,2025-01-27 17:06:00,107,118,91,97.5,17,94,5
SYN-V-003259,SYN-P-00065,SYN-E-000836,Synthetic Community Hospital East,Neurology,2025-01-27 18:21:00,62,133,77,99.6,18,98,2
SYN-V-003260,SYN-P-00065,SYN-E-000836,Synthetic Community Hospital East,Neurology,2025-01-28 04:02:00,104,123,70,97.5,16,92,4
SYN-V-003261,SYN-P-00065,SYN-E-000836,Synthetic Community Hospital East,Neurology,2025-01-28 07:52:00,67,139,64,99.0,19,92,8
SYN-V-003262,SYN-P-00065,SYN-E-000836,Synthetic Community Hospital East,Neurology,2025-01-28 09:49:00,87,130,78,97.4,16,92,0
SYN-V-003263,SYN-P-00213,SYN-E-000837,Synthetic Regional Medical Center,Orthopedics,2025-01-27 09:30:00,92,151,64,99.0,17,98,1
SYN-V-003264,SYN-P-00213,SYN-E-000837,Synthetic Regional Medical Center,Orthopedics,2025-01-28 00:07:00,91,117,66,99.6,21,97,
SYN-V-003265,SYN-P-00213,SYN-E-000837,Synthetic Regional Medical Center,Orthopedics,2025-01-28 13:30:00,55,137,84,97.6,21,92,4
SYN-V-003266,SYN-P-00213,SYN-E-000837,Synthetic Regional Medical Center,Orthopedics,2025-01-29 07:03:00,72,158,89,97.1,12,100,2
SYN-V-003267,SYN-P-00213,SYN-E-000837,Synthetic Regional Medical Center,Orthopedics,2025-01-29 15:18:00,103,107,84,98.4,20,97,0
SYN-V-003268,SYN-P-00213,SYN-E-000837,Synthetic Regional Medical Center,Orthopedics,2025-01-31 01:00:00,109,144,80,98.5,22,98,8
SYN-V-003269,SYN-P-00213,SYN-E-000837,Synthetic Regional Medical Center,Orthopedics,2025-01-31 05:30:00,81,134,82,99.5,16,93,0
SYN-V-003270,SYN-P-00213,SYN-E-000837,Synthetic Regional Medical Center,Orthopedics,2025-01-31 08:58:00,58,143,63,97.1,20,93,8
SYN-V-003271,SYN-P-00213,SYN-E-000837,Synthetic Regional Medical Center,Orthopedics,2025-01-31 11:04:00,86,125,73,99.8,16,93,6
SYN-V-003272,SYN-P-00213,SYN-E-000837,Synthetic Regional Medical Center,Orthopedics,2025-01-31 18:13:00,72,142,62,97.2,13,96,7
SYN-V-003273,SYN-P-00213,SYN-E-000837,Synthetic Regional Medical Center,Orthopedics,2025-02-01 00:44:00,92,102,90,97.7,21,93,2
SYN-V-003274,SYN-P-00213,SYN-E-000837,Synthetic Regional Medical Center,Orthopedics,2025-02-01 13:47:00,84,132,76,98.5,20,100,3
SYN-V-003275,SYN-P-00213,SYN-E-000837,Synthetic Regional Medical Center,Orthopedics,2025-02-01 21:08:00,104,132,80,99.4,16,98,6
SYN-V-003276,SYN-P-00213,SYN-E-000837,Synthetic Regional Medical Center,Orthopedics,2025-02-02 00:58:00,72,129,74,98.5,21,93,7
SYN-V-003277,SYN-P-00213,SYN-E-000837,Synthetic Regional Medical Center,Orthopedics,2025-02-02 00:59:00,100,147,67,98.7,12,93,1
SYN-V-003278,SYN-P-00213,SYN-E-000837,Synthetic Regional Medical Center,Orthopedics,2025-02-02 20:53:00,99,137,79,98.2,13,100,5
SYN-V-003279,SYN-P-00213,SYN-E-000837,Synthetic Regional Medical Center,Orthopedics,2025-02-02 23:20:00,59,102,61,97.0,16,99,1
SYN-V-003280,SYN-P-00213,SYN-E-000837,Synthetic Regional Medical Center,Orthopedics,2025-02-03 02:33:00,55,144,61,97.4,22,93,8
SYN-V-003281,SYN-P-00213,SYN-E-000837,Synthetic Regional Medical Center,Orthopedics,2025-02-03 08:33:00,57,152,83,98.3,15,97,5
SYN-V-003282,SYN-P-00213,SYN-E-000837,Synthetic Regional Medical Center,Orthopedics,2025-02-04 00:07:00,82,135,71,97.7,20,93,1
SYN-V-003283,SYN-P-00213,SYN-E-000837,Synthetic Regional Medical Center,Orthopedics,2025-02-04 00:15:00,89,144,85,99.7,18,99,5
SYN-V-003284,SYN-P-00213,SYN-E-000837,Synthetic Regional Medical Center,Orthopedics,2025-02-04 01:28:00,77,121,89,98.4,14,92,8
SYN-V-003285,SYN-P-00213,SYN-E-000837,Synthetic Regional Medical Center,Orthopedics,2025-02-04 07:26:00,77,158,64,98.6,22,92,4
SYN-V-003286,SYN-P-00213,SYN-E-000837,Synthetic Regional Medical Center,Orthopedics,2025-02-04 08:29:00,92,107,77,98.2,18,99,4
SYN-V-003287,SYN-P-00213,SYN-E-000837,Synthetic Regional Medical Center,Orthopedics,2025-02-06 02:51:00,101,153,87,97.3,18,92,5
SYN-V-003288,SYN-P-00213,SYN-E-000837,Synthetic Regional Medical Center,Orthopedics,2025-02-06 22:45:00,76,116,67,98.4,17,95,4
SYN-V-003289,SYN-P-00213,SYN-E-000837,Synthetic Regional Medical Center,Orthopedics,2025-02-07 06:46:00,59,117,85,98.7,20,92,7
SYN-V-003290,SYN-P-00213,SYN-E-000837,Synthetic Regional Medical Center,Orthopedics,2025-02-07 18:00:00,55,152,76,97.4,14,94,0
SYN-V-003291,SYN-P-00213,SYN-E-000837,Synthetic Regional Medical Center,Orthopedics,2025-02-07 22:38:00,83,130,80,98.7,17,92,4
SYN-V-003292,SYN-P-00213,SYN-E-000837,Synthetic Regional Medical Center,Orthopedics,2025-02-08 09:49:00,96,154,83,97.1,15,100,3
SYN-V-003293,SYN-P-00079,SYN-E-000838,Synthetic Community Hospital West,Internal Medicine,2025-01-29 00:11:00,74,129,85,98.1,22,94,5
SYN-V-003294,SYN-P-00079,SYN-E-000838,Synthetic Community Hospital West,Internal Medicine,2025-01-29 01:27:00,83,107,65,97.0,19,93,6
SYN-V-003295,SYN-P-00079,SYN-E-000838,Synthetic Community Hospital West,Internal Medicine,2025-01-29 01:45:00,107,150,92,97.5,14,97,
SYN-V-003296,SYN-P-00176,SYN-E-000839,Synthetic Community Hospital East,Emergency,2025-01-28 23:16:00,80,123,65,99.5,19,98,6
SYN-V-003297,SYN-P-00176,SYN-E-000839,Synthetic Community Hospital East,Emergency,2025-01-28 23:21:00,78,113,71,98.7,19,97,3
SYN-V-003298,SYN-P-00176,SYN-E-000839,Synthetic Community Hospital East,Emergency,2025-01-29 02:05:00,84,149,74,98.4,16,100,0
SYN-V-003299,SYN-P-00176,SYN-E-000839,Synthetic Community Hospital East,Emergency,2025-01-29 02:24:00,87,126,80,98.5,15,94,8
SYN-V-003300,SYN-P-00239,SYN-E-000840,Synthetic Community Hospital West,Internal Medicine,2025-01-29 18:34:00,61,101,89,97.3,15,93,7
SYN-V-003301,SYN-P-00239,SYN-E-000840,Synthetic Community Hospital West,Internal Medicine,2025-01-29 18:35:00,63,122,91,97.0,18,99,5
SYN-V-003302,SYN-P-00239,SYN-E-000840,Synthetic Community Hospital West,Internal Medicine,2025-01-29 20:43:00,76,124,69,97.8,15,100,1
SYN-V-003303,SYN-P-00239,SYN-E-000840,Synthetic Community Hospital West,Internal Medicine,2025-01-30 11:29:00,68,157,75,97.5,12,92,6
SYN-V-003304,SYN-P-00239,SYN-E-000840,Synthetic Community Hospital West,Internal Medicine,2025-01-30 11:45:00,106,126,87,98.6,14,96,6
SYN-V-003305,SYN-P-00239,SYN-E-000840,Synthetic Community Hospital West,Internal Medicine,2025-01-31 08:17:00,82,127,61,97.0,17,96,3
SYN-V-003306,SYN-P-00239,SYN-E-000840,Synthetic Community Hospital West,Internal Medicine,2025-01-31 14:51:00,61,128,66,98.8,15,100,
SYN-V-003307,SYN-P-00239,SYN-E-000840,Synthetic Community Hospital West,Internal Medicine,2025-01-31 15:49:00,94,123,74,98.7,13,95,8
SYN-V-003308,SYN-P-00239,SYN-E-000840,Synthetic Community Hospital West,Internal Medicine,2025-02-01 01:42:00,91,127,69,99.8,19,92,5
SYN-V-003309,SYN-P-00239,SYN-E-000840,Synthetic Community Hospital West,Internal Medicine,2025-02-01 04:56:00,76,113,77,98.2,17,99,8
SYN-V-003310,SYN-P-00239,SYN-E-000840,Synthetic Community Hospital West,Internal Medicine,2025-02-01 08:25:00,65,104,80,98.5,22,92,0
SYN-V-003311,SYN-P-00239,SYN-E-000840,Synthetic Community Hospital West,Internal Medicine,2025-02-01 08:29:00,78,137,89,99.1,19,99,2
SYN-V-003312,SYN-P-00239,SYN-E-000840,Synthetic Community Hospital West,Internal Medicine,2025-02-02 07:08:00,75,115,74,97.6,21,97,2
SYN-V-003313,SYN-P-00239,SYN-E-000840,Synthetic Community Hospital West,Internal Medicine,2025-02-02 10:44:00,106,127,83,99.8,17,98,3
SYN-V-003314,SYN-P-00239,SYN-E-000840,Synthetic Community Hospital West,Internal Medicine,2025-02-02 15:55:00,88,124,82,98.4,21,98,1
SYN-V-003315,SYN-P-00239,SYN-E-000840,Synthetic Community Hospital West,Internal Medicine,2025-02-02 18:25:00,81,144,74,98.3,14,93,0
SYN-V-003316,SYN-P-00239,SYN-E-000840,Synthetic Community Hospital West,Internal Medicine,2025-02-03 04:19:00,69,150,68,97.6,19,93,5
SYN-V-003317,SYN-P-00237,SYN-E-000841,Synthetic Community Hospital West,Internal Medicine,2025-01-30 00:23:00,79,121,87,98.4,12,92,0
SYN-V-003318,SYN-P-00237,SYN-E-000841,Synthetic Community Hospital West,Internal Medicine,2025-01-30 03:58:00,103,113,75,98.8,13,95,5
SYN-V-003319,SYN-P-00237,SYN-E-000841,Synthetic Community Hospital West,Internal Medicine,2025-01-30 04:30:00,66,105,75,97.9,18,95,
SYN-V-003320,SYN-P-00237,SYN-E-000841,Synthetic Community Hospital West,Internal Medicine,2025-01-30 07:25:00,102,126,95,98.1,12,97,8
SYN-V-003321,SYN-P-00237,SYN-E-000841,Synthetic Community Hospital West,Internal Medicine,2025-01-30 16:44:00,74,147,87,98.7,14,96,6
SYN-V-003322,SYN-P-00237,SYN-E-000841,Synthetic Community Hospital West,Internal Medicine,2025-01-30 18:48:00,99,108,79,99.1,22,97,5
SYN-V-003323,SYN-P-00237,SYN-E-000841,Synthetic Community Hospital West,Internal Medicine,2025-01-31 03:14:00,75,147,70,99.5,20,93,2
SYN-V-003324,SYN-P-00237,SYN-E-000841,Synthetic Community Hospital West,Internal Medicine,2025-01-31 04:05:00,89,137,71,98.9,18,99,0
SYN-V-003325,SYN-P-00237,SYN-E-000841,Synthetic Community Hospital West,Internal Medicine,2025-01-31 15:14:00,95,131,72,99.3,13,99,5
SYN-V-003326,SYN-P-00237,SYN-E-000841,Synthetic Community Hospital West,Internal Medicine,2025-01-31 17:41:00,82,118,84,97.0,15,96,5
SYN-V-003327,SYN-P-00226,SYN-E-000842,Synthetic Community Hospital West,Emergency,2025-01-29 21:06:00,87,139,82,98.9,22,94,3
SYN-V-003328,SYN-P-00226,SYN-E-000842,Synthetic Community Hospital West,Emergency,2025-01-29 21:38:00,90,140,81,98.1,16,92,2
SYN-V-003329,SYN-P-00090,SYN-E-000843,Synthetic Regional Medical Center,Emergency,2025-01-29 23:22:00,71,141,62,98.9,12,98,3
SYN-V-003330,SYN-P-00090,SYN-E-000843,Synthetic Regional Medical Center,Emergency,2025-01-30 00:32:00,79,138,66,97.3,15,98,5
SYN-V-003331,SYN-P-00090,SYN-E-000843,Synthetic Regional Medical Center,Emergency,2025-01-30 01:41:00,67,126,79,98.5,14,97,8
SYN-V-003332,SYN-P-00090,SYN-E-000843,Synthetic Regional Medical Center,Emergency,2025-01-30 01:56:00,82,117,75,99.0,16,97,2
SYN-V-003333,SYN-P-00090,SYN-E-000843,Synthetic Regional Medical Center,Emergency,2025-01-30 02:07:00,71,109,91,97.7,18,93,1
SYN-V-003334,SYN-P-00215,SYN-E-000844,Synthetic Outpatient Center,Cardiology,2025-01-30 00:15:00,61,122,95,98.7,19,96,5
SYN-V-003335,SYN-P-00251,SYN-E-000845,Synthetic Community Hospital East,Orthopedics,2025-01-30 05:19:00,92,149,89,98.3,17,94,3
SYN-V-003336,SYN-P-00251,SYN-E-000845,Synthetic Community Hospital East,Orthopedics,2025-01-30 06:04:00,72,121,76,98.5,16,94,6
SYN-V-003337,SYN-P-00251,SYN-E-000845,Synthetic Community Hospital East,Orthopedics,2025-01-30 07:42:00,103,121,73,98.9,15,97,4
SYN-V-003338,SYN-P-00039,SYN-E-000846,Synthetic Community Hospital East,Cardiology,2025-01-30 16:34:00,86,116,66,97.1,14,96,3
SYN-V-003339,SYN-P-00039,SYN-E-000846,Synthetic Community Hospital East,Cardiology,2025-01-30 17:12:00,101,122,89,98.2,22,97,0
SYN-V-003340,SYN-P-00039,SYN-E-000846,Synthetic Community Hospital East,Cardiology,2025-01-30 18:17:00,94,116,72,99.5,20,93,5
SYN-V-003341,SYN-P-00039,SYN-E-000846,Synthetic Community Hospital East,Cardiology,2025-01-30 18:45:00,109,135,94,99.3,12,98,1
SYN-V-003342,SYN-P-00039,SYN-E-000846,Synthetic Community Hospital East,Cardiology,2025-01-30 18:55:00,98,110,90,98.4,14,95,1
SYN-V-003343,SYN-P-00030,SYN-E-000847,Synthetic Community Hospital West,Endocrinology,2025-01-31 09:58:00,67,122,68,98.8,22,92,4
SYN-V-003344,SYN-P-00030,SYN-E-000847,Synthetic Community Hospital West,Endocrinology,2025-01-31 10:51:00,56,137,61,99.3,15,96,5
SYN-V-003345,SYN-P-00140,SYN-E-000848,Synthetic Community Hospital East,Orthopedics,2025-02-01 05:14:00,106,121,61,97.7,17,96,7
SYN-V-003346,SYN-P-00140,SYN-E-000848,Synthetic Community Hospital East,Orthopedics,2025-02-01 09:36:00,110,125,69,97.6,19,92,4
SYN-V-003347,SYN-P-00140,SYN-E-000848,Synthetic Community Hospital East,Orthopedics,2025-02-02 15:30:00,58,105,83,99.1,16,93,6
SYN-V-003348,SYN-P-00140,SYN-E-000848,Synthetic Community Hospital East,Orthopedics,2025-02-02 22:34:00,67,136,70,98.8,16,97,2
SYN-V-003349,SYN-P-00123,SYN-E-000849,Synthetic Community Hospital West,Orthopedics,2025-02-01 06:33:00,82,127,89,99.2,16,95,3
SYN-V-003350,SYN-P-00123,SYN-E-000849,Synthetic Community Hospital West,Orthopedics,2025-02-01 13:05:00,56,132,66,97.5,17,95,6
SYN-V-003351,SYN-P-00123,SYN-E-000849,Synthetic Community Hospital West,Orthopedics,2025-02-02 02:59:00,69,154,91,97.4,20,97,4
SYN-V-003352,SYN-P-00123,SYN-E-000849,Synthetic Community Hospital West,Orthopedics,2025-02-02 04:19:00,85,142,60,98.7,13,95,7
SYN-V-003353,SYN-P-00123,SYN-E-000849,Synthetic Community Hospital West,Orthopedics,2025-02-02 12:12:00,60,156,71,99.6,17,100,2
SYN-V-003354,SYN-P-00123,SYN-E-000849,Synthetic Community Hospital West,Orthopedics,2025-02-02 17:36:00,63,120,67,98.6,17,97,8
SYN-V-003355,SYN-P-00123,SYN-E-000849,Synthetic Community Hospital West,Orthopedics,2025-02-02 20:55:00,91,128,93,97.4,19,99,4
SYN-V-003356,SYN-P-00123,SYN-E-000849,Synthetic Community Hospital West,Orthopedics,2025-02-03 06:01:00,104,148,83,97.4,16,93,4
SYN-V-003357,SYN-P-00123,SYN-E-000849,Synthetic Community Hospital West,Orthopedics,2025-02-03 07:06:00,64,146,88,97.2,21,94,8
SYN-V-003358,SYN-P-00123,SYN-E-000849,Synthetic Community Hospital West,Orthopedics,2025-02-03 09:04:00,99,100,95,99.6,19,100,0
SYN-V-003359,SYN-P-00123,SYN-E-000849,Synthetic Community Hospital West,Orthopedics,2025-02-03 21:37:00,82,120,75,99.0,12,98,3
SYN-V-003360,SYN-P-00150,SYN-E-000851,Synthetic Outpatient Center,Primary Care,2025-02-01 09:34:00,108,116,75,97.1,22,100,1
SYN-V-003361,SYN-P-00150,SYN-E-000851,Synthetic Outpatient Center,Primary Care,2025-02-01 09:35:00,93,112,70,99.3,12,98,1
SYN-V-003362,SYN-P-00116,SYN-E-000852,Synthetic Outpatient Center,Primary Care,2025-02-02 10:29:00,104,119,76,97.6,18,93,8
SYN-V-003363,SYN-P-00116,SYN-E-000852,Synthetic Outpatient Center,Primary Care,2025-02-02 10:32:00,108,160,90,98.5,21,97,5
SYN-V-003364,SYN-P-00116,SYN-E-000852,Synthetic Outpatient Center,Primary Care,2025-02-02 11:18:00,61,154,62,97.9,19,97,6
SYN-V-003365,SYN-P-00116,SYN-E-000852,Synthetic Outpatient Center,Primary Care,2025-02-02 11:57:00,91,118,76,97.9,21,93,3
SYN-V-003366,SYN-P-00212,SYN-E-000854,Synthetic Specialty Clinic,Pulmonology,2025-02-02 17:15:00,67,138,64,98.1,20,92,5
SYN-V-003367,SYN-P-00197,SYN-E-000855,Synthetic Regional Medical Center,Cardiology,2025-02-02 16:33:00,79,143,76,98.9,13,98,4
SYN-V-003368,SYN-P-00197,SYN-E-000855,Synthetic Regional Medical Center,Cardiology,2025-02-03 09:05:00,68,109,71,98.6,12,92,3
SYN-V-003369,SYN-P-00197,SYN-E-000855,Synthetic Regional Medical Center,Cardiology,2025-02-03 15:07:00,66,119,94,97.7,16,93,4
SYN-V-003370,SYN-P-00257,SYN-E-000856,Synthetic Community Hospital East,Nephrology,2025-02-03 08:44:00,77,106,92,99.4,13,94,4
SYN-V-003371,SYN-P-00257,SYN-E-000856,Synthetic Community Hospital East,Nephrology,2025-02-03 15:46:00,103,145,84,97.6,22,94,6
SYN-V-003372,SYN-P-00257,SYN-E-000856,Synthetic Community Hospital East,Nephrology,2025-02-04 01:09:00,71,141,79,97.2,13,100,1
SYN-V-003373,SYN-P-00257,SYN-E-000856,Synthetic Community Hospital East,Nephrology,2025-02-04 13:58:00,110,128,92,99.0,18,100,1
SYN-V-003374,SYN-P-00257,SYN-E-000856,Synthetic Community Hospital East,Nephrology,2025-02-04 14:55:00,87,156,78,99.3,13,100,1
SYN-V-003375,SYN-P-00257,SYN-E-000856,Synthetic Community Hospital East,Nephrology,2025-02-04 18:50:00,101,118,86,99.2,12,92,4
SYN-V-003376,SYN-P-00257,SYN-E-000856,Synthetic Community Hospital East,Nephrology,2025-02-05 00:45:00,64,144,91,98.0,12,93,8
SYN-V-003377,SYN-P-00257,SYN-E-000856,Synthetic Community Hospital East,Nephrology,2025-02-05 07:32:00,57,150,68,98.0,12,100,5
SYN-V-003378,SYN-P-00257,SYN-E-000856,Synthetic Community Hospital East,Nephrology,2025-02-05 15:23:00,90,142,93,99.1,12,98,8
SYN-V-003379,SYN-P-00257,SYN-E-000856,Synthetic Community Hospital East,Nephrology,2025-02-06 22:00:00,101,103,86,99.3,13,92,5
SYN-V-003380,SYN-P-00257,SYN-E-000856,Synthetic Community Hospital East,Nephrology,2025-02-07 10:36:00,84,100,79,97.1,22,99,3
SYN-V-003381,SYN-P-00257,SYN-E-000856,Synthetic Community Hospital East,Nephrology,2025-02-07 16:12:00,58,103,94,99.0,19,97,1
SYN-V-003382,SYN-P-00257,SYN-E-000856,Synthetic Community Hospital East,Nephrology,2025-02-08 01:16:00,61,136,90,98.2,20,100,6
SYN-V-003383,SYN-P-00257,SYN-E-000856,Synthetic Community Hospital East,Nephrology,2025-02-08 13:39:00,78,149,79,99.2,15,99,4
SYN-V-003384,SYN-P-00257,SYN-E-000856,Synthetic Community Hospital East,Nephrology,2025-02-09 07:55:00,109,135,76,98.6,17,93,1
SYN-V-003385,SYN-P-00112,SYN-E-000857,Synthetic Community Hospital East,Orthopedics,2025-02-03 05:09:00,67,133,72,98.8,22,93,4
SYN-V-003386,SYN-P-00148,SYN-E-000858,Synthetic Outpatient Center,Orthopedics,2025-02-03 08:49:00,105,144,92,98.1,15,97,8
SYN-V-003387,SYN-P-00086,SYN-E-000859,Synthetic Outpatient Center,Primary Care,2025-02-03 19:09:00,107,126,61,97.4,14,95,3
SYN-V-003388,SYN-P-00086,SYN-E-000859,Synthetic Outpatient Center,Primary Care,2025-02-03 20:19:00,68,127,82,99.0,22,94,0
SYN-V-003389,SYN-P-00252,SYN-E-000860,Synthetic Outpatient Center,Primary Care,2025-02-04 03:20:00,62,148,64,98.7,19,96,6
SYN-V-003390,SYN-P-00252,SYN-E-000860,Synthetic Outpatient Center,Primary Care,2025-02-04 05:36:00,108,131,95,97.1,13,94,5
SYN-V-003391,SYN-P-00223,SYN-E-000863,Synthetic Regional Medical Center,Cardiology,2025-02-06 09:22:00,99,116,84,97.7,15,94,7
SYN-V-003392,SYN-P-00223,SYN-E-000863,Synthetic Regional Medical Center,Cardiology,2025-02-06 12:39:00,66,110,73,97.4,13,92,3
SYN-V-003393,SYN-P-00223,SYN-E-000863,Synthetic Regional Medical Center,Cardiology,2025-02-06 20:29:00,100,157,78,99.0,14,97,0
SYN-V-003394,SYN-P-00223,SYN-E-000863,Synthetic Regional Medical Center,Cardiology,2025-02-06 23:11:00,92,115,75,99.5,22,97,1
SYN-V-003395,SYN-P-00223,SYN-E-000863,Synthetic Regional Medical Center,Cardiology,2025-02-07 06:12:00,94,145,80,97.5,22,99,4
SYN-V-003396,SYN-P-00268,SYN-E-000864,Synthetic Outpatient Center,Primary Care,2025-02-06 23:52:00,105,135,77,97.9,18,100,3
SYN-V-003397,SYN-P-00067,SYN-E-000865,Synthetic Specialty Clinic,Orthopedics,2025-02-07 21:53:00,69,115,89,98.3,17,96,2
SYN-V-003398,SYN-P-00202,SYN-E-000866,Synthetic Outpatient Center,Endocrinology,2025-02-07 19:00:00,85,141,72,98.3,21,99,5
SYN-V-003399,SYN-P-00202,SYN-E-000866,Synthetic Outpatient Center,Endocrinology,2025-02-07 19:26:00,98,118,73,98.8,13,96,6
SYN-V-003400,SYN-P-00202,SYN-E-000866,Synthetic Outpatient Center,Endocrinology,2025-02-07 22:07:00,59,110,95,97.9,16,100,5
SYN-V-003401,SYN-P-00073,SYN-E-000867,Synthetic Specialty Clinic,Cardiology,2025-02-07 20:12:00,55,105,84,98.0,21,97,
SYN-V-003402,SYN-P-00073,SYN-E-000867,Synthetic Specialty Clinic,Cardiology,2025-02-07 22:49:00,97,131,74,97.5,17,94,2
SYN-V-003403,SYN-P-00024,SYN-E-000869,Synthetic Community Hospital East,Neurology,2025-02-08 19:32:00,110,141,64,99.1,17,97,0
SYN-V-003404,SYN-P-00024,SYN-E-000869,Synthetic Community Hospital East,Neurology,2025-02-09 04:57:00,98,131,67,98.4,15,100,
SYN-V-003405,SYN-P-00024,SYN-E-000869,Synthetic Community Hospital East,Neurology,2025-02-09 05:59:00,63,160,73,99.3,19,97,0
SYN-V-003406,SYN-P-00024,SYN-E-000869,Synthetic Community Hospital East,Neurology,2025-02-09 07:35:00,89,112,65,98.6,19,99,6
SYN-V-003407,SYN-P-00024,SYN-E-000869,Synthetic Community Hospital East,Neurology,2025-02-09 07:54:00,90,131,72,97.3,18,99,0
SYN-V-003408,SYN-P-00179,SYN-E-000870,Synthetic Regional Medical Center,Emergency,2025-02-08 11:15:00,71,122,75,99.7,20,92,8
SYN-V-003409,SYN-P-00179,SYN-E-000870,Synthetic Regional Medical Center,Emergency,2025-02-08 12:07:00,80,141,75,97.7,21,96,2
SYN-V-003410,SYN-P-00179,SYN-E-000870,Synthetic Regional Medical Center,Emergency,2025-02-08 13:08:00,94,109,63,99.3,15,98,3
SYN-V-003411,SYN-P-00179,SYN-E-000870,Synthetic Regional Medical Center,Emergency,2025-02-08 13:27:00,102,156,61,98.1,17,96,7
SYN-V-003412,SYN-P-00179,SYN-E-000870,Synthetic Regional Medical Center,Emergency,2025-02-08 13:58:00,85,148,69,97.2,16,95,2
SYN-V-003413,SYN-P-00174,SYN-E-000871,Synthetic Community Hospital East,Primary Care,2025-02-08 17:35:00,85,103,94,99.1,16,94,
SYN-V-003414,SYN-P-00174,SYN-E-000871,Synthetic Community Hospital East,Primary Care,2025-02-08 17:47:00,86,127,72,98.4,19,98,7
SYN-V-003415,SYN-P-00158,SYN-E-000872,Synthetic Specialty Clinic,Orthopedics,2025-02-08 23:00:00,99,138,82,98.5,16,95,2
SYN-V-003416,SYN-P-00186,SYN-E-000873,Synthetic Community Hospital East,Emergency,2025-02-09 10:44:00,78,123,76,99.3,15,99,5
SYN-V-003417,SYN-P-00186,SYN-E-000873,Synthetic Community Hospital East,Emergency,2025-02-09 11:14:00,80,132,61,99.1,22,95,2
SYN-V-003418,SYN-P-00186,SYN-E-000873,Synthetic Community Hospital East,Emergency,2025-02-09 12:07:00,84,160,87,97.7,19,93,5
SYN-V-003419,SYN-P-00260,SYN-E-000875,Synthetic Outpatient Center,Pulmonology,2025-02-10 07:54:00,110,160,73,97.5,16,99,0
SYN-V-003420,SYN-P-00260,SYN-E-000875,Synthetic Outpatient Center,Pulmonology,2025-02-10 08:40:00,73,100,63,97.8,13,97,
SYN-V-003421,SYN-P-00260,SYN-E-000875,Synthetic Outpatient Center,Pulmonology,2025-02-10 11:21:00,59,112,64,97.7,17,93,0
SYN-V-003422,SYN-P-00172,SYN-E-000876,Synthetic Regional Medical Center,Emergency,2025-02-11 08:31:00,108,138,80,99.4,17,92,2
SYN-V-003423,SYN-P-00172,SYN-E-000876,Synthetic Regional Medical Center,Emergency,2025-02-11 08:36:00,57,105,65,99.2,15,97,3
SYN-V-003424,SYN-P-00172,SYN-E-000876,Synthetic Regional Medical Center,Emergency,2025-02-11 09:20:00,70,160,61,99.5,12,100,6
SYN-V-003425,SYN-P-00172,SYN-E-000876,Synthetic Regional Medical Center,Emergency,2025-02-11 10:51:00,110,132,95,98.7,12,99,3
SYN-V-003426,SYN-P-00286,SYN-E-000877,Synthetic Community Hospital East,Emergency,2025-02-11 12:19:00,108,156,94,97.9,17,95,6
SYN-V-003427,SYN-P-00286,SYN-E-000877,Synthetic Community Hospital East,Emergency,2025-02-11 13:21:00,89,131,71,98.1,17,97,8
SYN-V-003428,SYN-P-00255,SYN-E-000878,Synthetic Community Hospital West,Emergency,2025-02-11 16:07:00,60,105,69,98.4,12,94,5
SYN-V-003429,SYN-P-00255,SYN-E-000878,Synthetic Community Hospital West,Emergency,2025-02-11 17:12:00,61,101,76,97.3,16,99,3
SYN-V-003430,SYN-P-00289,SYN-E-000879,Synthetic Regional Medical Center,Neurology,2025-02-11 22:43:00,102,152,75,98.1,21,96,3
SYN-V-003431,SYN-P-00289,SYN-E-000879,Synthetic Regional Medical Center,Neurology,2025-02-12 01:09:00,87,114,73,99.2,15,100,1
SYN-V-003432,SYN-P-00289,SYN-E-000879,Synthetic Regional Medical Center,Neurology,2025-02-12 03:59:00,107,145,87,98.1,16,95,0
SYN-V-003433,SYN-P-00289,SYN-E-000879,Synthetic Regional Medical Center,Neurology,2025-02-12 05:29:00,93,102,71,97.1,13,96,1
SYN-V-003434,SYN-P-00289,SYN-E-000879,Synthetic Regional Medical Center,Neurology,2025-02-12 08:46:00,105,100,93,98.2,20,92,6
SYN-V-003435,SYN-P-00289,SYN-E-000879,Synthetic Regional Medical Center,Neurology,2025-02-12 21:44:00,104,151,61,97.2,16,98,0
SYN-V-003436,SYN-P-00075,SYN-E-000880,Synthetic Community Hospital West,Emergency,2025-02-12 04:34:00,56,136,75,99.5,21,93,3
SYN-V-003437,SYN-P-00075,SYN-E-000880,Synthetic Community Hospital West,Emergency,2025-02-12 06:08:00,97,159,76,98.7,22,97,4
SYN-V-003438,SYN-P-00166,SYN-E-000881,Synthetic Regional Medical Center,Internal Medicine,2025-02-12 14:38:00,103,109,93,99.6,22,99,8
SYN-V-003439,SYN-P-00166,SYN-E-000881,Synthetic Regional Medical Center,Internal Medicine,2025-02-12 16:51:00,62,123,63,99.2,19,100,5
SYN-V-003440,SYN-P-00166,SYN-E-000881,Synthetic Regional Medical Center,Internal Medicine,2025-02-12 18:42:00,72,131,69,97.8,14,94,0
SYN-V-003441,SYN-P-00166,SYN-E-000881,Synthetic Regional Medical Center,Internal Medicine,2025-02-13 03:28:00,92,121,60,98.8,20,99,0
SYN-V-003442,SYN-P-00105,SYN-E-000883,Synthetic Outpatient Center,Pulmonology,2025-02-12 13:30:00,63,136,65,98.8,22,96,7
SYN-V-003443,SYN-P-00235,SYN-E-000884,Synthetic Community Hospital East,Emergency,2025-02-12 23:42:00,70,159,94,97.0,21,100,2
SYN-V-003444,SYN-P-00235,SYN-E-000884,Synthetic Community Hospital East,Emergency,2025-02-13 01:13:00,77,160,79,98.1,15,94,5
SYN-V-003445,SYN-P-00235,SYN-E-000884,Synthetic Community Hospital East,Emergency,2025-02-13 01:50:00,107,111,94,97.7,17,100,1
SYN-V-003446,SYN-P-00262,SYN-E-000887,Synthetic Specialty Clinic,Primary Care,2025-02-13 02:47:00,56,115,82,97.4,15,96,3
SYN-V-003447,SYN-P-00288,SYN-E-000888,Synthetic Community Hospital West,Internal Medicine,2025-02-13 13:39:00,91,129,92,98.3,15,95,
SYN-V-003448,SYN-P-00288,SYN-E-000888,Synthetic Community Hospital West,Internal Medicine,2025-02-13 14:49:00,64,105,67,97.3,17,93,2
SYN-V-003449,SYN-P-00288,SYN-E-000888,Synthetic Community Hospital West,Internal Medicine,2025-02-14 21:00:00,67,109,93,98.4,20,95,5
SYN-V-003450,SYN-P-00288,SYN-E-000888,Synthetic Community Hospital West,Internal Medicine,2025-02-15 13:44:00,82,127,89,99.4,17,92,6
SYN-V-003451,SYN-P-00288,SYN-E-000888,Synthetic Community Hospital West,Internal Medicine,2025-02-15 14:54:00,60,148,93,97.7,12,99,4
SYN-V-003452,SYN-P-00288,SYN-E-000888,Synthetic Community Hospital West,Internal Medicine,2025-02-15 16:09:00,92,158,88,97.7,17,92,6
SYN-V-003453,SYN-P-00288,SYN-E-000888,Synthetic Community Hospital West,Internal Medicine,2025-02-15 19:19:00,82,160,66,97.9,16,96,3
SYN-V-003454,SYN-P-00288,SYN-E-000888,Synthetic Community Hospital West,Internal Medicine,2025-02-15 20:04:00,62,133,90,99.1,17,95,4
SYN-V-003455,SYN-P-00288,SYN-E-000888,Synthetic Community Hospital West,Internal Medicine,2025-02-16 02:07:00,86,138,83,99.0,21,98,4
SYN-V-003456,SYN-P-00276,SYN-E-000889,Synthetic Community Hospital East,Internal Medicine,2025-02-13 15:49:00,58,141,94,97.3,16,97,5
SYN-V-003457,SYN-P-00276,SYN-E-000889,Synthetic Community Hospital East,Internal Medicine,2025-02-13 19:41:00,58,149,71,99.2,22,97,7
SYN-V-003458,SYN-P-00276,SYN-E-000889,Synthetic Community Hospital East,Internal Medicine,2025-02-14 02:48:00,105,108,62,99.7,12,97,1
SYN-V-003459,SYN-P-00276,SYN-E-000889,Synthetic Community Hospital East,Internal Medicine,2025-02-14 06:28:00,87,100,72,99.2,15,92,0
SYN-V-003460,SYN-P-00276,SYN-E-000889,Synthetic Community Hospital East,Internal Medicine,2025-02-14 11:21:00,69,107,90,98.3,18,95,0
SYN-V-003461,SYN-P-00276,SYN-E-000889,Synthetic Community Hospital East,Internal Medicine,2025-02-14 19:37:00,56,109,72,97.1,18,100,4
SYN-V-003462,SYN-P-00276,SYN-E-000889,Synthetic Community Hospital East,Internal Medicine,2025-02-14 23:07:00,92,143,62,99.4,18,93,2
SYN-V-003463,SYN-P-00276,SYN-E-000889,Synthetic Community Hospital East,Internal Medicine,2025-02-14 23:30:00,71,109,61,97.7,12,92,1
SYN-V-003464,SYN-P-00276,SYN-E-000889,Synthetic Community Hospital East,Internal Medicine,2025-02-15 02:50:00,95,120,83,97.7,20,94,0
SYN-V-003465,SYN-P-00276,SYN-E-000889,Synthetic Community Hospital East,Internal Medicine,2025-02-15 07:22:00,101,147,70,98.3,22,96,5
SYN-V-003466,SYN-P-00276,SYN-E-000889,Synthetic Community Hospital East,Internal Medicine,2025-02-15 12:13:00,80,127,95,99.5,18,99,5
SYN-V-003467,SYN-P-00038,SYN-E-000890,Synthetic Community Hospital East,Emergency,2025-02-13 18:23:00,91,159,78,98.7,18,96,2
SYN-V-003468,SYN-P-00062,SYN-E-000891,Synthetic Regional Medical Center,Cardiology,2025-02-14 02:25:00,104,100,76,98.3,15,100,4
SYN-V-003469,SYN-P-00062,SYN-E-000891,Synthetic Regional Medical Center,Cardiology,2025-02-14 03:04:00,58,160,93,98.1,17,94,2
SYN-V-003470,SYN-P-00062,SYN-E-000891,Synthetic Regional Medical Center,Cardiology,2025-02-14 03:05:00,76,120,88,99.6,18,92,8
SYN-V-003471,SYN-P-00062,SYN-E-000891,Synthetic Regional Medical Center,Cardiology,2025-02-14 03:17:00,55,103,66,97.6,19,94,0
SYN-V-003472,SYN-P-00062,SYN-E-000891,Synthetic Regional Medical Center,Cardiology,2025-02-14 05:36:00,101,119,69,97.9,17,96,0
SYN-V-003473,SYN-P-00062,SYN-E-000891,Synthetic Regional Medical Center,Cardiology,2025-02-14 06:08:00,99,119,76,98.0,12,94,6
SYN-V-003474,SYN-P-00211,SYN-E-000892,Synthetic Community Hospital West,Emergency,2025-02-16 22:39:00,107,145,89,97.3,15,93,5
SYN-V-003475,SYN-P-00211,SYN-E-000892,Synthetic Community Hospital West,Emergency,2025-02-16 23:58:00,95,127,88,98.9,18,98,7
SYN-V-003476,SYN-P-00245,SYN-E-000893,Synthetic Specialty Clinic,Orthopedics,2025-02-17 00:21:00,86,158,92,99.3,20,99,6
SYN-V-003477,SYN-P-00045,SYN-E-000894,Synthetic Community Hospital East,Pulmonology,2025-02-17 02:55:00,76,122,88,98.7,15,100,0
SYN-V-003478,SYN-P-00045,SYN-E-000894,Synthetic Community Hospital East,Pulmonology,2025-02-17 08:12:00,90,120,76,98.7,13,97,7
SYN-V-003479,SYN-P-00045,SYN-E-000894,Synthetic Community Hospital East,Pulmonology,2025-02-17 14:49:00,88,123,80,98.5,19,94,2
SYN-V-003480,SYN-P-00045,SYN-E-000894,Synthetic Community Hospital East,Pulmonology,2025-02-17 15:37:00,89,110,66,98.6,22,98,1
SYN-V-003481,SYN-P-00045,SYN-E-000894,Synthetic Community Hospital East,Pulmonology,2025-02-17 16:30:00,69,146,88,99.2,13,97,6
SYN-V-003482,SYN-P-00045,SYN-E-000894,Synthetic Community Hospital East,Pulmonology,2025-02-17 20:33:00,74,157,89,99.6,19,94,6
SYN-V-003483,SYN-P-00045,SYN-E-000894,Synthetic Community Hospital East,Pulmonology,2025-02-18 09:57:00,108,157,71,99.0,15,94,5
SYN-V-003484,SYN-P-00045,SYN-E-000894,Synthetic Community Hospital East,Pulmonology,2025-02-19 10:32:00,65,105,87,99.1,16,95,6
SYN-V-003485,SYN-P-00045,SYN-E-000894,Synthetic Community Hospital East,Pulmonology,2025-02-19 23:26:00,108,137,78,98.2,13,99,7
SYN-V-003486,SYN-P-00196,SYN-E-000895,Synthetic Outpatient Center,Primary Care,2025-02-17 09:57:00,99,121,84,99.5,12,98,6
SYN-V-003487,SYN-P-00229,SYN-E-000897,Synthetic Community Hospital West,Internal Medicine,2025-02-18 03:38:00,100,112,81,97.4,12,95,7
SYN-V-003488,SYN-P-00229,SYN-E-000897,Synthetic Community Hospital West,Internal Medicine,2025-02-18 04:19:00,71,146,61,98.3,22,96,1
SYN-V-003489,SYN-P-00229,SYN-E-000897,Synthetic Community Hospital West,Internal Medicine,2025-02-18 05:08:00,67,156,85,98.5,17,96,2
SYN-V-003490,SYN-P-00224,SYN-E-000898,Synthetic Outpatient Center,Orthopedics,2025-02-18 07:09:00,99,159,81,97.1,16,99,3
SYN-V-003491,SYN-P-00253,SYN-E-000900,Synthetic Regional Medical Center,Emergency,2025-02-18 10:47:00,100,147,82,98.6,19,98,3
SYN-V-003492,SYN-P-00253,SYN-E-000900,Synthetic Regional Medical Center,Emergency,2025-02-18 11:50:00,96,110,91,98.6,15,94,0
SYN-V-003493,SYN-P-00253,SYN-E-000900,Synthetic Regional Medical Center,Emergency,2025-02-18 12:50:00,84,134,83,97.3,20,93,0
SYN-V-003494,SYN-P-00253,SYN-E-000900,Synthetic Regional Medical Center,Emergency,2025-02-18 13:08:00,102,159,70,97.3,20,94,1
SYN-V-003495,SYN-P-00253,SYN-E-000900,Synthetic Regional Medical Center,Emergency,2025-02-18 13:09:00,58,150,82,98.5,13,96,7
SYN-V-003496,SYN-P-00253,SYN-E-000900,Synthetic Regional Medical Center,Emergency,2025-02-18 14:01:00,90,106,85,99.3,20,95,6
SYN-V-003497,SYN-P-00037,SYN-E-000901,Synthetic Community Hospital East,Cardiology,2025-02-19 06:57:00,79,148,94,99.8,21,93,1
SYN-V-003498,SYN-P-00037,SYN-E-000901,Synthetic Community Hospital East,Cardiology,2025-02-19 09:46:00,58,129,86,97.8,17,100,7
SYN-V-003499,SYN-P-00037,SYN-E-000901,Synthetic Community Hospital East,Cardiology,2025-02-19 12:30:00,59,132,88,98.8,13,94,7
SYN-V-003500,SYN-P-00037,SYN-E-000901,Synthetic Community Hospital East,Cardiology,2025-02-19 18:40:00,86,113,89,98.6,13,98,0
SYN-V-003501,SYN-P-00037,SYN-E-000901,Synthetic Community Hospital East,Cardiology,2025-02-19 23:54:00,96,121,86,99.3,21,98,0
SYN-V-003502,SYN-P-00037,SYN-E-000901,Synthetic Community Hospital East,Cardiology,2025-02-20 02:28:00,101,140,95,97.9,19,94,8
SYN-V-003503,SYN-P-00037,SYN-E-000901,Synthetic Community Hospital East,Cardiology,2025-02-20 05:24:00,77,113,94,99.0,20,97,4
SYN-V-003504,SYN-P-00157,SYN-E-000902,Synthetic Specialty Clinic,Endocrinology,2025-02-20 20:34:00,77,116,61,98.4,14,97,0
SYN-V-003505,SYN-P-00157,SYN-E-000902,Synthetic Specialty Clinic,Endocrinology,2025-02-20 20:59:00,55,145,86,97.0,13,100,8
SYN-V-003506,SYN-P-00157,SYN-E-000902,Synthetic Specialty Clinic,Endocrinology,2025-02-20 22:43:00,60,145,91,97.4,18,93,0
SYN-V-003507,SYN-P-00157,SYN-E-000902,Synthetic Specialty Clinic,Endocrinology,2025-02-20 23:03:00,109,141,93,97.7,19,96,
SYN-V-003508,SYN-P-00156,SYN-E-000903,Synthetic Community Hospital East,Cardiology,2025-02-21 06:54:00,96,159,63,97.6,22,97,8
SYN-V-003509,SYN-P-00156,SYN-E-000903,Synthetic Community Hospital East,Cardiology,2025-02-21 07:42:00,105,132,82,98.5,17,95,0
SYN-V-003510,SYN-P-00156,SYN-E-000903,Synthetic Community Hospital East,Cardiology,2025-02-21 07:44:00,59,118,94,98.7,16,100,3
SYN-V-003511,SYN-P-00156,SYN-E-000903,Synthetic Community Hospital East,Cardiology,2025-02-21 08:58:00,58,118,66,98.4,12,95,8
SYN-V-003512,SYN-P-00156,SYN-E-000903,Synthetic Community Hospital East,Cardiology,2025-02-21 09:47:00,57,120,92,99.0,15,94,4
SYN-V-003513,SYN-P-00156,SYN-E-000903,Synthetic Community Hospital East,Cardiology,2025-02-21 09:59:00,71,102,64,98.6,18,92,3
SYN-V-003514,SYN-P-00073,SYN-E-000904,Synthetic Specialty Clinic,Orthopedics,2025-02-21 17:25:00,86,130,80,97.1,18,94,3
SYN-V-003515,SYN-P-00108,SYN-E-000905,Synthetic Community Hospital East,Emergency,2025-02-22 04:00:00,55,136,61,99.8,12,92,8
SYN-V-003516,SYN-P-00108,SYN-E-000905,Synthetic Community Hospital East,Emergency,2025-02-22 05:26:00,88,142,73,98.1,18,100,6
SYN-V-003517,SYN-P-00108,SYN-E-000905,Synthetic Community Hospital East,Emergency,2025-02-22 05:27:00,97,107,64,99.1,16,92,3
SYN-V-003518,SYN-P-00108,SYN-E-000905,Synthetic Community Hospital East,Emergency,2025-02-22 06:40:00,83,138,87,98.3,18,92,6
SYN-V-003519,SYN-P-00108,SYN-E-000905,Synthetic Community Hospital East,Emergency,2025-02-22 06:55:00,86,149,62,99.6,12,93,3
SYN-V-003520,SYN-P-00066,SYN-E-000906,Synthetic Outpatient Center,Primary Care,2025-02-22 12:24:00,55,148,88,98.1,14,100,7
SYN-V-003521,SYN-P-00066,SYN-E-000906,Synthetic Outpatient Center,Primary Care,2025-02-22 12:50:00,107,147,94,98.5,18,96,8
SYN-V-003522,SYN-P-00066,SYN-E-000906,Synthetic Outpatient Center,Primary Care,2025-02-22 13:59:00,82,135,87,98.5,16,94,8
SYN-V-003523,SYN-P-00203,SYN-E-000907,Synthetic Community Hospital West,Emergency,2025-02-23 02:02:00,84,125,88,97.3,12,93,8
SYN-V-003524,SYN-P-00203,SYN-E-000907,Synthetic Community Hospital West,Emergency,2025-02-23 02:05:00,76,106,84,97.3,20,95,
SYN-V-003525,SYN-P-00203,SYN-E-000907,Synthetic Community Hospital West,Emergency,2025-02-23 03:21:00,57,147,69,98.3,16,99,3
SYN-V-003526,SYN-P-00203,SYN-E-000907,Synthetic Community Hospital West,Emergency,2025-02-23 04:07:00,97,120,93,98.7,12,100,3
SYN-V-003527,SYN-P-00203,SYN-E-000907,Synthetic Community Hospital West,Emergency,2025-02-23 05:14:00,93,109,79,98.5,17,97,7
SYN-V-003528,SYN-P-00203,SYN-E-000907,Synthetic Community Hospital West,Emergency,2025-02-23 05:35:00,89,158,72,97.5,12,100,3
SYN-V-003529,SYN-P-00012,SYN-E-000908,Synthetic Regional Medical Center,Internal Medicine,2025-02-23 15:50:00,104,160,84,98.8,20,98,5
SYN-V-003530,SYN-P-00012,SYN-E-000908,Synthetic Regional Medical Center,Internal Medicine,2025-02-23 19:20:00,67,114,83,98.5,12,99,
SYN-V-003531,SYN-P-00012,SYN-E-000908,Synthetic Regional Medical Center,Internal Medicine,2025-02-23 20:08:00,66,141,85,97.4,19,97,8
SYN-V-003532,SYN-P-00012,SYN-E-000908,Synthetic Regional Medical Center,Internal Medicine,2025-02-24 07:35:00,55,111,91,98.5,15,92,5
SYN-V-003533,SYN-P-00012,SYN-E-000908,Synthetic Regional Medical Center,Internal Medicine,2025-02-24 09:53:00,59,147,84,99.7,21,97,8
SYN-V-003534,SYN-P-00012,SYN-E-000908,Synthetic Regional Medical Center,Internal Medicine,2025-02-24 23:28:00,69,147,76,99.7,19,94,2
SYN-V-003535,SYN-P-00012,SYN-E-000908,Synthetic Regional Medical Center,Internal Medicine,2025-02-25 20:08:00,99,152,86,97.4,13,92,7
SYN-V-003536,SYN-P-00012,SYN-E-000908,Synthetic Regional Medical Center,Internal Medicine,2025-02-26 06:12:00,107,102,85,97.9,21,94,1
SYN-V-003537,SYN-P-00095,SYN-E-000909,Synthetic Community Hospital West,Cardiology,2025-02-23 18:25:00,67,150,77,99.2,15,99,7
SYN-V-003538,SYN-P-00095,SYN-E-000909,Synthetic Community Hospital West,Cardiology,2025-02-24 12:24:00,98,120,75,99.7,15,96,1
SYN-V-003539,SYN-P-00216,SYN-E-000910,Synthetic Regional Medical Center,Cardiology,2025-02-23 17:54:00,59,132,62,97.6,19,94,7
SYN-V-003540,SYN-P-00216,SYN-E-000910,Synthetic Regional Medical Center,Cardiology,2025-02-23 18:26:00,93,138,79,98.8,14,97,2
SYN-V-003541,SYN-P-00216,SYN-E-000910,Synthetic Regional Medical Center,Cardiology,2025-02-23 18:56:00,107,111,75,97.7,13,92,
SYN-V-003542,SYN-P-00216,SYN-E-000910,Synthetic Regional Medical Center,Cardiology,2025-02-23 19:49:00,96,105,64,98.6,21,92,0
SYN-V-003543,SYN-P-00283,SYN-E-000911,Synthetic Community Hospital West,Cardiology,2025-02-25 03:16:00,55,158,90,98.8,17,93,6
SYN-V-003544,SYN-P-00283,SYN-E-000911,Synthetic Community Hospital West,Cardiology,2025-02-26 04:55:00,88,149,84,98.9,13,93,3
SYN-V-003545,SYN-P-00283,SYN-E-000911,Synthetic Community Hospital West,Cardiology,2025-02-27 08:39:00,101,118,61,99.5,20,99,1
SYN-V-003546,SYN-P-00231,SYN-E-000913,Synthetic Regional Medical Center,Cardiology,2025-02-26 13:44:00,59,124,66,99.6,13,97,4
SYN-V-003547,SYN-P-00231,SYN-E-000913,Synthetic Regional Medical Center,Cardiology,2025-02-26 20:30:00,77,122,67,98.7,21,94,5
SYN-V-003548,SYN-P-00231,SYN-E-000913,Synthetic Regional Medical Center,Cardiology,2025-02-27 01:08:00,82,132,77,99.7,16,92,
SYN-V-003549,SYN-P-00231,SYN-E-000913,Synthetic Regional Medical Center,Cardiology,2025-02-27 13:40:00,60,124,67,98.9,22,95,1
SYN-V-003550,SYN-P-00231,SYN-E-000913,Synthetic Regional Medical Center,Cardiology,2025-02-27 13:47:00,57,101,90,98.9,14,98,2
SYN-V-003551,SYN-P-00231,SYN-E-000913,Synthetic Regional Medical Center,Cardiology,2025-02-28 13:43:00,94,128,70,97.1,12,97,6
SYN-V-003552,SYN-P-00231,SYN-E-000913,Synthetic Regional Medical Center,Cardiology,2025-02-28 14:56:00,109,133,63,97.5,17,96,2
SYN-V-003553,SYN-P-00231,SYN-E-000913,Synthetic Regional Medical Center,Cardiology,2025-02-28 22:18:00,100,110,65,98.7,18,95,4
SYN-V-003554,SYN-P-00231,SYN-E-000913,Synthetic Regional Medical Center,Cardiology,2025-03-02 04:04:00,83,128,60,99.6,16,100,3
SYN-V-003555,SYN-P-00231,SYN-E-000913,Synthetic Regional Medical Center,Cardiology,2025-03-02 08:28:00,66,111,66,99.6,18,96,8
SYN-V-003556,SYN-P-00231,SYN-E-000913,Synthetic Regional Medical Center,Cardiology,2025-03-03 08:49:00,91,115,79,99.8,19,100,7
SYN-V-003557,SYN-P-00250,SYN-E-000916,Synthetic Community Hospital East,Internal Medicine,2025-02-28 12:34:00,97,103,72,98.3,15,95,1
SYN-V-003558,SYN-P-00250,SYN-E-000916,Synthetic Community Hospital East,Internal Medicine,2025-02-28 19:49:00,73,127,60,97.9,19,100,6
SYN-V-003559,SYN-P-00250,SYN-E-000916,Synthetic Community Hospital East,Internal Medicine,2025-02-28 20:06:00,57,152,69,97.4,13,98,3
SYN-V-003560,SYN-P-00250,SYN-E-000916,Synthetic Community Hospital East,Internal Medicine,2025-03-01 05:00:00,60,134,76,97.3,12,93,8
SYN-V-003561,SYN-P-00250,SYN-E-000916,Synthetic Community Hospital East,Internal Medicine,2025-03-01 06:44:00,61,125,86,98.5,12,100,6
SYN-V-003562,SYN-P-00250,SYN-E-000916,Synthetic Community Hospital East,Internal Medicine,2025-03-01 14:01:00,83,137,88,97.5,19,92,3
SYN-V-003563,SYN-P-00250,SYN-E-000916,Synthetic Community Hospital East,Internal Medicine,2025-03-01 21:44:00,73,119,66,97.8,21,95,7
SYN-V-003564,SYN-P-00250,SYN-E-000916,Synthetic Community Hospital East,Internal Medicine,2025-03-02 11:30:00,63,124,60,98.6,15,96,8
SYN-V-003565,SYN-P-00250,SYN-E-000916,Synthetic Community Hospital East,Internal Medicine,2025-03-03 11:24:00,100,124,64,98.3,21,92,7
SYN-V-003566,SYN-P-00250,SYN-E-000916,Synthetic Community Hospital East,Internal Medicine,2025-03-04 01:32:00,83,133,83,98.9,22,96,5
SYN-V-003567,SYN-P-00250,SYN-E-000916,Synthetic Community Hospital East,Internal Medicine,2025-03-04 19:01:00,106,147,87,97.2,17,97,1
SYN-V-003568,SYN-P-00250,SYN-E-000916,Synthetic Community Hospital East,Internal Medicine,2025-03-05 11:11:00,61,143,85,98.5,20,97,0
SYN-V-003569,SYN-P-00250,SYN-E-000916,Synthetic Community Hospital East,Internal Medicine,2025-03-06 04:47:00,103,108,80,97.4,17,98,4
SYN-V-003570,SYN-P-00250,SYN-E-000916,Synthetic Community Hospital East,Internal Medicine,2025-03-07 08:56:00,109,126,72,98.2,21,98,8
SYN-V-003571,SYN-P-00250,SYN-E-000916,Synthetic Community Hospital East,Internal Medicine,2025-03-07 11:18:00,109,115,79,97.7,21,94,4
SYN-V-003572,SYN-P-00250,SYN-E-000916,Synthetic Community Hospital East,Internal Medicine,2025-03-07 13:56:00,103,116,73,99.3,19,99,4
SYN-V-003573,SYN-P-00250,SYN-E-000916,Synthetic Community Hospital East,Internal Medicine,2025-03-07 15:17:00,100,137,81,99.6,22,98,5
SYN-V-003574,SYN-P-00250,SYN-E-000916,Synthetic Community Hospital East,Internal Medicine,2025-03-08 21:42:00,94,158,82,97.6,21,93,
SYN-V-003575,SYN-P-00250,SYN-E-000916,Synthetic Community Hospital East,Internal Medicine,2025-03-09 00:12:00,85,128,80,97.0,20,99,7
SYN-V-003576,SYN-P-00250,SYN-E-000916,Synthetic Community Hospital East,Internal Medicine,2025-03-09 09:46:00,96,106,77,97.4,19,92,5
SYN-V-003577,SYN-P-00081,SYN-E-000917,Synthetic Regional Medical Center,Orthopedics,2025-02-28 14:16:00,74,133,71,99.5,18,92,5
SYN-V-003578,SYN-P-00081,SYN-E-000917,Synthetic Regional Medical Center,Orthopedics,2025-02-28 14:47:00,88,123,83,99.6,20,94,2
SYN-V-003579,SYN-P-00041,SYN-E-000918,Synthetic Community Hospital West,Primary Care,2025-02-28 16:53:00,102,123,81,99.3,20,93,3
SYN-V-003580,SYN-P-00200,SYN-E-000919,Synthetic Specialty Clinic,Cardiology,2025-02-28 22:55:00,58,124,68,99.2,17,93,3
SYN-V-003581,SYN-P-00200,SYN-E-000919,Synthetic Specialty Clinic,Cardiology,2025-03-01 00:35:00,72,145,64,99.8,20,94,1
SYN-V-003582,SYN-P-00295,SYN-E-000920,Synthetic Specialty Clinic,Cardiology,2025-03-01 13:54:00,74,103,89,97.3,19,97,7
SYN-V-003583,SYN-P-00295,SYN-E-000920,Synthetic Specialty Clinic,Cardiology,2025-03-01 16:34:00,105,150,90,98.4,17,99,3
SYN-V-003584,SYN-P-00293,SYN-E-000921,Synthetic Outpatient Center,Primary Care,2025-03-01 18:47:00,76,125,61,97.8,14,94,6
SYN-V-003585,SYN-P-00042,SYN-E-000923,Synthetic Specialty Clinic,Orthopedics,2025-03-02 05:00:00,79,127,60,99.3,15,92,6
SYN-V-003586,SYN-P-00178,SYN-E-000924,Synthetic Specialty Clinic,Endocrinology,2025-03-04 00:13:00,110,109,90,97.0,16,100,3
SYN-V-003587,SYN-P-00178,SYN-E-000924,Synthetic Specialty Clinic,Endocrinology,2025-03-04 01:27:00,89,116,86,97.8,22,100,3
SYN-V-003588,SYN-P-00170,SYN-E-000926,Synthetic Community Hospital West,Nephrology,2025-03-05 08:56:00,84,114,84,98.8,20,98,7
SYN-V-003589,SYN-P-00170,SYN-E-000926,Synthetic Community Hospital West,Nephrology,2025-03-06 01:47:00,63,121,88,97.7,17,95,5
SYN-V-003590,SYN-P-00170,SYN-E-000926,Synthetic Community Hospital West,Nephrology,2025-03-06 02:17:00,100,133,95,98.7,12,97,7
SYN-V-003591,SYN-P-00170,SYN-E-000926,Synthetic Community Hospital West,Nephrology,2025-03-06 04:41:00,97,140,86,97.9,22,94,5
SYN-V-003592,SYN-P-00170,SYN-E-000926,Synthetic Community Hospital West,Nephrology,2025-03-06 06:57:00,68,137,73,99.3,22,93,3
SYN-V-003593,SYN-P-00170,SYN-E-000926,Synthetic Community Hospital West,Nephrology,2025-03-06 08:20:00,63,128,63,99.6,12,94,7
SYN-V-003594,SYN-P-00162,SYN-E-000927,Synthetic Community Hospital West,Pulmonology,2025-03-06 05:46:00,78,145,94,98.6,14,100,6
SYN-V-003595,SYN-P-00162,SYN-E-000927,Synthetic Community Hospital West,Pulmonology,2025-03-06 08:16:00,67,129,91,98.2,20,95,5
SYN-V-003596,SYN-P-00162,SYN-E-000927,Synthetic Community Hospital West,Pulmonology,2025-03-06 09:09:00,72,144,77,99.8,22,98,0
SYN-V-003597,SYN-P-00162,SYN-E-000927,Synthetic Community Hospital West,Pulmonology,2025-03-06 11:29:00,68,103,91,97.4,12,99,3
SYN-V-003598,SYN-P-00162,SYN-E-000927,Synthetic Community Hospital West,Pulmonology,2025-03-06 18:38:00,78,107,61,98.4,22,94,4
SYN-V-003599,SYN-P-00162,SYN-E-000927,Synthetic Community Hospital West,Pulmonology,2025-03-06 23:36:00,94,145,93,97.2,15,100,0
SYN-V-003600,SYN-P-00162,SYN-E-000927,Synthetic Community Hospital West,Pulmonology,2025-03-07 02:20:00,94,108,62,97.0,18,98,6
SYN-V-003601,SYN-P-00162,SYN-E-000927,Synthetic Community Hospital West,Pulmonology,2025-03-07 10:24:00,82,106,92,99.2,15,92,0
SYN-V-003602,SYN-P-00162,SYN-E-000927,Synthetic Community Hospital West,Pulmonology,2025-03-08 00:47:00,57,142,64,99.0,21,97,0
SYN-V-003603,SYN-P-00162,SYN-E-000927,Synthetic Community Hospital West,Pulmonology,2025-03-09 14:25:00,107,145,93,98.4,15,100,3
SYN-V-003604,SYN-P-00162,SYN-E-000927,Synthetic Community Hospital West,Pulmonology,2025-03-09 17:11:00,101,129,85,97.0,17,93,8
SYN-V-003605,SYN-P-00162,SYN-E-000927,Synthetic Community Hospital West,Pulmonology,2025-03-10 04:47:00,97,152,66,99.6,21,95,3
SYN-V-003606,SYN-P-00162,SYN-E-000927,Synthetic Community Hospital West,Pulmonology,2025-03-10 11:40:00,100,149,94,99.0,18,95,3
SYN-V-003607,SYN-P-00162,SYN-E-000927,Synthetic Community Hospital West,Pulmonology,2025-03-10 13:31:00,106,128,92,98.2,18,94,4
SYN-V-003608,SYN-P-00162,SYN-E-000927,Synthetic Community Hospital West,Pulmonology,2025-03-10 13:48:00,55,155,86,98.9,21,100,3
SYN-V-003609,SYN-P-00139,SYN-E-000928,Synthetic Specialty Clinic,Pulmonology,2025-03-07 17:34:00,108,103,69,97.8,12,97,2
SYN-V-003610,SYN-P-00273,SYN-E-000929,Synthetic Specialty Clinic,Endocrinology,2025-03-07 17:24:00,96,101,61,98.2,18,96,7
SYN-V-003611,SYN-P-00092,SYN-E-000930,Synthetic Community Hospital West,Orthopedics,2025-03-09 01:34:00,107,103,95,99.8,17,93,1
SYN-V-003612,SYN-P-00092,SYN-E-000930,Synthetic Community Hospital West,Orthopedics,2025-03-09 04:17:00,87,145,82,97.8,18,99,3
SYN-V-003613,SYN-P-00092,SYN-E-000930,Synthetic Community Hospital West,Orthopedics,2025-03-09 07:54:00,58,121,84,97.8,12,92,1
SYN-V-003614,SYN-P-00092,SYN-E-000930,Synthetic Community Hospital West,Orthopedics,2025-03-09 09:26:00,94,118,87,98.2,17,92,4
SYN-V-003615,SYN-P-00241,SYN-E-000931,Synthetic Outpatient Center,Orthopedics,2025-03-08 21:39:00,96,101,65,97.2,16,99,1
SYN-V-003616,SYN-P-00241,SYN-E-000931,Synthetic Outpatient Center,Orthopedics,2025-03-09 00:02:00,83,129,89,99.3,21,99,5
SYN-V-003617,SYN-P-00210,SYN-E-000933,Synthetic Community Hospital West,Nephrology,2025-03-09 21:50:00,98,157,80,97.1,19,93,
SYN-V-003618,SYN-P-00210,SYN-E-000933,Synthetic Community Hospital West,Nephrology,2025-03-10 00:26:00,79,134,77,98.9,16,96,5
SYN-V-003619,SYN-P-00210,SYN-E-000933,Synthetic Community Hospital West,Nephrology,2025-03-10 23:47:00,102,152,72,99.5,19,93,3
SYN-V-003620,SYN-P-00210,SYN-E-000933,Synthetic Community Hospital West,Nephrology,2025-03-11 06:04:00,70,123,67,97.0,22,92,1
SYN-V-003621,SYN-P-00210,SYN-E-000933,Synthetic Community Hospital West,Nephrology,2025-03-11 09:30:00,80,149,88,98.4,20,96,6
SYN-V-003622,SYN-P-00210,SYN-E-000933,Synthetic Community Hospital West,Nephrology,2025-03-12 00:28:00,79,157,65,97.5,21,95,
SYN-V-003623,SYN-P-00210,SYN-E-000933,Synthetic Community Hospital West,Nephrology,2025-03-12 05:59:00,83,109,61,97.5,12,95,5
SYN-V-003624,SYN-P-00210,SYN-E-000933,Synthetic Community Hospital West,Nephrology,2025-03-12 20:12:00,98,130,73,99.2,14,100,7
SYN-V-003625,SYN-P-00129,SYN-E-000935,Synthetic Community Hospital West,Orthopedics,2025-03-11 02:46:00,96,106,74,99.3,22,98,1
SYN-V-003626,SYN-P-00129,SYN-E-000935,Synthetic Community Hospital West,Orthopedics,2025-03-11 11:40:00,57,154,72,97.2,12,97,7
SYN-V-003627,SYN-P-00129,SYN-E-000935,Synthetic Community Hospital West,Orthopedics,2025-03-11 20:37:00,76,143,94,97.9,15,99,6
SYN-V-003628,SYN-P-00052,SYN-E-000937,Synthetic Regional Medical Center,Endocrinology,2025-03-11 10:24:00,87,113,63,97.5,13,97,5
SYN-V-003629,SYN-P-00076,SYN-E-000938,Synthetic Community Hospital East,Orthopedics,2025-03-12 04:02:00,92,152,63,98.4,17,97,0
SYN-V-003630,SYN-P-00268,SYN-E-000939,Synthetic Regional Medical Center,Emergency,2025-03-12 09:04:00,110,106,82,97.4,22,98,6
SYN-V-003631,SYN-P-00268,SYN-E-000939,Synthetic Regional Medical Center,Emergency,2025-03-12 09:32:00,91,100,90,98.0,16,92,8
SYN-V-003632,SYN-P-00143,SYN-E-000940,Synthetic Outpatient Center,Primary Care,2025-03-12 10:30:00,101,154,64,99.5,22,100,0
SYN-V-003633,SYN-P-00143,SYN-E-000940,Synthetic Outpatient Center,Primary Care,2025-03-12 11:59:00,107,119,66,97.6,12,96,4
SYN-V-003634,SYN-P-00054,SYN-E-000942,Synthetic Community Hospital West,Cardiology,2025-03-14 00:27:00,55,125,62,99.0,21,96,2
SYN-V-003635,SYN-P-00054,SYN-E-000942,Synthetic Community Hospital West,Cardiology,2025-03-14 00:55:00,80,105,60,98.5,16,94,5
SYN-V-003636,SYN-P-00054,SYN-E-000942,Synthetic Community Hospital West,Cardiology,2025-03-14 02:13:00,81,151,92,98.5,18,97,8
SYN-V-003637,SYN-P-00054,SYN-E-000942,Synthetic Community Hospital West,Cardiology,2025-03-14 02:53:00,58,140,71,97.3,16,99,7
SYN-V-003638,SYN-P-00011,SYN-E-000943,Synthetic Community Hospital West,Emergency,2025-03-14 17:35:00,86,115,74,97.6,12,92,0
SYN-V-003639,SYN-P-00011,SYN-E-000943,Synthetic Community Hospital West,Emergency,2025-03-14 18:18:00,76,102,70,99.1,17,96,5
SYN-V-003640,SYN-P-00028,SYN-E-000945,Synthetic Specialty Clinic,Pulmonology,2025-03-14 17:39:00,89,127,65,98.0,19,92,5
SYN-V-003641,SYN-P-00236,SYN-E-000946,Synthetic Community Hospital West,Cardiology,2025-03-15 01:10:00,92,156,90,99.7,21,92,1
SYN-V-003642,SYN-P-00236,SYN-E-000946,Synthetic Community Hospital West,Cardiology,2025-03-15 05:10:00,63,141,79,99.1,19,94,2
SYN-V-003643,SYN-P-00236,SYN-E-000946,Synthetic Community Hospital West,Cardiology,2025-03-15 07:13:00,68,107,88,97.5,19,92,6
SYN-V-003644,SYN-P-00236,SYN-E-000946,Synthetic Community Hospital West,Cardiology,2025-03-15 23:16:00,88,130,67,98.7,16,95,1
SYN-V-003645,SYN-P-00236,SYN-E-000946,Synthetic Community Hospital West,Cardiology,2025-03-16 06:04:00,80,101,74,99.4,19,100,1
SYN-V-003646,SYN-P-00236,SYN-E-000946,Synthetic Community Hospital West,Cardiology,2025-03-16 10:16:00,65,125,61,98.7,19,93,4
SYN-V-003647,SYN-P-00236,SYN-E-000946,Synthetic Community Hospital West,Cardiology,2025-03-16 17:26:00,69,105,83,97.2,15,92,3
SYN-V-003648,SYN-P-00236,SYN-E-000946,Synthetic Community Hospital West,Cardiology,2025-03-16 19:53:00,95,148,93,97.3,12,93,4
SYN-V-003649,SYN-P-00021,SYN-E-000947,Synthetic Community Hospital West,Emergency,2025-03-15 05:59:00,70,124,92,99.4,20,99,6
SYN-V-003650,SYN-P-00144,SYN-E-000948,Synthetic Regional Medical Center,Emergency,2025-03-15 19:44:00,80,128,68,98.1,15,98,5
SYN-V-003651,SYN-P-00144,SYN-E-000948,Synthetic Regional Medical Center,Emergency,2025-03-15 19:58:00,66,152,81,98.5,14,92,3
SYN-V-003652,SYN-P-00144,SYN-E-000948,Synthetic Regional Medical Center,Emergency,2025-03-15 20:33:00,101,159,80,99.0,15,97,6
SYN-V-003653,SYN-P-00144,SYN-E-000948,Synthetic Regional Medical Center,Emergency,2025-03-15 21:03:00,58,102,85,97.3,17,98,3
SYN-V-003654,SYN-P-00041,SYN-E-000949,Synthetic Community Hospital West,Neurology,2025-03-17 22:54:00,57,149,84,97.8,16,97,3
SYN-V-003655,SYN-P-00041,SYN-E-000949,Synthetic Community Hospital West,Neurology,2025-03-18 00:25:00,66,122,68,99.1,17,96,6
SYN-V-003656,SYN-P-00041,SYN-E-000949,Synthetic Community Hospital West,Neurology,2025-03-18 04:58:00,87,130,82,98.1,14,97,1
SYN-V-003657,SYN-P-00041,SYN-E-000949,Synthetic Community Hospital West,Neurology,2025-03-18 08:27:00,75,158,85,98.2,15,99,3
SYN-V-003658,SYN-P-00041,SYN-E-000949,Synthetic Community Hospital West,Neurology,2025-03-18 23:18:00,71,140,62,97.7,19,96,1
SYN-V-003659,SYN-P-00041,SYN-E-000949,Synthetic Community Hospital West,Neurology,2025-03-19 09:19:00,89,131,81,99.6,17,97,6
SYN-V-003660,SYN-P-00041,SYN-E-000949,Synthetic Community Hospital West,Neurology,2025-03-19 11:15:00,105,105,86,97.6,14,96,5
SYN-V-003661,SYN-P-00041,SYN-E-000949,Synthetic Community Hospital West,Neurology,2025-03-19 11:37:00,90,136,83,97.3,15,94,1
SYN-V-003662,SYN-P-00041,SYN-E-000949,Synthetic Community Hospital West,Neurology,2025-03-19 18:08:00,101,125,83,98.2,22,94,6
SYN-V-003663,SYN-P-00213,SYN-E-000950,Synthetic Regional Medical Center,Cardiology,2025-03-18 00:19:00,87,155,75,98.1,17,96,8
SYN-V-003664,SYN-P-00213,SYN-E-000950,Synthetic Regional Medical Center,Cardiology,2025-03-18 00:30:00,71,124,86,97.1,19,93,5
SYN-V-003665,SYN-P-00213,SYN-E-000950,Synthetic Regional Medical Center,Cardiology,2025-03-18 09:00:00,60,125,65,98.6,12,92,
SYN-V-003666,SYN-P-00213,SYN-E-000950,Synthetic Regional Medical Center,Cardiology,2025-03-18 19:54:00,58,130,74,97.8,17,92,
SYN-V-003667,SYN-P-00213,SYN-E-000950,Synthetic Regional Medical Center,Cardiology,2025-03-19 12:15:00,76,103,88,99.6,22,96,
SYN-V-003668,SYN-P-00213,SYN-E-000950,Synthetic Regional Medical Center,Cardiology,2025-03-19 15:19:00,74,130,85,99.5,21,95,8
SYN-V-003669,SYN-P-00213,SYN-E-000950,Synthetic Regional Medical Center,Cardiology,2025-03-19 15:53:00,73,101,79,98.5,20,94,5
SYN-V-003670,SYN-P-00213,SYN-E-000950,Synthetic Regional Medical Center,Cardiology,2025-03-20 00:41:00,101,132,95,99.0,18,92,5
SYN-V-003671,SYN-P-00213,SYN-E-000950,Synthetic Regional Medical Center,Cardiology,2025-03-20 14:03:00,80,110,80,98.0,21,96,5
SYN-V-003672,SYN-P-00213,SYN-E-000950,Synthetic Regional Medical Center,Cardiology,2025-03-20 14:39:00,55,127,85,97.4,16,99,3
SYN-V-003673,SYN-P-00213,SYN-E-000950,Synthetic Regional Medical Center,Cardiology,2025-03-21 04:13:00,71,126,69,98.2,18,96,4
SYN-V-003674,SYN-P-00213,SYN-E-000950,Synthetic Regional Medical Center,Cardiology,2025-03-21 04:33:00,67,145,77,98.2,15,96,0
SYN-V-003675,SYN-P-00213,SYN-E-000950,Synthetic Regional Medical Center,Cardiology,2025-03-21 04:42:00,105,125,78,97.9,20,93,1
SYN-V-003676,SYN-P-00213,SYN-E-000950,Synthetic Regional Medical Center,Cardiology,2025-03-21 18:09:00,72,106,73,97.5,12,98,0
SYN-V-003677,SYN-P-00213,SYN-E-000950,Synthetic Regional Medical Center,Cardiology,2025-03-21 21:00:00,78,136,72,99.7,17,99,6
SYN-V-003678,SYN-P-00213,SYN-E-000950,Synthetic Regional Medical Center,Cardiology,2025-03-22 20:52:00,101,139,85,97.9,22,97,4
SYN-V-003679,SYN-P-00213,SYN-E-000950,Synthetic Regional Medical Center,Cardiology,2025-03-23 05:24:00,68,143,69,98.8,18,96,2
SYN-V-003680,SYN-P-00213,SYN-E-000950,Synthetic Regional Medical Center,Cardiology,2025-03-23 14:15:00,63,145,63,98.8,19,93,8
SYN-V-003681,SYN-P-00213,SYN-E-000950,Synthetic Regional Medical Center,Cardiology,2025-03-23 23:27:00,60,136,86,98.0,16,100,3
SYN-V-003682,SYN-P-00213,SYN-E-000950,Synthetic Regional Medical Center,Cardiology,2025-03-24 04:58:00,109,102,81,98.2,14,94,6
SYN-V-003683,SYN-P-00213,SYN-E-000950,Synthetic Regional Medical Center,Cardiology,2025-03-24 15:39:00,97,158,74,98.2,12,98,3
SYN-V-003684,SYN-P-00213,SYN-E-000950,Synthetic Regional Medical Center,Cardiology,2025-03-24 16:03:00,81,129,93,97.5,20,92,6
SYN-V-003685,SYN-P-00213,SYN-E-000950,Synthetic Regional Medical Center,Cardiology,2025-03-24 17:40:00,85,128,93,99.6,18,97,0
SYN-V-003686,SYN-P-00213,SYN-E-000950,Synthetic Regional Medical Center,Cardiology,2025-03-25 22:02:00,86,100,70,97.7,21,93,1
SYN-V-003687,SYN-P-00213,SYN-E-000950,Synthetic Regional Medical Center,Cardiology,2025-03-26 05:15:00,86,140,67,99.4,17,96,0
SYN-V-003688,SYN-P-00213,SYN-E-000950,Synthetic Regional Medical Center,Cardiology,2025-03-27 08:36:00,60,128,63,98.1,12,99,4
SYN-V-003689,SYN-P-00213,SYN-E-000950,Synthetic Regional Medical Center,Cardiology,2025-03-28 00:45:00,81,138,73,98.2,16,94,8
SYN-V-003690,SYN-P-00213,SYN-E-000950,Synthetic Regional Medical Center,Cardiology,2025-03-28 15:18:00,63,109,74,99.4,22,100,3
SYN-V-003691,SYN-P-00213,SYN-E-000950,Synthetic Regional Medical Center,Cardiology,2025-03-28 23:53:00,85,110,94,98.5,17,94,5
SYN-V-003692,SYN-P-00270,SYN-E-000951,Synthetic Outpatient Center,Orthopedics,2025-03-17 10:06:00,95,120,75,98.7,19,98,7
SYN-V-003693,SYN-P-00286,SYN-E-000953,Synthetic Community Hospital East,Primary Care,2025-03-18 14:21:00,87,151,62,98.5,13,98,1
SYN-V-003694,SYN-P-00286,SYN-E-000953,Synthetic Community Hospital East,Primary Care,2025-03-18 16:55:00,60,107,86,97.3,20,99,4
SYN-V-003695,SYN-P-00286,SYN-E-000953,Synthetic Community Hospital East,Primary Care,2025-03-18 17:03:00,65,158,72,99.1,12,99,7
SYN-V-003696,SYN-P-00286,SYN-E-000953,Synthetic Community Hospital East,Primary Care,2025-03-18 17:48:00,96,112,74,99.4,19,95,0
SYN-V-003697,SYN-P-00210,SYN-E-000954,Synthetic Community Hospital East,Nephrology,2025-03-19 01:50:00,59,122,80,97.8,14,98,1
SYN-V-003698,SYN-P-00210,SYN-E-000954,Synthetic Community Hospital East,Nephrology,2025-03-19 02:26:00,110,133,95,98.8,15,93,8
SYN-V-003699,SYN-P-00210,SYN-E-000954,Synthetic Community Hospital East,Nephrology,2025-03-19 06:04:00,59,126,72,99.0,13,98,7
SYN-V-003700,SYN-P-00210,SYN-E-000954,Synthetic Community Hospital East,Nephrology,2025-03-19 13:07:00,85,123,78,98.6,17,100,5
SYN-V-003701,SYN-P-00210,SYN-E-000954,Synthetic Community Hospital East,Nephrology,2025-03-19 22:54:00,101,116,73,98.1,20,97,8
SYN-V-003702,SYN-P-00210,SYN-E-000954,Synthetic Community Hospital East,Nephrology,2025-03-20 02:49:00,82,120,74,99.1,19,96,0
SYN-V-003703,SYN-P-00210,SYN-E-000954,Synthetic Community Hospital East,Nephrology,2025-03-20 05:29:00,90,112,71,98.2,12,100,7
SYN-V-003704,SYN-P-00210,SYN-E-000954,Synthetic Community Hospital East,Nephrology,2025-03-20 20:19:00,60,144,65,97.1,12,100,3
SYN-V-003705,SYN-P-00080,SYN-E-000955,Synthetic Outpatient Center,Primary Care,2025-03-19 08:50:00,104,120,74,97.3,18,92,3
SYN-V-003706,SYN-P-00086,SYN-E-000956,Synthetic Regional Medical Center,Emergency,2025-03-19 09:54:00,78,159,81,99.4,14,98,5
SYN-V-003707,SYN-P-00086,SYN-E-000956,Synthetic Regional Medical Center,Emergency,2025-03-19 11:40:00,92,158,83,99.5,18,97,8
SYN-V-003708,SYN-P-00086,SYN-E-000956,Synthetic Regional Medical Center,Emergency,2025-03-19 12:02:00,57,112,63,99.1,17,93,5
SYN-V-003709,SYN-P-00006,SYN-E-000957,Synthetic Regional Medical Center,Primary Care,2025-03-20 00:48:00,105,135,76,97.7,19,92,2
SYN-V-003710,SYN-P-00049,SYN-E-000959,Synthetic Regional Medical Center,Pulmonology,2025-03-20 17:32:00,65,138,80,97.1,12,100,1
SYN-V-003711,SYN-P-00264,SYN-E-000960,Synthetic Outpatient Center,Primary Care,2025-03-20 21:53:00,65,111,70,99.2,19,96,
SYN-V-003712,SYN-P-00264,SYN-E-000960,Synthetic Outpatient Center,Primary Care,2025-03-20 22:04:00,76,111,95,99.5,15,96,6
SYN-V-003713,SYN-P-00264,SYN-E-000960,Synthetic Outpatient Center,Primary Care,2025-03-20 23:27:00,59,103,61,98.7,14,93,0
SYN-V-003714,SYN-P-00264,SYN-E-000960,Synthetic Outpatient Center,Primary Care,2025-03-20 23:58:00,93,107,60,99.0,16,96,7
SYN-V-003715,SYN-P-00193,SYN-E-000961,Synthetic Outpatient Center,Primary Care,2025-03-21 08:02:00,63,155,83,98.1,12,97,5
SYN-V-003716,SYN-P-00193,SYN-E-000961,Synthetic Outpatient Center,Primary Care,2025-03-21 08:51:00,85,149,77,99.5,18,100,1
SYN-V-003717,SYN-P-00222,SYN-E-000962,Synthetic Community Hospital East,Emergency,2025-03-22 09:42:00,67,127,76,97.7,22,99,5
SYN-V-003718,SYN-P-00222,SYN-E-000962,Synthetic Community Hospital East,Emergency,2025-03-22 09:55:00,70,127,93,97.1,12,92,3
SYN-V-003719,SYN-P-00005,SYN-E-000963,Synthetic Regional Medical Center,Emergency,2025-03-22 10:47:00,98,116,62,99.3,18,96,7
SYN-V-003720,SYN-P-00005,SYN-E-000963,Synthetic Regional Medical Center,Emergency,2025-03-22 11:51:00,69,111,61,99.3,22,100,4
SYN-V-003721,SYN-P-00005,SYN-E-000963,Synthetic Regional Medical Center,Emergency,2025-03-22 13:26:00,64,114,91,97.9,21,96,0
SYN-V-003722,SYN-P-00180,SYN-E-000965,Synthetic Community Hospital East,Cardiology,2025-03-23 08:53:00,87,101,60,98.0,19,97,2
SYN-V-003723,SYN-P-00180,SYN-E-000965,Synthetic Community Hospital East,Cardiology,2025-03-23 09:38:00,62,142,88,98.0,21,100,1
SYN-V-003724,SYN-P-00180,SYN-E-000965,Synthetic Community Hospital East,Cardiology,2025-03-23 11:48:00,73,112,88,99.0,19,95,7
SYN-V-003725,SYN-P-00180,SYN-E-000965,Synthetic Community Hospital East,Cardiology,2025-03-23 19:27:00,85,139,80,99.0,19,99,6
SYN-V-003726,SYN-P-00180,SYN-E-000965,Synthetic Community Hospital East,Cardiology,2025-03-24 04:27:00,86,146,64,98.5,18,92,8
SYN-V-003727,SYN-P-00180,SYN-E-000965,Synthetic Community Hospital East,Cardiology,2025-03-24 22:05:00,93,141,73,99.0,18,92,1
SYN-V-003728,SYN-P-00283,SYN-E-000966,Synthetic Outpatient Center,Pulmonology,2025-03-24 03:28:00,73,109,80,97.7,14,99,8
SYN-V-003729,SYN-P-00277,SYN-E-000967,Synthetic Outpatient Center,Primary Care,2025-03-24 06:00:00,84,124,61,99.2,14,98,
SYN-V-003730,SYN-P-00056,SYN-E-000968,Synthetic Community Hospital West,Emergency,2025-03-25 02:08:00,68,139,87,98.8,20,100,8
SYN-V-003731,SYN-P-00056,SYN-E-000968,Synthetic Community Hospital West,Emergency,2025-03-25 03:07:00,100,123,80,99.2,12,92,5
SYN-V-003732,SYN-P-00043,SYN-E-000969,Synthetic Community Hospital East,Pulmonology,2025-03-25 16:25:00,110,144,63,97.2,15,94,4
SYN-V-003733,SYN-P-00043,SYN-E-000969,Synthetic Community Hospital East,Pulmonology,2025-03-25 22:39:00,96,105,80,97.3,13,95,1
SYN-V-003734,SYN-P-00043,SYN-E-000969,Synthetic Community Hospital East,Pulmonology,2025-03-26 14:11:00,97,104,62,97.5,14,94,4
SYN-V-003735,SYN-P-00043,SYN-E-000969,Synthetic Community Hospital East,Pulmonology,2025-03-27 16:18:00,76,118,89,99.1,22,94,6
SYN-V-003736,SYN-P-00043,SYN-E-000969,Synthetic Community Hospital East,Pulmonology,2025-03-27 19:45:00,69,107,89,98.7,17,100,0
SYN-V-003737,SYN-P-00043,SYN-E-000969,Synthetic Community Hospital East,Pulmonology,2025-03-27 20:44:00,105,121,94,98.5,12,94,4
SYN-V-003738,SYN-P-00043,SYN-E-000969,Synthetic Community Hospital East,Pulmonology,2025-03-28 03:37:00,60,142,94,98.2,14,95,7
SYN-V-003739,SYN-P-00043,SYN-E-000969,Synthetic Community Hospital East,Pulmonology,2025-03-28 12:18:00,106,139,62,97.8,21,96,4
SYN-V-003740,SYN-P-00043,SYN-E-000969,Synthetic Community Hospital East,Pulmonology,2025-03-28 20:45:00,101,116,69,99.0,15,99,1
SYN-V-003741,SYN-P-00043,SYN-E-000969,Synthetic Community Hospital East,Pulmonology,2025-03-29 18:51:00,96,133,88,97.3,17,100,0
SYN-V-003742,SYN-P-00043,SYN-E-000969,Synthetic Community Hospital East,Pulmonology,2025-03-30 00:39:00,91,109,92,99.2,13,94,8
SYN-V-003743,SYN-P-00043,SYN-E-000969,Synthetic Community Hospital East,Pulmonology,2025-03-30 02:39:00,83,133,73,98.4,16,99,5
SYN-V-003744,SYN-P-00043,SYN-E-000969,Synthetic Community Hospital East,Pulmonology,2025-04-01 15:52:00,78,135,79,98.6,16,99,4
SYN-V-003745,SYN-P-00043,SYN-E-000969,Synthetic Community Hospital East,Pulmonology,2025-04-02 16:14:00,93,119,84,97.5,17,93,6
SYN-V-003746,SYN-P-00043,SYN-E-000969,Synthetic Community Hospital East,Pulmonology,2025-04-03 08:32:00,110,102,64,97.7,16,92,7
SYN-V-003747,SYN-P-00043,SYN-E-000969,Synthetic Community Hospital East,Pulmonology,2025-04-04 08:30:00,92,131,80,97.1,14,93,1
SYN-V-003748,SYN-P-00043,SYN-E-000969,Synthetic Community Hospital East,Pulmonology,2025-04-04 15:19:00,106,133,69,97.1,22,97,3
SYN-V-003749,SYN-P-00043,SYN-E-000969,Synthetic Community Hospital East,Pulmonology,2025-04-04 22:48:00,93,106,75,99.5,15,95,7
SYN-V-003750,SYN-P-00043,SYN-E-000969,Synthetic Community Hospital East,Pulmonology,2025-04-05 10:32:00,58,115,92,97.5,13,95,0
SYN-V-003751,SYN-P-00043,SYN-E-000969,Synthetic Community Hospital East,Pulmonology,2025-04-05 14:50:00,80,114,91,97.7,20,97,3
SYN-V-003752,SYN-P-00043,SYN-E-000969,Synthetic Community Hospital East,Pulmonology,2025-04-05 15:14:00,71,126,69,99.7,13,93,0
SYN-V-003753,SYN-P-00043,SYN-E-000969,Synthetic Community Hospital East,Pulmonology,2025-04-05 16:01:00,99,102,92,99.0,17,94,4
SYN-V-003754,SYN-P-00043,SYN-E-000969,Synthetic Community Hospital East,Pulmonology,2025-04-06 03:32:00,75,105,66,98.6,14,99,7
SYN-V-003755,SYN-P-00043,SYN-E-000969,Synthetic Community Hospital East,Pulmonology,2025-04-06 03:54:00,58,140,69,99.0,14,98,6
SYN-V-003756,SYN-P-00121,SYN-E-000970,Synthetic Community Hospital East,Orthopedics,2025-03-26 00:50:00,64,123,94,97.2,19,92,4
SYN-V-003757,SYN-P-00121,SYN-E-000970,Synthetic Community Hospital East,Orthopedics,2025-03-26 02:01:00,58,131,88,98.7,13,96,6
SYN-V-003758,SYN-P-00121,SYN-E-000970,Synthetic Community Hospital East,Orthopedics,2025-03-26 10:29:00,92,141,64,99.1,14,95,6
SYN-V-003759,SYN-P-00121,SYN-E-000970,Synthetic Community Hospital East,Orthopedics,2025-03-26 17:02:00,100,110,75,98.9,22,93,3
SYN-V-003760,SYN-P-00121,SYN-E-000970,Synthetic Community Hospital East,Orthopedics,2025-03-27 07:24:00,74,117,64,98.5,21,97,2
SYN-V-003761,SYN-P-00121,SYN-E-000970,Synthetic Community Hospital East,Orthopedics,2025-03-27 12:16:00,95,156,62,97.0,19,94,2
SYN-V-003762,SYN-P-00298,SYN-E-000971,Synthetic Outpatient Center,Primary Care,2025-03-26 08:35:00,94,133,94,99.1,13,92,2
SYN-V-003763,SYN-P-00298,SYN-E-000971,Synthetic Outpatient Center,Primary Care,2025-03-26 08:56:00,99,102,80,97.7,20,98,6
SYN-V-003764,SYN-P-00181,SYN-E-000972,Synthetic Community Hospital West,Orthopedics,2025-03-26 07:03:00,75,152,88,98.4,13,99,6
SYN-V-003765,SYN-P-00052,SYN-E-000973,Synthetic Outpatient Center,Pulmonology,2025-03-26 17:27:00,66,129,95,99.2,14,92,3
SYN-V-003766,SYN-P-00052,SYN-E-000973,Synthetic Outpatient Center,Pulmonology,2025-03-26 18:33:00,92,142,67,97.2,15,96,6
SYN-V-003767,SYN-P-00275,SYN-E-000974,Synthetic Specialty Clinic,Primary Care,2025-03-27 02:37:00,55,159,67,98.0,19,92,8
SYN-V-003768,SYN-P-00259,SYN-E-000975,Synthetic Community Hospital West,Pulmonology,2025-03-27 11:03:00,58,135,61,97.9,22,95,6
SYN-V-003769,SYN-P-00141,SYN-E-000976,Synthetic Community Hospital East,Emergency,2025-03-27 13:12:00,68,114,62,99.8,15,92,6
SYN-V-003770,SYN-P-00141,SYN-E-000976,Synthetic Community Hospital East,Emergency,2025-03-27 13:40:00,93,152,84,98.4,18,94,7
SYN-V-003771,SYN-P-00141,SYN-E-000976,Synthetic Community Hospital East,Emergency,2025-03-27 14:03:00,90,131,63,97.7,16,99,2
SYN-V-003772,SYN-P-00233,SYN-E-000979,Synthetic Community Hospital West,Pulmonology,2025-03-28 08:19:00,105,158,69,97.4,18,94,7
SYN-V-003773,SYN-P-00233,SYN-E-000979,Synthetic Community Hospital West,Pulmonology,2025-03-28 18:01:00,101,107,62,97.4,14,100,6
SYN-V-003774,SYN-P-00233,SYN-E-000979,Synthetic Community Hospital West,Pulmonology,2025-03-29 12:32:00,110,127,75,97.6,21,97,6
SYN-V-003775,SYN-P-00233,SYN-E-000979,Synthetic Community Hospital West,Pulmonology,2025-03-29 16:13:00,60,128,72,97.5,14,93,5
SYN-V-003776,SYN-P-00233,SYN-E-000979,Synthetic Community Hospital West,Pulmonology,2025-03-30 06:28:00,104,130,88,98.8,12,93,6
SYN-V-003777,SYN-P-00233,SYN-E-000979,Synthetic Community Hospital West,Pulmonology,2025-03-30 07:22:00,65,153,69,98.8,13,93,5
SYN-V-003778,SYN-P-00233,SYN-E-000979,Synthetic Community Hospital West,Pulmonology,2025-03-30 17:58:00,81,131,87,98.7,17,100,1
SYN-V-003779,SYN-P-00233,SYN-E-000979,Synthetic Community Hospital West,Pulmonology,2025-03-30 22:19:00,68,110,80,97.4,12,99,0
SYN-V-003780,SYN-P-00233,SYN-E-000979,Synthetic Community Hospital West,Pulmonology,2025-03-31 18:42:00,70,129,88,97.1,15,92,6
SYN-V-003781,SYN-P-00233,SYN-E-000979,Synthetic Community Hospital West,Pulmonology,2025-03-31 23:11:00,91,144,60,97.7,13,99,4
SYN-V-003782,SYN-P-00233,SYN-E-000979,Synthetic Community Hospital West,Pulmonology,2025-04-01 00:33:00,96,101,78,97.1,15,98,8
SYN-V-003783,SYN-P-00233,SYN-E-000979,Synthetic Community Hospital West,Pulmonology,2025-04-01 18:35:00,81,113,90,97.5,12,99,8
SYN-V-003784,SYN-P-00233,SYN-E-000979,Synthetic Community Hospital West,Pulmonology,2025-04-01 19:28:00,94,128,74,98.7,22,92,2
SYN-V-003785,SYN-P-00233,SYN-E-000979,Synthetic Community Hospital West,Pulmonology,2025-04-02 13:12:00,89,133,61,99.0,19,98,4
SYN-V-003786,SYN-P-00233,SYN-E-000979,Synthetic Community Hospital West,Pulmonology,2025-04-04 03:11:00,108,119,92,99.3,12,100,0
SYN-V-003787,SYN-P-00033,SYN-E-000980,Synthetic Community Hospital West,Emergency,2025-03-28 07:37:00,79,131,73,98.4,16,92,4
SYN-V-003788,SYN-P-00033,SYN-E-000980,Synthetic Community Hospital West,Emergency,2025-03-28 08:21:00,68,146,63,99.7,20,96,4
SYN-V-003789,SYN-P-00033,SYN-E-000980,Synthetic Community Hospital West,Emergency,2025-03-28 09:48:00,93,113,93,97.0,21,96,3
SYN-V-003790,SYN-P-00033,SYN-E-000980,Synthetic Community Hospital West,Emergency,2025-03-28 10:13:00,82,157,60,98.5,17,98,8
SYN-V-003791,SYN-P-00235,SYN-E-000981,Synthetic Regional Medical Center,Emergency,2025-03-28 14:59:00,58,155,81,97.4,16,99,7
SYN-V-003792,SYN-P-00292,SYN-E-000982,Synthetic Community Hospital West,Emergency,2025-03-28 15:56:00,99,141,94,97.2,16,96,4
SYN-V-003793,SYN-P-00292,SYN-E-000982,Synthetic Community Hospital West,Emergency,2025-03-28 16:29:00,104,101,78,99.5,20,93,7
SYN-V-003794,SYN-P-00292,SYN-E-000982,Synthetic Community Hospital West,Emergency,2025-03-28 17:47:00,65,140,84,99.6,20,98,1
SYN-V-003795,SYN-P-00195,SYN-E-000983,Synthetic Regional Medical Center,Internal Medicine,2025-03-28 17:10:00,64,114,78,97.2,19,100,0
SYN-V-003796,SYN-P-00195,SYN-E-000983,Synthetic Regional Medical Center,Internal Medicine,2025-03-28 19:19:00,83,117,74,99.5,16,93,3
SYN-V-003797,SYN-P-00010,SYN-E-000984,Synthetic Regional Medical Center,Emergency,2025-03-29 06:41:00,88,149,86,98.7,16,92,6
SYN-V-003798,SYN-P-00249,SYN-E-000986,Synthetic Community Hospital West,Cardiology,2025-03-31 10:05:00,77,150,84,98.7,16,93,2
SYN-V-003799,SYN-P-00249,SYN-E-000986,Synthetic Community Hospital West,Cardiology,2025-03-31 18:11:00,86,118,62,99.7,17,98,4
SYN-V-003800,SYN-P-00249,SYN-E-000986,Synthetic Community Hospital West,Cardiology,2025-04-01 00:47:00,67,100,61,98.8,15,92,6
SYN-V-003801,SYN-P-00249,SYN-E-000986,Synthetic Community Hospital West,Cardiology,2025-04-01 01:31:00,105,115,85,97.6,22,99,2
SYN-V-003802,SYN-P-00249,SYN-E-000986,Synthetic Community Hospital West,Cardiology,2025-04-02 07:02:00,79,103,76,98.2,12,99,5
SYN-V-003803,SYN-P-00127,SYN-E-000987,Synthetic Regional Medical Center,Pulmonology,2025-03-31 16:25:00,85,124,90,99.0,14,92,4
SYN-V-003804,SYN-P-00127,SYN-E-000987,Synthetic Regional Medical Center,Pulmonology,2025-03-31 20:44:00,89,140,79,99.5,21,100,6
SYN-V-003805,SYN-P-00127,SYN-E-000987,Synthetic Regional Medical Center,Pulmonology,2025-04-01 03:44:00,94,128,63,98.8,15,100,1
SYN-V-003806,SYN-P-00127,SYN-E-000987,Synthetic Regional Medical Center,Pulmonology,2025-04-01 07:29:00,92,133,89,98.8,13,95,7
SYN-V-003807,SYN-P-00127,SYN-E-000987,Synthetic Regional Medical Center,Pulmonology,2025-04-01 08:11:00,107,124,86,98.4,20,94,3
SYN-V-003808,SYN-P-00131,SYN-E-000988,Synthetic Community Hospital East,Orthopedics,2025-04-01 02:36:00,83,159,85,97.5,18,93,4
SYN-V-003809,SYN-P-00131,SYN-E-000988,Synthetic Community Hospital East,Orthopedics,2025-04-01 03:16:00,61,139,65,98.8,16,98,8
SYN-V-003810,SYN-P-00241,SYN-E-000989,Synthetic Outpatient Center,Orthopedics,2025-04-01 07:22:00,103,132,63,99.7,19,97,6
SYN-V-003811,SYN-P-00107,SYN-E-000990,Synthetic Regional Medical Center,Cardiology,2025-04-01 17:38:00,108,158,61,98.2,18,94,2
SYN-V-003812,SYN-P-00107,SYN-E-000990,Synthetic Regional Medical Center,Cardiology,2025-04-01 19:26:00,59,128,90,97.8,12,95,1
SYN-V-003813,SYN-P-00107,SYN-E-000990,Synthetic Regional Medical Center,Cardiology,2025-04-02 00:55:00,56,159,92,99.1,20,100,4
SYN-V-003814,SYN-P-00107,SYN-E-000990,Synthetic Regional Medical Center,Cardiology,2025-04-02 02:15:00,83,137,62,97.8,21,96,2
SYN-V-003815,SYN-P-00107,SYN-E-000990,Synthetic Regional Medical Center,Cardiology,2025-04-02 17:16:00,79,128,63,99.3,20,93,8
SYN-V-003816,SYN-P-00107,SYN-E-000990,Synthetic Regional Medical Center,Cardiology,2025-04-03 10:23:00,82,150,78,98.6,22,99,7
SYN-V-003817,SYN-P-00107,SYN-E-000990,Synthetic Regional Medical Center,Cardiology,2025-04-03 19:58:00,106,128,76,99.6,19,99,4
SYN-V-003818,SYN-P-00107,SYN-E-000990,Synthetic Regional Medical Center,Cardiology,2025-04-04 00:07:00,109,129,92,97.2,16,93,3
SYN-V-003819,SYN-P-00107,SYN-E-000990,Synthetic Regional Medical Center,Cardiology,2025-04-04 02:01:00,74,159,63,97.4,17,100,6
SYN-V-003820,SYN-P-00107,SYN-E-000990,Synthetic Regional Medical Center,Cardiology,2025-04-04 02:53:00,70,145,67,97.7,21,98,1
SYN-V-003821,SYN-P-00107,SYN-E-000990,Synthetic Regional Medical Center,Cardiology,2025-04-05 23:55:00,88,138,71,98.1,18,94,1
SYN-V-003822,SYN-P-00126,SYN-E-000993,Synthetic Specialty Clinic,Endocrinology,2025-04-02 01:24:00,107,150,77,99.7,21,96,7
SYN-V-003823,SYN-P-00126,SYN-E-000993,Synthetic Specialty Clinic,Endocrinology,2025-04-02 02:15:00,96,151,87,98.5,18,96,4
SYN-V-003824,SYN-P-00274,SYN-E-000995,Synthetic Specialty Clinic,Pulmonology,2025-04-02 12:32:00,101,127,70,98.1,20,98,1
SYN-V-003825,SYN-P-00274,SYN-E-000995,Synthetic Specialty Clinic,Pulmonology,2025-04-02 12:52:00,89,126,89,97.4,12,96,7
SYN-V-003826,SYN-P-00170,SYN-E-000996,Synthetic Community Hospital East,Internal Medicine,2025-04-02 17:51:00,57,150,64,97.9,14,92,2
SYN-V-003827,SYN-P-00170,SYN-E-000996,Synthetic Community Hospital East,Internal Medicine,2025-04-02 21:00:00,82,122,71,99.3,22,97,5
SYN-V-003828,SYN-P-00170,SYN-E-000996,Synthetic Community Hospital East,Internal Medicine,2025-04-02 21:55:00,66,148,78,97.2,19,94,5
SYN-V-003829,SYN-P-00170,SYN-E-000996,Synthetic Community Hospital East,Internal Medicine,2025-04-03 01:04:00,93,138,66,98.3,15,97,1
SYN-V-003830,SYN-P-00170,SYN-E-000996,Synthetic Community Hospital East,Internal Medicine,2025-04-03 04:26:00,55,126,90,98.7,20,92,4
SYN-V-003831,SYN-P-00170,SYN-E-000996,Synthetic Community Hospital East,Internal Medicine,2025-04-03 05:13:00,74,140,78,97.2,21,100,5
SYN-V-003832,SYN-P-00170,SYN-E-000996,Synthetic Community Hospital East,Internal Medicine,2025-04-03 16:19:00,76,149,86,99.1,20,94,7
SYN-V-003833,SYN-P-00170,SYN-E-000996,Synthetic Community Hospital East,Internal Medicine,2025-04-03 16:21:00,68,156,67,97.5,15,96,8
SYN-V-003834,SYN-P-00170,SYN-E-000996,Synthetic Community Hospital East,Internal Medicine,2025-04-04 05:27:00,102,160,76,99.3,15,98,4
SYN-V-003835,SYN-P-00064,SYN-E-000997,Synthetic Community Hospital East,Cardiology,2025-04-03 12:51:00,99,143,90,99.5,16,92,6
SYN-V-003836,SYN-P-00064,SYN-E-000997,Synthetic Community Hospital East,Cardiology,2025-04-04 09:30:00,61,115,77,99.4,17,96,5
SYN-V-003837,SYN-P-00064,SYN-E-000997,Synthetic Community Hospital East,Cardiology,2025-04-04 19:56:00,55,116,92,99.2,15,92,2
SYN-V-003838,SYN-P-00064,SYN-E-000997,Synthetic Community Hospital East,Cardiology,2025-04-04 21:16:00,106,118,64,97.3,14,94,2
SYN-V-003839,SYN-P-00064,SYN-E-000997,Synthetic Community Hospital East,Cardiology,2025-04-05 05:30:00,85,115,60,97.1,17,100,2
SYN-V-003840,SYN-P-00064,SYN-E-000997,Synthetic Community Hospital East,Cardiology,2025-04-05 15:21:00,59,154,83,97.6,15,96,0
SYN-V-003841,SYN-P-00064,SYN-E-000997,Synthetic Community Hospital East,Cardiology,2025-04-06 08:17:00,69,118,73,99.4,21,98,7
SYN-V-003842,SYN-P-00064,SYN-E-000997,Synthetic Community Hospital East,Cardiology,2025-04-06 11:19:00,74,142,81,97.4,20,94,8
SYN-V-003843,SYN-P-00064,SYN-E-000997,Synthetic Community Hospital East,Cardiology,2025-04-06 17:51:00,94,116,77,98.4,16,98,0
SYN-V-003844,SYN-P-00064,SYN-E-000997,Synthetic Community Hospital East,Cardiology,2025-04-07 23:10:00,81,159,76,98.7,22,99,
SYN-V-003845,SYN-P-00064,SYN-E-000997,Synthetic Community Hospital East,Cardiology,2025-04-08 23:15:00,60,147,66,99.7,13,94,5
SYN-V-003846,SYN-P-00064,SYN-E-000997,Synthetic Community Hospital East,Cardiology,2025-04-09 05:13:00,57,100,73,99.6,19,99,8
SYN-V-003847,SYN-P-00064,SYN-E-000997,Synthetic Community Hospital East,Cardiology,2025-04-09 21:13:00,71,128,64,97.4,12,99,7
SYN-V-003848,SYN-P-00082,SYN-E-000998,Synthetic Outpatient Center,Orthopedics,2025-04-03 00:10:00,98,105,75,99.1,16,92,3
SYN-V-003849,SYN-P-00265,SYN-E-000999,Synthetic Regional Medical Center,Cardiology,2025-04-03 00:43:00,61,107,67,97.4,13,100,7
SYN-V-003850,SYN-P-00265,SYN-E-000999,Synthetic Regional Medical Center,Cardiology,2025-04-03 06:58:00,83,160,74,98.7,15,99,5
SYN-V-003851,SYN-P-00265,SYN-E-000999,Synthetic Regional Medical Center,Cardiology,2025-04-03 10:52:00,91,143,77,98.9,14,99,
SYN-V-003852,SYN-P-00265,SYN-E-000999,Synthetic Regional Medical Center,Cardiology,2025-04-03 21:54:00,64,132,64,99.4,17,95,5
SYN-V-003853,SYN-P-00265,SYN-E-000999,Synthetic Regional Medical Center,Cardiology,2025-04-04 13:11:00,95,100,90,98.7,22,99,5
SYN-V-003854,SYN-P-00265,SYN-E-000999,Synthetic Regional Medical Center,Cardiology,2025-04-04 13:35:00,75,106,77,99.4,15,95,6
SYN-V-003855,SYN-P-00265,SYN-E-000999,Synthetic Regional Medical Center,Cardiology,2025-04-04 17:10:00,58,159,65,98.0,13,95,7
SYN-V-003856,SYN-P-00265,SYN-E-000999,Synthetic Regional Medical Center,Cardiology,2025-04-05 03:41:00,72,126,81,97.9,12,95,8
SYN-V-003857,SYN-P-00265,SYN-E-000999,Synthetic Regional Medical Center,Cardiology,2025-04-05 11:44:00,67,140,62,97.9,19,97,7
SYN-V-003858,SYN-P-00265,SYN-E-000999,Synthetic Regional Medical Center,Cardiology,2025-04-05 22:20:00,73,138,63,97.0,17,96,5
SYN-V-003859,SYN-P-00265,SYN-E-000999,Synthetic Regional Medical Center,Cardiology,2025-04-06 14:17:00,57,108,67,97.4,19,97,0
SYN-V-003860,SYN-P-00265,SYN-E-000999,Synthetic Regional Medical Center,Cardiology,2025-04-06 20:16:00,110,101,63,97.1,16,96,8
SYN-V-003861,SYN-P-00265,SYN-E-000999,Synthetic Regional Medical Center,Cardiology,2025-04-07 05:51:00,67,149,80,97.2,17,97,0
SYN-V-003862,SYN-P-00265,SYN-E-000999,Synthetic Regional Medical Center,Cardiology,2025-04-07 15:24:00,76,136,60,99.2,21,93,7
SYN-V-003863,SYN-P-00265,SYN-E-000999,Synthetic Regional Medical Center,Cardiology,2025-04-08 06:55:00,64,130,87,99.1,13,92,2
SYN-V-003864,SYN-P-00265,SYN-E-000999,Synthetic Regional Medical Center,Cardiology,2025-04-08 14:02:00,91,106,90,99.5,18,100,3
SYN-V-003865,SYN-P-00265,SYN-E-000999,Synthetic Regional Medical Center,Cardiology,2025-04-08 19:33:00,102,128,62,99.2,17,97,3
SYN-V-003866,SYN-P-00108,SYN-E-001000,Synthetic Outpatient Center,Primary Care,2025-04-03 01:23:00,79,158,68,97.8,20,99,1
SYN-V-003867,SYN-P-00214,SYN-E-001001,Synthetic Regional Medical Center,Cardiology,2025-04-03 21:05:00,68,110,93,98.7,12,96,8
SYN-V-003868,SYN-P-00214,SYN-E-001001,Synthetic Regional Medical Center,Cardiology,2025-04-03 22:51:00,102,153,93,97.6,21,98,3
SYN-V-003869,SYN-P-00214,SYN-E-001001,Synthetic Regional Medical Center,Cardiology,2025-04-04 03:12:00,69,115,72,99.3,18,95,2
SYN-V-003870,SYN-P-00214,SYN-E-001001,Synthetic Regional Medical Center,Cardiology,2025-04-04 03:49:00,77,129,81,98.7,17,98,7
SYN-V-003871,SYN-P-00214,SYN-E-001001,Synthetic Regional Medical Center,Cardiology,2025-04-04 03:50:00,59,159,64,99.6,18,95,7
SYN-V-003872,SYN-P-00214,SYN-E-001001,Synthetic Regional Medical Center,Cardiology,2025-04-05 02:36:00,63,117,78,97.1,13,98,7
SYN-V-003873,SYN-P-00214,SYN-E-001001,Synthetic Regional Medical Center,Cardiology,2025-04-05 06:57:00,93,136,60,99.3,15,95,6
SYN-V-003874,SYN-P-00057,SYN-E-001002,Synthetic Outpatient Center,Primary Care,2025-04-04 00:18:00,91,113,95,98.1,21,100,3
SYN-V-003875,SYN-P-00057,SYN-E-001002,Synthetic Outpatient Center,Primary Care,2025-04-04 01:00:00,99,115,95,98.1,22,95,3
SYN-V-003876,SYN-P-00008,SYN-E-001004,Synthetic Community Hospital East,Pulmonology,2025-04-04 17:53:00,95,153,91,98.8,13,94,1
SYN-V-003877,SYN-P-00008,SYN-E-001004,Synthetic Community Hospital East,Pulmonology,2025-04-04 19:51:00,66,120,82,97.3,20,94,2
SYN-V-003878,SYN-P-00167,SYN-E-001005,Synthetic Community Hospital West,Pulmonology,2025-04-06 19:36:00,77,144,92,98.1,19,100,7
SYN-V-003879,SYN-P-00167,SYN-E-001005,Synthetic Community Hospital West,Pulmonology,2025-04-06 20:49:00,85,121,85,99.7,19,98,1
SYN-V-003880,SYN-P-00167,SYN-E-001005,Synthetic Community Hospital West,Pulmonology,2025-04-06 22:16:00,80,159,89,98.0,20,99,5
SYN-V-003881,SYN-P-00167,SYN-E-001005,Synthetic Community Hospital West,Pulmonology,2025-04-07 02:04:00,87,112,71,99.5,15,94,7
SYN-V-003882,SYN-P-00167,SYN-E-001005,Synthetic Community Hospital West,Pulmonology,2025-04-07 13:09:00,106,148,77,97.9,21,98,8
SYN-V-003883,SYN-P-00167,SYN-E-001005,Synthetic Community Hospital West,Pulmonology,2025-04-07 17:11:00,72,160,65,99.3,12,92,0
SYN-V-003884,SYN-P-00167,SYN-E-001005,Synthetic Community Hospital West,Pulmonology,2025-04-08 16:17:00,74,153,75,98.4,18,99,
SYN-V-003885,SYN-P-00167,SYN-E-001005,Synthetic Community Hospital West,Pulmonology,2025-04-09 14:25:00,55,102,66,99.1,12,97,7
SYN-V-003886,SYN-P-00167,SYN-E-001005,Synthetic Community Hospital West,Pulmonology,2025-04-09 23:10:00,55,146,64,99.3,13,95,7
SYN-V-003887,SYN-P-00178,SYN-E-001006,Synthetic Community Hospital East,Orthopedics,2025-04-05 22:03:00,110,118,70,98.9,18,98,2
SYN-V-003888,SYN-P-00178,SYN-E-001006,Synthetic Community Hospital East,Orthopedics,2025-04-06 00:34:00,64,124,70,99.6,21,94,2
SYN-V-003889,SYN-P-00178,SYN-E-001006,Synthetic Community Hospital East,Orthopedics,2025-04-08 00:14:00,79,102,84,99.0,18,98,2
SYN-V-003890,SYN-P-00178,SYN-E-001006,Synthetic Community Hospital East,Orthopedics,2025-04-08 12:21:00,88,121,72,99.5,15,93,3
SYN-V-003891,SYN-P-00178,SYN-E-001006,Synthetic Community Hospital East,Orthopedics,2025-04-08 19:21:00,76,107,80,98.4,15,93,6
SYN-V-003892,SYN-P-00178,SYN-E-001006,Synthetic Community Hospital East,Orthopedics,2025-04-09 02:07:00,102,121,87,99.3,13,96,8
SYN-V-003893,SYN-P-00178,SYN-E-001006,Synthetic Community Hospital East,Orthopedics,2025-04-09 14:56:00,90,105,83,99.7,21,96,7
SYN-V-003894,SYN-P-00178,SYN-E-001006,Synthetic Community Hospital East,Orthopedics,2025-04-09 15:26:00,107,151,93,98.1,16,97,3
SYN-V-003895,SYN-P-00178,SYN-E-001006,Synthetic Community Hospital East,Orthopedics,2025-04-09 16:14:00,72,158,92,99.0,21,99,1
SYN-V-003896,SYN-P-00178,SYN-E-001006,Synthetic Community Hospital East,Orthopedics,2025-04-10 01:20:00,68,142,73,98.7,15,95,5
SYN-V-003897,SYN-P-00178,SYN-E-001006,Synthetic Community Hospital East,Orthopedics,2025-04-10 11:16:00,86,158,69,97.4,22,100,2
SYN-V-003898,SYN-P-00178,SYN-E-001006,Synthetic Community Hospital East,Orthopedics,2025-04-10 14:45:00,100,138,86,97.6,14,100,8
SYN-V-003899,SYN-P-00178,SYN-E-001006,Synthetic Community Hospital East,Orthopedics,2025-04-10 15:08:00,78,123,70,98.0,20,95,0
SYN-V-003900,SYN-P-00178,SYN-E-001006,Synthetic Community Hospital East,Orthopedics,2025-04-11 20:40:00,55,112,72,98.2,17,97,6
SYN-V-003901,SYN-P-00178,SYN-E-001006,Synthetic Community Hospital East,Orthopedics,2025-04-11 23:41:00,93,103,88,97.9,19,92,1
SYN-V-003902,SYN-P-00178,SYN-E-001006,Synthetic Community Hospital East,Orthopedics,2025-04-12 13:26:00,84,148,80,98.4,18,96,7
SYN-V-003903,SYN-P-00178,SYN-E-001006,Synthetic Community Hospital East,Orthopedics,2025-04-12 19:40:00,58,142,89,99.2,15,100,8
SYN-V-003904,SYN-P-00178,SYN-E-001006,Synthetic Community Hospital East,Orthopedics,2025-04-13 14:13:00,104,147,65,97.6,13,96,5
SYN-V-003905,SYN-P-00178,SYN-E-001006,Synthetic Community Hospital East,Orthopedics,2025-04-13 21:44:00,101,103,79,98.9,21,97,2
SYN-V-003906,SYN-P-00178,SYN-E-001006,Synthetic Community Hospital East,Orthopedics,2025-04-14 01:58:00,69,156,82,99.7,13,98,5
SYN-V-003907,SYN-P-00178,SYN-E-001006,Synthetic Community Hospital East,Orthopedics,2025-04-14 05:26:00,85,155,95,98.6,16,97,0
SYN-V-003908,SYN-P-00178,SYN-E-001006,Synthetic Community Hospital East,Orthopedics,2025-04-14 07:05:00,58,115,61,98.2,15,100,
SYN-V-003909,SYN-P-00178,SYN-E-001006,Synthetic Community Hospital East,Orthopedics,2025-04-14 15:13:00,72,136,87,99.7,19,98,2
SYN-V-003910,SYN-P-00098,SYN-E-001007,Synthetic Outpatient Center,Endocrinology,2025-04-05 17:20:00,86,149,65,99.4,14,92,5
SYN-V-003911,SYN-P-00112,SYN-E-001009,Synthetic Community Hospital East,Primary Care,2025-04-06 18:10:00,80,145,86,99.3,16,93,6
SYN-V-003912,SYN-P-00112,SYN-E-001009,Synthetic Community Hospital East,Primary Care,2025-04-06 19:43:00,83,143,68,99.0,14,93,8
SYN-V-003913,SYN-P-00112,SYN-E-001009,Synthetic Community Hospital East,Primary Care,2025-04-06 21:40:00,108,101,73,99.0,15,99,0
SYN-V-003914,SYN-P-00094,SYN-E-001010,Synthetic Community Hospital East,Orthopedics,2025-04-07 19:37:00,89,150,67,99.3,15,96,1
SYN-V-003915,SYN-P-00094,SYN-E-001010,Synthetic Community Hospital East,Orthopedics,2025-04-07 22:47:00,60,107,80,97.8,19,93,4
SYN-V-003916,SYN-P-00094,SYN-E-001010,Synthetic Community Hospital East,Orthopedics,2025-04-08 00:45:00,90,140,95,99.3,22,96,3
SYN-V-003917,SYN-P-00094,SYN-E-001010,Synthetic Community Hospital East,Orthopedics,2025-04-08 01:32:00,96,160,63,97.7,21,96,8
SYN-V-003918,SYN-P-00094,SYN-E-001010,Synthetic Community Hospital East,Orthopedics,2025-04-08 13:53:00,76,119,64,97.5,17,97,4
SYN-V-003919,SYN-P-00094,SYN-E-001010,Synthetic Community Hospital East,Orthopedics,2025-04-08 14:10:00,71,116,77,97.4,19,93,0
SYN-V-003920,SYN-P-00094,SYN-E-001010,Synthetic Community Hospital East,Orthopedics,2025-04-08 17:20:00,59,153,81,97.0,16,93,0
SYN-V-003921,SYN-P-00041,SYN-E-001012,Synthetic Community Hospital West,Pulmonology,2025-04-07 10:28:00,67,148,82,97.4,15,92,1
SYN-V-003922,SYN-P-00041,SYN-E-001012,Synthetic Community Hospital West,Pulmonology,2025-04-07 12:19:00,95,126,79,98.0,15,94,4
SYN-V-003923,SYN-P-00041,SYN-E-001012,Synthetic Community Hospital West,Pulmonology,2025-04-07 13:34:00,66,144,69,97.9,19,93,0
SYN-V-003924,SYN-P-00041,SYN-E-001012,Synthetic Community Hospital West,Pulmonology,2025-04-07 14:58:00,91,131,72,98.0,22,95,0
SYN-V-003925,SYN-P-00041,SYN-E-001012,Synthetic Community Hospital West,Pulmonology,2025-04-07 17:19:00,63,102,77,99.2,17,95,6
SYN-V-003926,SYN-P-00041,SYN-E-001012,Synthetic Community Hospital West,Pulmonology,2025-04-07 19:42:00,56,108,83,97.8,17,94,4
SYN-V-003927,SYN-P-00210,SYN-E-001013,Synthetic Outpatient Center,Primary Care,2025-04-07 09:23:00,72,119,73,98.1,16,97,7
SYN-V-003928,SYN-P-00030,SYN-E-001014,Synthetic Specialty Clinic,Orthopedics,2025-04-07 16:10:00,78,141,65,99.4,12,95,7
SYN-V-003929,SYN-P-00030,SYN-E-001014,Synthetic Specialty Clinic,Orthopedics,2025-04-07 16:14:00,103,132,67,98.9,18,95,8
SYN-V-003930,SYN-P-00024,SYN-E-001015,Synthetic Outpatient Center,Endocrinology,2025-04-07 23:11:00,101,160,77,98.1,18,93,6
SYN-V-003931,SYN-P-00115,SYN-E-001016,Synthetic Outpatient Center,Primary Care,2025-04-07 21:10:00,76,122,76,99.5,16,93,
SYN-V-003932,SYN-P-00115,SYN-E-001016,Synthetic Outpatient Center,Primary Care,2025-04-07 21:41:00,63,108,83,99.8,17,92,7
SYN-V-003933,SYN-P-00097,SYN-E-001020,Synthetic Community Hospital East,Pulmonology,2025-04-09 01:32:00,57,114,73,97.4,15,97,3
SYN-V-003934,SYN-P-00155,SYN-E-001021,Synthetic Regional Medical Center,Cardiology,2025-04-09 15:17:00,61,142,70,97.2,18,96,2
SYN-V-003935,SYN-P-00155,SYN-E-001021,Synthetic Regional Medical Center,Cardiology,2025-04-09 16:43:00,58,160,69,97.5,18,94,1
SYN-V-003936,SYN-P-00155,SYN-E-001021,Synthetic Regional Medical Center,Cardiology,2025-04-09 18:31:00,71,146,88,98.8,21,96,2
SYN-V-003937,SYN-P-00155,SYN-E-001021,Synthetic Regional Medical Center,Cardiology,2025-04-09 19:25:00,86,121,72,98.7,15,96,6
SYN-V-003938,SYN-P-00155,SYN-E-001021,Synthetic Regional Medical Center,Cardiology,2025-04-10 01:36:00,68,123,81,97.4,18,100,6
SYN-V-003939,SYN-P-00269,SYN-E-001022,Synthetic Outpatient Center,Pulmonology,2025-04-09 06:44:00,81,137,70,99.5,17,92,6
SYN-V-003940,SYN-P-00263,SYN-E-001024,Synthetic Outpatient Center,Cardiology,2025-04-10 04:02:00,80,135,95,99.5,15,99,2
SYN-V-003941,SYN-P-00013,SYN-E-001025,Synthetic Specialty Clinic,Orthopedics,2025-04-10 08:57:00,87,149,91,98.6,19,98,1
SYN-V-003942,SYN-P-00283,SYN-E-001026,Synthetic Community Hospital West,Nephrology,2025-04-11 02:03:00,109,156,78,97.7,21,99,8
SYN-V-003943,SYN-P-00283,SYN-E-001026,Synthetic Community Hospital West,Nephrology,2025-04-11 08:50:00,57,148,91,98.6,21,93,6
SYN-V-003944,SYN-P-00283,SYN-E-001026,Synthetic Community Hospital West,Nephrology,2025-04-11 10:34:00,74,153,92,98.6,18,92,5
SYN-V-003945,SYN-P-00283,SYN-E-001026,Synthetic Community Hospital West,Nephrology,2025-04-11 21:38:00,96,102,81,99.3,22,99,3
SYN-V-003946,SYN-P-00283,SYN-E-001026,Synthetic Community Hospital West,Nephrology,2025-04-11 23:13:00,101,146,88,99.1,17,99,0
SYN-V-003947,SYN-P-00283,SYN-E-001026,Synthetic Community Hospital West,Nephrology,2025-04-12 00:51:00,69,137,76,98.8,17,100,3
SYN-V-003948,SYN-P-00283,SYN-E-001026,Synthetic Community Hospital West,Nephrology,2025-04-12 04:01:00,63,126,83,98.0,16,100,
SYN-V-003949,SYN-P-00283,SYN-E-001026,Synthetic Community Hospital West,Nephrology,2025-04-12 15:46:00,110,113,74,99.6,18,96,8
SYN-V-003950,SYN-P-00283,SYN-E-001026,Synthetic Community Hospital West,Nephrology,2025-04-14 02:07:00,101,113,66,98.2,14,92,7
SYN-V-003951,SYN-P-00283,SYN-E-001026,Synthetic Community Hospital West,Nephrology,2025-04-14 03:02:00,85,113,85,98.3,14,95,2
SYN-V-003952,SYN-P-00283,SYN-E-001026,Synthetic Community Hospital West,Nephrology,2025-04-14 06:07:00,86,156,92,99.4,15,92,0
SYN-V-003953,SYN-P-00283,SYN-E-001026,Synthetic Community Hospital West,Nephrology,2025-04-15 03:40:00,91,140,75,98.0,15,93,5
SYN-V-003954,SYN-P-00283,SYN-E-001026,Synthetic Community Hospital West,Nephrology,2025-04-15 08:46:00,56,149,61,98.2,12,97,3
SYN-V-003955,SYN-P-00283,SYN-E-001026,Synthetic Community Hospital West,Nephrology,2025-04-16 08:09:00,105,134,95,97.1,19,95,8
SYN-V-003956,SYN-P-00283,SYN-E-001026,Synthetic Community Hospital West,Nephrology,2025-04-16 08:43:00,110,104,89,97.6,19,96,6
SYN-V-003957,SYN-P-00283,SYN-E-001026,Synthetic Community Hospital West,Nephrology,2025-04-16 10:09:00,68,135,81,99.7,18,92,8
SYN-V-003958,SYN-P-00283,SYN-E-001026,Synthetic Community Hospital West,Nephrology,2025-04-16 14:43:00,56,107,77,98.7,14,98,7
SYN-V-003959,SYN-P-00283,SYN-E-001026,Synthetic Community Hospital West,Nephrology,2025-04-17 04:21:00,87,124,77,97.8,12,100,5
SYN-V-003960,SYN-P-00221,SYN-E-001028,Synthetic Outpatient Center,Endocrinology,2025-04-11 06:34:00,56,101,83,98.8,20,92,5
SYN-V-003961,SYN-P-00221,SYN-E-001028,Synthetic Outpatient Center,Endocrinology,2025-04-11 08:09:00,89,130,69,97.4,14,93,
SYN-V-003962,SYN-P-00229,SYN-E-001030,Synthetic Outpatient Center,Orthopedics,2025-04-11 20:00:00,62,122,70,99.5,19,97,6
SYN-V-003963,SYN-P-00168,SYN-E-001031,Synthetic Community Hospital West,Emergency,2025-04-12 00:26:00,72,120,95,99.2,17,96,8
SYN-V-003964,SYN-P-00168,SYN-E-001031,Synthetic Community Hospital West,Emergency,2025-04-12 02:22:00,99,129,75,97.7,18,94,4
SYN-V-003965,SYN-P-00168,SYN-E-001031,Synthetic Community Hospital West,Emergency,2025-04-12 02:56:00,93,159,79,99.2,16,92,3
SYN-V-003966,SYN-P-00099,SYN-E-001032,Synthetic Community Hospital West,Cardiology,2025-04-13 00:33:00,79,134,69,99.1,19,95,0
SYN-V-003967,SYN-P-00099,SYN-E-001032,Synthetic Community Hospital West,Cardiology,2025-04-13 09:24:00,69,125,67,98.5,12,97,7
SYN-V-003968,SYN-P-00099,SYN-E-001032,Synthetic Community Hospital West,Cardiology,2025-04-13 09:49:00,99,152,63,98.3,22,92,3
SYN-V-003969,SYN-P-00099,SYN-E-001032,Synthetic Community Hospital West,Cardiology,2025-04-13 19:16:00,65,112,93,99.5,14,97,3
SYN-V-003970,SYN-P-00099,SYN-E-001032,Synthetic Community Hospital West,Cardiology,2025-04-13 20:26:00,67,106,62,98.9,19,95,1
SYN-V-003971,SYN-P-00099,SYN-E-001032,Synthetic Community Hospital West,Cardiology,2025-04-13 22:42:00,81,106,75,98.1,17,98,6
SYN-V-003972,SYN-P-00099,SYN-E-001032,Synthetic Community Hospital West,Cardiology,2025-04-14 03:09:00,95,133,94,99.4,14,98,8
SYN-V-003973,SYN-P-00099,SYN-E-001032,Synthetic Community Hospital West,Cardiology,2025-04-14 12:49:00,84,131,65,98.5,16,100,4
SYN-V-003974,SYN-P-00099,SYN-E-001032,Synthetic Community Hospital West,Cardiology,2025-04-15 01:36:00,58,157,94,97.5,16,99,5
SYN-V-003975,SYN-P-00099,SYN-E-001032,Synthetic Community Hospital West,Cardiology,2025-04-15 22:48:00,109,113,65,98.4,15,95,
SYN-V-003976,SYN-P-00099,SYN-E-001032,Synthetic Community Hospital West,Cardiology,2025-04-16 12:30:00,89,143,68,97.4,16,93,5
SYN-V-003977,SYN-P-00099,SYN-E-001032,Synthetic Community Hospital West,Cardiology,2025-04-16 23:39:00,71,143,81,98.4,13,99,5
SYN-V-003978,SYN-P-00099,SYN-E-001032,Synthetic Community Hospital West,Cardiology,2025-04-17 06:11:00,80,144,86,99.0,20,94,8
SYN-V-003979,SYN-P-00104,SYN-E-001033,Synthetic Specialty Clinic,Cardiology,2025-04-12 10:44:00,78,137,93,99.6,22,100,8
SYN-V-003980,SYN-P-00225,SYN-E-001034,Synthetic Specialty Clinic,Primary Care,2025-04-13 04:21:00,80,101,80,98.0,20,97,8
SYN-V-003981,SYN-P-00225,SYN-E-001034,Synthetic Specialty Clinic,Primary Care,2025-04-13 04:42:00,61,159,81,98.1,16,97,0
SYN-V-003982,SYN-P-00065,SYN-E-001035,Synthetic Specialty Clinic,Primary Care,2025-04-13 12:46:00,76,159,85,99.3,14,99,3
SYN-V-003983,SYN-P-00220,SYN-E-001036,Synthetic Community Hospital East,Primary Care,2025-04-13 22:28:00,109,145,84,98.4,12,93,5
SYN-V-003984,SYN-P-00180,SYN-E-001037,Synthetic Community Hospital East,Cardiology,2025-04-16 04:45:00,68,106,81,98.5,16,94,6
SYN-V-003985,SYN-P-00180,SYN-E-001037,Synthetic Community Hospital East,Cardiology,2025-04-16 11:44:00,100,121,80,98.5,17,92,6
SYN-V-003986,SYN-P-00180,SYN-E-001037,Synthetic Community Hospital East,Cardiology,2025-04-16 19:36:00,55,159,69,99.6,19,97,0
SYN-V-003987,SYN-P-00180,SYN-E-001037,Synthetic Community Hospital East,Cardiology,2025-04-17 09:15:00,105,105,91,98.5,14,98,3
SYN-V-003988,SYN-P-00180,SYN-E-001037,Synthetic Community Hospital East,Cardiology,2025-04-17 12:31:00,86,101,82,99.7,15,98,3
SYN-V-003989,SYN-P-00180,SYN-E-001037,Synthetic Community Hospital East,Cardiology,2025-04-17 17:11:00,63,128,79,97.0,18,99,
SYN-V-003990,SYN-P-00180,SYN-E-001037,Synthetic Community Hospital East,Cardiology,2025-04-17 18:33:00,70,130,75,97.4,17,96,5
SYN-V-003991,SYN-P-00180,SYN-E-001037,Synthetic Community Hospital East,Cardiology,2025-04-18 00:01:00,97,130,90,98.6,12,96,
SYN-V-003992,SYN-P-00180,SYN-E-001037,Synthetic Community Hospital East,Cardiology,2025-04-18 10:42:00,69,103,83,99.3,15,96,8
SYN-V-003993,SYN-P-00180,SYN-E-001037,Synthetic Community Hospital East,Cardiology,2025-04-19 03:38:00,65,117,85,98.0,14,94,1
SYN-V-003994,SYN-P-00180,SYN-E-001037,Synthetic Community Hospital East,Cardiology,2025-04-19 11:11:00,64,147,83,99.2,14,94,0
SYN-V-003995,SYN-P-00180,SYN-E-001037,Synthetic Community Hospital East,Cardiology,2025-04-19 19:40:00,73,113,64,99.7,22,93,8
SYN-V-003996,SYN-P-00180,SYN-E-001037,Synthetic Community Hospital East,Cardiology,2025-04-20 01:21:00,90,132,83,97.6,21,98,7
SYN-V-003997,SYN-P-00180,SYN-E-001037,Synthetic Community Hospital East,Cardiology,2025-04-20 01:27:00,89,155,83,98.9,18,97,6
SYN-V-003998,SYN-P-00180,SYN-E-001037,Synthetic Community Hospital East,Cardiology,2025-04-20 02:06:00,76,155,86,98.5,14,96,1
SYN-V-003999,SYN-P-00180,SYN-E-001037,Synthetic Community Hospital East,Cardiology,2025-04-20 07:12:00,55,139,93,99.3,13,99,4
SYN-V-004000,SYN-P-00180,SYN-E-001037,Synthetic Community Hospital East,Cardiology,2025-04-20 11:06:00,79,118,75,97.1,20,95,5
SYN-V-004001,SYN-P-00180,SYN-E-001037,Synthetic Community Hospital East,Cardiology,2025-04-20 17:20:00,58,105,93,99.5,17,94,3
SYN-V-004002,SYN-P-00180,SYN-E-001037,Synthetic Community Hospital East,Cardiology,2025-04-21 11:03:00,103,147,86,97.1,20,96,7
SYN-V-004003,SYN-P-00180,SYN-E-001037,Synthetic Community Hospital East,Cardiology,2025-04-21 20:23:00,74,150,86,97.7,21,94,6
SYN-V-004004,SYN-P-00180,SYN-E-001037,Synthetic Community Hospital East,Cardiology,2025-04-22 05:22:00,83,144,64,97.1,12,94,0
SYN-V-004005,SYN-P-00180,SYN-E-001037,Synthetic Community Hospital East,Cardiology,2025-04-22 19:08:00,83,137,63,98.3,19,99,2
SYN-V-004006,SYN-P-00180,SYN-E-001037,Synthetic Community Hospital East,Cardiology,2025-04-23 12:21:00,83,145,62,99.1,17,98,5
SYN-V-004007,SYN-P-00180,SYN-E-001037,Synthetic Community Hospital East,Cardiology,2025-04-23 14:03:00,71,117,66,97.4,17,99,7
SYN-V-004008,SYN-P-00180,SYN-E-001037,Synthetic Community Hospital East,Cardiology,2025-04-24 00:53:00,78,112,72,99.0,20,99,1
SYN-V-004009,SYN-P-00180,SYN-E-001037,Synthetic Community Hospital East,Cardiology,2025-04-24 20:42:00,71,148,88,98.7,12,97,6
SYN-V-004010,SYN-P-00180,SYN-E-001037,Synthetic Community Hospital East,Cardiology,2025-04-24 23:10:00,103,152,79,99.1,21,96,6
SYN-V-004011,SYN-P-00035,SYN-E-001038,Synthetic Community Hospital East,Orthopedics,2025-04-17 03:27:00,70,132,91,98.9,15,99,4
SYN-V-004012,SYN-P-00035,SYN-E-001038,Synthetic Community Hospital East,Orthopedics,2025-04-17 20:36:00,59,126,70,99.1,12,93,1
SYN-V-004013,SYN-P-00035,SYN-E-001038,Synthetic Community Hospital East,Orthopedics,2025-04-18 05:01:00,102,124,76,97.7,14,94,2
SYN-V-004014,SYN-P-00035,SYN-E-001038,Synthetic Community Hospital East,Orthopedics,2025-04-19 23:19:00,90,120,95,97.3,13,93,3
SYN-V-004015,SYN-P-00035,SYN-E-001038,Synthetic Community Hospital East,Orthopedics,2025-04-20 01:49:00,105,109,76,97.6,19,95,7
SYN-V-004016,SYN-P-00035,SYN-E-001038,Synthetic Community Hospital East,Orthopedics,2025-04-20 03:37:00,95,142,94,97.1,19,99,5
SYN-V-004017,SYN-P-00035,SYN-E-001038,Synthetic Community Hospital East,Orthopedics,2025-04-20 04:17:00,101,141,88,98.7,13,92,5
SYN-V-004018,SYN-P-00035,SYN-E-001038,Synthetic Community Hospital East,Orthopedics,2025-04-21 18:51:00,87,106,60,99.2,16,93,2
SYN-V-004019,SYN-P-00035,SYN-E-001038,Synthetic Community Hospital East,Orthopedics,2025-04-22 08:02:00,73,137,79,98.1,16,95,7
SYN-V-004020,SYN-P-00035,SYN-E-001038,Synthetic Community Hospital East,Orthopedics,2025-04-22 22:34:00,109,149,90,97.6,19,100,1
SYN-V-004021,SYN-P-00035,SYN-E-001038,Synthetic Community Hospital East,Orthopedics,2025-04-23 03:18:00,98,146,74,97.7,12,100,2
SYN-V-004022,SYN-P-00035,SYN-E-001038,Synthetic Community Hospital East,Orthopedics,2025-04-23 11:11:00,99,136,64,97.6,12,93,4
SYN-V-004023,SYN-P-00035,SYN-E-001038,Synthetic Community Hospital East,Orthopedics,2025-04-23 15:23:00,63,154,83,97.9,17,99,8
SYN-V-004024,SYN-P-00035,SYN-E-001038,Synthetic Community Hospital East,Orthopedics,2025-04-24 11:41:00,103,107,81,99.1,19,100,0
SYN-V-004025,SYN-P-00035,SYN-E-001038,Synthetic Community Hospital East,Orthopedics,2025-04-24 12:15:00,78,140,67,97.0,20,98,4
SYN-V-004026,SYN-P-00035,SYN-E-001038,Synthetic Community Hospital East,Orthopedics,2025-04-24 19:38:00,109,100,75,99.8,22,95,6
SYN-V-004027,SYN-P-00035,SYN-E-001038,Synthetic Community Hospital East,Orthopedics,2025-04-24 23:14:00,67,118,95,98.3,22,92,8
SYN-V-004028,SYN-P-00035,SYN-E-001038,Synthetic Community Hospital East,Orthopedics,2025-04-25 10:50:00,57,107,77,97.4,18,95,7
SYN-V-004029,SYN-P-00035,SYN-E-001038,Synthetic Community Hospital East,Orthopedics,2025-04-25 17:59:00,103,153,81,99.2,12,95,7
SYN-V-004030,SYN-P-00035,SYN-E-001038,Synthetic Community Hospital East,Orthopedics,2025-04-26 05:37:00,97,123,91,97.4,14,99,5
SYN-V-004031,SYN-P-00035,SYN-E-001038,Synthetic Community Hospital East,Orthopedics,2025-04-26 18:34:00,104,106,94,99.3,20,93,2
SYN-V-004032,SYN-P-00035,SYN-E-001038,Synthetic Community Hospital East,Orthopedics,2025-04-26 21:20:00,66,121,72,97.6,14,93,8
SYN-V-004033,SYN-P-00035,SYN-E-001038,Synthetic Community Hospital East,Orthopedics,2025-04-27 02:22:00,103,121,85,99.6,15,100,4
SYN-V-004034,SYN-P-00035,SYN-E-001038,Synthetic Community Hospital East,Orthopedics,2025-04-27 05:37:00,57,140,93,98.1,22,95,0
SYN-V-004035,SYN-P-00035,SYN-E-001038,Synthetic Community Hospital East,Orthopedics,2025-04-27 14:54:00,90,149,80,97.5,17,94,1
SYN-V-004036,SYN-P-00010,SYN-E-001039,Synthetic Regional Medical Center,Emergency,2025-04-17 06:58:00,72,159,63,97.8,18,97,4
SYN-V-004037,SYN-P-00230,SYN-E-001041,Synthetic Specialty Clinic,Orthopedics,2025-04-17 23:04:00,77,111,78,99.0,21,92,6
SYN-V-004038,SYN-P-00230,SYN-E-001041,Synthetic Specialty Clinic,Orthopedics,2025-04-17 23:12:00,110,126,74,97.5,16,92,3
SYN-V-004039,SYN-P-00230,SYN-E-001041,Synthetic Specialty Clinic,Orthopedics,2025-04-18 00:23:00,93,144,70,99.2,18,100,5
SYN-V-004040,SYN-P-00162,SYN-E-001042,Synthetic Regional Medical Center,Pulmonology,2025-04-18 09:06:00,80,147,85,99.1,22,92,0
SYN-V-004041,SYN-P-00162,SYN-E-001042,Synthetic Regional Medical Center,Pulmonology,2025-04-18 13:41:00,105,149,87,98.5,19,97,2
SYN-V-004042,SYN-P-00162,SYN-E-001042,Synthetic Regional Medical Center,Pulmonology,2025-04-18 14:54:00,94,114,67,99.4,22,100,4
SYN-V-004043,SYN-P-00162,SYN-E-001042,Synthetic Regional Medical Center,Pulmonology,2025-04-19 19:40:00,110,103,85,97.1,19,95,8
SYN-V-004044,SYN-P-00162,SYN-E-001042,Synthetic Regional Medical Center,Pulmonology,2025-04-19 23:10:00,99,149,78,98.3,15,92,1
SYN-V-004045,SYN-P-00162,SYN-E-001042,Synthetic Regional Medical Center,Pulmonology,2025-04-20 07:01:00,89,112,93,97.9,18,93,6
SYN-V-004046,SYN-P-00162,SYN-E-001042,Synthetic Regional Medical Center,Pulmonology,2025-04-20 13:10:00,75,135,82,99.7,14,92,4
SYN-V-004047,SYN-P-00162,SYN-E-001042,Synthetic Regional Medical Center,Pulmonology,2025-04-21 01:14:00,72,138,71,98.5,12,93,5
SYN-V-004048,SYN-P-00162,SYN-E-001042,Synthetic Regional Medical Center,Pulmonology,2025-04-21 04:31:00,93,137,86,98.5,16,93,4
SYN-V-004049,SYN-P-00162,SYN-E-001042,Synthetic Regional Medical Center,Pulmonology,2025-04-21 14:11:00,100,134,92,97.4,12,93,0
SYN-V-004050,SYN-P-00162,SYN-E-001042,Synthetic Regional Medical Center,Pulmonology,2025-04-21 18:49:00,97,143,76,97.1,14,92,
SYN-V-004051,SYN-P-00162,SYN-E-001042,Synthetic Regional Medical Center,Pulmonology,2025-04-21 20:28:00,97,156,74,97.8,19,99,1
SYN-V-004052,SYN-P-00162,SYN-E-001042,Synthetic Regional Medical Center,Pulmonology,2025-04-21 22:28:00,57,133,70,98.6,22,93,0
SYN-V-004053,SYN-P-00162,SYN-E-001042,Synthetic Regional Medical Center,Pulmonology,2025-04-21 23:37:00,84,159,92,99.5,20,98,8
SYN-V-004054,SYN-P-00162,SYN-E-001042,Synthetic Regional Medical Center,Pulmonology,2025-04-21 23:55:00,62,129,67,98.7,13,92,6
SYN-V-004055,SYN-P-00215,SYN-E-001043,Synthetic Community Hospital West,Emergency,2025-04-18 01:46:00,89,131,76,98.8,12,93,8
SYN-V-004056,SYN-P-00215,SYN-E-001043,Synthetic Community Hospital West,Emergency,2025-04-18 02:48:00,65,148,85,98.7,20,93,2
SYN-V-004057,SYN-P-00215,SYN-E-001043,Synthetic Community Hospital West,Emergency,2025-04-18 03:17:00,74,133,88,98.1,14,98,1
SYN-V-004058,SYN-P-00215,SYN-E-001043,Synthetic Community Hospital West,Emergency,2025-04-18 03:19:00,104,110,62,99.2,19,99,8
SYN-V-004059,SYN-P-00215,SYN-E-001043,Synthetic Community Hospital West,Emergency,2025-04-18 04:22:00,62,133,68,97.1,19,93,4
SYN-V-004060,SYN-P-00215,SYN-E-001043,Synthetic Community Hospital West,Emergency,2025-04-18 04:59:00,73,131,78,98.4,13,95,5
SYN-V-004061,SYN-P-00215,SYN-E-001043,Synthetic Community Hospital West,Emergency,2025-04-18 05:16:00,86,103,79,99.2,21,94,0
SYN-V-004062,SYN-P-00233,SYN-E-001044,Synthetic Regional Medical Center,Internal Medicine,2025-04-18 21:05:00,78,110,77,98.1,14,95,4
SYN-V-004063,SYN-P-00233,SYN-E-001044,Synthetic Regional Medical Center,Internal Medicine,2025-04-19 05:48:00,93,111,60,97.6,14,94,6
SYN-V-004064,SYN-P-00233,SYN-E-001044,Synthetic Regional Medical Center,Internal Medicine,2025-04-19 07:35:00,100,104,78,98.5,22,98,5
SYN-V-004065,SYN-P-00233,SYN-E-001044,Synthetic Regional Medical Center,Internal Medicine,2025-04-19 18:54:00,96,145,72,97.1,20,97,4
SYN-V-004066,SYN-P-00233,SYN-E-001044,Synthetic Regional Medical Center,Internal Medicine,2025-04-19 23:16:00,63,142,60,98.3,21,100,8
SYN-V-004067,SYN-P-00233,SYN-E-001044,Synthetic Regional Medical Center,Internal Medicine,2025-04-20 05:50:00,96,150,68,99.5,16,99,6
SYN-V-004068,SYN-P-00039,SYN-E-001045,Synthetic Community Hospital East,Emergency,2025-04-18 19:59:00,68,115,65,99.7,15,94,3
SYN-V-004069,SYN-P-00039,SYN-E-001045,Synthetic Community Hospital East,Emergency,2025-04-18 20:47:00,70,143,65,99.3,12,94,6
SYN-V-004070,SYN-P-00039,SYN-E-001045,Synthetic Community Hospital East,Emergency,2025-04-18 21:14:00,85,131,78,98.5,16,100,4
SYN-V-004071,SYN-P-00125,SYN-E-001046,Synthetic Community Hospital West,Emergency,2025-04-19 01:07:00,87,100,89,98.7,19,97,7
SYN-V-004072,SYN-P-00125,SYN-E-001046,Synthetic Community Hospital West,Emergency,2025-04-19 02:51:00,61,114,78,99.3,14,97,5
SYN-V-004073,SYN-P-00125,SYN-E-001046,Synthetic Community Hospital West,Emergency,2025-04-19 04:18:00,74,108,74,98.1,14,98,3
SYN-V-004074,SYN-P-00125,SYN-E-001046,Synthetic Community Hospital West,Emergency,2025-04-19 04:21:00,90,140,76,97.1,21,96,4
SYN-V-004075,SYN-P-00034,SYN-E-001048,Synthetic Community Hospital East,Primary Care,2025-04-21 04:16:00,68,100,83,99.6,18,98,
SYN-V-004076,SYN-P-00034,SYN-E-001048,Synthetic Community Hospital East,Primary Care,2025-04-21 05:03:00,70,111,71,97.7,13,95,0
SYN-V-004077,SYN-P-00034,SYN-E-001048,Synthetic Community Hospital East,Primary Care,2025-04-21 05:21:00,77,155,72,99.0,12,100,1
SYN-V-004078,SYN-P-00186,SYN-E-001049,Synthetic Community Hospital West,Orthopedics,2025-04-21 21:41:00,61,115,90,98.7,13,94,0
SYN-V-004079,SYN-P-00186,SYN-E-001049,Synthetic Community Hospital West,Orthopedics,2025-04-22 22:09:00,95,153,79,97.3,12,94,3
SYN-V-004080,SYN-P-00186,SYN-E-001049,Synthetic Community Hospital West,Orthopedics,2025-04-23 01:20:00,65,119,80,98.1,22,93,3
SYN-V-004081,SYN-P-00186,SYN-E-001049,Synthetic Community Hospital West,Orthopedics,2025-04-23 08:36:00,99,111,91,99.0,12,99,6
SYN-V-004082,SYN-P-00186,SYN-E-001049,Synthetic Community Hospital West,Orthopedics,2025-04-23 15:26:00,101,117,88,98.3,12,98,5
SYN-V-004083,SYN-P-00186,SYN-E-001049,Synthetic Community Hospital West,Orthopedics,2025-04-24 17:50:00,99,156,84,97.6,19,97,8
SYN-V-004084,SYN-P-00045,SYN-E-001050,Synthetic Community Hospital East,Endocrinology,2025-04-22 22:53:00,101,160,76,97.6,18,95,0
SYN-V-004085,SYN-P-00239,SYN-E-001051,Synthetic Outpatient Center,Primary Care,2025-04-22 23:46:00,97,152,82,98.7,19,92,8
SYN-V-004086,SYN-P-00239,SYN-E-001051,Synthetic Outpatient Center,Primary Care,2025-04-23 01:14:00,103,137,63,99.4,21,94,6
SYN-V-004087,SYN-P-00088,SYN-E-001052,Synthetic Community Hospital East,Emergency,2025-04-23 11:51:00,57,150,82,97.5,21,98,5
SYN-V-004088,SYN-P-00088,SYN-E-001052,Synthetic Community Hospital East,Emergency,2025-04-23 12:01:00,71,106,79,98.7,20,100,1
SYN-V-004089,SYN-P-00088,SYN-E-001052,Synthetic Community Hospital East,Emergency,2025-04-23 12:13:00,55,153,68,97.7,22,93,3
SYN-V-004090,SYN-P-00088,SYN-E-001052,Synthetic Community Hospital East,Emergency,2025-04-23 12:29:00,92,155,62,98.9,12,100,4
SYN-V-004091,SYN-P-00052,SYN-E-001053,Synthetic Regional Medical Center,Emergency,2025-04-23 20:47:00,84,154,60,99.7,21,97,0
SYN-V-004092,SYN-P-00052,SYN-E-001053,Synthetic Regional Medical Center,Emergency,2025-04-23 21:15:00,90,152,70,97.9,12,99,1
SYN-V-004093,SYN-P-00052,SYN-E-001053,Synthetic Regional Medical Center,Emergency,2025-04-23 21:25:00,77,150,86,98.8,15,97,3
SYN-V-004094,SYN-P-00028,SYN-E-001054,Synthetic Specialty Clinic,Endocrinology,2025-04-24 01:49:00,106,138,81,97.1,15,97,5
SYN-V-004095,SYN-P-00028,SYN-E-001054,Synthetic Specialty Clinic,Endocrinology,2025-04-24 02:50:00,94,116,76,98.4,12,92,3
SYN-V-004096,SYN-P-00028,SYN-E-001054,Synthetic Specialty Clinic,Endocrinology,2025-04-24 03:08:00,110,125,78,98.9,18,96,4
SYN-V-004097,SYN-P-00028,SYN-E-001054,Synthetic Specialty Clinic,Endocrinology,2025-04-24 04:20:00,58,117,70,97.6,19,94,5
SYN-V-004098,SYN-P-00028,SYN-E-001054,Synthetic Specialty Clinic,Endocrinology,2025-04-24 04:30:00,60,121,80,99.4,12,100,3
SYN-V-004099,SYN-P-00050,SYN-E-001055,Synthetic Outpatient Center,Orthopedics,2025-04-24 06:23:00,100,126,80,99.6,22,100,0
SYN-V-004100,SYN-P-00228,SYN-E-001056,Synthetic Community Hospital West,Cardiology,2025-04-25 15:51:00,78,131,84,98.5,16,95,5
SYN-V-004101,SYN-P-00228,SYN-E-001056,Synthetic Community Hospital West,Cardiology,2025-04-26 04:28:00,67,156,79,97.6,12,94,2
SYN-V-004102,SYN-P-00228,SYN-E-001056,Synthetic Community Hospital West,Cardiology,2025-04-26 08:01:00,89,126,69,99.0,13,100,1
SYN-V-004103,SYN-P-00228,SYN-E-001056,Synthetic Community Hospital West,Cardiology,2025-04-26 10:14:00,97,140,92,99.2,18,93,8
SYN-V-004104,SYN-P-00228,SYN-E-001056,Synthetic Community Hospital West,Cardiology,2025-04-26 16:20:00,110,111,92,97.3,12,96,1
SYN-V-004105,SYN-P-00228,SYN-E-001056,Synthetic Community Hospital West,Cardiology,2025-04-26 22:14:00,96,144,64,98.9,19,96,6
SYN-V-004106,SYN-P-00233,SYN-E-001057,Synthetic Regional Medical Center,Internal Medicine,2025-04-25 21:30:00,93,118,81,98.3,13,99,5
SYN-V-004107,SYN-P-00233,SYN-E-001057,Synthetic Regional Medical Center,Internal Medicine,2025-04-25 23:38:00,70,127,75,98.6,14,93,5
SYN-V-004108,SYN-P-00233,SYN-E-001057,Synthetic Regional Medical Center,Internal Medicine,2025-04-26 03:14:00,105,133,82,99.4,20,94,0
SYN-V-004109,SYN-P-00233,SYN-E-001057,Synthetic Regional Medical Center,Internal Medicine,2025-04-27 05:49:00,70,143,90,99.2,21,97,7
SYN-V-004110,SYN-P-00233,SYN-E-001057,Synthetic Regional Medical Center,Internal Medicine,2025-04-27 07:20:00,77,127,70,97.0,22,98,
SYN-V-004111,SYN-P-00233,SYN-E-001057,Synthetic Regional Medical Center,Internal Medicine,2025-04-27 09:14:00,77,103,91,97.4,15,98,5
SYN-V-004112,SYN-P-00233,SYN-E-001057,Synthetic Regional Medical Center,Internal Medicine,2025-04-27 11:11:00,72,137,72,98.4,12,94,4
SYN-V-004113,SYN-P-00233,SYN-E-001057,Synthetic Regional Medical Center,Internal Medicine,2025-04-27 18:34:00,90,104,79,98.4,18,94,3
SYN-V-004114,SYN-P-00233,SYN-E-001057,Synthetic Regional Medical Center,Internal Medicine,2025-04-27 19:39:00,76,141,62,97.6,20,92,7
SYN-V-004115,SYN-P-00233,SYN-E-001057,Synthetic Regional Medical Center,Internal Medicine,2025-04-28 18:03:00,78,138,64,99.0,16,97,3
SYN-V-004116,SYN-P-00233,SYN-E-001057,Synthetic Regional Medical Center,Internal Medicine,2025-04-29 14:43:00,100,115,66,97.1,16,95,1
SYN-V-004117,SYN-P-00233,SYN-E-001057,Synthetic Regional Medical Center,Internal Medicine,2025-04-29 15:17:00,56,107,79,99.1,17,99,1
SYN-V-004118,SYN-P-00233,SYN-E-001057,Synthetic Regional Medical Center,Internal Medicine,2025-04-30 05:50:00,98,130,67,98.9,17,99,1
SYN-V-004119,SYN-P-00233,SYN-E-001057,Synthetic Regional Medical Center,Internal Medicine,2025-04-30 07:28:00,95,150,81,98.4,21,100,5
SYN-V-004120,SYN-P-00233,SYN-E-001057,Synthetic Regional Medical Center,Internal Medicine,2025-04-30 08:28:00,71,131,92,98.0,15,93,5
SYN-V-004121,SYN-P-00227,SYN-E-001058,Synthetic Community Hospital East,Orthopedics,2025-04-25 19:53:00,107,122,74,98.9,17,93,7
SYN-V-004122,SYN-P-00227,SYN-E-001058,Synthetic Community Hospital East,Orthopedics,2025-04-25 20:34:00,103,126,70,98.3,20,94,2
SYN-V-004123,SYN-P-00014,SYN-E-001059,Synthetic Specialty Clinic,Primary Care,2025-04-26 13:25:00,63,142,65,99.2,18,92,1
SYN-V-004124,SYN-P-00064,SYN-E-001060,Synthetic Community Hospital East,Cardiology,2025-04-26 19:13:00,71,121,90,99.4,19,100,0
SYN-V-004125,SYN-P-00064,SYN-E-001060,Synthetic Community Hospital East,Cardiology,2025-04-27 04:34:00,83,138,89,99.0,14,92,5
SYN-V-004126,SYN-P-00064,SYN-E-001060,Synthetic Community Hospital East,Cardiology,2025-04-28 05:39:00,68,134,83,99.7,15,98,2
SYN-V-004127,SYN-P-00064,SYN-E-001060,Synthetic Community Hospital East,Cardiology,2025-04-28 15:14:00,96,155,94,99.1,12,98,4
SYN-V-004128,SYN-P-00064,SYN-E-001060,Synthetic Community Hospital East,Cardiology,2025-04-28 22:22:00,67,136,93,99.7,22,94,0
SYN-V-004129,SYN-P-00064,SYN-E-001060,Synthetic Community Hospital East,Cardiology,2025-04-29 01:52:00,73,117,63,97.6,15,100,2
SYN-V-004130,SYN-P-00064,SYN-E-001060,Synthetic Community Hospital East,Cardiology,2025-04-29 06:59:00,91,158,75,99.0,18,98,2
SYN-V-004131,SYN-P-00064,SYN-E-001060,Synthetic Community Hospital East,Cardiology,2025-04-29 16:57:00,99,120,95,97.0,12,95,0
SYN-V-004132,SYN-P-00064,SYN-E-001060,Synthetic Community Hospital East,Cardiology,2025-04-30 13:32:00,91,139,75,99.7,15,96,4
SYN-V-004133,SYN-P-00244,SYN-E-001061,Synthetic Outpatient Center,Primary Care,2025-04-26 20:56:00,98,151,72,97.1,18,99,5
SYN-V-004134,SYN-P-00224,SYN-E-001062,Synthetic Community Hospital East,Pulmonology,2025-04-27 04:03:00,77,100,81,98.0,16,98,2
SYN-V-004135,SYN-P-00224,SYN-E-001062,Synthetic Community Hospital East,Pulmonology,2025-04-27 09:42:00,68,104,93,98.1,12,96,4
SYN-V-004136,SYN-P-00224,SYN-E-001062,Synthetic Community Hospital East,Pulmonology,2025-04-27 18:38:00,91,141,94,99.4,22,99,7
SYN-V-004137,SYN-P-00224,SYN-E-001062,Synthetic Community Hospital East,Pulmonology,2025-04-27 22:13:00,87,132,66,98.0,22,93,1
SYN-V-004138,SYN-P-00224,SYN-E-001062,Synthetic Community Hospital East,Pulmonology,2025-04-28 03:47:00,60,130,72,98.7,14,96,2
SYN-V-004139,SYN-P-00224,SYN-E-001062,Synthetic Community Hospital East,Pulmonology,2025-04-28 10:34:00,68,149,91,99.8,16,92,5
SYN-V-004140,SYN-P-00224,SYN-E-001062,Synthetic Community Hospital East,Pulmonology,2025-04-29 15:04:00,58,141,75,98.8,17,96,
SYN-V-004141,SYN-P-00224,SYN-E-001062,Synthetic Community Hospital East,Pulmonology,2025-04-29 18:05:00,76,119,64,97.9,17,95,7
SYN-V-004142,SYN-P-00224,SYN-E-001062,Synthetic Community Hospital East,Pulmonology,2025-04-29 18:26:00,69,151,62,97.2,20,96,4
SYN-V-004143,SYN-P-00224,SYN-E-001062,Synthetic Community Hospital East,Pulmonology,2025-05-01 07:30:00,73,108,65,97.1,21,96,1
SYN-V-004144,SYN-P-00224,SYN-E-001062,Synthetic Community Hospital East,Pulmonology,2025-05-01 09:06:00,64,154,76,98.0,12,96,0
SYN-V-004145,SYN-P-00224,SYN-E-001062,Synthetic Community Hospital East,Pulmonology,2025-05-01 10:49:00,103,130,89,98.7,21,92,3
SYN-V-004146,SYN-P-00224,SYN-E-001062,Synthetic Community Hospital East,Pulmonology,2025-05-01 22:12:00,71,130,92,97.6,17,95,6
SYN-V-004147,SYN-P-00290,SYN-E-001063,Synthetic Outpatient Center,Endocrinology,2025-04-27 02:15:00,66,111,77,99.7,20,99,8
SYN-V-004148,SYN-P-00290,SYN-E-001063,Synthetic Outpatient Center,Endocrinology,2025-04-27 02:54:00,89,118,61,98.4,15,97,2
SYN-V-004149,SYN-P-00090,SYN-E-001064,Synthetic Regional Medical Center,Emergency,2025-04-27 13:26:00,97,107,88,99.0,16,94,5
SYN-V-004150,SYN-P-00090,SYN-E-001064,Synthetic Regional Medical Center,Emergency,2025-04-27 13:41:00,107,138,64,99.3,13,99,4
SYN-V-004151,SYN-P-00090,SYN-E-001064,Synthetic Regional Medical Center,Emergency,2025-04-27 14:48:00,55,116,94,99.6,15,92,5
SYN-V-004152,SYN-P-00090,SYN-E-001064,Synthetic Regional Medical Center,Emergency,2025-04-27 14:55:00,61,102,65,99.2,20,93,5
SYN-V-004153,SYN-P-00090,SYN-E-001064,Synthetic Regional Medical Center,Emergency,2025-04-27 16:52:00,98,115,87,99.1,21,97,8
SYN-V-004154,SYN-P-00267,SYN-E-001066,Synthetic Regional Medical Center,Neurology,2025-04-30 10:17:00,97,102,64,99.1,20,92,3
SYN-V-004155,SYN-P-00267,SYN-E-001066,Synthetic Regional Medical Center,Neurology,2025-04-30 13:56:00,65,157,74,98.3,14,95,
SYN-V-004156,SYN-P-00267,SYN-E-001066,Synthetic Regional Medical Center,Neurology,2025-04-30 17:20:00,57,142,66,98.6,19,98,6
SYN-V-004157,SYN-P-00267,SYN-E-001066,Synthetic Regional Medical Center,Neurology,2025-05-01 02:31:00,103,157,86,98.6,19,98,1
SYN-V-004158,SYN-P-00265,SYN-E-001067,Synthetic Community Hospital East,Emergency,2025-04-29 10:11:00,58,108,88,99.5,17,96,2
SYN-V-004159,SYN-P-00265,SYN-E-001067,Synthetic Community Hospital East,Emergency,2025-04-29 11:56:00,87,131,75,98.2,12,96,1
SYN-V-004160,SYN-P-00265,SYN-E-001067,Synthetic Community Hospital East,Emergency,2025-04-29 12:20:00,96,112,71,97.7,18,95,1
SYN-V-004161,SYN-P-00011,SYN-E-001068,Synthetic Outpatient Center,Pulmonology,2025-04-29 14:34:00,80,159,94,97.5,20,95,2
SYN-V-004162,SYN-P-00278,SYN-E-001069,Synthetic Specialty Clinic,Orthopedics,2025-04-30 17:45:00,102,127,71,99.4,21,99,2
SYN-V-004163,SYN-P-00191,SYN-E-001070,Synthetic Community Hospital East,Emergency,2025-04-30 17:03:00,78,129,68,99.6,20,95,1
SYN-V-004164,SYN-P-00191,SYN-E-001070,Synthetic Community Hospital East,Emergency,2025-04-30 17:25:00,107,157,86,98.8,14,93,2
SYN-V-004165,SYN-P-00191,SYN-E-001070,Synthetic Community Hospital East,Emergency,2025-04-30 18:07:00,91,120,65,98.4,20,97,3
SYN-V-004166,SYN-P-00191,SYN-E-001070,Synthetic Community Hospital East,Emergency,2025-04-30 18:08:00,97,100,64,98.2,13,100,7
SYN-V-004167,SYN-P-00201,SYN-E-001071,Synthetic Regional Medical Center,Internal Medicine,2025-05-01 02:14:00,104,150,79,99.4,13,96,2
SYN-V-004168,SYN-P-00201,SYN-E-001071,Synthetic Regional Medical Center,Internal Medicine,2025-05-01 18:37:00,75,118,92,98.5,18,95,
SYN-V-004169,SYN-P-00201,SYN-E-001071,Synthetic Regional Medical Center,Internal Medicine,2025-05-03 18:44:00,83,128,89,98.1,16,96,6
SYN-V-004170,SYN-P-00201,SYN-E-001071,Synthetic Regional Medical Center,Internal Medicine,2025-05-04 06:51:00,63,140,64,97.6,18,100,4
SYN-V-004171,SYN-P-00201,SYN-E-001071,Synthetic Regional Medical Center,Internal Medicine,2025-05-04 06:57:00,101,120,69,97.8,21,100,7
SYN-V-004172,SYN-P-00201,SYN-E-001071,Synthetic Regional Medical Center,Internal Medicine,2025-05-04 07:39:00,65,154,77,99.5,18,100,8
SYN-V-004173,SYN-P-00201,SYN-E-001071,Synthetic Regional Medical Center,Internal Medicine,2025-05-04 10:26:00,107,137,61,99.1,19,92,6
SYN-V-004174,SYN-P-00201,SYN-E-001071,Synthetic Regional Medical Center,Internal Medicine,2025-05-04 19:47:00,55,131,85,98.5,12,97,4
SYN-V-004175,SYN-P-00201,SYN-E-001071,Synthetic Regional Medical Center,Internal Medicine,2025-05-05 05:28:00,94,156,84,99.6,12,98,5
SYN-V-004176,SYN-P-00201,SYN-E-001071,Synthetic Regional Medical Center,Internal Medicine,2025-05-05 08:04:00,74,136,64,99.6,15,98,5
SYN-V-004177,SYN-P-00201,SYN-E-001071,Synthetic Regional Medical Center,Internal Medicine,2025-05-06 10:50:00,66,135,63,98.4,15,98,2
SYN-V-004178,SYN-P-00201,SYN-E-001071,Synthetic Regional Medical Center,Internal Medicine,2025-05-06 13:35:00,95,148,83,98.8,19,92,0
SYN-V-004179,SYN-P-00201,SYN-E-001071,Synthetic Regional Medical Center,Internal Medicine,2025-05-06 23:23:00,96,133,75,98.8,14,100,1
SYN-V-004180,SYN-P-00201,SYN-E-001071,Synthetic Regional Medical Center,Internal Medicine,2025-05-07 04:08:00,97,118,62,97.9,14,98,0
SYN-V-004181,SYN-P-00201,SYN-E-001071,Synthetic Regional Medical Center,Internal Medicine,2025-05-07 13:57:00,78,147,95,99.7,13,93,
SYN-V-004182,SYN-P-00201,SYN-E-001071,Synthetic Regional Medical Center,Internal Medicine,2025-05-08 12:54:00,93,150,90,99.3,16,100,4
SYN-V-004183,SYN-P-00201,SYN-E-001071,Synthetic Regional Medical Center,Internal Medicine,2025-05-09 03:26:00,90,150,67,97.8,21,97,4
SYN-V-004184,SYN-P-00201,SYN-E-001071,Synthetic Regional Medical Center,Internal Medicine,2025-05-10 04:30:00,80,148,85,97.3,12,99,
SYN-V-004185,SYN-P-00201,SYN-E-001071,Synthetic Regional Medical Center,Internal Medicine,2025-05-10 09:22:00,62,121,89,97.6,17,93,7
SYN-V-004186,SYN-P-00201,SYN-E-001071,Synthetic Regional Medical Center,Internal Medicine,2025-05-11 01:00:00,88,136,61,98.4,13,93,3
SYN-V-004187,SYN-P-00201,SYN-E-001071,Synthetic Regional Medical Center,Internal Medicine,2025-05-11 01:40:00,93,142,71,99.6,13,99,1
SYN-V-004188,SYN-P-00201,SYN-E-001071,Synthetic Regional Medical Center,Internal Medicine,2025-05-11 12:35:00,99,150,81,98.1,15,99,8
SYN-V-004189,SYN-P-00201,SYN-E-001071,Synthetic Regional Medical Center,Internal Medicine,2025-05-11 17:29:00,76,113,94,99.2,17,94,4
SYN-V-004190,SYN-P-00201,SYN-E-001071,Synthetic Regional Medical Center,Internal Medicine,2025-05-11 18:43:00,79,100,68,99.7,22,100,5
SYN-V-004191,SYN-P-00201,SYN-E-001071,Synthetic Regional Medical Center,Internal Medicine,2025-05-12 16:11:00,62,156,62,97.6,16,93,8
SYN-V-004192,SYN-P-00201,SYN-E-001071,Synthetic Regional Medical Center,Internal Medicine,2025-05-12 21:11:00,92,133,94,97.3,18,99,0
SYN-V-004193,SYN-P-00297,SYN-E-001072,Synthetic Community Hospital East,Nephrology,2025-05-01 14:23:00,78,142,75,99.4,16,93,5
SYN-V-004194,SYN-P-00297,SYN-E-001072,Synthetic Community Hospital East,Nephrology,2025-05-02 06:07:00,77,108,71,99.4,21,97,4
SYN-V-004195,SYN-P-00297,SYN-E-001072,Synthetic Community Hospital East,Nephrology,2025-05-03 06:27:00,107,147,70,98.0,22,96,7
SYN-V-004196,SYN-P-00297,SYN-E-001072,Synthetic Community Hospital East,Nephrology,2025-05-03 08:48:00,59,124,68,99.6,14,96,4
SYN-V-004197,SYN-P-00286,SYN-E-001075,Synthetic Community Hospital East,Orthopedics,2025-05-02 10:55:00,76,118,74,99.8,18,99,4
SYN-V-004198,SYN-P-00286,SYN-E-001075,Synthetic Community Hospital East,Orthopedics,2025-05-02 11:52:00,110,153,72,99.2,17,100,1
SYN-V-004199,SYN-P-00091,SYN-E-001076,Synthetic Community Hospital West,Emergency,2025-05-02 12:50:00,60,134,74,98.6,12,98,2
SYN-V-004200,SYN-P-00296,SYN-E-001077,Synthetic Outpatient Center,Primary Care,2025-05-03 14:56:00,59,144,76,98.7,12,93,5
SYN-V-004201,SYN-P-00296,SYN-E-001077,Synthetic Outpatient Center,Primary Care,2025-05-03 17:21:00,101,102,73,99.2,20,98,2
SYN-V-004202,SYN-P-00203,SYN-E-001081,Synthetic Community Hospital West,Emergency,2025-05-05 03:56:00,56,153,94,97.7,18,99,7
SYN-V-004203,SYN-P-00203,SYN-E-001081,Synthetic Community Hospital West,Emergency,2025-05-05 05:12:00,65,116,88,97.1,12,95,5
SYN-V-004204,SYN-P-00203,SYN-E-001081,Synthetic Community Hospital West,Emergency,2025-05-05 05:27:00,104,140,93,98.5,22,92,2
SYN-V-004205,SYN-P-00203,SYN-E-001081,Synthetic Community Hospital West,Emergency,2025-05-05 06:03:00,65,117,73,98.0,16,96,7
SYN-V-004206,SYN-P-00203,SYN-E-001081,Synthetic Community Hospital West,Emergency,2025-05-05 06:21:00,65,160,89,97.2,21,98,6
SYN-V-004207,SYN-P-00099,SYN-E-001082,Synthetic Community Hospital East,Orthopedics,2025-05-06 19:20:00,60,153,66,98.6,14,94,4
SYN-V-004208,SYN-P-00099,SYN-E-001082,Synthetic Community Hospital East,Orthopedics,2025-05-07 01:51:00,106,124,70,99.5,15,96,0
SYN-V-004209,SYN-P-00099,SYN-E-001082,Synthetic Community Hospital East,Orthopedics,2025-05-07 03:54:00,83,160,78,97.9,16,95,2
SYN-V-004210,SYN-P-00099,SYN-E-001082,Synthetic Community Hospital East,Orthopedics,2025-05-07 09:08:00,77,128,95,98.5,14,99,6
SYN-V-004211,SYN-P-00099,SYN-E-001082,Synthetic Community Hospital East,Orthopedics,2025-05-07 14:15:00,61,120,82,98.6,21,98,2
SYN-V-004212,SYN-P-00099,SYN-E-001082,Synthetic Community Hospital East,Orthopedics,2025-05-07 16:39:00,98,159,79,98.8,16,94,4
SYN-V-004213,SYN-P-00099,SYN-E-001082,Synthetic Community Hospital East,Orthopedics,2025-05-07 21:12:00,73,106,92,99.2,20,92,
SYN-V-004214,SYN-P-00099,SYN-E-001082,Synthetic Community Hospital East,Orthopedics,2025-05-07 22:46:00,99,104,88,98.0,13,95,5
SYN-V-004215,SYN-P-00099,SYN-E-001082,Synthetic Community Hospital East,Orthopedics,2025-05-07 23:48:00,57,135,63,97.9,17,98,2
SYN-V-004216,SYN-P-00099,SYN-E-001082,Synthetic Community Hospital East,Orthopedics,2025-05-08 11:58:00,100,123,75,97.6,13,94,1
SYN-V-004217,SYN-P-00099,SYN-E-001082,Synthetic Community Hospital East,Orthopedics,2025-05-08 12:43:00,88,106,62,98.4,18,99,0
SYN-V-004218,SYN-P-00099,SYN-E-001082,Synthetic Community Hospital East,Orthopedics,2025-05-08 15:04:00,88,110,92,97.8,19,97,0
SYN-V-004219,SYN-P-00099,SYN-E-001082,Synthetic Community Hospital East,Orthopedics,2025-05-09 02:27:00,93,156,77,98.9,17,97,3
SYN-V-004220,SYN-P-00099,SYN-E-001082,Synthetic Community Hospital East,Orthopedics,2025-05-09 17:24:00,73,134,94,98.7,14,94,0
SYN-V-004221,SYN-P-00099,SYN-E-001082,Synthetic Community Hospital East,Orthopedics,2025-05-10 15:25:00,67,115,73,98.2,20,96,5
SYN-V-004222,SYN-P-00099,SYN-E-001082,Synthetic Community Hospital East,Orthopedics,2025-05-10 15:35:00,73,155,79,97.6,20,92,8
SYN-V-004223,SYN-P-00256,SYN-E-001084,Synthetic Community Hospital East,Orthopedics,2025-05-07 22:13:00,78,133,75,97.1,15,96,6
SYN-V-004224,SYN-P-00256,SYN-E-001084,Synthetic Community Hospital East,Orthopedics,2025-05-08 00:04:00,90,140,63,98.7,15,100,0
SYN-V-004225,SYN-P-00256,SYN-E-001084,Synthetic Community Hospital East,Orthopedics,2025-05-08 02:31:00,87,104,68,97.4,22,92,7
SYN-V-004226,SYN-P-00256,SYN-E-001084,Synthetic Community Hospital East,Orthopedics,2025-05-08 03:37:00,72,115,67,97.3,17,99,3
SYN-V-004227,SYN-P-00256,SYN-E-001084,Synthetic Community Hospital East,Orthopedics,2025-05-08 14:10:00,106,134,62,99.0,20,95,5
SYN-V-004228,SYN-P-00256,SYN-E-001084,Synthetic Community Hospital East,Orthopedics,2025-05-08 20:05:00,80,138,60,97.5,14,95,5
SYN-V-004229,SYN-P-00256,SYN-E-001084,Synthetic Community Hospital East,Orthopedics,2025-05-08 20:34:00,89,157,91,97.4,15,92,4
SYN-V-004230,SYN-P-00256,SYN-E-001084,Synthetic Community Hospital East,Orthopedics,2025-05-08 23:30:00,74,159,71,99.0,18,92,5
SYN-V-004231,SYN-P-00157,SYN-E-001085,Synthetic Outpatient Center,Primary Care,2025-05-08 05:22:00,92,139,82,97.9,15,97,0
SYN-V-004232,SYN-P-00157,SYN-E-001085,Synthetic Outpatient Center,Primary Care,2025-05-08 06:07:00,95,106,75,99.3,13,99,1
SYN-V-004233,SYN-P-00096,SYN-E-001087,Synthetic Community Hospital West,Emergency,2025-05-09 09:00:00,109,148,82,99.2,18,94,3
SYN-V-004234,SYN-P-00217,SYN-E-001088,Synthetic Community Hospital East,Orthopedics,2025-05-10 06:51:00,86,109,65,98.7,12,98,4
SYN-V-004235,SYN-P-00217,SYN-E-001088,Synthetic Community Hospital East,Orthopedics,2025-05-10 16:43:00,59,149,69,98.8,16,92,8
SYN-V-004236,SYN-P-00217,SYN-E-001088,Synthetic Community Hospital East,Orthopedics,2025-05-11 03:51:00,106,122,90,98.0,20,92,3
SYN-V-004237,SYN-P-00217,SYN-E-001088,Synthetic Community Hospital East,Orthopedics,2025-05-11 05:42:00,69,100,83,98.4,17,96,0
SYN-V-004238,SYN-P-00217,SYN-E-001088,Synthetic Community Hospital East,Orthopedics,2025-05-11 16:32:00,69,122,69,99.8,21,93,4
SYN-V-004239,SYN-P-00217,SYN-E-001088,Synthetic Community Hospital East,Orthopedics,2025-05-11 17:15:00,67,148,90,97.2,13,99,6
SYN-V-004240,SYN-P-00217,SYN-E-001088,Synthetic Community Hospital East,Orthopedics,2025-05-11 23:44:00,110,126,66,99.7,21,96,3
SYN-V-004241,SYN-P-00217,SYN-E-001088,Synthetic Community Hospital East,Orthopedics,2025-05-12 10:03:00,62,153,60,98.7,21,96,5
SYN-V-004242,SYN-P-00217,SYN-E-001088,Synthetic Community Hospital East,Orthopedics,2025-05-12 11:06:00,97,106,76,99.1,17,99,1
SYN-V-004243,SYN-P-00120,SYN-E-001089,Synthetic Community Hospital West,Primary Care,2025-05-10 10:18:00,105,136,67,98.4,13,93,2
SYN-V-004244,SYN-P-00222,SYN-E-001090,Synthetic Community Hospital East,Emergency,2025-05-10 10:31:00,75,104,70,98.2,13,95,1
SYN-V-004245,SYN-P-00222,SYN-E-001090,Synthetic Community Hospital East,Emergency,2025-05-10 13:38:00,60,128,91,97.2,18,92,1
SYN-V-004246,SYN-P-00222,SYN-E-001090,Synthetic Community Hospital East,Emergency,2025-05-10 14:03:00,89,152,62,99.0,17,95,3
SYN-V-004247,SYN-P-00222,SYN-E-001090,Synthetic Community Hospital East,Emergency,2025-05-10 14:03:00,70,102,82,99.6,22,98,1
SYN-V-004248,SYN-P-00238,SYN-E-001091,Synthetic Outpatient Center,Endocrinology,2025-05-10 18:44:00,62,151,81,98.7,19,95,5
SYN-V-004249,SYN-P-00238,SYN-E-001091,Synthetic Outpatient Center,Endocrinology,2025-05-10 19:38:00,58,142,92,97.3,12,100,2
SYN-V-004250,SYN-P-00063,SYN-E-001092,Synthetic Community Hospital West,Orthopedics,2025-05-11 09:24:00,55,157,92,98.2,22,92,6
SYN-V-004251,SYN-P-00063,SYN-E-001092,Synthetic Community Hospital West,Orthopedics,2025-05-11 17:23:00,104,105,69,99.5,16,93,4
SYN-V-004252,SYN-P-00063,SYN-E-001092,Synthetic Community Hospital West,Orthopedics,2025-05-11 19:29:00,81,109,73,97.8,12,96,3
SYN-V-004253,SYN-P-00063,SYN-E-001092,Synthetic Community Hospital West,Orthopedics,2025-05-11 21:47:00,77,108,91,98.3,16,94,7
SYN-V-004254,SYN-P-00063,SYN-E-001092,Synthetic Community Hospital West,Orthopedics,2025-05-12 02:53:00,96,124,73,99.1,20,99,7
SYN-V-004255,SYN-P-00063,SYN-E-001092,Synthetic Community Hospital West,Orthopedics,2025-05-12 23:30:00,80,125,61,97.8,21,93,4
SYN-V-004256,SYN-P-00063,SYN-E-001092,Synthetic Community Hospital West,Orthopedics,2025-05-13 14:24:00,81,159,86,99.4,14,94,1
SYN-V-004257,SYN-P-00063,SYN-E-001092,Synthetic Community Hospital West,Orthopedics,2025-05-13 14:49:00,63,100,74,97.2,15,97,8
SYN-V-004258,SYN-P-00063,SYN-E-001092,Synthetic Community Hospital West,Orthopedics,2025-05-14 04:36:00,82,137,80,97.7,18,96,4
SYN-V-004259,SYN-P-00063,SYN-E-001092,Synthetic Community Hospital West,Orthopedics,2025-05-14 09:06:00,94,114,60,97.9,13,94,8
SYN-V-004260,SYN-P-00063,SYN-E-001092,Synthetic Community Hospital West,Orthopedics,2025-05-14 22:59:00,110,134,74,98.6,12,98,3
SYN-V-004261,SYN-P-00063,SYN-E-001092,Synthetic Community Hospital West,Orthopedics,2025-05-15 00:14:00,88,124,75,98.1,12,97,3
SYN-V-004262,SYN-P-00063,SYN-E-001092,Synthetic Community Hospital West,Orthopedics,2025-05-15 01:15:00,87,101,79,98.7,13,92,4
SYN-V-004263,SYN-P-00063,SYN-E-001092,Synthetic Community Hospital West,Orthopedics,2025-05-15 08:28:00,82,137,72,99.0,14,93,7
SYN-V-004264,SYN-P-00063,SYN-E-001092,Synthetic Community Hospital West,Orthopedics,2025-05-15 10:25:00,86,151,65,97.3,16,95,1
SYN-V-004265,SYN-P-00063,SYN-E-001092,Synthetic Community Hospital West,Orthopedics,2025-05-16 02:37:00,69,125,88,97.7,16,92,2
SYN-V-004266,SYN-P-00063,SYN-E-001092,Synthetic Community Hospital West,Orthopedics,2025-05-16 08:14:00,87,137,79,98.6,12,97,7
SYN-V-004267,SYN-P-00106,SYN-E-001093,Synthetic Regional Medical Center,Cardiology,2025-05-11 23:36:00,107,121,75,99.3,21,99,5
SYN-V-004268,SYN-P-00106,SYN-E-001093,Synthetic Regional Medical Center,Cardiology,2025-05-12 15:51:00,77,128,86,99.6,14,97,4
SYN-V-004269,SYN-P-00106,SYN-E-001093,Synthetic Regional Medical Center,Cardiology,2025-05-12 19:22:00,108,108,86,98.1,14,99,6
SYN-V-004270,SYN-P-00106,SYN-E-001093,Synthetic Regional Medical Center,Cardiology,2025-05-12 20:08:00,82,144,76,99.7,21,93,7
SYN-V-004271,SYN-P-00106,SYN-E-001093,Synthetic Regional Medical Center,Cardiology,2025-05-13 23:20:00,80,152,76,97.1,20,98,2
SYN-V-004272,SYN-P-00106,SYN-E-001093,Synthetic Regional Medical Center,Cardiology,2025-05-14 04:35:00,74,107,91,97.3,19,98,3
SYN-V-004273,SYN-P-00106,SYN-E-001093,Synthetic Regional Medical Center,Cardiology,2025-05-14 08:02:00,98,148,80,97.2,20,92,6
SYN-V-004274,SYN-P-00106,SYN-E-001093,Synthetic Regional Medical Center,Cardiology,2025-05-15 06:18:00,106,156,93,98.6,20,96,7
SYN-V-004275,SYN-P-00106,SYN-E-001093,Synthetic Regional Medical Center,Cardiology,2025-05-15 06:43:00,60,117,84,97.6,21,99,7
SYN-V-004276,SYN-P-00106,SYN-E-001093,Synthetic Regional Medical Center,Cardiology,2025-05-15 17:18:00,67,129,90,98.9,17,96,1
SYN-V-004277,SYN-P-00106,SYN-E-001093,Synthetic Regional Medical Center,Cardiology,2025-05-15 19:23:00,109,127,74,98.0,15,92,2
SYN-V-004278,SYN-P-00106,SYN-E-001093,Synthetic Regional Medical Center,Cardiology,2025-05-16 00:50:00,79,155,77,99.4,22,96,2
SYN-V-004279,SYN-P-00106,SYN-E-001093,Synthetic Regional Medical Center,Cardiology,2025-05-16 10:43:00,107,109,78,99.2,22,97,8
SYN-V-004280,SYN-P-00262,SYN-E-001095,Synthetic Community Hospital West,Emergency,2025-05-12 16:25:00,55,143,70,99.8,19,95,8
SYN-V-004281,SYN-P-00262,SYN-E-001095,Synthetic Community Hospital West,Emergency,2025-05-12 16:42:00,104,149,90,97.2,12,96,4
SYN-V-004282,SYN-P-00257,SYN-E-001096,Synthetic Specialty Clinic,Pulmonology,2025-05-13 13:43:00,96,112,67,98.1,13,100,3
SYN-V-004283,SYN-P-00242,SYN-E-001097,Synthetic Regional Medical Center,Emergency,2025-05-13 12:34:00,65,160,89,98.8,13,100,3
SYN-V-004284,SYN-P-00242,SYN-E-001097,Synthetic Regional Medical Center,Emergency,2025-05-13 13:12:00,109,127,72,98.1,14,94,0
SYN-V-004285,SYN-P-00242,SYN-E-001097,Synthetic Regional Medical Center,Emergency,2025-05-13 14:47:00,94,114,61,97.9,15,93,1
SYN-V-004286,SYN-P-00242,SYN-E-001097,Synthetic Regional Medical Center,Emergency,2025-05-13 15:32:00,71,109,69,97.9,13,99,2
SYN-V-004287,SYN-P-00072,SYN-E-001099,Synthetic Community Hospital West,Emergency,2025-05-13 20:59:00,90,136,94,97.2,14,95,1
SYN-V-004288,SYN-P-00044,SYN-E-001101,Synthetic Specialty Clinic,Cardiology,2025-05-14 05:10:00,71,129,73,99.6,20,95,0
SYN-V-004289,SYN-P-00093,SYN-E-001102,Synthetic Regional Medical Center,Cardiology,2025-05-14 19:44:00,72,145,88,97.2,12,94,8
SYN-V-004290,SYN-P-00093,SYN-E-001102,Synthetic Regional Medical Center,Cardiology,2025-05-14 23:04:00,108,113,68,97.3,17,94,0
SYN-V-004291,SYN-P-00093,SYN-E-001102,Synthetic Regional Medical Center,Cardiology,2025-05-15 13:55:00,100,133,80,97.8,12,99,0
SYN-V-004292,SYN-P-00093,SYN-E-001102,Synthetic Regional Medical Center,Cardiology,2025-05-15 19:12:00,100,139,82,97.8,12,96,7
SYN-V-004293,SYN-P-00093,SYN-E-001102,Synthetic Regional Medical Center,Cardiology,2025-05-16 03:24:00,89,134,89,99.1,17,96,3
SYN-V-004294,SYN-P-00093,SYN-E-001102,Synthetic Regional Medical Center,Cardiology,2025-05-17 11:45:00,99,107,92,97.1,13,92,8
SYN-V-004295,SYN-P-00093,SYN-E-001102,Synthetic Regional Medical Center,Cardiology,2025-05-17 17:47:00,63,111,87,99.0,18,98,4
SYN-V-004296,SYN-P-00093,SYN-E-001102,Synthetic Regional Medical Center,Cardiology,2025-05-18 03:31:00,84,132,80,98.7,16,96,1
SYN-V-004297,SYN-P-00093,SYN-E-001102,Synthetic Regional Medical Center,Cardiology,2025-05-18 21:03:00,67,148,62,98.9,17,94,2
SYN-V-004298,SYN-P-00093,SYN-E-001102,Synthetic Regional Medical Center,Cardiology,2025-05-19 09:35:00,64,107,61,98.5,22,97,
SYN-V-004299,SYN-P-00093,SYN-E-001102,Synthetic Regional Medical Center,Cardiology,2025-05-19 15:16:00,99,106,94,98.1,16,92,1
SYN-V-004300,SYN-P-00093,SYN-E-001102,Synthetic Regional Medical Center,Cardiology,2025-05-19 21:04:00,60,104,73,99.8,20,99,0
SYN-V-004301,SYN-P-00093,SYN-E-001102,Synthetic Regional Medical Center,Cardiology,2025-05-19 22:32:00,85,127,68,99.6,16,95,2
SYN-V-004302,SYN-P-00093,SYN-E-001102,Synthetic Regional Medical Center,Cardiology,2025-05-20 04:40:00,70,121,82,97.5,15,92,4
SYN-V-004303,SYN-P-00093,SYN-E-001102,Synthetic Regional Medical Center,Cardiology,2025-05-20 07:17:00,62,140,82,98.8,12,95,8
SYN-V-004304,SYN-P-00093,SYN-E-001102,Synthetic Regional Medical Center,Cardiology,2025-05-20 10:02:00,95,107,92,99.4,14,97,1
SYN-V-004305,SYN-P-00093,SYN-E-001102,Synthetic Regional Medical Center,Cardiology,2025-05-20 15:17:00,92,145,65,97.4,22,97,8
SYN-V-004306,SYN-P-00093,SYN-E-001102,Synthetic Regional Medical Center,Cardiology,2025-05-20 21:39:00,65,124,88,99.0,22,96,7
SYN-V-004307,SYN-P-00071,SYN-E-001103,Synthetic Outpatient Center,Orthopedics,2025-05-16 04:57:00,74,152,85,97.1,13,92,6
SYN-V-004308,SYN-P-00006,SYN-E-001104,Synthetic Regional Medical Center,Emergency,2025-05-17 15:47:00,67,136,78,98.5,13,93,8
SYN-V-004309,SYN-P-00006,SYN-E-001104,Synthetic Regional Medical Center,Emergency,2025-05-17 16:05:00,79,123,83,98.5,20,95,5
SYN-V-004310,SYN-P-00006,SYN-E-001104,Synthetic Regional Medical Center,Emergency,2025-05-17 17:13:00,76,107,76,99.6,17,95,8
SYN-V-004311,SYN-P-00006,SYN-E-001104,Synthetic Regional Medical Center,Emergency,2025-05-17 17:38:00,60,132,75,98.8,22,96,8
SYN-V-004312,SYN-P-00006,SYN-E-001104,Synthetic Regional Medical Center,Emergency,2025-05-17 18:11:00,82,156,78,97.1,18,93,0
SYN-V-004313,SYN-P-00006,SYN-E-001104,Synthetic Regional Medical Center,Emergency,2025-05-17 18:25:00,57,152,65,99.3,19,97,8
SYN-V-004314,SYN-P-00006,SYN-E-001104,Synthetic Regional Medical Center,Emergency,2025-05-17 18:44:00,107,128,64,99.8,17,94,6
SYN-V-004315,SYN-P-00006,SYN-E-001104,Synthetic Regional Medical Center,Emergency,2025-05-17 19:02:00,73,101,79,97.7,12,97,8
SYN-V-004316,SYN-P-00006,SYN-E-001104,Synthetic Regional Medical Center,Emergency,2025-05-17 19:42:00,59,108,67,98.9,18,97,0
SYN-V-004317,SYN-P-00034,SYN-E-001105,Synthetic Outpatient Center,Pulmonology,2025-05-18 14:02:00,85,120,92,97.7,21,100,1
SYN-V-004318,SYN-P-00063,SYN-E-001107,Synthetic Community Hospital West,Orthopedics,2025-05-19 14:19:00,110,140,84,97.5,20,100,7
SYN-V-004319,SYN-P-00063,SYN-E-001107,Synthetic Community Hospital West,Orthopedics,2025-05-19 22:58:00,94,133,90,99.5,18,96,3
SYN-V-004320,SYN-P-00063,SYN-E-001107,Synthetic Community Hospital West,Orthopedics,2025-05-20 04:40:00,65,132,92,98.1,15,92,5
SYN-V-004321,SYN-P-00063,SYN-E-001107,Synthetic Community Hospital West,Orthopedics,2025-05-20 16:18:00,81,147,90,99.7,21,92,4
SYN-V-004322,SYN-P-00063,SYN-E-001107,Synthetic Community Hospital West,Orthopedics,2025-05-20 19:06:00,103,122,89,97.3,14,99,5
SYN-V-004323,SYN-P-00063,SYN-E-001107,Synthetic Community Hospital West,Orthopedics,2025-05-21 03:35:00,57,139,86,98.0,22,92,5
SYN-V-004324,SYN-P-00063,SYN-E-001107,Synthetic Community Hospital West,Orthopedics,2025-05-21 09:07:00,86,138,80,98.4,13,93,7
SYN-V-004325,SYN-P-00063,SYN-E-001107,Synthetic Community Hospital West,Orthopedics,2025-05-21 12:37:00,86,135,64,99.2,17,93,5
SYN-V-004326,SYN-P-00063,SYN-E-001107,Synthetic Community Hospital West,Orthopedics,2025-05-21 13:25:00,88,122,69,97.6,13,96,4
SYN-V-004327,SYN-P-00063,SYN-E-001107,Synthetic Community Hospital West,Orthopedics,2025-05-21 22:26:00,86,136,69,97.2,16,98,3
SYN-V-004328,SYN-P-00063,SYN-E-001107,Synthetic Community Hospital West,Orthopedics,2025-05-22 00:11:00,70,155,90,97.2,13,100,
SYN-V-004329,SYN-P-00083,SYN-E-001108,Synthetic Outpatient Center,Primary Care,2025-05-19 17:55:00,55,124,60,97.9,12,92,3
SYN-V-004330,SYN-P-00083,SYN-E-001108,Synthetic Outpatient Center,Primary Care,2025-05-19 18:58:00,66,138,61,97.1,15,96,2
SYN-V-004331,SYN-P-00180,SYN-E-001109,Synthetic Outpatient Center,Primary Care,2025-05-19 20:53:00,95,125,73,99.8,15,97,3
SYN-V-004332,SYN-P-00180,SYN-E-001109,Synthetic Outpatient Center,Primary Care,2025-05-19 22:04:00,82,138,74,98.8,16,94,4
SYN-V-004333,SYN-P-00191,SYN-E-001110,Synthetic Outpatient Center,Cardiology,2025-05-20 13:11:00,96,100,89,97.1,17,94,7
SYN-V-004334,SYN-P-00264,SYN-E-001112,Synthetic Regional Medical Center,Internal Medicine,2025-05-21 03:23:00,102,133,63,99.4,15,97,7
SYN-V-004335,SYN-P-00264,SYN-E-001112,Synthetic Regional Medical Center,Internal Medicine,2025-05-21 19:07:00,85,105,80,99.4,22,96,2
SYN-V-004336,SYN-P-00264,SYN-E-001112,Synthetic Regional Medical Center,Internal Medicine,2025-05-22 03:27:00,56,122,72,98.1,19,94,6
SYN-V-004337,SYN-P-00264,SYN-E-001112,Synthetic Regional Medical Center,Internal Medicine,2025-05-23 00:28:00,96,140,69,98.3,22,96,5
SYN-V-004338,SYN-P-00264,SYN-E-001112,Synthetic Regional Medical Center,Internal Medicine,2025-05-24 12:57:00,57,101,65,98.0,22,97,4
SYN-V-004339,SYN-P-00264,SYN-E-001112,Synthetic Regional Medical Center,Internal Medicine,2025-05-24 20:18:00,108,159,76,99.5,13,96,0
SYN-V-004340,SYN-P-00264,SYN-E-001112,Synthetic Regional Medical Center,Internal Medicine,2025-05-25 08:38:00,59,123,68,98.7,19,94,7
SYN-V-004341,SYN-P-00264,SYN-E-001112,Synthetic Regional Medical Center,Internal Medicine,2025-05-25 11:54:00,73,138,76,97.6,15,93,0
SYN-V-004342,SYN-P-00264,SYN-E-001112,Synthetic Regional Medical Center,Internal Medicine,2025-05-25 12:35:00,94,108,66,98.2,12,98,7
SYN-V-004343,SYN-P-00264,SYN-E-001112,Synthetic Regional Medical Center,Internal Medicine,2025-05-25 20:34:00,84,129,74,97.1,19,100,8
SYN-V-004344,SYN-P-00264,SYN-E-001112,Synthetic Regional Medical Center,Internal Medicine,2025-05-25 23:33:00,106,140,66,99.6,17,96,0
SYN-V-004345,SYN-P-00264,SYN-E-001112,Synthetic Regional Medical Center,Internal Medicine,2025-05-26 02:47:00,62,118,80,98.9,13,96,5
SYN-V-004346,SYN-P-00264,SYN-E-001112,Synthetic Regional Medical Center,Internal Medicine,2025-05-26 13:18:00,110,117,94,98.2,14,92,5
SYN-V-004347,SYN-P-00213,SYN-E-001113,Synthetic Regional Medical Center,Internal Medicine,2025-05-21 02:20:00,60,125,81,97.2,14,93,
SYN-V-004348,SYN-P-00016,SYN-E-001114,Synthetic Outpatient Center,Primary Care,2025-05-21 11:56:00,57,151,90,98.6,16,100,3
SYN-V-004349,SYN-P-00198,SYN-E-001115,Synthetic Community Hospital East,Pulmonology,2025-05-22 05:56:00,93,152,81,97.1,12,96,6
SYN-V-004350,SYN-P-00198,SYN-E-001115,Synthetic Community Hospital East,Pulmonology,2025-05-22 05:57:00,101,155,62,97.7,17,92,
SYN-V-004351,SYN-P-00198,SYN-E-001115,Synthetic Community Hospital East,Pulmonology,2025-05-22 18:57:00,78,130,74,99.2,16,99,4
SYN-V-004352,SYN-P-00198,SYN-E-001115,Synthetic Community Hospital East,Pulmonology,2025-05-23 11:52:00,59,156,95,98.4,22,99,5
SYN-V-004353,SYN-P-00198,SYN-E-001115,Synthetic Community Hospital East,Pulmonology,2025-05-23 12:58:00,85,159,80,99.0,18,100,7
SYN-V-004354,SYN-P-00198,SYN-E-001115,Synthetic Community Hospital East,Pulmonology,2025-05-23 16:19:00,58,139,68,97.1,19,98,4
SYN-V-004355,SYN-P-00198,SYN-E-001115,Synthetic Community Hospital East,Pulmonology,2025-05-23 19:03:00,94,156,69,99.8,15,94,2
SYN-V-004356,SYN-P-00198,SYN-E-001115,Synthetic Community Hospital East,Pulmonology,2025-05-24 04:06:00,95,114,86,99.7,22,94,6
SYN-V-004357,SYN-P-00198,SYN-E-001115,Synthetic Community Hospital East,Pulmonology,2025-05-24 09:24:00,81,156,65,98.9,18,97,8
SYN-V-004358,SYN-P-00198,SYN-E-001115,Synthetic Community Hospital East,Pulmonology,2025-05-24 15:48:00,59,115,71,99.1,18,96,6
SYN-V-004359,SYN-P-00198,SYN-E-001115,Synthetic Community Hospital East,Pulmonology,2025-05-25 00:29:00,79,134,60,97.9,20,98,1
SYN-V-004360,SYN-P-00141,SYN-E-001116,Synthetic Community Hospital East,Emergency,2025-05-23 13:11:00,99,142,60,97.1,17,99,3
SYN-V-004361,SYN-P-00141,SYN-E-001116,Synthetic Community Hospital East,Emergency,2025-05-23 13:28:00,104,153,93,99.1,21,99,2
SYN-V-004362,SYN-P-00141,SYN-E-001116,Synthetic Community Hospital East,Emergency,2025-05-23 15:37:00,57,150,75,97.4,21,94,5
SYN-V-004363,SYN-P-00141,SYN-E-001116,Synthetic Community Hospital East,Emergency,2025-05-23 16:12:00,99,153,75,97.1,19,93,5
SYN-V-004364,SYN-P-00217,SYN-E-001117,Synthetic Community Hospital East,Pulmonology,2025-05-25 14:00:00,100,152,61,97.0,18,95,2
SYN-V-004365,SYN-P-00217,SYN-E-001117,Synthetic Community Hospital East,Pulmonology,2025-05-26 07:37:00,85,138,67,99.6,14,95,3
SYN-V-004366,SYN-P-00217,SYN-E-001117,Synthetic Community Hospital East,Pulmonology,2025-05-27 04:20:00,62,140,84,97.6,19,93,1
SYN-V-004367,SYN-P-00217,SYN-E-001117,Synthetic Community Hospital East,Pulmonology,2025-05-27 12:50:00,79,153,71,98.9,13,98,1
SYN-V-004368,SYN-P-00217,SYN-E-001117,Synthetic Community Hospital East,Pulmonology,2025-05-27 14:14:00,57,112,70,97.5,18,98,4
SYN-V-004369,SYN-P-00217,SYN-E-001117,Synthetic Community Hospital East,Pulmonology,2025-05-27 17:46:00,79,130,87,98.9,18,93,4
SYN-V-004370,SYN-P-00217,SYN-E-001117,Synthetic Community Hospital East,Pulmonology,2025-05-27 18:33:00,70,133,77,99.1,19,98,4
SYN-V-004371,SYN-P-00217,SYN-E-001117,Synthetic Community Hospital East,Pulmonology,2025-05-28 14:17:00,84,150,88,99.7,15,97,1
SYN-V-004372,SYN-P-00217,SYN-E-001117,Synthetic Community Hospital East,Pulmonology,2025-05-28 21:14:00,84,102,60,97.4,20,96,4
SYN-V-004373,SYN-P-00217,SYN-E-001117,Synthetic Community Hospital East,Pulmonology,2025-05-29 12:10:00,89,153,81,99.7,16,98,1
SYN-V-004374,SYN-P-00217,SYN-E-001117,Synthetic Community Hospital East,Pulmonology,2025-05-29 19:34:00,102,107,64,99.0,20,93,0
SYN-V-004375,SYN-P-00217,SYN-E-001117,Synthetic Community Hospital East,Pulmonology,2025-05-30 01:08:00,88,123,94,99.5,12,96,
SYN-V-004376,SYN-P-00217,SYN-E-001117,Synthetic Community Hospital East,Pulmonology,2025-05-30 07:25:00,78,150,93,98.2,17,95,5
SYN-V-004377,SYN-P-00217,SYN-E-001117,Synthetic Community Hospital East,Pulmonology,2025-05-30 09:03:00,82,160,95,97.1,17,93,0
SYN-V-004378,SYN-P-00062,SYN-E-001118,Synthetic Specialty Clinic,Orthopedics,2025-05-25 18:21:00,92,143,73,98.0,13,97,8
SYN-V-004379,SYN-P-00144,SYN-E-001119,Synthetic Specialty Clinic,Pulmonology,2025-05-26 01:32:00,66,116,82,97.1,18,92,2
SYN-V-004380,SYN-P-00144,SYN-E-001119,Synthetic Specialty Clinic,Pulmonology,2025-05-26 02:53:00,69,155,83,99.6,22,92,6
SYN-V-004381,SYN-P-00097,SYN-E-001120,Synthetic Specialty Clinic,Pulmonology,2025-05-26 11:17:00,69,124,76,99.1,20,100,6
SYN-V-004382,SYN-P-00097,SYN-E-001120,Synthetic Specialty Clinic,Pulmonology,2025-05-26 11:27:00,65,156,60,99.6,15,96,2
SYN-V-004383,SYN-P-00093,SYN-E-001122,Synthetic Regional Medical Center,Internal Medicine,2025-05-27 03:50:00,66,111,72,98.9,15,99,6
SYN-V-004384,SYN-P-00093,SYN-E-001122,Synthetic Regional Medical Center,Internal Medicine,2025-05-27 05:50:00,103,113,95,98.2,17,92,3
SYN-V-004385,SYN-P-00093,SYN-E-001122,Synthetic Regional Medical Center,Internal Medicine,2025-05-27 06:42:00,89,146,61,97.9,14,97,7
SYN-V-004386,SYN-P-00093,SYN-E-001122,Synthetic Regional Medical Center,Internal Medicine,2025-05-27 09:23:00,102,157,68,97.7,18,97,8
SYN-V-004387,SYN-P-00093,SYN-E-001122,Synthetic Regional Medical Center,Internal Medicine,2025-05-27 13:38:00,92,155,68,99.1,13,95,8
SYN-V-004388,SYN-P-00093,SYN-E-001122,Synthetic Regional Medical Center,Internal Medicine,2025-05-27 22:41:00,65,114,88,97.7,12,97,6
SYN-V-004389,SYN-P-00035,SYN-E-001123,Synthetic Community Hospital West,Cardiology,2025-05-27 13:48:00,79,105,69,97.1,15,93,4
SYN-V-004390,SYN-P-00035,SYN-E-001123,Synthetic Community Hospital West,Cardiology,2025-05-28 02:56:00,91,114,90,99.1,13,98,5
SYN-V-004391,SYN-P-00035,SYN-E-001123,Synthetic Community Hospital West,Cardiology,2025-05-28 03:46:00,100,100,78,97.5,22,97,3
SYN-V-004392,SYN-P-00035,SYN-E-001123,Synthetic Community Hospital West,Cardiology,2025-05-28 11:10:00,59,138,61,99.8,22,93,2
SYN-V-004393,SYN-P-00035,SYN-E-001123,Synthetic Community Hospital West,Cardiology,2025-05-28 22:46:00,90,128,84,98.3,14,96,1
SYN-V-004394,SYN-P-00035,SYN-E-001123,Synthetic Community Hospital West,Cardiology,2025-05-29 07:31:00,67,123,74,98.2,22,93,8
SYN-V-004395,SYN-P-00035,SYN-E-001123,Synthetic Community Hospital West,Cardiology,2025-05-29 08:20:00,56,127,64,98.9,21,100,6
SYN-V-004396,SYN-P-00035,SYN-E-001123,Synthetic Community Hospital West,Cardiology,2025-05-29 09:08:00,95,156,70,98.0,19,96,3
SYN-V-004397,SYN-P-00035,SYN-E-001123,Synthetic Community Hospital West,Cardiology,2025-05-29 14:07:00,62,146,78,97.7,20,97,6
SYN-V-004398,SYN-P-00035,SYN-E-001123,Synthetic Community Hospital West,Cardiology,2025-05-29 19:14:00,95,127,78,99.2,12,97,3
SYN-V-004399,SYN-P-00035,SYN-E-001123,Synthetic Community Hospital West,Cardiology,2025-05-30 05:18:00,105,136,63,99.2,17,94,2
SYN-V-004400,SYN-P-00035,SYN-E-001123,Synthetic Community Hospital West,Cardiology,2025-05-30 14:07:00,56,141,78,99.0,15,96,7
SYN-V-004401,SYN-P-00119,SYN-E-001124,Synthetic Community Hospital East,Cardiology,2025-05-27 18:38:00,106,117,64,98.3,19,94,2
SYN-V-004402,SYN-P-00119,SYN-E-001124,Synthetic Community Hospital East,Cardiology,2025-05-27 19:12:00,91,147,69,97.5,13,100,6
SYN-V-004403,SYN-P-00119,SYN-E-001124,Synthetic Community Hospital East,Cardiology,2025-05-27 20:08:00,90,131,61,98.7,12,95,2
SYN-V-004404,SYN-P-00261,SYN-E-001125,Synthetic Regional Medical Center,Pulmonology,2025-05-28 16:03:00,100,151,92,97.8,19,95,7
SYN-V-004405,SYN-P-00261,SYN-E-001125,Synthetic Regional Medical Center,Pulmonology,2025-05-29 07:16:00,68,102,64,99.6,21,99,6
SYN-V-004406,SYN-P-00261,SYN-E-001125,Synthetic Regional Medical Center,Pulmonology,2025-05-29 19:39:00,81,136,79,98.5,21,98,3
SYN-V-004407,SYN-P-00261,SYN-E-001125,Synthetic Regional Medical Center,Pulmonology,2025-05-29 22:10:00,82,129,71,97.6,17,97,7
SYN-V-004408,SYN-P-00261,SYN-E-001125,Synthetic Regional Medical Center,Pulmonology,2025-05-30 06:53:00,102,142,75,98.1,22,99,8
SYN-V-004409,SYN-P-00261,SYN-E-001125,Synthetic Regional Medical Center,Pulmonology,2025-05-31 03:10:00,79,102,66,99.4,16,95,3
SYN-V-004410,SYN-P-00261,SYN-E-001125,Synthetic Regional Medical Center,Pulmonology,2025-05-31 10:11:00,95,157,88,99.4,21,100,7
SYN-V-004411,SYN-P-00261,SYN-E-001125,Synthetic Regional Medical Center,Pulmonology,2025-05-31 10:47:00,70,121,90,97.9,18,99,
SYN-V-004412,SYN-P-00261,SYN-E-001125,Synthetic Regional Medical Center,Pulmonology,2025-05-31 11:29:00,58,133,87,98.9,22,96,3
SYN-V-004413,SYN-P-00261,SYN-E-001125,Synthetic Regional Medical Center,Pulmonology,2025-06-01 04:15:00,98,106,63,99.2,20,93,1
SYN-V-004414,SYN-P-00261,SYN-E-001125,Synthetic Regional Medical Center,Pulmonology,2025-06-01 12:25:00,89,158,65,99.1,21,100,8
SYN-V-004415,SYN-P-00261,SYN-E-001125,Synthetic Regional Medical Center,Pulmonology,2025-06-01 14:06:00,79,108,93,98.5,14,97,8
SYN-V-004416,SYN-P-00261,SYN-E-001125,Synthetic Regional Medical Center,Pulmonology,2025-06-02 13:50:00,92,138,90,99.2,18,104,8
SYN-V-004417,SYN-P-00149,SYN-E-001126,Synthetic Community Hospital West,Emergency,2025-05-28 05:57:00,80,113,89,97.4,12,97,5
SYN-V-004418,SYN-P-00149,SYN-E-001126,Synthetic Community Hospital West,Emergency,2025-05-28 06:52:00,61,128,70,98.4,13,93,5
SYN-V-004419,SYN-P-00148,SYN-E-001128,Synthetic Specialty Clinic,Primary Care,2025-05-28 21:38:00,108,131,78,99.2,21,94,3
SYN-V-004420,SYN-P-00148,SYN-E-001128,Synthetic Specialty Clinic,Primary Care,2025-05-28 22:49:00,82,144,74,99.2,13,94,1
SYN-V-004421,SYN-P-00148,SYN-E-001128,Synthetic Specialty Clinic,Primary Care,2025-05-29 01:01:00,64,123,85,97.3,21,96,2
SYN-V-004422,SYN-P-00122,SYN-E-001129,Synthetic Specialty Clinic,Pulmonology,2025-05-29 00:55:00,79,100,80,97.7,12,100,5
SYN-V-004423,SYN-P-00122,SYN-E-001129,Synthetic Specialty Clinic,Pulmonology,2025-05-29 02:13:00,91,135,90,98.6,19,98,6
SYN-V-004424,SYN-P-00112,SYN-E-001131,Synthetic Community Hospital East,Nephrology,2025-05-30 15:56:00,93,144,61,97.6,17,93,5
SYN-V-004425,SYN-P-00112,SYN-E-001131,Synthetic Community Hospital East,Nephrology,2025-05-30 20:31:00,55,132,67,97.7,15,95,1
SYN-V-004426,SYN-P-00112,SYN-E-001131,Synthetic Community Hospital East,Nephrology,2025-05-30 23:03:00,94,104,70,98.0,14,93,0
SYN-V-004427,SYN-P-00112,SYN-E-001131,Synthetic Community Hospital East,Nephrology,2025-05-30 23:12:00,102,140,67,99.3,15,94,6
SYN-V-004428,SYN-P-00112,SYN-E-001131,Synthetic Community Hospital East,Nephrology,2025-05-31 02:21:00,83,144,95,97.2,15,92,0
SYN-V-004429,SYN-P-00112,SYN-E-001131,Synthetic Community Hospital East,Nephrology,2025-05-31 20:34:00,70,127,90,97.7,17,94,8
SYN-V-004430,SYN-P-00112,SYN-E-001131,Synthetic Community Hospital East,Nephrology,2025-06-02 20:58:00,102,153,93,98.9,22,93,7
SYN-V-004431,SYN-P-00112,SYN-E-001131,Synthetic Community Hospital East,Nephrology,2025-06-03 16:11:00,80,101,93,98.5,16,92,6
SYN-V-004432,SYN-P-00112,SYN-E-001131,Synthetic Community Hospital East,Nephrology,2025-06-04 04:54:00,55,104,80,97.1,19,100,7
SYN-V-004433,SYN-P-00112,SYN-E-001131,Synthetic Community Hospital East,Nephrology,2025-06-04 14:52:00,56,148,93,98.7,21,99,4
SYN-V-004434,SYN-P-00112,SYN-E-001131,Synthetic Community Hospital East,Nephrology,2025-06-04 20:17:00,108,139,93,97.8,18,96,7
SYN-V-004435,SYN-P-00112,SYN-E-001131,Synthetic Community Hospital East,Nephrology,2025-06-05 20:21:00,62,143,83,97.5,20,98,2
SYN-V-004436,SYN-P-00112,SYN-E-001131,Synthetic Community Hospital East,Nephrology,2025-06-06 12:08:00,103,103,64,99.2,22,98,8
SYN-V-004437,SYN-P-00112,SYN-E-001131,Synthetic Community Hospital East,Nephrology,2025-06-06 16:58:00,58,137,83,98.4,15,100,0
SYN-V-004438,SYN-P-00112,SYN-E-001131,Synthetic Community Hospital East,Nephrology,2025-06-06 19:52:00,62,108,65,99.1,16,99,5
SYN-V-004439,SYN-P-00112,SYN-E-001131,Synthetic Community Hospital East,Nephrology,2025-06-07 13:55:00,62,135,61,98.8,20,97,3
SYN-V-004440,SYN-P-00112,SYN-E-001131,Synthetic Community Hospital East,Nephrology,2025-06-08 08:02:00,95,117,84,99.0,13,98,
SYN-V-004441,SYN-P-00112,SYN-E-001131,Synthetic Community Hospital East,Nephrology,2025-06-08 08:55:00,95,107,79,98.6,15,95,2
SYN-V-004442,SYN-P-00038,SYN-E-001132,Synthetic Community Hospital East,Neurology,2025-05-31 10:39:00,90,103,94,99.8,21,96,7
SYN-V-004443,SYN-P-00038,SYN-E-001132,Synthetic Community Hospital East,Neurology,2025-06-01 09:04:00,93,146,82,97.9,16,99,3
SYN-V-004444,SYN-P-00038,SYN-E-001132,Synthetic Community Hospital East,Neurology,2025-06-02 20:58:00,93,142,75,97.6,19,95,5
SYN-V-004445,SYN-P-00038,SYN-E-001132,Synthetic Community Hospital East,Neurology,2025-06-04 08:57:00,103,106,73,98.2,17,93,8
SYN-V-004446,SYN-P-00038,SYN-E-001132,Synthetic Community Hospital East,Neurology,2025-06-04 09:12:00,96,159,91,99.8,14,100,7
SYN-V-004447,SYN-P-00038,SYN-E-001132,Synthetic Community Hospital East,Neurology,2025-06-04 17:27:00,104,120,92,98.1,19,95,1
SYN-V-004448,SYN-P-00237,SYN-E-001133,Synthetic Community Hospital West,Emergency,2025-06-01 13:33:00,96,142,75,97.5,13,100,5
SYN-V-004449,SYN-P-00129,SYN-E-001134,Synthetic Outpatient Center,Pulmonology,2025-06-01 16:24:00,97,133,84,97.9,21,94,1
SYN-V-004450,SYN-P-00129,SYN-E-001134,Synthetic Outpatient Center,Pulmonology,2025-06-01 17:06:00,96,142,92,98.0,15,98,2
SYN-V-004451,SYN-P-00129,SYN-E-001134,Synthetic Outpatient Center,Pulmonology,2025-06-01 18:11:00,108,156,82,97.2,21,92,
SYN-V-004452,SYN-P-00022,SYN-E-001135,Synthetic Community Hospital West,Pulmonology,2025-06-01 20:07:00,107,155,60,98.8,14,96,1
SYN-V-004453,SYN-P-00214,SYN-E-001137,Synthetic Regional Medical Center,Internal Medicine,2025-06-02 19:47:00,84,148,76,97.3,12,97,1
SYN-V-004454,SYN-P-00214,SYN-E-001137,Synthetic Regional Medical Center,Internal Medicine,2025-06-03 00:59:00,84,136,82,97.0,20,97,0
SYN-V-004455,SYN-P-00214,SYN-E-001137,Synthetic Regional Medical Center,Internal Medicine,2025-06-03 23:10:00,99,105,92,98.6,20,96,1
SYN-V-004456,SYN-P-00214,SYN-E-001137,Synthetic Regional Medical Center,Internal Medicine,2025-06-03 23:34:00,109,131,64,98.6,22,100,4
SYN-V-004457,SYN-P-00214,SYN-E-001137,Synthetic Regional Medical Center,Internal Medicine,2025-06-04 19:16:00,85,153,76,97.4,22,95,4
SYN-V-004458,SYN-P-00214,SYN-E-001137,Synthetic Regional Medical Center,Internal Medicine,2025-06-05 01:38:00,86,128,64,98.1,13,92,0
SYN-V-004459,SYN-P-00214,SYN-E-001137,Synthetic Regional Medical Center,Internal Medicine,2025-06-05 02:41:00,92,151,63,97.9,13,97,3
SYN-V-004460,SYN-P-00214,SYN-E-001137,Synthetic Regional Medical Center,Internal Medicine,2025-06-05 15:17:00,81,150,92,97.4,12,99,3
SYN-V-004461,SYN-P-00214,SYN-E-001137,Synthetic Regional Medical Center,Internal Medicine,2025-06-05 16:04:00,57,132,82,97.6,14,93,1
SYN-V-004462,SYN-P-00061,SYN-E-001138,Synthetic Community Hospital East,Emergency,2025-06-02 20:23:00,69,142,70,98.6,18,97,5
SYN-V-004463,SYN-P-00061,SYN-E-001138,Synthetic Community Hospital East,Emergency,2025-06-02 23:13:00,89,105,93,99.1,18,100,
SYN-V-004464,SYN-P-00204,SYN-E-001140,Synthetic Regional Medical Center,Emergency,2025-06-03 15:42:00,77,155,76,97.2,12,100,2
SYN-V-004465,SYN-P-00204,SYN-E-001140,Synthetic Regional Medical Center,Emergency,2025-06-03 15:45:00,101,145,83,98.1,22,97,1
SYN-V-004466,SYN-P-00204,SYN-E-001140,Synthetic Regional Medical Center,Emergency,2025-06-03 15:53:00,80,132,77,98.2,17,95,6
SYN-V-004467,SYN-P-00204,SYN-E-001140,Synthetic Regional Medical Center,Emergency,2025-06-03 16:46:00,64,128,93,97.0,13,93,4
SYN-V-004468,SYN-P-00204,SYN-E-001140,Synthetic Regional Medical Center,Emergency,2025-06-03 18:09:00,107,115,69,99.4,15,94,1
SYN-V-004469,SYN-P-00204,SYN-E-001140,Synthetic Regional Medical Center,Emergency,2025-06-03 18:15:00,84,128,94,99.7,15,92,3
SYN-V-004470,SYN-P-00204,SYN-E-001140,Synthetic Regional Medical Center,Emergency,2025-06-03 18:27:00,93,102,67,99.3,22,97,0
SYN-V-004471,SYN-P-00019,SYN-E-001141,Synthetic Community Hospital West,Primary Care,2025-06-03 21:58:00,64,149,66,98.0,13,94,4
SYN-V-004472,SYN-P-00019,SYN-E-001141,Synthetic Community Hospital West,Primary Care,2025-06-03 22:37:00,70,158,65,98.1,16,95,7
SYN-V-004473,SYN-P-00020,SYN-E-001143,Synthetic Specialty Clinic,Pulmonology,2025-06-05 03:03:00,82,133,66,97.4,12,95,6
SYN-V-004474,SYN-P-00183,SYN-E-001144,Synthetic Community Hospital East,Emergency,2025-06-05 11:54:00,85,104,79,98.1,20,92,0
SYN-V-004475,SYN-P-00183,SYN-E-001144,Synthetic Community Hospital East,Emergency,2025-06-05 14:19:00,61,104,66,98.0,15,97,4
SYN-V-004476,SYN-P-00183,SYN-E-001144,Synthetic Community Hospital East,Emergency,2025-06-05 15:21:00,55,150,66,97.2,12,95,8
SYN-V-004477,SYN-P-00270,SYN-E-001145,Synthetic Specialty Clinic,Primary Care,2025-06-05 19:25:00,98,131,69,99.4,19,98,7
SYN-V-004478,SYN-P-00065,SYN-E-001148,Synthetic Regional Medical Center,Emergency,2025-06-06 23:17:00,96,109,91,97.5,17,93,0
SYN-V-004479,SYN-P-00065,SYN-E-001148,Synthetic Regional Medical Center,Emergency,2025-06-06 23:33:00,78,126,86,97.1,13,94,5
SYN-V-004480,SYN-P-00065,SYN-E-001148,Synthetic Regional Medical Center,Emergency,2025-06-07 00:46:00,84,138,81,98.7,13,93,2
SYN-V-004481,SYN-P-00065,SYN-E-001148,Synthetic Regional Medical Center,Emergency,2025-06-07 01:36:00,102,107,84,97.8,19,95,7
SYN-V-004482,SYN-P-00065,SYN-E-001148,Synthetic Regional Medical Center,Emergency,2025-06-07 02:00:00,59,152,63,98.5,13,97,0
SYN-V-004483,SYN-P-00065,SYN-E-001148,Synthetic Regional Medical Center,Emergency,2025-06-07 02:30:00,95,133,86,97.7,20,96,1
SYN-V-004484,SYN-P-00065,SYN-E-001148,Synthetic Regional Medical Center,Emergency,2025-06-07 02:37:00,86,103,66,97.0,14,93,6
SYN-V-004485,SYN-P-00065,SYN-E-001148,Synthetic Regional Medical Center,Emergency,2025-06-07 02:52:00,79,127,71,98.0,16,93,0
SYN-V-004486,SYN-P-00225,SYN-E-001149,Synthetic Regional Medical Center,Nephrology,2025-06-08 13:47:00,76,128,79,99.3,21,97,7
SYN-V-004487,SYN-P-00225,SYN-E-001149,Synthetic Regional Medical Center,Nephrology,2025-06-08 17:31:00,83,151,67,97.1,16,96,
SYN-V-004488,SYN-P-00225,SYN-E-001149,Synthetic Regional Medical Center,Nephrology,2025-06-08 20:11:00,65,127,76,99.7,15,98,7
SYN-V-004489,SYN-P-00225,SYN-E-001149,Synthetic Regional Medical Center,Nephrology,2025-06-09 02:31:00,60,118,68,97.8,22,94,5
SYN-V-004490,SYN-P-00175,SYN-E-001150,Synthetic Regional Medical Center,Cardiology,2025-06-07 23:02:00,106,117,93,98.8,17,94,1
SYN-V-004491,SYN-P-00175,SYN-E-001150,Synthetic Regional Medical Center,Cardiology,2025-06-07 23:43:00,56,157,75,98.0,16,92,2
SYN-V-004492,SYN-P-00175,SYN-E-001150,Synthetic Regional Medical Center,Cardiology,2025-06-08 09:17:00,98,118,66,99.2,21,95,4
SYN-V-004493,SYN-P-00175,SYN-E-001150,Synthetic Regional Medical Center,Cardiology,2025-06-08 12:52:00,76,140,64,97.9,13,98,5
SYN-V-004494,SYN-P-00175,SYN-E-001150,Synthetic Regional Medical Center,Cardiology,2025-06-08 22:35:00,83,117,93,98.0,13,92,2
SYN-V-004495,SYN-P-00175,SYN-E-001150,Synthetic Regional Medical Center,Cardiology,2025-06-08 23:48:00,102,151,87,98.6,21,97,6
SYN-V-004496,SYN-P-00175,SYN-E-001150,Synthetic Regional Medical Center,Cardiology,2025-06-09 07:52:00,88,157,76,99.0,20,98,0
SYN-V-004497,SYN-P-00175,SYN-E-001150,Synthetic Regional Medical Center,Cardiology,2025-06-09 17:10:00,103,110,84,97.2,12,92,2
SYN-V-004498,SYN-P-00277,SYN-E-001152,Synthetic Community Hospital East,Cardiology,2025-06-09 14:54:00,57,120,61,98.4,22,92,6
SYN-V-004499,SYN-P-00277,SYN-E-001152,Synthetic Community Hospital East,Cardiology,2025-06-09 17:49:00,70,105,72,98.1,20,99,0
SYN-V-004500,SYN-P-00277,SYN-E-001152,Synthetic Community Hospital East,Cardiology,2025-06-10 00:24:00,64,146,67,97.1,17,100,4
SYN-V-004501,SYN-P-00277,SYN-E-001152,Synthetic Community Hospital East,Cardiology,2025-06-11 02:06:00,77,159,74,98.2,13,95,4
SYN-V-004502,SYN-P-00277,SYN-E-001152,Synthetic Community Hospital East,Cardiology,2025-06-11 10:10:00,67,132,60,99.0,19,99,7
SYN-V-004503,SYN-P-00277,SYN-E-001152,Synthetic Community Hospital East,Cardiology,2025-06-12 09:01:00,61,150,93,97.6,21,99,8
SYN-V-004504,SYN-P-00277,SYN-E-001152,Synthetic Community Hospital East,Cardiology,2025-06-12 15:53:00,76,141,62,97.9,14,94,3
SYN-V-004505,SYN-P-00277,SYN-E-001152,Synthetic Community Hospital East,Cardiology,2025-06-13 15:24:00,78,116,68,97.3,13,97,
SYN-V-004506,SYN-P-00277,SYN-E-001152,Synthetic Community Hospital East,Cardiology,2025-06-14 01:21:00,105,144,64,99.1,17,98,7
SYN-V-004507,SYN-P-00277,SYN-E-001152,Synthetic Community Hospital East,Cardiology,2025-06-14 14:33:00,108,131,68,99.5,21,93,8
SYN-V-004508,SYN-P-00041,SYN-E-001153,Synthetic Community Hospital West,Emergency,2025-06-10 12:06:00,105,118,76,97.8,20,95,8
SYN-V-004509,SYN-P-00041,SYN-E-001153,Synthetic Community Hospital West,Emergency,2025-06-10 12:40:00,61,103,70,98.0,14,92,2
SYN-V-004510,SYN-P-00168,SYN-E-001154,Synthetic Community Hospital West,Primary Care,2025-06-10 13:52:00,80,138,91,98.5,12,98,8
SYN-V-004511,SYN-P-00283,SYN-E-001155,Synthetic Community Hospital West,Neurology,2025-06-11 00:06:00,62,128,90,98.2,18,96,0
SYN-V-004512,SYN-P-00283,SYN-E-001155,Synthetic Community Hospital West,Neurology,2025-06-11 07:50:00,80,108,63,97.7,17,99,
SYN-V-004513,SYN-P-00283,SYN-E-001155,Synthetic Community Hospital West,Neurology,2025-06-11 22:57:00,99,159,60,98.5,20,98,3
SYN-V-004514,SYN-P-00283,SYN-E-001155,Synthetic Community Hospital West,Neurology,2025-06-12 01:54:00,93,105,61,97.8,16,99,4
SYN-V-004515,SYN-P-00283,SYN-E-001155,Synthetic Community Hospital West,Neurology,2025-06-12 16:20:00,98,154,91,99.4,18,98,5
SYN-V-004516,SYN-P-00283,SYN-E-001155,Synthetic Community Hospital West,Neurology,2025-06-13 07:48:00,57,150,64,97.1,17,95,3
SYN-V-004517,SYN-P-00283,SYN-E-001155,Synthetic Community Hospital West,Neurology,2025-06-13 16:52:00,103,116,88,98.7,18,93,7
SYN-V-004518,SYN-P-00283,SYN-E-001155,Synthetic Community Hospital West,Neurology,2025-06-13 18:45:00,60,115,79,99.0,18,94,1
SYN-V-004519,SYN-P-00283,SYN-E-001155,Synthetic Community Hospital West,Neurology,2025-06-13 19:23:00,57,150,71,98.0,15,98,5
SYN-V-004520,SYN-P-00283,SYN-E-001155,Synthetic Community Hospital West,Neurology,2025-06-14 10:52:00,98,120,80,99.2,12,92,3
SYN-V-004521,SYN-P-00283,SYN-E-001155,Synthetic Community Hospital West,Neurology,2025-06-14 13:22:00,81,145,70,98.0,15,96,2
SYN-V-004522,SYN-P-00283,SYN-E-001155,Synthetic Community Hospital West,Neurology,2025-06-15 03:01:00,109,115,90,97.5,13,98,3
SYN-V-004523,SYN-P-00283,SYN-E-001155,Synthetic Community Hospital West,Neurology,2025-06-15 04:58:00,88,153,84,98.1,12,99,2
SYN-V-004524,SYN-P-00283,SYN-E-001155,Synthetic Community Hospital West,Neurology,2025-06-15 05:56:00,88,155,90,97.5,14,100,3
SYN-V-004525,SYN-P-00283,SYN-E-001155,Synthetic Community Hospital West,Neurology,2025-06-15 06:26:00,84,122,76,98.6,22,96,1
SYN-V-004526,SYN-P-00283,SYN-E-001155,Synthetic Community Hospital West,Neurology,2025-06-15 07:29:00,66,118,73,98.2,19,96,2
SYN-V-004527,SYN-P-00283,SYN-E-001155,Synthetic Community Hospital West,Neurology,2025-06-15 09:37:00,85,124,67,99.7,19,95,6
SYN-V-004528,SYN-P-00283,SYN-E-001155,Synthetic Community Hospital West,Neurology,2025-06-15 15:54:00,110,105,81,97.8,20,98,6
SYN-V-004529,SYN-P-00149,SYN-E-001157,Synthetic Community Hospital East,Emergency,2025-06-11 01:03:00,93,135,76,99.2,22,93,1
SYN-V-004530,SYN-P-00149,SYN-E-001157,Synthetic Community Hospital East,Emergency,2025-06-11 01:04:00,71,117,85,97.3,19,94,0
SYN-V-004531,SYN-P-00149,SYN-E-001157,Synthetic Community Hospital East,Emergency,2025-06-11 01:45:00,65,135,71,98.0,13,97,3
SYN-V-004532,SYN-P-00149,SYN-E-001157,Synthetic Community Hospital East,Emergency,2025-06-11 02:12:00,59,151,66,98.3,18,96,5
SYN-V-004533,SYN-P-00149,SYN-E-001157,Synthetic Community Hospital East,Emergency,2025-06-11 02:13:00,88,109,65,98.4,17,99,2
SYN-V-004534,SYN-P-00219,SYN-E-001158,Synthetic Specialty Clinic,Orthopedics,2025-06-11 02:50:00,104,149,89,98.7,20,95,2
SYN-V-004535,SYN-P-00219,SYN-E-001158,Synthetic Specialty Clinic,Orthopedics,2025-06-11 03:12:00,59,106,69,98.7,20,96,1
SYN-V-004536,SYN-P-00219,SYN-E-001158,Synthetic Specialty Clinic,Orthopedics,2025-06-11 04:47:00,64,157,92,98.9,18,100,7
SYN-V-004537,SYN-P-00219,SYN-E-001158,Synthetic Specialty Clinic,Orthopedics,2025-06-11 04:58:00,82,128,74,99.1,13,96,3
SYN-V-004538,SYN-P-00219,SYN-E-001158,Synthetic Specialty Clinic,Orthopedics,2025-06-11 05:51:00,80,115,92,97.5,17,96,2
SYN-V-004539,SYN-P-00203,SYN-E-001161,Synthetic Outpatient Center,Primary Care,2025-06-11 12:38:00,74,109,93,98.2,17,98,2
SYN-V-004540,SYN-P-00056,SYN-E-001162,Synthetic Community Hospital West,Pulmonology,2025-06-12 03:49:00,75,131,67,98.9,22,96,2
SYN-V-004541,SYN-P-00056,SYN-E-001162,Synthetic Community Hospital West,Pulmonology,2025-06-12 07:13:00,59,135,64,98.2,15,93,
SYN-V-004542,SYN-P-00056,SYN-E-001162,Synthetic Community Hospital West,Pulmonology,2025-06-12 08:56:00,62,139,78,97.3,15,98,0
SYN-V-004543,SYN-P-00056,SYN-E-001162,Synthetic Community Hospital West,Pulmonology,2025-06-12 12:46:00,110,120,73,99.5,21,93,4
SYN-V-004544,SYN-P-00056,SYN-E-001162,Synthetic Community Hospital West,Pulmonology,2025-06-13 11:03:00,65,100,60,98.4,22,93,5
SYN-V-004545,SYN-P-00056,SYN-E-001162,Synthetic Community Hospital West,Pulmonology,2025-06-13 20:14:00,101,153,73,97.1,18,93,0
SYN-V-004546,SYN-P-00056,SYN-E-001162,Synthetic Community Hospital West,Pulmonology,2025-06-13 21:22:00,77,110,66,98.5,22,99,0
SYN-V-004547,SYN-P-00056,SYN-E-001162,Synthetic Community Hospital West,Pulmonology,2025-06-14 09:00:00,105,151,72,97.1,15,96,5
SYN-V-004548,SYN-P-00056,SYN-E-001162,Synthetic Community Hospital West,Pulmonology,2025-06-14 11:20:00,59,157,76,99.4,21,97,8
SYN-V-004549,SYN-P-00056,SYN-E-001162,Synthetic Community Hospital West,Pulmonology,2025-06-14 18:54:00,102,158,60,99.8,22,96,4
SYN-V-004550,SYN-P-00056,SYN-E-001162,Synthetic Community Hospital West,Pulmonology,2025-06-14 20:16:00,71,140,77,99.0,20,100,7
SYN-V-004551,SYN-P-00056,SYN-E-001162,Synthetic Community Hospital West,Pulmonology,2025-06-15 01:53:00,90,101,76,98.2,21,94,8
SYN-V-004552,SYN-P-00056,SYN-E-001162,Synthetic Community Hospital West,Pulmonology,2025-06-15 02:42:00,95,133,60,99.2,16,98,3
SYN-V-004553,SYN-P-00056,SYN-E-001162,Synthetic Community Hospital West,Pulmonology,2025-06-15 09:17:00,99,110,69,97.5,12,93,7
SYN-V-004554,SYN-P-00056,SYN-E-001162,Synthetic Community Hospital West,Pulmonology,2025-06-15 20:51:00,60,130,70,97.8,21,94,3
SYN-V-004555,SYN-P-00056,SYN-E-001162,Synthetic Community Hospital West,Pulmonology,2025-06-16 05:16:00,73,119,65,99.3,22,96,
SYN-V-004556,SYN-P-00056,SYN-E-001162,Synthetic Community Hospital West,Pulmonology,2025-06-17 01:30:00,89,138,77,97.2,22,94,7
SYN-V-004557,SYN-P-00285,SYN-E-001163,Synthetic Specialty Clinic,Orthopedics,2025-06-12 20:06:00,74,104,71,97.1,16,94,2
SYN-V-004558,SYN-P-00071,SYN-E-001164,Synthetic Specialty Clinic,Orthopedics,2025-06-13 07:57:00,88,128,72,98.3,12,92,6
SYN-V-004559,SYN-P-00071,SYN-E-001164,Synthetic Specialty Clinic,Orthopedics,2025-06-13 08:04:00,110,135,72,99.3,13,97,6
SYN-V-004560,SYN-P-00167,SYN-E-001165,Synthetic Community Hospital West,Neurology,2025-06-13 18:24:00,86,157,90,98.0,20,93,4
SYN-V-004561,SYN-P-00167,SYN-E-001165,Synthetic Community Hospital West,Neurology,2025-06-13 18:44:00,91,155,93,97.3,16,92,7
SYN-V-004562,SYN-P-00167,SYN-E-001165,Synthetic Community Hospital West,Neurology,2025-06-13 19:45:00,70,101,60,97.1,17,98,7
SYN-V-004563,SYN-P-00167,SYN-E-001165,Synthetic Community Hospital West,Neurology,2025-06-14 01:42:00,58,145,81,98.6,16,92,4
SYN-V-004564,SYN-P-00167,SYN-E-001165,Synthetic Community Hospital West,Neurology,2025-06-14 03:36:00,65,146,69,98.2,15,92,7
SYN-V-004565,SYN-P-00167,SYN-E-001165,Synthetic Community Hospital West,Neurology,2025-06-14 14:12:00,75,104,91,98.6,17,94,0
SYN-V-004566,SYN-P-00167,SYN-E-001165,Synthetic Community Hospital West,Neurology,2025-06-14 16:09:00,90,128,93,99.8,15,96,6
SYN-V-004567,SYN-P-00167,SYN-E-001165,Synthetic Community Hospital West,Neurology,2025-06-14 18:00:00,76,151,95,99.8,21,98,7
SYN-V-004568,SYN-P-00167,SYN-E-001165,Synthetic Community Hospital West,Neurology,2025-06-14 22:14:00,103,155,91,98.9,15,92,7
SYN-V-004569,SYN-P-00167,SYN-E-001165,Synthetic Community Hospital West,Neurology,2025-06-14 22:55:00,107,108,79,97.4,19,96,
SYN-V-004570,SYN-P-00167,SYN-E-001165,Synthetic Community Hospital West,Neurology,2025-06-15 09:04:00,98,153,85,99.0,13,96,6
SYN-V-004571,SYN-P-00167,SYN-E-001165,Synthetic Community Hospital West,Neurology,2025-06-15 12:37:00,83,142,76,98.5,14,96,3
SYN-V-004572,SYN-P-00293,SYN-E-001166,Synthetic Community Hospital East,Cardiology,2025-06-15 01:59:00,88,144,71,98.3,18,93,8
SYN-V-004573,SYN-P-00291,SYN-E-001168,Synthetic Regional Medical Center,Nephrology,2025-06-14 22:00:00,79,105,78,99.1,21,100,4
SYN-V-004574,SYN-P-00291,SYN-E-001168,Synthetic Regional Medical Center,Nephrology,2025-06-15 04:32:00,61,157,62,97.7,12,94,3
SYN-V-004575,SYN-P-00291,SYN-E-001168,Synthetic Regional Medical Center,Nephrology,2025-06-15 05:23:00,101,134,84,99.1,17,96,4
SYN-V-004576,SYN-P-00291,SYN-E-001168,Synthetic Regional Medical Center,Nephrology,2025-06-15 07:44:00,62,117,72,99.7,15,95,0
SYN-V-004577,SYN-P-00291,SYN-E-001168,Synthetic Regional Medical Center,Nephrology,2025-06-15 15:43:00,101,141,87,98.8,17,95,1
SYN-V-004578,SYN-P-00291,SYN-E-001168,Synthetic Regional Medical Center,Nephrology,2025-06-15 16:28:00,74,141,76,99.6,13,93,3
SYN-V-004579,SYN-P-00291,SYN-E-001168,Synthetic Regional Medical Center,Nephrology,2025-06-15 23:00:00,68,154,66,99.5,12,98,5
SYN-V-004580,SYN-P-00197,SYN-E-001169,Synthetic Outpatient Center,Orthopedics,2025-06-16 16:21:00,63,112,73,98.7,19,95,8
SYN-V-004581,SYN-P-00289,SYN-E-001170,Synthetic Outpatient Center,Primary Care,2025-06-17 03:55:00,72,121,79,97.5,17,92,1
SYN-V-004582,SYN-P-00221,SYN-E-001171,Synthetic Regional Medical Center,Internal Medicine,2025-06-17 09:44:00,62,116,66,98.9,12,100,8
SYN-V-004583,SYN-P-00221,SYN-E-001171,Synthetic Regional Medical Center,Internal Medicine,2025-06-17 22:19:00,66,109,87,98.3,16,94,2
SYN-V-004584,SYN-P-00221,SYN-E-001171,Synthetic Regional Medical Center,Internal Medicine,2025-06-17 22:53:00,108,118,95,99.2,15,98,2
SYN-V-004585,SYN-P-00221,SYN-E-001171,Synthetic Regional Medical Center,Internal Medicine,2025-06-18 07:18:00,107,153,65,97.7,17,100,3
SYN-V-004586,SYN-P-00076,SYN-E-001172,Synthetic Specialty Clinic,Endocrinology,2025-06-17 12:12:00,106,154,83,99.7,20,100,7
SYN-V-004587,SYN-P-00076,SYN-E-001172,Synthetic Specialty Clinic,Endocrinology,2025-06-17 14:41:00,88,142,82,98.1,15,99,6
SYN-V-004588,SYN-P-00076,SYN-E-001172,Synthetic Specialty Clinic,Endocrinology,2025-06-17 14:49:00,86,122,84,98.5,20,96,6
SYN-V-004589,SYN-P-00158,SYN-E-001173,Synthetic Regional Medical Center,Cardiology,2025-06-18 01:32:00,73,108,67,98.4,12,96,7
SYN-V-004590,SYN-P-00158,SYN-E-001173,Synthetic Regional Medical Center,Cardiology,2025-06-18 07:23:00,77,151,80,97.6,13,99,5
SYN-V-004591,SYN-P-00158,SYN-E-001173,Synthetic Regional Medical Center,Cardiology,2025-06-18 12:42:00,70,146,94,97.9,14,100,4
SYN-V-004592,SYN-P-00158,SYN-E-001173,Synthetic Regional Medical Center,Cardiology,2025-06-18 23:45:00,92,135,82,98.4,13,98,1
SYN-V-004593,SYN-P-00158,SYN-E-001173,Synthetic Regional Medical Center,Cardiology,2025-06-19 03:52:00,99,138,68,98.6,12,92,3
SYN-V-004594,SYN-P-00158,SYN-E-001173,Synthetic Regional Medical Center,Cardiology,2025-06-19 10:18:00,89,113,93,97.3,13,97,7
SYN-V-004595,SYN-P-00158,SYN-E-001173,Synthetic Regional Medical Center,Cardiology,2025-06-20 18:38:00,73,159,90,99.4,21,97,1
SYN-V-004596,SYN-P-00158,SYN-E-001173,Synthetic Regional Medical Center,Cardiology,2025-06-20 22:24:00,88,115,68,99.5,18,97,8
SYN-V-004597,SYN-P-00073,SYN-E-001174,Synthetic Community Hospital West,Emergency,2025-06-18 07:04:00,68,102,91,99.0,12,99,4
SYN-V-004598,SYN-P-00073,SYN-E-001174,Synthetic Community Hospital West,Emergency,2025-06-18 07:11:00,101,129,66,99.4,12,96,2
SYN-V-004599,SYN-P-00073,SYN-E-001174,Synthetic Community Hospital West,Emergency,2025-06-18 08:07:00,58,148,84,99.8,16,93,
SYN-V-004600,SYN-P-00080,SYN-E-001176,Synthetic Regional Medical Center,Emergency,2025-06-18 22:04:00,98,150,86,98.6,12,94,5
SYN-V-004601,SYN-P-00080,SYN-E-001176,Synthetic Regional Medical Center,Emergency,2025-06-19 00:59:00,92,106,93,99.2,20,99,5
SYN-V-004602,SYN-P-00225,SYN-E-001177,Synthetic Regional Medical Center,Internal Medicine,2025-06-19 21:01:00,57,124,64,97.2,14,94,0
SYN-V-004603,SYN-P-00225,SYN-E-001177,Synthetic Regional Medical Center,Internal Medicine,2025-06-21 13:36:00,109,106,92,97.8,12,97,5
SYN-V-004604,SYN-P-00225,SYN-E-001177,Synthetic Regional Medical Center,Internal Medicine,2025-06-22 03:57:00,81,155,65,98.4,13,99,2
SYN-V-004605,SYN-P-00225,SYN-E-001177,Synthetic Regional Medical Center,Internal Medicine,2025-06-22 11:44:00,71,133,92,99.3,21,100,1
SYN-V-004606,SYN-P-00225,SYN-E-001177,Synthetic Regional Medical Center,Internal Medicine,2025-06-22 14:57:00,103,131,92,99.6,19,98,5
SYN-V-004607,SYN-P-00225,SYN-E-001177,Synthetic Regional Medical Center,Internal Medicine,2025-06-22 16:51:00,99,134,93,98.5,18,97,6
SYN-V-004608,SYN-P-00225,SYN-E-001177,Synthetic Regional Medical Center,Internal Medicine,2025-06-23 21:03:00,109,141,72,99.0,14,100,1
SYN-V-004609,SYN-P-00225,SYN-E-001177,Synthetic Regional Medical Center,Internal Medicine,2025-06-24 11:31:00,60,152,88,98.6,19,92,6
SYN-V-004610,SYN-P-00225,SYN-E-001177,Synthetic Regional Medical Center,Internal Medicine,2025-06-24 14:21:00,98,112,95,97.3,14,99,7
SYN-V-004611,SYN-P-00225,SYN-E-001177,Synthetic Regional Medical Center,Internal Medicine,2025-06-25 14:53:00,106,139,79,99.4,14,94,7
SYN-V-004612,SYN-P-00225,SYN-E-001177,Synthetic Regional Medical Center,Internal Medicine,2025-06-26 01:49:00,60,149,72,98.0,13,93,
SYN-V-004613,SYN-P-00225,SYN-E-001177,Synthetic Regional Medical Center,Internal Medicine,2025-06-26 17:30:00,81,104,93,99.6,17,92,8
SYN-V-004614,SYN-P-00225,SYN-E-001177,Synthetic Regional Medical Center,Internal Medicine,2025-06-26 17:58:00,71,116,68,97.7,13,95,0
SYN-V-004615,SYN-P-00225,SYN-E-001177,Synthetic Regional Medical Center,Internal Medicine,2025-06-27 02:43:00,96,108,78,98.9,18,97,0
SYN-V-004616,SYN-P-00225,SYN-E-001177,Synthetic Regional Medical Center,Internal Medicine,2025-06-27 13:33:00,64,150,61,97.7,19,92,5
SYN-V-004617,SYN-P-00225,SYN-E-001177,Synthetic Regional Medical Center,Internal Medicine,2025-06-27 22:09:00,92,114,76,97.5,12,96,6
SYN-V-004618,SYN-P-00225,SYN-E-001177,Synthetic Regional Medical Center,Internal Medicine,2025-06-28 00:24:00,101,109,91,99.5,18,97,
SYN-V-004619,SYN-P-00225,SYN-E-001177,Synthetic Regional Medical Center,Internal Medicine,2025-06-28 06:23:00,91,106,90,97.9,15,93,5
SYN-V-004620,SYN-P-00225,SYN-E-001177,Synthetic Regional Medical Center,Internal Medicine,2025-06-28 10:47:00,76,131,86,98.4,20,98,4
SYN-V-004621,SYN-P-00225,SYN-E-001177,Synthetic Regional Medical Center,Internal Medicine,2025-06-29 07:15:00,108,151,93,97.9,15,98,7
SYN-V-004622,SYN-P-00225,SYN-E-001177,Synthetic Regional Medical Center,Internal Medicine,2025-06-29 08:06:00,105,104,62,98.2,16,92,6
SYN-V-004623,SYN-P-00225,SYN-E-001177,Synthetic Regional Medical Center,Internal Medicine,2025-06-29 17:08:00,63,154,95,98.3,15,98,1
SYN-V-004624,SYN-P-00225,SYN-E-001177,Synthetic Regional Medical Center,Internal Medicine,2025-06-30 07:24:00,74,139,89,99.1,16,100,3
SYN-V-004625,SYN-P-00225,SYN-E-001177,Synthetic Regional Medical Center,Internal Medicine,2025-06-30 23:26:00,94,119,69,98.0,16,94,6
SYN-V-004626,SYN-P-00225,SYN-E-001177,Synthetic Regional Medical Center,Internal Medicine,2025-07-01 09:39:00,102,148,74,97.8,22,97,5
SYN-V-004627,SYN-P-00225,SYN-E-001177,Synthetic Regional Medical Center,Internal Medicine,2025-07-01 11:03:00,90,136,93,98.4,21,93,8
SYN-V-004628,SYN-P-00225,SYN-E-001177,Synthetic Regional Medical Center,Internal Medicine,2025-07-01 16:42:00,72,152,68,97.7,21,95,0
SYN-V-004629,SYN-P-00241,SYN-E-001178,Synthetic Community Hospital East,Emergency,2025-06-20 03:41:00,72,122,65,99.6,14,98,2
SYN-V-004630,SYN-P-00241,SYN-E-001178,Synthetic Community Hospital East,Emergency,2025-06-20 04:13:00,97,114,75,97.6,21,93,5
SYN-V-004631,SYN-P-00170,SYN-E-001179,Synthetic Specialty Clinic,Endocrinology,2025-06-20 21:26:00,66,124,67,97.4,21,100,3
SYN-V-004632,SYN-P-00154,SYN-E-001180,Synthetic Outpatient Center,Primary Care,2025-06-21 04:06:00,97,135,75,99.1,18,99,5
SYN-V-004633,SYN-P-00268,SYN-E-001182,Synthetic Community Hospital West,Cardiology,2025-06-23 12:18:00,70,122,81,98.0,14,100,4
SYN-V-004634,SYN-P-00268,SYN-E-001182,Synthetic Community Hospital West,Cardiology,2025-06-23 15:21:00,88,146,61,97.5,12,100,3
SYN-V-004635,SYN-P-00268,SYN-E-001182,Synthetic Community Hospital West,Cardiology,2025-06-24 05:54:00,78,119,93,99.2,17,97,1
SYN-V-004636,SYN-P-00268,SYN-E-001182,Synthetic Community Hospital West,Cardiology,2025-06-24 09:40:00,107,120,69,99.3,21,95,8
SYN-V-004637,SYN-P-00268,SYN-E-001182,Synthetic Community Hospital West,Cardiology,2025-06-24 18:25:00,55,106,95,99.3,14,100,0
SYN-V-004638,SYN-P-00268,SYN-E-001182,Synthetic Community Hospital West,Cardiology,2025-06-25 19:26:00,101,117,87,97.6,21,93,0
SYN-V-004639,SYN-P-00268,SYN-E-001182,Synthetic Community Hospital West,Cardiology,2025-06-26 01:48:00,93,109,63,98.7,21,95,5
SYN-V-004640,SYN-P-00268,SYN-E-001182,Synthetic Community Hospital West,Cardiology,2025-06-26 15:46:00,57,102,72,99.7,18,98,5
SYN-V-004641,SYN-P-00268,SYN-E-001182,Synthetic Community Hospital West,Cardiology,2025-06-27 00:52:00,94,100,63,98.5,19,98,8
SYN-V-004642,SYN-P-00268,SYN-E-001182,Synthetic Community Hospital West,Cardiology,2025-06-27 01:52:00,62,111,92,97.7,12,95,7
SYN-V-004643,SYN-P-00268,SYN-E-001182,Synthetic Community Hospital West,Cardiology,2025-06-27 04:54:00,88,120,85,98.5,16,97,2
SYN-V-004644,SYN-P-00268,SYN-E-001182,Synthetic Community Hospital West,Cardiology,2025-06-27 11:18:00,83,156,65,98.4,21,98,1
SYN-V-004645,SYN-P-00017,SYN-E-001183,Synthetic Regional Medical Center,Pulmonology,2025-06-24 02:21:00,63,123,74,97.3,18,98,0
SYN-V-004646,SYN-P-00017,SYN-E-001183,Synthetic Regional Medical Center,Pulmonology,2025-06-24 06:21:00,108,113,84,99.0,13,93,6
SYN-V-004647,SYN-P-00017,SYN-E-001183,Synthetic Regional Medical Center,Pulmonology,2025-06-24 12:10:00,109,141,81,97.9,22,99,2
SYN-V-004648,SYN-P-00017,SYN-E-001183,Synthetic Regional Medical Center,Pulmonology,2025-06-24 15:18:00,61,147,79,97.1,19,99,4
SYN-V-004649,SYN-P-00017,SYN-E-001183,Synthetic Regional Medical Center,Pulmonology,2025-06-24 16:00:00,109,108,71,98.5,22,95,8
SYN-V-004650,SYN-P-00017,SYN-E-001183,Synthetic Regional Medical Center,Pulmonology,2025-06-24 16:50:00,56,141,71,98.0,15,96,8
SYN-V-004651,SYN-P-00017,SYN-E-001183,Synthetic Regional Medical Center,Pulmonology,2025-06-26 10:31:00,58,127,88,97.7,20,92,8
SYN-V-004652,SYN-P-00017,SYN-E-001183,Synthetic Regional Medical Center,Pulmonology,2025-06-26 13:13:00,82,152,87,99.0,12,99,3
SYN-V-004653,SYN-P-00017,SYN-E-001183,Synthetic Regional Medical Center,Pulmonology,2025-06-26 15:11:00,100,121,77,99.4,22,98,5
SYN-V-004654,SYN-P-00017,SYN-E-001183,Synthetic Regional Medical Center,Pulmonology,2025-06-26 17:27:00,84,106,89,98.8,13,92,6
SYN-V-004655,SYN-P-00017,SYN-E-001183,Synthetic Regional Medical Center,Pulmonology,2025-06-26 19:04:00,104,103,87,97.3,12,97,6
SYN-V-004656,SYN-P-00017,SYN-E-001183,Synthetic Regional Medical Center,Pulmonology,2025-06-26 22:07:00,71,158,65,97.7,22,93,8
SYN-V-004657,SYN-P-00017,SYN-E-001183,Synthetic Regional Medical Center,Pulmonology,2025-06-27 06:29:00,95,117,73,97.4,14,93,7
SYN-V-004658,SYN-P-00017,SYN-E-001183,Synthetic Regional Medical Center,Pulmonology,2025-06-27 06:35:00,67,122,66,98.0,20,95,3
SYN-V-004659,SYN-P-00017,SYN-E-001183,Synthetic Regional Medical Center,Pulmonology,2025-06-27 13:44:00,98,116,95,97.9,18,98,8
SYN-V-004660,SYN-P-00029,SYN-E-001184,Synthetic Specialty Clinic,Orthopedics,2025-06-24 03:27:00,88,160,88,99.8,14,95,5
SYN-V-004661,SYN-P-00133,SYN-E-001185,Synthetic Community Hospital West,Endocrinology,2025-06-24 05:11:00,61,146,92,98.7,17,93,4
SYN-V-004662,SYN-P-00196,SYN-E-001186,Synthetic Community Hospital East,Pulmonology,2025-06-24 05:22:00,103,149,64,99.3,15,92,5
SYN-V-004663,SYN-P-00196,SYN-E-001186,Synthetic Community Hospital East,Pulmonology,2025-06-24 12:17:00,68,105,93,98.5,15,92,7
SYN-V-004664,SYN-P-00196,SYN-E-001186,Synthetic Community Hospital East,Pulmonology,2025-06-25 15:54:00,102,139,78,98.7,22,92,3
SYN-V-004665,SYN-P-00196,SYN-E-001186,Synthetic Community Hospital East,Pulmonology,2025-06-25 20:45:00,90,132,75,99.3,18,97,2
SYN-V-004666,SYN-P-00196,SYN-E-001186,Synthetic Community Hospital East,Pulmonology,2025-06-25 22:14:00,82,112,64,97.7,12,94,4
SYN-V-004667,SYN-P-00196,SYN-E-001186,Synthetic Community Hospital East,Pulmonology,2025-06-25 22:53:00,65,152,73,99.3,21,98,7
SYN-V-004668,SYN-P-00196,SYN-E-001186,Synthetic Community Hospital East,Pulmonology,2025-06-26 04:58:00,104,146,80,97.9,19,92,3
SYN-V-004669,SYN-P-00196,SYN-E-001186,Synthetic Community Hospital East,Pulmonology,2025-06-27 00:11:00,84,143,74,98.7,14,95,7
SYN-V-004670,SYN-P-00196,SYN-E-001186,Synthetic Community Hospital East,Pulmonology,2025-06-27 10:07:00,107,130,64,97.7,16,93,5
SYN-V-004671,SYN-P-00196,SYN-E-001186,Synthetic Community Hospital East,Pulmonology,2025-06-27 14:20:00,109,149,61,97.8,22,99,5
SYN-V-004672,SYN-P-00196,SYN-E-001186,Synthetic Community Hospital East,Pulmonology,2025-06-27 19:20:00,92,116,79,97.8,16,94,6
SYN-V-004673,SYN-P-00196,SYN-E-001186,Synthetic Community Hospital East,Pulmonology,2025-06-28 02:11:00,78,137,61,97.7,13,94,4
SYN-V-004674,SYN-P-00123,SYN-E-001187,Synthetic Specialty Clinic,Cardiology,2025-06-24 21:24:00,75,159,76,97.9,16,94,5
SYN-V-004675,SYN-P-00123,SYN-E-001187,Synthetic Specialty Clinic,Cardiology,2025-06-24 23:27:00,107,122,89,98.4,14,95,5
SYN-V-004676,SYN-P-00024,SYN-E-001189,Synthetic Community Hospital East,Internal Medicine,2025-06-25 09:19:00,98,158,94,98.5,14,92,6
SYN-V-004677,SYN-P-00024,SYN-E-001189,Synthetic Community Hospital East,Internal Medicine,2025-06-25 16:50:00,57,143,82,99.4,16,98,1
SYN-V-004678,SYN-P-00024,SYN-E-001189,Synthetic Community Hospital East,Internal Medicine,2025-06-25 22:14:00,83,111,92,97.6,15,93,5
SYN-V-004679,SYN-P-00024,SYN-E-001189,Synthetic Community Hospital East,Internal Medicine,2025-06-26 01:56:00,91,129,86,98.7,18,100,0
SYN-V-004680,SYN-P-00024,SYN-E-001189,Synthetic Community Hospital East,Internal Medicine,2025-06-26 16:54:00,94,138,89,99.3,19,93,4
SYN-V-004681,SYN-P-00024,SYN-E-001189,Synthetic Community Hospital East,Internal Medicine,2025-06-27 04:33:00,88,159,78,98.9,13,94,0
SYN-V-004682,SYN-P-00024,SYN-E-001189,Synthetic Community Hospital East,Internal Medicine,2025-06-28 04:12:00,88,134,61,97.1,14,92,4
SYN-V-004683,SYN-P-00024,SYN-E-001189,Synthetic Community Hospital East,Internal Medicine,2025-06-28 11:59:00,84,129,84,97.5,19,98,3
SYN-V-004684,SYN-P-00024,SYN-E-001189,Synthetic Community Hospital East,Internal Medicine,2025-06-29 05:36:00,62,114,64,98.5,15,97,4
SYN-V-004685,SYN-P-00024,SYN-E-001189,Synthetic Community Hospital East,Internal Medicine,2025-06-29 10:32:00,71,100,78,98.0,13,92,
SYN-V-004686,SYN-P-00024,SYN-E-001189,Synthetic Community Hospital East,Internal Medicine,2025-06-29 17:09:00,61,150,92,99.2,14,93,7
SYN-V-004687,SYN-P-00024,SYN-E-001189,Synthetic Community Hospital East,Internal Medicine,2025-06-29 20:12:00,95,158,86,98.7,12,96,3
SYN-V-004688,SYN-P-00024,SYN-E-001189,Synthetic Community Hospital East,Internal Medicine,2025-07-01 11:18:00,93,106,89,98.4,22,94,2
SYN-V-004689,SYN-P-00234,SYN-E-001190,Synthetic Regional Medical Center,Cardiology,2025-06-25 17:57:00,84,101,84,97.3,17,99,3
SYN-V-004690,SYN-P-00234,SYN-E-001190,Synthetic Regional Medical Center,Cardiology,2025-06-26 05:30:00,68,122,60,97.6,14,97,6
SYN-V-004691,SYN-P-00234,SYN-E-001190,Synthetic Regional Medical Center,Cardiology,2025-06-26 06:46:00,70,133,80,98.8,16,98,2
SYN-V-004692,SYN-P-00234,SYN-E-001190,Synthetic Regional Medical Center,Cardiology,2025-06-26 17:08:00,98,131,71,98.1,15,92,8
SYN-V-004693,SYN-P-00234,SYN-E-001190,Synthetic Regional Medical Center,Cardiology,2025-06-26 18:01:00,86,143,90,98.0,14,100,5
SYN-V-004694,SYN-P-00234,SYN-E-001190,Synthetic Regional Medical Center,Cardiology,2025-06-26 20:01:00,58,111,62,97.8,21,100,6
SYN-V-004695,SYN-P-00234,SYN-E-001190,Synthetic Regional Medical Center,Cardiology,2025-06-26 21:49:00,74,117,84,98.1,22,92,0
SYN-V-004696,SYN-P-00234,SYN-E-001190,Synthetic Regional Medical Center,Cardiology,2025-06-27 00:59:00,64,154,66,98.9,15,93,4
SYN-V-004697,SYN-P-00234,SYN-E-001190,Synthetic Regional Medical Center,Cardiology,2025-06-27 01:25:00,73,148,65,97.3,16,97,8
SYN-V-004698,SYN-P-00234,SYN-E-001190,Synthetic Regional Medical Center,Cardiology,2025-06-27 04:52:00,76,153,69,99.5,15,97,
SYN-V-004699,SYN-P-00234,SYN-E-001190,Synthetic Regional Medical Center,Cardiology,2025-06-27 07:14:00,102,123,73,97.2,20,100,5
SYN-V-004700,SYN-P-00027,SYN-E-001192,Synthetic Community Hospital East,Cardiology,2025-06-27 00:25:00,107,122,67,99.5,20,98,2
SYN-V-004701,SYN-P-00027,SYN-E-001192,Synthetic Community Hospital East,Cardiology,2025-06-27 00:26:00,85,127,60,99.5,14,93,8
SYN-V-004702,SYN-P-00027,SYN-E-001192,Synthetic Community Hospital East,Cardiology,2025-06-27 11:39:00,107,126,70,97.7,17,94,
SYN-V-004703,SYN-P-00027,SYN-E-001192,Synthetic Community Hospital East,Cardiology,2025-06-28 12:09:00,79,157,61,97.3,21,96,7
SYN-V-004704,SYN-P-00027,SYN-E-001192,Synthetic Community Hospital East,Cardiology,2025-06-29 05:44:00,100,131,72,99.6,17,94,1
SYN-V-004705,SYN-P-00027,SYN-E-001192,Synthetic Community Hospital East,Cardiology,2025-06-29 08:20:00,59,150,65,98.5,21,100,7
SYN-V-004706,SYN-P-00027,SYN-E-001192,Synthetic Community Hospital East,Cardiology,2025-06-29 16:11:00,101,155,74,99.5,22,99,3
SYN-V-004707,SYN-P-00027,SYN-E-001192,Synthetic Community Hospital East,Cardiology,2025-06-29 17:08:00,96,157,62,98.9,22,100,4
SYN-V-004708,SYN-P-00027,SYN-E-001192,Synthetic Community Hospital East,Cardiology,2025-06-30 03:08:00,88,134,61,98.7,12,98,2
SYN-V-004709,SYN-P-00027,SYN-E-001192,Synthetic Community Hospital East,Cardiology,2025-06-30 16:50:00,82,124,82,98.2,15,99,8
SYN-V-004710,SYN-P-00027,SYN-E-001192,Synthetic Community Hospital East,Cardiology,2025-06-30 16:54:00,96,104,76,99.3,18,98,7
SYN-V-004711,SYN-P-00093,SYN-E-001193,Synthetic Regional Medical Center,Cardiology,2025-06-27 11:01:00,99,115,91,99.7,16,100,8
SYN-V-004712,SYN-P-00093,SYN-E-001193,Synthetic Regional Medical Center,Cardiology,2025-06-27 15:31:00,98,113,73,97.7,17,92,4
SYN-V-004713,SYN-P-00093,SYN-E-001193,Synthetic Regional Medical Center,Cardiology,2025-06-27 22:02:00,75,142,66,97.6,21,99,8
SYN-V-004714,SYN-P-00093,SYN-E-001193,Synthetic Regional Medical Center,Cardiology,2025-06-28 05:33:00,62,151,63,97.5,18,100,8
SYN-V-004715,SYN-P-00093,SYN-E-001193,Synthetic Regional Medical Center,Cardiology,2025-06-28 09:27:00,107,108,75,98.0,19,98,1
SYN-V-004716,SYN-P-00093,SYN-E-001193,Synthetic Regional Medical Center,Cardiology,2025-06-28 17:26:00,55,143,89,99.5,15,93,
SYN-V-004717,SYN-P-00093,SYN-E-001193,Synthetic Regional Medical Center,Cardiology,2025-06-29 09:32:00,99,119,64,98.0,15,99,3
SYN-V-004718,SYN-P-00093,SYN-E-001193,Synthetic Regional Medical Center,Cardiology,2025-06-29 09:52:00,93,126,73,99.8,16,99,2
SYN-V-004719,SYN-P-00093,SYN-E-001193,Synthetic Regional Medical Center,Cardiology,2025-06-29 13:06:00,106,132,86,98.8,13,97,5
SYN-V-004720,SYN-P-00093,SYN-E-001193,Synthetic Regional Medical Center,Cardiology,2025-06-30 05:04:00,87,107,88,98.8,18,93,7
SYN-V-004721,SYN-P-00093,SYN-E-001193,Synthetic Regional Medical Center,Cardiology,2025-06-30 06:59:00,104,141,79,97.1,19,92,1
SYN-V-004722,SYN-P-00172,SYN-E-001194,Synthetic Outpatient Center,Orthopedics,2025-06-27 14:07:00,104,137,60,99.6,22,99,2
SYN-V-004723,SYN-P-00172,SYN-E-001194,Synthetic Outpatient Center,Orthopedics,2025-06-27 16:08:00,96,105,80,98.8,13,100,1
SYN-V-004724,SYN-P-00220,SYN-E-001195,Synthetic Outpatient Center,Primary Care,2025-06-28 22:09:00,67,159,63,97.7,14,97,5
SYN-V-004725,SYN-P-00220,SYN-E-001195,Synthetic Outpatient Center,Primary Care,2025-06-28 22:30:00,59,129,88,97.4,20,100,5
SYN-V-004726,SYN-P-00220,SYN-E-001195,Synthetic Outpatient Center,Primary Care,2025-06-28 22:35:00,105,133,77,99.1,13,94,0
SYN-V-004727,SYN-P-00220,SYN-E-001195,Synthetic Outpatient Center,Primary Care,2025-06-28 23:38:00,107,103,91,97.2,22,94,7
SYN-V-004728,SYN-P-00220,SYN-E-001195,Synthetic Outpatient Center,Primary Care,2025-06-29 00:14:00,73,133,68,98.9,19,92,0
SYN-V-004729,SYN-P-00088,SYN-E-001197,Synthetic Community Hospital East,Internal Medicine,2025-06-30 03:25:00,84,100,78,99.1,21,100,0
SYN-V-004730,SYN-P-00088,SYN-E-001197,Synthetic Community Hospital East,Internal Medicine,2025-06-30 12:48:00,63,142,81,99.1,13,99,8
SYN-V-004731,SYN-P-00088,SYN-E-001197,Synthetic Community Hospital East,Internal Medicine,2025-06-30 17:09:00,89,160,94,98.3,17,98,3
SYN-V-004732,SYN-P-00088,SYN-E-001197,Synthetic Community Hospital East,Internal Medicine,2025-06-30 20:01:00,110,149,87,98.5,19,99,6
SYN-V-004733,SYN-P-00088,SYN-E-001197,Synthetic Community Hospital East,Internal Medicine,2025-06-30 22:27:00,75,153,80,98.0,16,99,6
SYN-V-004734,SYN-P-00088,SYN-E-001197,Synthetic Community Hospital East,Internal Medicine,2025-07-01 01:11:00,68,135,91,97.4,19,92,0
SYN-V-004735,SYN-P-00088,SYN-E-001197,Synthetic Community Hospital East,Internal Medicine,2025-07-01 06:36:00,68,136,86,99.3,17,97,5
SYN-V-004736,SYN-P-00088,SYN-E-001197,Synthetic Community Hospital East,Internal Medicine,2025-07-01 08:07:00,95,121,63,97.9,16,100,5
SYN-V-004737,SYN-P-00088,SYN-E-001197,Synthetic Community Hospital East,Internal Medicine,2025-07-01 19:26:00,65,136,64,99.2,20,97,7
SYN-V-004738,SYN-P-00088,SYN-E-001197,Synthetic Community Hospital East,Internal Medicine,2025-07-02 10:42:00,110,155,67,99.7,12,96,2
SYN-V-004739,SYN-P-00088,SYN-E-001197,Synthetic Community Hospital East,Internal Medicine,2025-07-02 12:56:00,110,129,90,99.7,21,99,8
SYN-V-004740,SYN-P-00088,SYN-E-001197,Synthetic Community Hospital East,Internal Medicine,2025-07-02 18:39:00,99,156,61,97.0,15,97,3
SYN-V-004741,SYN-P-00088,SYN-E-001197,Synthetic Community Hospital East,Internal Medicine,2025-07-02 19:34:00,82,158,84,98.0,19,95,7
SYN-V-004742,SYN-P-00088,SYN-E-001197,Synthetic Community Hospital East,Internal Medicine,2025-07-03 03:18:00,60,125,92,99.1,20,100,0
SYN-V-004743,SYN-P-00088,SYN-E-001197,Synthetic Community Hospital East,Internal Medicine,2025-07-03 08:53:00,107,141,70,99.1,20,98,1
SYN-V-004744,SYN-P-00088,SYN-E-001197,Synthetic Community Hospital East,Internal Medicine,2025-07-03 19:35:00,100,154,72,97.9,13,100,6
SYN-V-004745,SYN-P-00274,SYN-E-001198,Synthetic Regional Medical Center,Emergency,2025-06-29 20:35:00,65,153,87,97.7,16,99,4
SYN-V-004746,SYN-P-00274,SYN-E-001198,Synthetic Regional Medical Center,Emergency,2025-06-29 20:52:00,83,117,75,97.4,20,100,1
SYN-V-004747,SYN-P-00274,SYN-E-001198,Synthetic Regional Medical Center,Emergency,2025-06-29 21:42:00,102,153,89,98.8,12,94,2
SYN-V-004748,SYN-P-00116,SYN-E-001201,Synthetic Community Hospital West,Cardiology,2025-06-30 21:36:00,107,133,87,99.7,18,93,2
SYN-V-004749,SYN-P-00116,SYN-E-001201,Synthetic Community Hospital West,Cardiology,2025-06-30 21:59:00,108,119,74,97.7,18,99,0
SYN-V-004750,SYN-P-00116,SYN-E-001201,Synthetic Community Hospital West,Cardiology,2025-07-01 00:41:00,103,131,93,98.2,15,98,0
SYN-V-004751,SYN-P-00116,SYN-E-001201,Synthetic Community Hospital West,Cardiology,2025-07-01 05:01:00,109,141,62,99.2,16,98,6
SYN-V-004752,SYN-P-00116,SYN-E-001201,Synthetic Community Hospital West,Cardiology,2025-07-01 06:08:00,86,148,74,97.7,21,100,2
SYN-V-004753,SYN-P-00116,SYN-E-001201,Synthetic Community Hospital West,Cardiology,2025-07-01 18:17:00,81,117,92,99.4,19,95,4
SYN-V-004754,SYN-P-00116,SYN-E-001201,Synthetic Community Hospital West,Cardiology,2025-07-01 18:38:00,86,104,69,98.1,21,95,4
SYN-V-004755,SYN-P-00116,SYN-E-001201,Synthetic Community Hospital West,Cardiology,2025-07-01 20:13:00,77,126,69,98.1,12,98,1
SYN-V-004756,SYN-P-00116,SYN-E-001201,Synthetic Community Hospital West,Cardiology,2025-07-03 05:04:00,110,101,88,99.3,19,98,1
SYN-V-004757,SYN-P-00116,SYN-E-001201,Synthetic Community Hospital West,Cardiology,2025-07-03 09:31:00,81,147,74,97.8,20,96,3
SYN-V-004758,SYN-P-00116,SYN-E-001201,Synthetic Community Hospital West,Cardiology,2025-07-04 05:45:00,57,123,69,98.4,16,100,3
SYN-V-004759,SYN-P-00116,SYN-E-001201,Synthetic Community Hospital West,Cardiology,2025-07-04 15:27:00,99,158,75,99.7,18,93,5
SYN-V-004760,SYN-P-00116,SYN-E-001201,Synthetic Community Hospital West,Cardiology,2025-07-04 18:56:00,84,134,84,99.4,12,93,7
SYN-V-004761,SYN-P-00116,SYN-E-001201,Synthetic Community Hospital West,Cardiology,2025-07-04 23:01:00,105,125,80,99.3,16,100,2
SYN-V-004762,SYN-P-00116,SYN-E-001201,Synthetic Community Hospital West,Cardiology,2025-07-05 00:17:00,84,103,90,98.7,16,94,0
SYN-V-004763,SYN-P-00116,SYN-E-001201,Synthetic Community Hospital West,Cardiology,2025-07-05 12:39:00,80,127,71,97.3,21,98,3
SYN-V-004764,SYN-P-00116,SYN-E-001201,Synthetic Community Hospital West,Cardiology,2025-07-05 14:48:00,82,146,80,98.7,12,99,7
SYN-V-004765,SYN-P-00116,SYN-E-001201,Synthetic Community Hospital West,Cardiology,2025-07-05 18:04:00,108,110,93,97.6,15,92,4
SYN-V-004766,SYN-P-00116,SYN-E-001201,Synthetic Community Hospital West,Cardiology,2025-07-06 01:56:00,67,125,72,98.6,22,97,2
SYN-V-004767,SYN-P-00116,SYN-E-001201,Synthetic Community Hospital West,Cardiology,2025-07-06 12:25:00,75,126,82,99.4,16,98,2
SYN-V-004768,SYN-P-00116,SYN-E-001201,Synthetic Community Hospital West,Cardiology,2025-07-06 13:38:00,74,122,61,98.3,18,100,0
SYN-V-004769,SYN-P-00116,SYN-E-001201,Synthetic Community Hospital West,Cardiology,2025-07-06 22:29:00,67,159,82,97.1,20,97,4
SYN-V-004770,SYN-P-00116,SYN-E-001201,Synthetic Community Hospital West,Cardiology,2025-07-06 23:48:00,79,151,60,99.7,13,92,7
SYN-V-004771,SYN-P-00116,SYN-E-001201,Synthetic Community Hospital West,Cardiology,2025-07-07 00:30:00,70,121,68,99.2,12,98,
SYN-V-004772,SYN-P-00116,SYN-E-001201,Synthetic Community Hospital West,Cardiology,2025-07-07 08:59:00,61,119,92,99.5,21,97,2
SYN-V-004773,SYN-P-00116,SYN-E-001201,Synthetic Community Hospital West,Cardiology,2025-07-07 13:03:00,63,104,93,97.0,12,92,3
SYN-V-004774,SYN-P-00116,SYN-E-001201,Synthetic Community Hospital West,Cardiology,2025-07-08 13:39:00,95,103,77,97.2,22,92,6
SYN-V-004775,SYN-P-00116,SYN-E-001201,Synthetic Community Hospital West,Cardiology,2025-07-09 01:53:00,90,146,78,98.5,18,98,6
SYN-V-004776,SYN-P-00116,SYN-E-001201,Synthetic Community Hospital West,Cardiology,2025-07-09 05:53:00,109,133,90,99.0,20,97,5
SYN-V-004777,SYN-P-00174,SYN-E-001202,Synthetic Specialty Clinic,Endocrinology,2025-07-01 09:33:00,57,138,92,97.3,20,94,
SYN-V-004778,SYN-P-00105,SYN-E-001203,Synthetic Community Hospital East,Emergency,2025-07-01 12:10:00,84,134,63,97.6,17,96,1
SYN-V-004779,SYN-P-00105,SYN-E-001203,Synthetic Community Hospital East,Emergency,2025-07-01 12:28:00,77,158,87,98.5,15,98,4
SYN-V-004780,SYN-P-00105,SYN-E-001203,Synthetic Community Hospital East,Emergency,2025-07-01 12:44:00,105,118,81,99.5,15,96,8
SYN-V-004781,SYN-P-00105,SYN-E-001203,Synthetic Community Hospital East,Emergency,2025-07-01 12:53:00,108,128,90,99.8,18,94,3
SYN-V-004782,SYN-P-00105,SYN-E-001203,Synthetic Community Hospital East,Emergency,2025-07-01 14:04:00,97,135,68,98.5,20,100,5
SYN-V-004783,SYN-P-00253,SYN-E-001204,Synthetic Outpatient Center,Endocrinology,2025-07-01 11:10:00,84,148,83,98.8,22,95,7
SYN-V-004784,SYN-P-00253,SYN-E-001204,Synthetic Outpatient Center,Endocrinology,2025-07-01 11:34:00,96,153,62,99.3,20,98,7
SYN-V-004785,SYN-P-00255,SYN-E-001205,Synthetic Community Hospital West,Cardiology,2025-07-01 12:27:00,102,113,76,99.5,12,94,7
SYN-V-004786,SYN-P-00255,SYN-E-001205,Synthetic Community Hospital West,Cardiology,2025-07-01 17:01:00,56,116,71,97.9,18,93,
SYN-V-004787,SYN-P-00255,SYN-E-001205,Synthetic Community Hospital West,Cardiology,2025-07-01 22:17:00,81,106,63,98.4,21,93,7
SYN-V-004788,SYN-P-00255,SYN-E-001205,Synthetic Community Hospital West,Cardiology,2025-07-02 04:52:00,110,139,84,99.7,16,96,3
SYN-V-004789,SYN-P-00255,SYN-E-001205,Synthetic Community Hospital West,Cardiology,2025-07-02 08:06:00,93,121,63,97.2,15,98,2
SYN-V-004790,SYN-P-00255,SYN-E-001205,Synthetic Community Hospital West,Cardiology,2025-07-02 09:58:00,82,133,95,97.2,18,95,4
SYN-V-004791,SYN-P-00255,SYN-E-001205,Synthetic Community Hospital West,Cardiology,2025-07-02 10:20:00,86,135,68,99.3,17,94,8
SYN-V-004792,SYN-P-00255,SYN-E-001205,Synthetic Community Hospital West,Cardiology,2025-07-02 22:42:00,86,126,83,99.5,21,96,0
SYN-V-004793,SYN-P-00255,SYN-E-001205,Synthetic Community Hospital West,Cardiology,2025-07-02 23:08:00,63,109,88,97.1,16,99,
SYN-V-004794,SYN-P-00255,SYN-E-001205,Synthetic Community Hospital West,Cardiology,2025-07-03 01:49:00,90,111,81,99.4,12,100,3
SYN-V-004795,SYN-P-00255,SYN-E-001205,Synthetic Community Hospital West,Cardiology,2025-07-03 07:54:00,95,155,93,97.0,13,94,5
SYN-V-004796,SYN-P-00178,SYN-E-001206,Synthetic Regional Medical Center,Pulmonology,2025-07-02 13:17:00,68,146,89,97.9,20,92,3
SYN-V-004797,SYN-P-00178,SYN-E-001206,Synthetic Regional Medical Center,Pulmonology,2025-07-02 17:54:00,105,125,94,97.7,18,95,6
SYN-V-004798,SYN-P-00178,SYN-E-001206,Synthetic Regional Medical Center,Pulmonology,2025-07-02 23:08:00,69,154,77,99.7,22,100,0
SYN-V-004799,SYN-P-00038,SYN-E-001208,Synthetic Community Hospital East,Pulmonology,2025-07-02 19:27:00,110,156,67,99.7,13,95,1
SYN-V-004800,SYN-P-00038,SYN-E-001208,Synthetic Community Hospital East,Pulmonology,2025-07-03 05:56:00,68,108,87,98.9,16,98,
SYN-V-004801,SYN-P-00038,SYN-E-001208,Synthetic Community Hospital East,Pulmonology,2025-07-03 11:19:00,77,132,89,99.3,21,92,3
SYN-V-004802,SYN-P-00038,SYN-E-001208,Synthetic Community Hospital East,Pulmonology,2025-07-03 14:45:00,75,115,80,99.8,19,95,1
SYN-V-004803,SYN-P-00038,SYN-E-001208,Synthetic Community Hospital East,Pulmonology,2025-07-03 19:05:00,55,147,84,99.6,14,92,2
SYN-V-004804,SYN-P-00038,SYN-E-001208,Synthetic Community Hospital East,Pulmonology,2025-07-03 19:59:00,80,143,82,98.4,17,93,2
SYN-V-004805,SYN-P-00038,SYN-E-001208,Synthetic Community Hospital East,Pulmonology,2025-07-03 20:29:00,96,108,70,97.2,13,96,3
SYN-V-004806,SYN-P-00038,SYN-E-001208,Synthetic Community Hospital East,Pulmonology,2025-07-04 08:34:00,75,157,74,98.9,19,95,8
SYN-V-004807,SYN-P-00038,SYN-E-001208,Synthetic Community Hospital East,Pulmonology,2025-07-04 09:40:00,107,137,93,99.0,17,97,8
SYN-V-004808,SYN-P-00038,SYN-E-001208,Synthetic Community Hospital East,Pulmonology,2025-07-05 05:08:00,95,126,76,99.8,22,96,3
SYN-V-004809,SYN-P-00038,SYN-E-001208,Synthetic Community Hospital East,Pulmonology,2025-07-05 07:01:00,60,155,87,99.5,22,96,2
SYN-V-004810,SYN-P-00038,SYN-E-001208,Synthetic Community Hospital East,Pulmonology,2025-07-05 09:13:00,93,158,71,99.3,20,93,3
SYN-V-004811,SYN-P-00038,SYN-E-001208,Synthetic Community Hospital East,Pulmonology,2025-07-05 11:30:00,89,141,86,99.6,22,99,5
SYN-V-004812,SYN-P-00038,SYN-E-001208,Synthetic Community Hospital East,Pulmonology,2025-07-06 05:26:00,78,160,62,98.4,12,97,2
SYN-V-004813,SYN-P-00038,SYN-E-001208,Synthetic Community Hospital East,Pulmonology,2025-07-06 11:48:00,57,148,64,98.0,21,95,1
SYN-V-004814,SYN-P-00038,SYN-E-001208,Synthetic Community Hospital East,Pulmonology,2025-07-06 17:28:00,63,116,67,97.6,20,98,0
SYN-V-004815,SYN-P-00038,SYN-E-001208,Synthetic Community Hospital East,Pulmonology,2025-07-07 21:12:00,105,153,74,97.7,14,95,0
SYN-V-004816,SYN-P-00038,SYN-E-001208,Synthetic Community Hospital East,Pulmonology,2025-07-08 04:44:00,100,156,64,97.7,15,94,8
SYN-V-004817,SYN-P-00038,SYN-E-001208,Synthetic Community Hospital East,Pulmonology,2025-07-08 13:10:00,60,120,72,97.1,16,93,6
SYN-V-004818,SYN-P-00038,SYN-E-001208,Synthetic Community Hospital East,Pulmonology,2025-07-08 16:54:00,79,126,81,97.9,17,94,1
SYN-V-004819,SYN-P-00287,SYN-E-001209,Synthetic Specialty Clinic,Cardiology,2025-07-03 18:05:00,67,113,84,98.3,14,93,3
SYN-V-004820,SYN-P-00023,SYN-E-001210,Synthetic Community Hospital West,Emergency,2025-07-04 09:20:00,91,154,90,98.4,19,99,4
SYN-V-004821,SYN-P-00023,SYN-E-001210,Synthetic Community Hospital West,Emergency,2025-07-04 10:23:00,106,130,76,97.0,15,94,7
SYN-V-004822,SYN-P-00079,SYN-E-001211,Synthetic Community Hospital West,Primary Care,2025-07-05 02:05:00,87,119,62,97.4,22,94,2
SYN-V-004823,SYN-P-00079,SYN-E-001211,Synthetic Community Hospital West,Primary Care,2025-07-05 02:09:00,93,103,71,99.8,12,96,7
SYN-V-004824,SYN-P-00179,SYN-E-001213,Synthetic Outpatient Center,Cardiology,2025-07-05 12:39:00,61,101,62,97.8,17,95,5
SYN-V-004825,SYN-P-00179,SYN-E-001213,Synthetic Outpatient Center,Cardiology,2025-07-05 13:00:00,76,111,82,99.0,16,96,3
SYN-V-004826,SYN-P-00057,SYN-E-001214,Synthetic Outpatient Center,Primary Care,2025-07-05 16:27:00,94,159,83,97.3,18,98,8
SYN-V-004827,SYN-P-00134,SYN-E-001215,Synthetic Community Hospital East,Neurology,2025-07-06 06:52:00,73,109,80,97.5,15,92,8
SYN-V-004828,SYN-P-00134,SYN-E-001215,Synthetic Community Hospital East,Neurology,2025-07-06 22:47:00,58,102,75,98.9,19,97,6
SYN-V-004829,SYN-P-00134,SYN-E-001215,Synthetic Community Hospital East,Neurology,2025-07-07 02:32:00,110,128,79,98.1,17,100,7
SYN-V-004830,SYN-P-00134,SYN-E-001215,Synthetic Community Hospital East,Neurology,2025-07-07 17:48:00,55,115,81,98.7,18,98,6
SYN-V-004831,SYN-P-00134,SYN-E-001215,Synthetic Community Hospital East,Neurology,2025-07-07 23:20:00,108,129,91,98.6,15,95,3
SYN-V-004832,SYN-P-00134,SYN-E-001215,Synthetic Community Hospital East,Neurology,2025-07-08 08:17:00,55,148,67,99.7,13,100,6
SYN-V-004833,SYN-P-00134,SYN-E-001215,Synthetic Community Hospital East,Neurology,2025-07-08 14:09:00,61,140,91,97.8,20,95,7
SYN-V-004834,SYN-P-00134,SYN-E-001215,Synthetic Community Hospital East,Neurology,2025-07-08 20:03:00,69,133,75,97.2,19,100,5
SYN-V-004835,SYN-P-00134,SYN-E-001215,Synthetic Community Hospital East,Neurology,2025-07-09 04:23:00,89,144,94,98.7,14,94,
SYN-V-004836,SYN-P-00134,SYN-E-001215,Synthetic Community Hospital East,Neurology,2025-07-09 13:53:00,98,136,66,97.2,15,98,6
SYN-V-004837,SYN-P-00087,SYN-E-001216,Synthetic Community Hospital West,Pulmonology,2025-07-07 01:18:00,65,123,88,98.5,17,99,4
SYN-V-004838,SYN-P-00143,SYN-E-001218,Synthetic Regional Medical Center,Primary Care,2025-07-08 04:16:00,106,106,83,99.0,16,100,1
SYN-V-004839,SYN-P-00143,SYN-E-001218,Synthetic Regional Medical Center,Primary Care,2025-07-08 04:49:00,56,135,94,97.5,14,97,4
SYN-V-004840,SYN-P-00245,SYN-E-001219,Synthetic Community Hospital West,Emergency,2025-07-08 09:54:00,69,124,76,97.8,20,98,7
SYN-V-004841,SYN-P-00245,SYN-E-001219,Synthetic Community Hospital West,Emergency,2025-07-08 10:11:00,60,139,69,97.9,18,99,4
SYN-V-004842,SYN-P-00226,SYN-E-001220,Synthetic Regional Medical Center,Internal Medicine,2025-07-08 21:21:00,60,114,87,97.9,21,95,3
SYN-V-004843,SYN-P-00226,SYN-E-001220,Synthetic Regional Medical Center,Internal Medicine,2025-07-08 22:53:00,69,113,88,98.4,18,99,2
SYN-V-004844,SYN-P-00226,SYN-E-001220,Synthetic Regional Medical Center,Internal Medicine,2025-07-08 23:11:00,78,105,61,99.5,20,94,7
SYN-V-004845,SYN-P-00226,SYN-E-001220,Synthetic Regional Medical Center,Internal Medicine,2025-07-09 00:43:00,103,102,87,98.3,14,99,3
SYN-V-004846,SYN-P-00226,SYN-E-001220,Synthetic Regional Medical Center,Internal Medicine,2025-07-09 00:48:00,71,140,63,98.9,21,94,3
SYN-V-004847,SYN-P-00260,SYN-E-001221,Synthetic Community Hospital East,Emergency,2025-07-12 11:46:00,58,109,75,97.7,15,93,5
SYN-V-004848,SYN-P-00260,SYN-E-001221,Synthetic Community Hospital East,Emergency,2025-07-12 13:21:00,92,103,76,97.2,22,98,4
SYN-V-004849,SYN-P-00260,SYN-E-001221,Synthetic Community Hospital East,Emergency,2025-07-12 13:52:00,59,158,78,97.6,15,96,1
SYN-V-004850,SYN-P-00235,SYN-E-001222,Synthetic Outpatient Center,Pulmonology,2025-07-12 16:45:00,77,100,76,97.5,12,93,0
SYN-V-004851,SYN-P-00091,SYN-E-001224,Synthetic Outpatient Center,Endocrinology,2025-07-13 08:31:00,101,160,86,97.5,12,96,5
SYN-V-004852,SYN-P-00286,SYN-E-001225,Synthetic Community Hospital East,Endocrinology,2025-07-13 13:58:00,81,110,82,97.8,19,94,2
SYN-V-004853,SYN-P-00208,SYN-E-001228,Synthetic Community Hospital West,Primary Care,2025-07-16 22:38:00,92,144,61,97.8,18,96,
SYN-V-004854,SYN-P-00054,SYN-E-001230,Synthetic Community Hospital West,Emergency,2025-07-17 05:53:00,81,124,80,98.0,13,92,2
SYN-V-004855,SYN-P-00054,SYN-E-001230,Synthetic Community Hospital West,Emergency,2025-07-17 06:21:00,90,124,90,97.1,18,100,
SYN-V-004856,SYN-P-00054,SYN-E-001230,Synthetic Community Hospital West,Emergency,2025-07-17 07:02:00,107,144,60,99.3,14,98,2
SYN-V-004857,SYN-P-00180,SYN-E-001231,Synthetic Specialty Clinic,Pulmonology,2025-07-17 10:47:00,83,119,80,99.7,14,94,6
SYN-V-004858,SYN-P-00180,SYN-E-001231,Synthetic Specialty Clinic,Pulmonology,2025-07-17 10:49:00,72,132,61,98.1,21,95,7
SYN-V-004859,SYN-P-00180,SYN-E-001231,Synthetic Specialty Clinic,Pulmonology,2025-07-17 12:59:00,104,120,84,97.5,16,98,
SYN-V-004860,SYN-P-00064,SYN-E-001232,Synthetic Community Hospital East,Cardiology,2025-07-17 19:23:00,55,112,89,99.7,15,95,7
SYN-V-004861,SYN-P-00064,SYN-E-001232,Synthetic Community Hospital East,Cardiology,2025-07-17 19:32:00,93,108,66,98.1,22,100,2
SYN-V-004862,SYN-P-00064,SYN-E-001232,Synthetic Community Hospital East,Cardiology,2025-07-17 20:23:00,102,123,67,98.3,19,94,6
SYN-V-004863,SYN-P-00064,SYN-E-001232,Synthetic Community Hospital East,Cardiology,2025-07-17 21:11:00,96,139,65,98.2,16,100,8
SYN-V-004864,SYN-P-00021,SYN-E-001233,Synthetic Specialty Clinic,Orthopedics,2025-07-18 01:25:00,72,129,77,97.4,12,93,7
SYN-V-004865,SYN-P-00034,SYN-E-001234,Synthetic Community Hospital East,Emergency,2025-07-18 09:21:00,82,100,85,98.2,19,93,
SYN-V-004866,SYN-P-00034,SYN-E-001234,Synthetic Community Hospital East,Emergency,2025-07-18 11:09:00,88,120,89,98.2,22,99,7
SYN-V-004867,SYN-P-00019,SYN-E-001236,Synthetic Specialty Clinic,Pulmonology,2025-07-20 06:15:00,56,138,91,98.3,12,93,7
SYN-V-004868,SYN-P-00191,SYN-E-001237,Synthetic Community Hospital East,Emergency,2025-07-20 04:54:00,99,107,86,98.2,20,96,8
SYN-V-004869,SYN-P-00191,SYN-E-001237,Synthetic Community Hospital East,Emergency,2025-07-20 06:05:00,105,122,85,98.4,14,93,1
SYN-V-004870,SYN-P-00191,SYN-E-001237,Synthetic Community Hospital East,Emergency,2025-07-20 06:12:00,82,152,71,99.0,21,95,5
SYN-V-004871,SYN-P-00191,SYN-E-001237,Synthetic Community Hospital East,Emergency,2025-07-20 07:16:00,91,147,76,98.0,15,96,
SYN-V-004872,SYN-P-00191,SYN-E-001237,Synthetic Community Hospital East,Emergency,2025-07-20 07:39:00,58,139,70,97.5,15,94,5
SYN-V-004873,SYN-P-00126,SYN-E-001238,Synthetic Outpatient Center,Primary Care,2025-07-20 10:00:00,82,103,70,99.0,20,93,1
SYN-V-004874,SYN-P-00126,SYN-E-001238,Synthetic Outpatient Center,Primary Care,2025-07-20 11:25:00,75,150,85,98.9,21,95,6
SYN-V-004875,SYN-P-00251,SYN-E-001239,Synthetic Specialty Clinic,Primary Care,2025-07-21 03:33:00,91,156,66,97.6,17,94,7
SYN-V-004876,SYN-P-00099,SYN-E-001240,Synthetic Regional Medical Center,Emergency,2025-07-22 12:45:00,98,124,70,98.0,15,92,0
SYN-V-004877,SYN-P-00099,SYN-E-001240,Synthetic Regional Medical Center,Emergency,2025-07-22 13:00:00,71,131,87,97.8,14,95,0
SYN-V-004878,SYN-P-00099,SYN-E-001240,Synthetic Regional Medical Center,Emergency,2025-07-22 13:44:00,75,107,64,99.4,16,93,4
SYN-V-004879,SYN-P-00099,SYN-E-001240,Synthetic Regional Medical Center,Emergency,2025-07-22 14:03:00,67,124,75,99.7,16,100,4
SYN-V-004880,SYN-P-00099,SYN-E-001240,Synthetic Regional Medical Center,Emergency,2025-07-22 14:37:00,74,148,70,97.7,18,92,3
SYN-V-004881,SYN-P-00200,SYN-E-001241,Synthetic Regional Medical Center,Pulmonology,2025-07-24 02:15:00,70,109,62,99.7,16,94,
SYN-V-004882,SYN-P-00200,SYN-E-001241,Synthetic Regional Medical Center,Pulmonology,2025-07-24 09:15:00,82,112,64,99.6,18,92,8
SYN-V-004883,SYN-P-00200,SYN-E-001241,Synthetic Regional Medical Center,Pulmonology,2025-07-24 13:31:00,72,135,64,98.7,14,100,6
SYN-V-004884,SYN-P-00200,SYN-E-001241,Synthetic Regional Medical Center,Pulmonology,2025-07-24 18:13:00,97,158,90,97.0,16,98,6
SYN-V-004885,SYN-P-00200,SYN-E-001241,Synthetic Regional Medical Center,Pulmonology,2025-07-24 22:00:00,87,117,74,99.5,17,99,1
SYN-V-004886,SYN-P-00200,SYN-E-001241,Synthetic Regional Medical Center,Pulmonology,2025-07-26 01:48:00,93,123,79,99.5,13,100,1
SYN-V-004887,SYN-P-00200,SYN-E-001241,Synthetic Regional Medical Center,Pulmonology,2025-07-26 13:02:00,86,126,89,99.6,17,94,7
SYN-V-004888,SYN-P-00200,SYN-E-001241,Synthetic Regional Medical Center,Pulmonology,2025-07-26 13:10:00,80,102,94,98.3,19,92,5
SYN-V-004889,SYN-P-00200,SYN-E-001241,Synthetic Regional Medical Center,Pulmonology,2025-07-27 07:54:00,65,109,90,97.4,15,97,0
SYN-V-004890,SYN-P-00200,SYN-E-001241,Synthetic Regional Medical Center,Pulmonology,2025-07-27 09:15:00,60,153,89,99.1,18,100,0
SYN-V-004891,SYN-P-00200,SYN-E-001241,Synthetic Regional Medical Center,Pulmonology,2025-07-27 12:50:00,75,153,64,98.2,21,96,5
SYN-V-004892,SYN-P-00200,SYN-E-001241,Synthetic Regional Medical Center,Pulmonology,2025-07-27 17:57:00,105,139,84,99.3,21,99,8
SYN-V-004893,SYN-P-00200,SYN-E-001241,Synthetic Regional Medical Center,Pulmonology,2025-07-27 20:04:00,104,119,60,99.0,22,97,4
SYN-V-004894,SYN-P-00200,SYN-E-001241,Synthetic Regional Medical Center,Pulmonology,2025-07-28 21:21:00,97,119,79,98.1,16,96,5
SYN-V-004895,SYN-P-00200,SYN-E-001241,Synthetic Regional Medical Center,Pulmonology,2025-07-29 04:52:00,59,135,66,97.2,15,98,2
SYN-V-004896,SYN-P-00259,SYN-E-001242,Synthetic Outpatient Center,Endocrinology,2025-07-23 08:16:00,86,142,83,99.4,15,97,4
SYN-V-004897,SYN-P-00156,SYN-E-001243,Synthetic Specialty Clinic,Pulmonology,2025-07-24 13:13:00,68,109,63,97.9,21,99,5
SYN-V-004898,SYN-P-00006,SYN-E-001244,Synthetic Regional Medical Center,Emergency,2025-07-25 08:20:00,71,155,64,97.2,13,97,2
SYN-V-004899,SYN-P-00006,SYN-E-001244,Synthetic Regional Medical Center,Emergency,2025-07-25 09:48:00,87,152,80,98.1,17,96,4
SYN-V-004900,SYN-P-00006,SYN-E-001244,Synthetic Regional Medical Center,Emergency,2025-07-25 10:49:00,59,109,86,99.3,16,98,2
SYN-V-004901,SYN-P-00030,SYN-E-001245,Synthetic Specialty Clinic,Primary Care,2025-07-25 12:28:00,91,104,82,97.9,22,99,6
SYN-V-004902,SYN-P-00079,SYN-E-001246,Synthetic Community Hospital West,Internal Medicine,2025-07-26 16:14:00,97,107,61,98.3,19,95,6
SYN-V-004903,SYN-P-00079,SYN-E-001246,Synthetic Community Hospital West,Internal Medicine,2025-07-26 22:56:00,96,134,61,98.4,21,92,4
SYN-V-004904,SYN-P-00079,SYN-E-001246,Synthetic Community Hospital West,Internal Medicine,2025-07-27 06:22:00,75,149,61,99.0,19,94,1
SYN-V-004905,SYN-P-00079,SYN-E-001246,Synthetic Community Hospital West,Internal Medicine,2025-07-27 13:26:00,72,116,84,97.2,19,96,3
SYN-V-004906,SYN-P-00079,SYN-E-001246,Synthetic Community Hospital West,Internal Medicine,2025-07-27 13:59:00,101,139,92,97.6,22,96,5
SYN-V-004907,SYN-P-00079,SYN-E-001246,Synthetic Community Hospital West,Internal Medicine,2025-07-27 17:39:00,72,122,77,98.6,16,92,2
SYN-V-004908,SYN-P-00079,SYN-E-001246,Synthetic Community Hospital West,Internal Medicine,2025-07-27 18:54:00,71,144,85,99.1,21,95,2
SYN-V-004909,SYN-P-00079,SYN-E-001246,Synthetic Community Hospital West,Internal Medicine,2025-07-27 19:24:00,95,110,72,99.6,20,95,4
SYN-V-004910,SYN-P-00079,SYN-E-001246,Synthetic Community Hospital West,Internal Medicine,2025-07-28 00:23:00,72,109,95,99.6,20,98,2
SYN-V-004911,SYN-P-00079,SYN-E-001246,Synthetic Community Hospital West,Internal Medicine,2025-07-28 08:24:00,81,143,76,98.7,15,99,6
SYN-V-004912,SYN-P-00079,SYN-E-001246,Synthetic Community Hospital West,Internal Medicine,2025-07-31 00:24:00,96,158,75,98.2,14,93,1
SYN-V-004913,SYN-P-00079,SYN-E-001246,Synthetic Community Hospital West,Internal Medicine,2025-07-31 01:36:00,98,132,62,97.4,18,100,0
SYN-V-004914,SYN-P-00079,SYN-E-001246,Synthetic Community Hospital West,Internal Medicine,2025-07-31 08:47:00,70,134,74,97.6,22,99,8
SYN-V-004915,SYN-P-00079,SYN-E-001246,Synthetic Community Hospital West,Internal Medicine,2025-07-31 16:16:00,74,103,78,99.1,22,92,0
SYN-V-004916,SYN-P-00079,SYN-E-001246,Synthetic Community Hospital West,Internal Medicine,2025-08-01 00:45:00,64,150,89,98.6,21,97,0
SYN-V-004917,SYN-P-00079,SYN-E-001246,Synthetic Community Hospital West,Internal Medicine,2025-08-01 04:56:00,109,117,64,99.8,18,93,2
SYN-V-004918,SYN-P-00269,SYN-E-001247,Synthetic Specialty Clinic,Primary Care,2025-07-27 13:55:00,102,116,63,99.4,18,98,3
SYN-V-004919,SYN-P-00277,SYN-E-001248,Synthetic Community Hospital East,Orthopedics,2025-07-28 04:33:00,107,128,84,97.9,17,100,0
SYN-V-004920,SYN-P-00277,SYN-E-001248,Synthetic Community Hospital East,Orthopedics,2025-07-28 04:50:00,110,129,70,99.4,20,96,0
SYN-V-004921,SYN-P-00277,SYN-E-001248,Synthetic Community Hospital East,Orthopedics,2025-07-28 07:58:00,57,120,85,98.1,19,92,7
SYN-V-004922,SYN-P-00277,SYN-E-001248,Synthetic Community Hospital East,Orthopedics,2025-07-28 17:56:00,108,116,84,97.5,19,94,4
SYN-V-004923,SYN-P-00277,SYN-E-001248,Synthetic Community Hospital East,Orthopedics,2025-07-28 18:00:00,75,155,70,97.8,19,100,3
SYN-V-004924,SYN-P-00277,SYN-E-001248,Synthetic Community Hospital East,Orthopedics,2025-07-29 04:33:00,60,109,74,99.7,12,95,4
SYN-V-004925,SYN-P-00049,SYN-E-001250,Synthetic Outpatient Center,Primary Care,2025-07-28 06:44:00,90,146,83,98.5,21,99,1
SYN-V-004926,SYN-P-00276,SYN-E-001252,Synthetic Community Hospital East,Cardiology,2025-07-28 22:12:00,101,140,62,99.3,21,100,6
SYN-V-004927,SYN-P-00276,SYN-E-001252,Synthetic Community Hospital East,Cardiology,2025-07-29 03:55:00,63,133,79,97.6,14,95,
SYN-V-004928,SYN-P-00276,SYN-E-001252,Synthetic Community Hospital East,Cardiology,2025-07-29 04:21:00,80,146,66,99.5,15,98,4
SYN-V-004929,SYN-P-00276,SYN-E-001252,Synthetic Community Hospital East,Cardiology,2025-07-29 08:24:00,82,141,94,97.7,21,98,6
SYN-V-004930,SYN-P-00276,SYN-E-001252,Synthetic Community Hospital East,Cardiology,2025-07-29 12:02:00,96,151,88,98.6,14,97,1
SYN-V-004931,SYN-P-00276,SYN-E-001252,Synthetic Community Hospital East,Cardiology,2025-07-29 13:19:00,109,125,92,98.4,22,93,3
SYN-V-004932,SYN-P-00276,SYN-E-001252,Synthetic Community Hospital East,Cardiology,2025-07-29 15:30:00,89,154,67,97.8,12,93,2
SYN-V-004933,SYN-P-00198,SYN-E-001253,Synthetic Outpatient Center,Primary Care,2025-07-28 18:57:00,78,107,82,99.2,16,93,6
SYN-V-004934,SYN-P-00198,SYN-E-001253,Synthetic Outpatient Center,Primary Care,2025-07-28 21:24:00,58,117,63,98.1,19,99,1
SYN-V-004935,SYN-P-00053,SYN-E-001254,Synthetic Community Hospital East,Emergency,2025-07-30 11:36:00,84,155,74,99.0,17,96,7
SYN-V-004936,SYN-P-00053,SYN-E-001254,Synthetic Community Hospital East,Emergency,2025-07-30 11:39:00,77,154,67,97.3,15,97,5
SYN-V-004937,SYN-P-00053,SYN-E-001254,Synthetic Community Hospital East,Emergency,2025-07-30 11:39:00,83,136,82,98.3,16,92,8
SYN-V-004938,SYN-P-00053,SYN-E-001254,Synthetic Community Hospital East,Emergency,2025-07-30 11:51:00,73,105,68,99.7,22,97,1
SYN-V-004939,SYN-P-00053,SYN-E-001254,Synthetic Community Hospital East,Emergency,2025-07-30 12:18:00,90,101,80,99.2,18,95,2
SYN-V-004940,SYN-P-00053,SYN-E-001254,Synthetic Community Hospital East,Emergency,2025-07-30 12:32:00,58,103,68,97.8,17,100,5
SYN-V-004941,SYN-P-00208,SYN-E-001255,Synthetic Community Hospital West,Emergency,2025-07-30 20:24:00,62,135,69,98.2,12,93,8
SYN-V-004942,SYN-P-00208,SYN-E-001255,Synthetic Community Hospital West,Emergency,2025-07-30 22:10:00,99,158,60,99.3,18,94,4
SYN-V-004943,SYN-P-00208,SYN-E-001255,Synthetic Community Hospital West,Emergency,2025-07-30 22:36:00,82,111,78,98.9,14,93,8
SYN-V-004944,SYN-P-00208,SYN-E-001255,Synthetic Community Hospital West,Emergency,2025-07-30 22:48:00,61,123,94,97.6,22,93,7
SYN-V-004945,SYN-P-00208,SYN-E-001255,Synthetic Community Hospital West,Emergency,2025-07-30 22:49:00,68,103,91,97.2,16,98,8
SYN-V-004946,SYN-P-00010,SYN-E-001256,Synthetic Regional Medical Center,Orthopedics,2025-07-30 21:15:00,89,107,62,98.2,17,93,0
SYN-V-004947,SYN-P-00013,SYN-E-001257,Synthetic Community Hospital West,Internal Medicine,2025-07-31 01:30:00,80,148,64,97.2,12,100,3
SYN-V-004948,SYN-P-00013,SYN-E-001257,Synthetic Community Hospital West,Internal Medicine,2025-07-31 01:33:00,83,101,81,97.7,14,92,4
SYN-V-004949,SYN-P-00013,SYN-E-001257,Synthetic Community Hospital West,Internal Medicine,2025-07-31 01:35:00,56,160,86,98.3,22,94,5
SYN-V-004950,SYN-P-00013,SYN-E-001257,Synthetic Community Hospital West,Internal Medicine,2025-07-31 02:47:00,102,129,95,99.1,15,98,3
SYN-V-004951,SYN-P-00013,SYN-E-001257,Synthetic Community Hospital West,Internal Medicine,2025-07-31 03:22:00,106,160,83,97.3,18,97,1
SYN-V-004952,SYN-P-00013,SYN-E-001257,Synthetic Community Hospital West,Internal Medicine,2025-07-31 03:22:00,104,143,64,99.2,19,97,4
SYN-V-004953,SYN-P-00013,SYN-E-001257,Synthetic Community Hospital West,Internal Medicine,2025-07-31 04:19:00,64,143,87,97.1,15,99,
SYN-V-004954,SYN-P-00013,SYN-E-001257,Synthetic Community Hospital West,Internal Medicine,2025-07-31 04:33:00,61,122,72,99.0,21,97,3
SYN-V-004955,SYN-P-00238,SYN-E-001258,Synthetic Specialty Clinic,Pulmonology,2025-08-01 04:05:00,59,156,78,97.9,22,94,4
SYN-V-004956,SYN-P-00238,SYN-E-001258,Synthetic Specialty Clinic,Pulmonology,2025-08-01 05:24:00,67,107,70,99.5,21,93,4
SYN-V-004957,SYN-P-00238,SYN-E-001258,Synthetic Specialty Clinic,Pulmonology,2025-08-01 06:05:00,86,149,62,98.0,16,92,6
SYN-V-004958,SYN-P-00264,SYN-E-001259,Synthetic Regional Medical Center,Emergency,2025-08-01 06:34:00,84,131,69,98.2,14,93,7
SYN-V-004959,SYN-P-00264,SYN-E-001259,Synthetic Regional Medical Center,Emergency,2025-08-01 09:04:00,75,150,91,98.5,12,98,8
SYN-V-004960,SYN-P-00129,SYN-E-001260,Synthetic Community Hospital West,Orthopedics,2025-08-02 12:42:00,101,105,78,99.4,15,99,1
SYN-V-004961,SYN-P-00129,SYN-E-001260,Synthetic Community Hospital West,Orthopedics,2025-08-03 03:45:00,110,131,91,97.0,21,96,3
SYN-V-004962,SYN-P-00129,SYN-E-001260,Synthetic Community Hospital West,Orthopedics,2025-08-03 07:51:00,61,139,69,98.7,17,95,3
SYN-V-004963,SYN-P-00129,SYN-E-001260,Synthetic Community Hospital West,Orthopedics,2025-08-03 19:37:00,96,123,84,98.5,19,93,8
SYN-V-004964,SYN-P-00086,SYN-E-001262,Synthetic Outpatient Center,Pulmonology,2025-08-03 01:14:00,73,138,70,98.4,16,94,0
SYN-V-004965,SYN-P-00213,SYN-E-001264,Synthetic Outpatient Center,Pulmonology,2025-08-04 05:37:00,109,148,88,99.7,20,99,5
SYN-V-004966,SYN-P-00228,SYN-E-001267,Synthetic Specialty Clinic,Primary Care,2025-08-04 17:39:00,100,149,95,97.6,20,93,2
SYN-V-004967,SYN-P-00119,SYN-E-001269,Synthetic Outpatient Center,Primary Care,2025-08-04 19:02:00,93,159,70,97.6,16,95,0
SYN-V-004968,SYN-P-00248,SYN-E-001270,Synthetic Community Hospital East,Emergency,2025-08-05 17:44:00,61,121,66,99.1,16,100,7
SYN-V-004969,SYN-P-00248,SYN-E-001270,Synthetic Community Hospital East,Emergency,2025-08-05 17:51:00,96,101,82,98.4,20,92,7
SYN-V-004970,SYN-P-00248,SYN-E-001270,Synthetic Community Hospital East,Emergency,2025-08-05 18:56:00,84,101,63,98.7,13,100,8
SYN-V-004971,SYN-P-00248,SYN-E-001270,Synthetic Community Hospital East,Emergency,2025-08-05 19:28:00,74,129,75,98.3,13,98,
SYN-V-004972,SYN-P-00248,SYN-E-001270,Synthetic Community Hospital East,Emergency,2025-08-05 19:53:00,96,141,65,97.4,14,93,1
SYN-V-004973,SYN-P-00248,SYN-E-001270,Synthetic Community Hospital East,Emergency,2025-08-05 20:00:00,80,137,69,99.7,13,97,
SYN-V-004974,SYN-P-00248,SYN-E-001270,Synthetic Community Hospital East,Emergency,2025-08-05 20:14:00,108,113,84,99.1,18,96,7
SYN-V-004975,SYN-P-00248,SYN-E-001270,Synthetic Community Hospital East,Emergency,2025-08-05 21:19:00,78,153,78,97.3,18,97,7
SYN-V-004976,SYN-P-00039,SYN-E-001272,Synthetic Community Hospital East,Pulmonology,2025-08-06 14:30:00,109,134,74,99.3,13,100,1
SYN-V-004977,SYN-P-00039,SYN-E-001272,Synthetic Community Hospital East,Pulmonology,2025-08-06 14:54:00,97,111,88,99.1,19,93,2
SYN-V-004978,SYN-P-00039,SYN-E-001272,Synthetic Community Hospital East,Pulmonology,2025-08-06 18:04:00,57,116,80,98.9,14,92,6
SYN-V-004979,SYN-P-00079,SYN-E-001273,Synthetic Community Hospital West,Pulmonology,2025-08-07 09:43:00,98,120,63,97.7,18,100,
SYN-V-004980,SYN-P-00079,SYN-E-001273,Synthetic Community Hospital West,Pulmonology,2025-08-07 16:44:00,69,111,68,99.0,17,94,8
SYN-V-004981,SYN-P-00079,SYN-E-001273,Synthetic Community Hospital West,Pulmonology,2025-08-07 23:43:00,107,130,90,99.5,21,92,2
SYN-V-004982,SYN-P-00079,SYN-E-001273,Synthetic Community Hospital West,Pulmonology,2025-08-08 01:47:00,66,157,88,98.9,20,100,2
SYN-V-004983,SYN-P-00079,SYN-E-001273,Synthetic Community Hospital West,Pulmonology,2025-08-08 15:12:00,84,143,78,97.6,12,92,1
SYN-V-004984,SYN-P-00079,SYN-E-001273,Synthetic Community Hospital West,Pulmonology,2025-08-09 00:00:00,87,103,62,99.2,12,96,
SYN-V-004985,SYN-P-00079,SYN-E-001273,Synthetic Community Hospital West,Pulmonology,2025-08-09 01:05:00,110,153,87,98.5,18,92,3
SYN-V-004986,SYN-P-00079,SYN-E-001273,Synthetic Community Hospital West,Pulmonology,2025-08-09 11:08:00,108,120,94,97.2,17,97,7
SYN-V-004987,SYN-P-00079,SYN-E-001273,Synthetic Community Hospital West,Pulmonology,2025-08-10 08:40:00,66,150,72,97.3,19,92,7
SYN-V-004988,SYN-P-00079,SYN-E-001273,Synthetic Community Hospital West,Pulmonology,2025-08-11 05:08:00,74,149,64,97.4,18,92,6
SYN-V-004989,SYN-P-00079,SYN-E-001273,Synthetic Community Hospital West,Pulmonology,2025-08-12 00:12:00,97,113,90,98.5,15,96,1
SYN-V-004990,SYN-P-00079,SYN-E-001273,Synthetic Community Hospital West,Pulmonology,2025-08-12 19:15:00,77,149,84,98.7,22,100,3
SYN-V-004991,SYN-P-00079,SYN-E-001273,Synthetic Community Hospital West,Pulmonology,2025-08-13 20:46:00,108,139,70,97.2,16,93,4
SYN-V-004992,SYN-P-00079,SYN-E-001273,Synthetic Community Hospital West,Pulmonology,2025-08-14 04:59:00,75,114,93,99.5,17,94,7
SYN-V-004993,SYN-P-00079,SYN-E-001273,Synthetic Community Hospital West,Pulmonology,2025-08-14 08:35:00,73,144,72,98.6,13,98,2
SYN-V-004994,SYN-P-00079,SYN-E-001273,Synthetic Community Hospital West,Pulmonology,2025-08-14 13:15:00,62,152,81,99.0,17,99,
SYN-V-004995,SYN-P-00079,SYN-E-001273,Synthetic Community Hospital West,Pulmonology,2025-08-14 18:04:00,102,119,93,98.7,16,93,
SYN-V-004996,SYN-P-00079,SYN-E-001273,Synthetic Community Hospital West,Pulmonology,2025-08-14 19:02:00,92,158,77,98.7,16,100,7
SYN-V-004997,SYN-P-00079,SYN-E-001273,Synthetic Community Hospital West,Pulmonology,2025-08-14 20:38:00,69,105,68,98.1,20,98,4
SYN-V-004998,SYN-P-00079,SYN-E-001273,Synthetic Community Hospital West,Pulmonology,2025-08-15 06:22:00,68,109,73,99.8,19,100,5
SYN-V-004999,SYN-P-00079,SYN-E-001273,Synthetic Community Hospital West,Pulmonology,2025-08-15 11:47:00,79,118,79,99.8,14,94,7
SYN-V-005000,SYN-P-00079,SYN-E-001273,Synthetic Community Hospital West,Pulmonology,2025-08-15 20:32:00,79,152,75,97.9,17,97,8
SYN-V-005001,SYN-P-00019,SYN-E-001274,Synthetic Community Hospital West,Emergency,2025-08-07 12:21:00,82,146,63,99.0,13,100,6
SYN-V-005002,SYN-P-00019,SYN-E-001274,Synthetic Community Hospital West,Emergency,2025-08-07 13:27:00,74,152,60,98.4,15,92,0
SYN-V-005003,SYN-P-00019,SYN-E-001274,Synthetic Community Hospital West,Emergency,2025-08-07 13:44:00,99,100,74,99.8,21,99,1
SYN-V-005004,SYN-P-00019,SYN-E-001274,Synthetic Community Hospital West,Emergency,2025-08-07 13:51:00,57,149,86,98.3,13,96,3
SYN-V-005005,SYN-P-00019,SYN-E-001274,Synthetic Community Hospital West,Emergency,2025-08-07 15:01:00,83,158,76,97.3,21,96,6
SYN-V-005006,SYN-P-00123,SYN-E-001277,Synthetic Community Hospital West,Cardiology,2025-08-08 10:58:00,88,114,81,99.6,17,96,1
SYN-V-005007,SYN-P-00123,SYN-E-001277,Synthetic Community Hospital West,Cardiology,2025-08-08 11:13:00,101,139,71,97.9,14,93,2
SYN-V-005008,SYN-P-00123,SYN-E-001277,Synthetic Community Hospital West,Cardiology,2025-08-08 11:32:00,96,128,64,97.5,19,97,5
SYN-V-005009,SYN-P-00123,SYN-E-001277,Synthetic Community Hospital West,Cardiology,2025-08-08 11:42:00,94,137,66,98.5,17,93,2
SYN-V-005010,SYN-P-00123,SYN-E-001277,Synthetic Community Hospital West,Cardiology,2025-08-08 13:02:00,87,153,66,97.5,21,100,1
SYN-V-005011,SYN-P-00295,SYN-E-001278,Synthetic Regional Medical Center,Emergency,2025-08-08 12:09:00,81,101,95,98.3,14,95,8
SYN-V-005012,SYN-P-00295,SYN-E-001278,Synthetic Regional Medical Center,Emergency,2025-08-08 12:25:00,90,101,78,98.9,22,99,4
SYN-V-005013,SYN-P-00295,SYN-E-001278,Synthetic Regional Medical Center,Emergency,2025-08-08 13:37:00,91,108,95,98.6,19,95,3
SYN-V-005014,SYN-P-00295,SYN-E-001278,Synthetic Regional Medical Center,Emergency,2025-08-08 13:53:00,85,147,75,97.8,20,94,7
SYN-V-005015,SYN-P-00295,SYN-E-001278,Synthetic Regional Medical Center,Emergency,2025-08-08 14:09:00,85,141,67,99.6,20,94,7
SYN-V-005016,SYN-P-00083,SYN-E-001279,Synthetic Specialty Clinic,Pulmonology,2025-08-08 17:23:00,88,110,73,98.7,17,99,7
SYN-V-005017,SYN-P-00271,SYN-E-001280,Synthetic Specialty Clinic,Orthopedics,2025-08-09 00:50:00,83,101,73,98.2,17,99,8
SYN-V-005018,SYN-P-00207,SYN-E-001283,Synthetic Community Hospital East,Emergency,2025-08-10 02:44:00,95,129,74,97.7,21,100,1
SYN-V-005019,SYN-P-00207,SYN-E-001283,Synthetic Community Hospital East,Emergency,2025-08-10 04:00:00,106,106,83,98.9,15,93,2
SYN-V-005020,SYN-P-00207,SYN-E-001283,Synthetic Community Hospital East,Emergency,2025-08-10 04:57:00,62,150,71,97.3,14,99,1
SYN-V-005021,SYN-P-00207,SYN-E-001283,Synthetic Community Hospital East,Emergency,2025-08-10 05:24:00,90,154,67,97.6,16,96,
SYN-V-005022,SYN-P-00104,SYN-E-001285,Synthetic Specialty Clinic,Orthopedics,2025-08-11 22:37:00,94,108,69,99.3,19,94,
SYN-V-005023,SYN-P-00265,SYN-E-001286,Synthetic Regional Medical Center,Emergency,2025-08-13 10:37:00,89,139,67,99.7,19,99,7
SYN-V-005024,SYN-P-00265,SYN-E-001286,Synthetic Regional Medical Center,Emergency,2025-08-13 11:09:00,100,124,76,98.0,22,98,6
SYN-V-005025,SYN-P-00229,SYN-E-001287,Synthetic Specialty Clinic,Orthopedics,2025-08-15 11:46:00,69,148,91,99.5,12,98,
SYN-V-005026,SYN-P-00229,SYN-E-001287,Synthetic Specialty Clinic,Orthopedics,2025-08-15 13:50:00,67,155,68,98.4,20,92,1
SYN-V-005027,SYN-P-00042,SYN-E-001288,Synthetic Outpatient Center,Cardiology,2025-08-16 01:45:00,86,136,62,98.0,12,95,1
SYN-V-005028,SYN-P-00042,SYN-E-001288,Synthetic Outpatient Center,Cardiology,2025-08-16 03:14:00,81,110,92,97.2,13,98,3
SYN-V-005029,SYN-P-00042,SYN-E-001288,Synthetic Outpatient Center,Cardiology,2025-08-16 05:26:00,96,112,95,97.8,19,96,4
SYN-V-005030,SYN-P-00125,SYN-E-001289,Synthetic Community Hospital West,Nephrology,2025-08-16 05:21:00,61,109,87,98.7,15,94,8
SYN-V-005031,SYN-P-00125,SYN-E-001289,Synthetic Community Hospital West,Nephrology,2025-08-16 22:04:00,79,126,62,98.0,16,97,8
SYN-V-005032,SYN-P-00125,SYN-E-001289,Synthetic Community Hospital West,Nephrology,2025-08-17 04:34:00,102,121,66,97.2,22,92,
SYN-V-005033,SYN-P-00125,SYN-E-001289,Synthetic Community Hospital West,Nephrology,2025-08-17 05:37:00,75,122,93,97.6,22,92,
SYN-V-005034,SYN-P-00125,SYN-E-001289,Synthetic Community Hospital West,Nephrology,2025-08-17 20:37:00,57,148,83,97.9,17,98,
SYN-V-005035,SYN-P-00125,SYN-E-001289,Synthetic Community Hospital West,Nephrology,2025-08-18 01:45:00,74,152,82,98.2,17,94,0
SYN-V-005036,SYN-P-00125,SYN-E-001289,Synthetic Community Hospital West,Nephrology,2025-08-18 03:10:00,79,154,63,98.4,15,94,3
SYN-V-005037,SYN-P-00125,SYN-E-001289,Synthetic Community Hospital West,Nephrology,2025-08-18 14:38:00,75,102,83,98.0,22,98,4
SYN-V-005038,SYN-P-00125,SYN-E-001289,Synthetic Community Hospital West,Nephrology,2025-08-20 00:21:00,94,123,93,98.9,12,100,5
SYN-V-005039,SYN-P-00276,SYN-E-001291,Synthetic Community Hospital East,Emergency,2025-08-17 14:01:00,90,116,67,99.3,20,97,6
SYN-V-005040,SYN-P-00276,SYN-E-001291,Synthetic Community Hospital East,Emergency,2025-08-17 14:44:00,108,103,95,97.2,13,98,2
SYN-V-005041,SYN-P-00276,SYN-E-001291,Synthetic Community Hospital East,Emergency,2025-08-17 16:20:00,92,157,88,98.5,14,100,1
SYN-V-005042,SYN-P-00033,SYN-E-001292,Synthetic Specialty Clinic,Primary Care,2025-08-17 20:23:00,96,137,92,99.5,20,96,2
SYN-V-005043,SYN-P-00033,SYN-E-001292,Synthetic Specialty Clinic,Primary Care,2025-08-17 23:27:00,67,148,88,98.0,15,96,0
SYN-V-005044,SYN-P-00033,SYN-E-001292,Synthetic Specialty Clinic,Primary Care,2025-08-18 00:15:00,80,132,74,99.6,12,97,8
SYN-V-005045,SYN-P-00129,SYN-E-001294,Synthetic Community Hospital West,Neurology,2025-08-18 15:25:00,63,140,82,99.4,16,92,8
SYN-V-005046,SYN-P-00129,SYN-E-001294,Synthetic Community Hospital West,Neurology,2025-08-19 02:48:00,82,124,90,99.3,19,95,8
SYN-V-005047,SYN-P-00129,SYN-E-001294,Synthetic Community Hospital West,Neurology,2025-08-19 21:52:00,74,150,83,98.4,18,98,3
SYN-V-005048,SYN-P-00129,SYN-E-001294,Synthetic Community Hospital West,Neurology,2025-08-19 22:41:00,75,158,85,97.2,12,95,0
SYN-V-005049,SYN-P-00129,SYN-E-001294,Synthetic Community Hospital West,Neurology,2025-08-20 03:07:00,65,143,95,99.5,13,100,6
SYN-V-005050,SYN-P-00129,SYN-E-001294,Synthetic Community Hospital West,Neurology,2025-08-20 04:51:00,108,104,88,97.4,14,98,6
SYN-V-005051,SYN-P-00129,SYN-E-001294,Synthetic Community Hospital West,Neurology,2025-08-20 05:35:00,84,145,68,97.3,15,92,0
SYN-V-005052,SYN-P-00129,SYN-E-001294,Synthetic Community Hospital West,Neurology,2025-08-21 02:41:00,96,138,76,97.5,18,98,1
SYN-V-005053,SYN-P-00129,SYN-E-001294,Synthetic Community Hospital West,Neurology,2025-08-21 04:27:00,79,159,84,98.6,21,94,6
SYN-V-005054,SYN-P-00129,SYN-E-001294,Synthetic Community Hospital West,Neurology,2025-08-21 10:54:00,91,152,84,97.4,15,100,
SYN-V-005055,SYN-P-00129,SYN-E-001294,Synthetic Community Hospital West,Neurology,2025-08-21 14:35:00,79,121,87,98.2,15,98,3
SYN-V-005056,SYN-P-00129,SYN-E-001294,Synthetic Community Hospital West,Neurology,2025-08-21 19:46:00,97,139,74,97.5,20,98,6
SYN-V-005057,SYN-P-00129,SYN-E-001294,Synthetic Community Hospital West,Neurology,2025-08-22 07:33:00,77,149,95,97.3,17,95,2
SYN-V-005058,SYN-P-00129,SYN-E-001294,Synthetic Community Hospital West,Neurology,2025-08-22 23:43:00,89,112,60,99.5,15,100,0
SYN-V-005059,SYN-P-00129,SYN-E-001294,Synthetic Community Hospital West,Neurology,2025-08-23 05:52:00,110,134,71,98.6,21,93,0
SYN-V-005060,SYN-P-00132,SYN-E-001295,Synthetic Specialty Clinic,Pulmonology,2025-08-18 15:03:00,57,137,81,98.9,12,96,6
SYN-V-005061,SYN-P-00132,SYN-E-001295,Synthetic Specialty Clinic,Pulmonology,2025-08-18 15:13:00,83,114,92,99.6,19,99,5
SYN-V-005062,SYN-P-00167,SYN-E-001296,Synthetic Community Hospital East,Cardiology,2025-08-19 01:27:00,65,131,82,98.0,20,97,1
SYN-V-005063,SYN-P-00167,SYN-E-001296,Synthetic Community Hospital East,Cardiology,2025-08-19 22:06:00,110,127,75,98.5,13,98,
SYN-V-005064,SYN-P-00167,SYN-E-001296,Synthetic Community Hospital East,Cardiology,2025-08-20 19:13:00,78,123,78,99.3,20,95,
SYN-V-005065,SYN-P-00167,SYN-E-001296,Synthetic Community Hospital East,Cardiology,2025-08-21 02:36:00,75,147,64,98.8,22,95,5
SYN-V-005066,SYN-P-00167,SYN-E-001296,Synthetic Community Hospital East,Cardiology,2025-08-21 04:36:00,95,118,68,99.3,21,96,7
SYN-V-005067,SYN-P-00167,SYN-E-001296,Synthetic Community Hospital East,Cardiology,2025-08-21 04:37:00,102,118,93,97.8,18,95,1
SYN-V-005068,SYN-P-00167,SYN-E-001296,Synthetic Community Hospital East,Cardiology,2025-08-21 07:41:00,98,102,75,98.5,12,99,8
SYN-V-005069,SYN-P-00167,SYN-E-001296,Synthetic Community Hospital East,Cardiology,2025-08-21 09:28:00,59,111,66,97.5,18,93,3
SYN-V-005070,SYN-P-00167,SYN-E-001296,Synthetic Community Hospital East,Cardiology,2025-08-22 00:13:00,63,158,71,97.3,21,94,7
SYN-V-005071,SYN-P-00167,SYN-E-001296,Synthetic Community Hospital East,Cardiology,2025-08-22 05:42:00,76,129,60,97.0,20,96,5
SYN-V-005072,SYN-P-00167,SYN-E-001296,Synthetic Community Hospital East,Cardiology,2025-08-23 09:13:00,106,113,69,98.8,18,94,5
SYN-V-005073,SYN-P-00238,SYN-E-001297,Synthetic Community Hospital West,Emergency,2025-08-19 02:08:00,93,126,94,99.3,20,92,2
SYN-V-005074,SYN-P-00105,SYN-E-001298,Synthetic Regional Medical Center,Cardiology,2025-08-19 21:27:00,109,107,62,97.6,12,99,4
SYN-V-005075,SYN-P-00105,SYN-E-001298,Synthetic Regional Medical Center,Cardiology,2025-08-20 00:04:00,91,105,88,98.3,20,96,3
SYN-V-005076,SYN-P-00105,SYN-E-001298,Synthetic Regional Medical Center,Cardiology,2025-08-20 11:30:00,75,101,62,98.0,21,93,5
SYN-V-005077,SYN-P-00105,SYN-E-001298,Synthetic Regional Medical Center,Cardiology,2025-08-20 16:38:00,83,150,93,99.6,17,97,7
SYN-V-005078,SYN-P-00105,SYN-E-001298,Synthetic Regional Medical Center,Cardiology,2025-08-20 16:57:00,66,158,95,98.2,17,94,6
SYN-V-005079,SYN-P-00105,SYN-E-001298,Synthetic Regional Medical Center,Cardiology,2025-08-22 21:18:00,80,109,70,98.2,16,95,8
SYN-V-005080,SYN-P-00105,SYN-E-001298,Synthetic Regional Medical Center,Cardiology,2025-08-23 03:07:00,71,117,85,97.5,15,94,4
SYN-V-005081,SYN-P-00105,SYN-E-001298,Synthetic Regional Medical Center,Cardiology,2025-08-23 06:28:00,64,102,76,97.0,18,97,1
SYN-V-005082,SYN-P-00105,SYN-E-001298,Synthetic Regional Medical Center,Cardiology,2025-08-23 12:10:00,85,135,68,97.4,18,92,4
SYN-V-005083,SYN-P-00105,SYN-E-001298,Synthetic Regional Medical Center,Cardiology,2025-08-23 13:33:00,75,158,94,98.6,14,97,1
SYN-V-005084,SYN-P-00105,SYN-E-001298,Synthetic Regional Medical Center,Cardiology,2025-08-24 03:32:00,109,159,68,97.5,22,94,6
SYN-V-005085,SYN-P-00105,SYN-E-001298,Synthetic Regional Medical Center,Cardiology,2025-08-24 05:47:00,86,107,85,99.1,22,97,8
SYN-V-005086,SYN-P-00105,SYN-E-001298,Synthetic Regional Medical Center,Cardiology,2025-08-24 15:44:00,94,103,88,99.4,14,99,5
SYN-V-005087,SYN-P-00071,SYN-E-001299,Synthetic Community Hospital East,Emergency,2025-08-23 18:42:00,110,133,81,97.7,17,92,6
SYN-V-005088,SYN-P-00071,SYN-E-001299,Synthetic Community Hospital East,Emergency,2025-08-23 18:47:00,80,132,86,99.1,16,93,1
SYN-V-005089,SYN-P-00071,SYN-E-001299,Synthetic Community Hospital East,Emergency,2025-08-23 18:52:00,58,110,77,99.7,18,92,0
SYN-V-005090,SYN-P-00071,SYN-E-001299,Synthetic Community Hospital East,Emergency,2025-08-23 18:55:00,57,150,88,97.4,17,93,3
SYN-V-005091,SYN-P-00071,SYN-E-001299,Synthetic Community Hospital East,Emergency,2025-08-23 19:38:00,78,104,89,98.0,18,97,3
SYN-V-005092,SYN-P-00071,SYN-E-001299,Synthetic Community Hospital East,Emergency,2025-08-23 20:38:00,79,106,61,98.9,17,95,7
SYN-V-005093,SYN-P-00166,SYN-E-001300,Synthetic Specialty Clinic,Primary Care,2025-08-24 12:55:00,86,154,61,97.7,21,96,3
SYN-V-005094,SYN-P-00166,SYN-E-001300,Synthetic Specialty Clinic,Primary Care,2025-08-24 13:17:00,68,118,95,99.7,22,98,1
SYN-V-005095,SYN-P-00170,SYN-E-001301,Synthetic Outpatient Center,Endocrinology,2025-08-26 09:20:00,92,108,86,97.4,12,97,5
SYN-V-005096,SYN-P-00208,SYN-E-001302,Synthetic Community Hospital West,Emergency,2025-08-26 16:23:00,69,145,80,98.1,22,93,3
SYN-V-005097,SYN-P-00208,SYN-E-001302,Synthetic Community Hospital West,Emergency,2025-08-26 17:43:00,88,147,66,97.0,17,97,0
SYN-V-005098,SYN-P-00208,SYN-E-001302,Synthetic Community Hospital West,Emergency,2025-08-26 18:04:00,108,101,93,98.9,15,97,1
SYN-V-005099,SYN-P-00208,SYN-E-001302,Synthetic Community Hospital West,Emergency,2025-08-26 18:04:00,101,156,80,98.0,18,99,7
SYN-V-005100,SYN-P-00208,SYN-E-001302,Synthetic Community Hospital West,Emergency,2025-08-26 18:09:00,95,148,95,97.6,17,100,7
SYN-V-005101,SYN-P-00208,SYN-E-001302,Synthetic Community Hospital West,Emergency,2025-08-26 18:32:00,104,147,85,98.5,14,92,3
SYN-V-005102,SYN-P-00289,SYN-E-001303,Synthetic Outpatient Center,Pulmonology,2025-08-28 00:15:00,93,135,78,97.5,14,93,6
SYN-V-005103,SYN-P-00168,SYN-E-001304,Synthetic Community Hospital West,Endocrinology,2025-08-27 23:08:00,86,132,81,97.1,15,95,
SYN-V-005104,SYN-P-00168,SYN-E-001304,Synthetic Community Hospital West,Endocrinology,2025-08-28 02:20:00,69,158,93,98.4,14,98,4
SYN-V-005105,SYN-P-00155,SYN-E-001305,Synthetic Regional Medical Center,Nephrology,2025-08-29 08:36:00,85,139,74,99.8,13,92,7
SYN-V-005106,SYN-P-00155,SYN-E-001305,Synthetic Regional Medical Center,Nephrology,2025-08-30 00:27:00,72,139,79,98.8,12,95,
SYN-V-005107,SYN-P-00155,SYN-E-001305,Synthetic Regional Medical Center,Nephrology,2025-08-30 09:10:00,94,122,61,99.1,19,94,1
SYN-V-005108,SYN-P-00155,SYN-E-001305,Synthetic Regional Medical Center,Nephrology,2025-08-31 01:43:00,91,114,88,97.9,13,96,4
SYN-V-005109,SYN-P-00155,SYN-E-001305,Synthetic Regional Medical Center,Nephrology,2025-08-31 04:26:00,103,143,92,98.6,18,92,8
SYN-V-005110,SYN-P-00155,SYN-E-001305,Synthetic Regional Medical Center,Nephrology,2025-08-31 11:00:00,91,110,92,98.1,12,92,8
SYN-V-005111,SYN-P-00155,SYN-E-001305,Synthetic Regional Medical Center,Nephrology,2025-08-31 22:32:00,81,109,60,99.2,15,92,3
SYN-V-005112,SYN-P-00155,SYN-E-001305,Synthetic Regional Medical Center,Nephrology,2025-09-01 04:17:00,82,131,79,97.5,21,96,0
SYN-V-005113,SYN-P-00155,SYN-E-001305,Synthetic Regional Medical Center,Nephrology,2025-09-01 08:07:00,74,130,77,99.7,13,92,0
SYN-V-005114,SYN-P-00155,SYN-E-001305,Synthetic Regional Medical Center,Nephrology,2025-09-01 12:53:00,105,145,86,97.9,18,96,3
SYN-V-005115,SYN-P-00155,SYN-E-001305,Synthetic Regional Medical Center,Nephrology,2025-09-01 19:21:00,98,151,78,98.5,15,100,8
SYN-V-005116,SYN-P-00155,SYN-E-001305,Synthetic Regional Medical Center,Nephrology,2025-09-02 00:39:00,78,155,77,99.7,12,96,5
SYN-V-005117,SYN-P-00155,SYN-E-001305,Synthetic Regional Medical Center,Nephrology,2025-09-02 01:48:00,80,129,89,98.8,15,94,0
SYN-V-005118,SYN-P-00155,SYN-E-001305,Synthetic Regional Medical Center,Nephrology,2025-09-02 02:54:00,78,160,60,99.6,21,93,5
SYN-V-005119,SYN-P-00155,SYN-E-001305,Synthetic Regional Medical Center,Nephrology,2025-09-02 14:01:00,69,142,66,97.5,13,98,1
SYN-V-005120,SYN-P-00155,SYN-E-001305,Synthetic Regional Medical Center,Nephrology,2025-09-03 00:15:00,67,141,69,97.2,17,92,2
SYN-V-005121,SYN-P-00155,SYN-E-001305,Synthetic Regional Medical Center,Nephrology,2025-09-03 00:28:00,76,118,72,98.4,14,98,2
SYN-V-005122,SYN-P-00155,SYN-E-001305,Synthetic Regional Medical Center,Nephrology,2025-09-03 05:10:00,106,134,87,98.3,13,93,6
SYN-V-005123,SYN-P-00155,SYN-E-001305,Synthetic Regional Medical Center,Nephrology,2025-09-03 15:18:00,64,119,66,98.3,19,98,4
SYN-V-005124,SYN-P-00155,SYN-E-001305,Synthetic Regional Medical Center,Nephrology,2025-09-03 15:33:00,104,135,70,97.3,22,100,
SYN-V-005125,SYN-P-00155,SYN-E-001305,Synthetic Regional Medical Center,Nephrology,2025-09-03 22:25:00,75,141,91,99.7,20,96,7
SYN-V-005126,SYN-P-00155,SYN-E-001305,Synthetic Regional Medical Center,Nephrology,2025-09-04 00:56:00,92,160,66,98.7,17,94,1
SYN-V-005127,SYN-P-00155,SYN-E-001305,Synthetic Regional Medical Center,Nephrology,2025-09-04 08:31:00,80,109,78,99.5,18,93,1
SYN-V-005128,SYN-P-00155,SYN-E-001305,Synthetic Regional Medical Center,Nephrology,2025-09-04 13:52:00,55,150,86,98.4,12,98,5
SYN-V-005129,SYN-P-00155,SYN-E-001305,Synthetic Regional Medical Center,Nephrology,2025-09-04 15:59:00,93,143,74,99.1,12,92,3
SYN-V-005130,SYN-P-00155,SYN-E-001305,Synthetic Regional Medical Center,Nephrology,2025-09-04 20:58:00,91,153,78,98.6,17,93,1
SYN-V-005131,SYN-P-00155,SYN-E-001305,Synthetic Regional Medical Center,Nephrology,2025-09-05 01:19:00,59,130,83,98.6,18,96,8
SYN-V-005132,SYN-P-00142,SYN-E-001306,Synthetic Regional Medical Center,Internal Medicine,2025-08-31 16:21:00,106,117,74,98.3,15,94,8
SYN-V-005133,SYN-P-00142,SYN-E-001306,Synthetic Regional Medical Center,Internal Medicine,2025-09-01 02:31:00,67,143,95,99.0,21,96,5
SYN-V-005134,SYN-P-00142,SYN-E-001306,Synthetic Regional Medical Center,Internal Medicine,2025-09-01 05:27:00,90,146,90,98.0,18,99,0
SYN-V-005135,SYN-P-00142,SYN-E-001306,Synthetic Regional Medical Center,Internal Medicine,2025-09-01 06:13:00,105,140,64,97.9,13,94,5
SYN-V-005136,SYN-P-00142,SYN-E-001306,Synthetic Regional Medical Center,Internal Medicine,2025-09-01 09:52:00,90,100,90,97.1,12,95,8
SYN-V-005137,SYN-P-00142,SYN-E-001306,Synthetic Regional Medical Center,Internal Medicine,2025-09-01 18:09:00,61,142,65,97.9,22,100,0
SYN-V-005138,SYN-P-00121,SYN-E-001307,Synthetic Community Hospital East,Internal Medicine,2025-08-31 21:53:00,67,113,72,97.5,19,92,3
SYN-V-005139,SYN-P-00121,SYN-E-001307,Synthetic Community Hospital East,Internal Medicine,2025-09-01 05:46:00,66,100,72,97.2,17,92,8
SYN-V-005140,SYN-P-00121,SYN-E-001307,Synthetic Community Hospital East,Internal Medicine,2025-09-01 22:23:00,88,138,93,97.6,12,99,4
SYN-V-005141,SYN-P-00121,SYN-E-001307,Synthetic Community Hospital East,Internal Medicine,2025-09-02 04:30:00,81,143,81,98.6,22,92,1
SYN-V-005142,SYN-P-00121,SYN-E-001307,Synthetic Community Hospital East,Internal Medicine,2025-09-02 08:48:00,96,143,87,97.8,15,93,1
SYN-V-005143,SYN-P-00121,SYN-E-001307,Synthetic Community Hospital East,Internal Medicine,2025-09-02 14:07:00,96,122,71,97.9,18,94,3
SYN-V-005144,SYN-P-00121,SYN-E-001307,Synthetic Community Hospital East,Internal Medicine,2025-09-03 21:20:00,57,102,75,98.7,17,97,8
SYN-V-005145,SYN-P-00121,SYN-E-001307,Synthetic Community Hospital East,Internal Medicine,2025-09-04 04:40:00,91,118,73,98.0,18,98,6
SYN-V-005146,SYN-P-00121,SYN-E-001307,Synthetic Community Hospital East,Internal Medicine,2025-09-04 18:06:00,74,158,79,97.8,21,99,0
SYN-V-005147,SYN-P-00121,SYN-E-001307,Synthetic Community Hospital East,Internal Medicine,2025-09-04 20:28:00,92,155,83,98.6,14,99,2
SYN-V-005148,SYN-P-00121,SYN-E-001307,Synthetic Community Hospital East,Internal Medicine,2025-09-05 05:29:00,71,135,88,97.4,19,94,6
SYN-V-005149,SYN-P-00121,SYN-E-001307,Synthetic Community Hospital East,Internal Medicine,2025-09-05 18:46:00,88,145,81,99.2,20,95,5
SYN-V-005150,SYN-P-00121,SYN-E-001307,Synthetic Community Hospital East,Internal Medicine,2025-09-06 03:13:00,55,116,91,99.7,16,99,3
SYN-V-005151,SYN-P-00121,SYN-E-001307,Synthetic Community Hospital East,Internal Medicine,2025-09-06 11:04:00,103,150,84,99.0,17,99,3
SYN-V-005152,SYN-P-00121,SYN-E-001307,Synthetic Community Hospital East,Internal Medicine,2025-09-06 13:15:00,70,132,62,97.4,12,92,3
SYN-V-005153,SYN-P-00121,SYN-E-001307,Synthetic Community Hospital East,Internal Medicine,2025-09-06 18:13:00,57,116,78,99.3,15,97,3
SYN-V-005154,SYN-P-00121,SYN-E-001307,Synthetic Community Hospital East,Internal Medicine,2025-09-07 01:45:00,83,112,60,98.6,17,100,7
SYN-V-005155,SYN-P-00038,SYN-E-001308,Synthetic Community Hospital East,Neurology,2025-09-03 22:50:00,95,115,87,99.6,19,98,2
SYN-V-005156,SYN-P-00038,SYN-E-001308,Synthetic Community Hospital East,Neurology,2025-09-04 04:08:00,95,128,69,97.3,22,100,5
SYN-V-005157,SYN-P-00038,SYN-E-001308,Synthetic Community Hospital East,Neurology,2025-09-04 05:16:00,63,102,88,98.1,22,97,0
SYN-V-005158,SYN-P-00038,SYN-E-001308,Synthetic Community Hospital East,Neurology,2025-09-04 05:48:00,55,154,90,97.3,18,100,5
SYN-V-005159,SYN-P-00038,SYN-E-001308,Synthetic Community Hospital East,Neurology,2025-09-04 09:15:00,93,153,78,98.9,21,100,8
SYN-V-005160,SYN-P-00038,SYN-E-001308,Synthetic Community Hospital East,Neurology,2025-09-04 16:04:00,64,154,62,99.3,13,97,
SYN-V-005161,SYN-P-00167,SYN-E-001311,Synthetic Community Hospital East,Neurology,2025-09-06 11:10:00,58,152,91,99.7,17,93,4
SYN-V-005162,SYN-P-00167,SYN-E-001311,Synthetic Community Hospital East,Neurology,2025-09-06 19:49:00,59,106,61,99.0,22,95,0
SYN-V-005163,SYN-P-00167,SYN-E-001311,Synthetic Community Hospital East,Neurology,2025-09-07 18:13:00,96,113,80,99.1,18,96,7
SYN-V-005164,SYN-P-00167,SYN-E-001311,Synthetic Community Hospital East,Neurology,2025-09-07 21:33:00,64,156,62,97.3,15,96,8
SYN-V-005165,SYN-P-00167,SYN-E-001311,Synthetic Community Hospital East,Neurology,2025-09-08 06:01:00,60,138,90,97.4,21,95,7
SYN-V-005166,SYN-P-00167,SYN-E-001311,Synthetic Community Hospital East,Neurology,2025-09-09 10:55:00,69,113,63,98.4,19,99,0
SYN-V-005167,SYN-P-00167,SYN-E-001311,Synthetic Community Hospital East,Neurology,2025-09-10 12:23:00,62,108,84,99.4,21,92,4
SYN-V-005168,SYN-P-00167,SYN-E-001311,Synthetic Community Hospital East,Neurology,2025-09-10 18:09:00,58,144,93,97.6,15,92,7
SYN-V-005169,SYN-P-00167,SYN-E-001311,Synthetic Community Hospital East,Neurology,2025-09-10 21:07:00,85,122,83,98.6,19,92,7
SYN-V-005170,SYN-P-00167,SYN-E-001311,Synthetic Community Hospital East,Neurology,2025-09-11 05:33:00,81,123,93,97.5,22,94,7
SYN-V-005171,SYN-P-00167,SYN-E-001311,Synthetic Community Hospital East,Neurology,2025-09-11 12:35:00,65,145,81,97.5,16,92,
SYN-V-005172,SYN-P-00167,SYN-E-001311,Synthetic Community Hospital East,Neurology,2025-09-12 13:21:00,108,104,77,97.3,12,95,8
SYN-V-005173,SYN-P-00167,SYN-E-001311,Synthetic Community Hospital East,Neurology,2025-09-12 14:22:00,83,135,90,99.0,17,92,4
SYN-V-005174,SYN-P-00167,SYN-E-001311,Synthetic Community Hospital East,Neurology,2025-09-12 19:15:00,71,138,60,98.8,15,92,0
SYN-V-005175,SYN-P-00173,SYN-E-001314,Synthetic Specialty Clinic,Orthopedics,2025-09-07 02:14:00,86,104,65,97.3,19,94,1
SYN-V-005176,SYN-P-00173,SYN-E-001314,Synthetic Specialty Clinic,Orthopedics,2025-09-07 03:39:00,109,142,92,99.3,13,99,
SYN-V-005177,SYN-P-00291,SYN-E-001315,Synthetic Regional Medical Center,Emergency,2025-09-07 20:19:00,74,160,86,98.9,19,98,3
SYN-V-005178,SYN-P-00291,SYN-E-001315,Synthetic Regional Medical Center,Emergency,2025-09-07 21:31:00,108,110,63,97.7,17,93,6
SYN-V-005179,SYN-P-00080,SYN-E-001316,Synthetic Specialty Clinic,Primary Care,2025-09-07 23:12:00,82,124,79,97.3,17,98,2
SYN-V-005180,SYN-P-00080,SYN-E-001316,Synthetic Specialty Clinic,Primary Care,2025-09-07 23:18:00,109,127,70,99.6,15,100,4
SYN-V-005181,SYN-P-00143,SYN-E-001317,Synthetic Regional Medical Center,Emergency,2025-09-07 23:17:00,99,137,68,99.4,15,100,0
SYN-V-005182,SYN-P-00143,SYN-E-001317,Synthetic Regional Medical Center,Emergency,2025-09-07 23:59:00,67,104,70,98.7,19,96,6
SYN-V-005183,SYN-P-00143,SYN-E-001317,Synthetic Regional Medical Center,Emergency,2025-09-08 01:54:00,66,159,68,99.4,14,92,
SYN-V-005184,SYN-P-00143,SYN-E-001317,Synthetic Regional Medical Center,Emergency,2025-09-08 02:12:00,83,108,74,97.3,16,92,4
SYN-V-005185,SYN-P-00144,SYN-E-001319,Synthetic Specialty Clinic,Pulmonology,2025-09-08 18:48:00,67,146,89,99.8,15,100,6
SYN-V-005186,SYN-P-00144,SYN-E-001319,Synthetic Specialty Clinic,Pulmonology,2025-09-08 20:03:00,92,126,82,99.8,18,93,4
SYN-V-005187,SYN-P-00134,SYN-E-001320,Synthetic Specialty Clinic,Pulmonology,2025-09-09 02:14:00,70,156,86,99.5,17,93,8
SYN-V-005188,SYN-P-00065,SYN-E-001322,Synthetic Community Hospital East,Emergency,2025-09-11 06:29:00,63,119,85,99.4,12,98,5
SYN-V-005189,SYN-P-00065,SYN-E-001322,Synthetic Community Hospital East,Emergency,2025-09-11 06:47:00,83,155,89,98.1,18,97,3
SYN-V-005190,SYN-P-00065,SYN-E-001322,Synthetic Community Hospital East,Emergency,2025-09-11 07:31:00,105,157,88,97.2,13,92,2
SYN-V-005191,SYN-P-00065,SYN-E-001322,Synthetic Community Hospital East,Emergency,2025-09-11 08:35:00,86,110,62,97.4,13,96,4
SYN-V-005192,SYN-P-00065,SYN-E-001322,Synthetic Community Hospital East,Emergency,2025-09-11 08:58:00,59,160,88,97.9,15,93,0
SYN-V-005193,SYN-P-00065,SYN-E-001322,Synthetic Community Hospital East,Emergency,2025-09-11 09:12:00,68,104,74,99.6,22,97,4
SYN-V-005194,SYN-P-00198,SYN-E-001323,Synthetic Outpatient Center,Orthopedics,2025-09-11 12:18:00,98,153,74,97.1,20,95,4
SYN-V-005195,SYN-P-00198,SYN-E-001323,Synthetic Outpatient Center,Orthopedics,2025-09-11 15:42:00,55,130,94,97.7,12,99,0
SYN-V-005196,SYN-P-00199,SYN-E-001324,Synthetic Regional Medical Center,Pulmonology,2025-09-12 20:33:00,93,127,87,97.4,20,98,0
SYN-V-005197,SYN-P-00199,SYN-E-001324,Synthetic Regional Medical Center,Pulmonology,2025-09-12 20:35:00,103,110,68,97.6,12,93,7
SYN-V-005198,SYN-P-00248,SYN-E-001325,Synthetic Outpatient Center,Orthopedics,2025-09-13 12:56:00,96,109,87,97.6,20,95,4
SYN-V-005199,SYN-P-00048,SYN-E-001326,Synthetic Community Hospital West,Cardiology,2025-09-14 09:35:00,75,144,62,99.2,13,96,3
SYN-V-005200,SYN-P-00048,SYN-E-001326,Synthetic Community Hospital West,Cardiology,2025-09-14 12:11:00,103,119,85,98.9,14,100,4
SYN-V-005201,SYN-P-00048,SYN-E-001326,Synthetic Community Hospital West,Cardiology,2025-09-14 17:03:00,61,148,80,99.5,19,100,1
SYN-V-005202,SYN-P-00048,SYN-E-001326,Synthetic Community Hospital West,Cardiology,2025-09-14 19:56:00,96,102,65,99.1,12,94,7
SYN-V-005203,SYN-P-00048,SYN-E-001326,Synthetic Community Hospital West,Cardiology,2025-09-15 00:09:00,109,143,88,98.2,15,95,8
SYN-V-005204,SYN-P-00048,SYN-E-001326,Synthetic Community Hospital West,Cardiology,2025-09-15 00:45:00,95,110,64,98.1,12,97,8
SYN-V-005205,SYN-P-00048,SYN-E-001326,Synthetic Community Hospital West,Cardiology,2025-09-15 07:55:00,63,154,70,97.7,12,97,5
SYN-V-005206,SYN-P-00048,SYN-E-001326,Synthetic Community Hospital West,Cardiology,2025-09-15 12:58:00,104,159,78,99.1,14,97,3
SYN-V-005207,SYN-P-00242,SYN-E-001327,Synthetic Regional Medical Center,Cardiology,2025-09-15 10:41:00,62,136,76,98.6,19,99,6
SYN-V-005208,SYN-P-00242,SYN-E-001327,Synthetic Regional Medical Center,Cardiology,2025-09-16 02:02:00,85,114,84,98.3,12,98,3
SYN-V-005209,SYN-P-00242,SYN-E-001327,Synthetic Regional Medical Center,Cardiology,2025-09-16 17:39:00,59,105,71,99.0,16,92,6
SYN-V-005210,SYN-P-00242,SYN-E-001327,Synthetic Regional Medical Center,Cardiology,2025-09-16 22:02:00,97,113,66,99.1,12,93,0
SYN-V-005211,SYN-P-00242,SYN-E-001327,Synthetic Regional Medical Center,Cardiology,2025-09-17 00:31:00,88,130,73,97.7,20,93,7
SYN-V-005212,SYN-P-00242,SYN-E-001327,Synthetic Regional Medical Center,Cardiology,2025-09-17 08:14:00,66,103,91,97.0,16,97,7
SYN-V-005213,SYN-P-00242,SYN-E-001327,Synthetic Regional Medical Center,Cardiology,2025-09-17 18:13:00,56,159,94,98.3,15,99,2
SYN-V-005214,SYN-P-00242,SYN-E-001327,Synthetic Regional Medical Center,Cardiology,2025-09-18 01:08:00,109,137,63,98.1,14,99,3
SYN-V-005215,SYN-P-00242,SYN-E-001327,Synthetic Regional Medical Center,Cardiology,2025-09-18 22:07:00,105,102,90,98.7,18,92,6
SYN-V-005216,SYN-P-00242,SYN-E-001327,Synthetic Regional Medical Center,Cardiology,2025-09-19 00:29:00,76,145,62,98.0,19,100,7
SYN-V-005217,SYN-P-00242,SYN-E-001327,Synthetic Regional Medical Center,Cardiology,2025-09-19 01:17:00,84,134,94,98.8,16,100,2
SYN-V-005218,SYN-P-00242,SYN-E-001327,Synthetic Regional Medical Center,Cardiology,2025-09-19 16:04:00,104,128,67,98.1,22,100,1
SYN-V-005219,SYN-P-00149,SYN-E-001328,Synthetic Outpatient Center,Orthopedics,2025-09-16 16:20:00,98,152,87,99.7,19,92,6
SYN-V-005220,SYN-P-00149,SYN-E-001328,Synthetic Outpatient Center,Orthopedics,2025-09-16 18:28:00,98,142,72,97.5,15,93,7
SYN-V-005221,SYN-P-00149,SYN-E-001328,Synthetic Outpatient Center,Orthopedics,2025-09-16 18:43:00,59,103,60,97.2,20,92,5
SYN-V-005222,SYN-P-00244,SYN-E-001329,Synthetic Community Hospital West,Internal Medicine,2025-09-16 23:27:00,101,106,70,97.2,20,93,8
SYN-V-005223,SYN-P-00244,SYN-E-001329,Synthetic Community Hospital West,Internal Medicine,2025-09-17 07:27:00,96,150,68,97.0,19,96,2
SYN-V-005224,SYN-P-00244,SYN-E-001329,Synthetic Community Hospital West,Internal Medicine,2025-09-18 13:24:00,102,135,62,97.6,15,97,1
SYN-V-005225,SYN-P-00244,SYN-E-001329,Synthetic Community Hospital West,Internal Medicine,2025-09-18 13:48:00,67,148,65,97.5,22,94,5
SYN-V-005226,SYN-P-00244,SYN-E-001329,Synthetic Community Hospital West,Internal Medicine,2025-09-19 01:44:00,69,153,77,97.6,17,94,2
SYN-V-005227,SYN-P-00244,SYN-E-001329,Synthetic Community Hospital West,Internal Medicine,2025-09-19 10:04:00,68,106,86,99.0,20,93,4
SYN-V-005228,SYN-P-00244,SYN-E-001329,Synthetic Community Hospital West,Internal Medicine,2025-09-19 17:33:00,95,128,94,97.1,14,92,1
SYN-V-005229,SYN-P-00244,SYN-E-001329,Synthetic Community Hospital West,Internal Medicine,2025-09-21 05:29:00,78,148,88,97.6,13,97,
SYN-V-005230,SYN-P-00244,SYN-E-001329,Synthetic Community Hospital West,Internal Medicine,2025-09-21 17:22:00,74,122,67,97.6,19,94,0
SYN-V-005231,SYN-P-00244,SYN-E-001329,Synthetic Community Hospital West,Internal Medicine,2025-09-22 04:13:00,103,103,88,97.7,14,99,5
SYN-V-005232,SYN-P-00244,SYN-E-001329,Synthetic Community Hospital West,Internal Medicine,2025-09-22 19:54:00,56,108,93,99.6,17,99,8
SYN-V-005233,SYN-P-00088,SYN-E-001331,Synthetic Outpatient Center,Orthopedics,2025-09-17 09:06:00,60,101,84,97.2,22,99,6
SYN-V-005234,SYN-P-00197,SYN-E-001334,Synthetic Regional Medical Center,Emergency,2025-09-18 04:39:00,108,138,87,98.8,12,98,8
SYN-V-005235,SYN-P-00197,SYN-E-001334,Synthetic Regional Medical Center,Emergency,2025-09-18 06:59:00,65,114,90,98.9,16,96,6
SYN-V-005236,SYN-P-00097,SYN-E-001335,Synthetic Outpatient Center,Pulmonology,2025-09-19 06:43:00,70,136,89,98.9,20,95,8
SYN-V-005237,SYN-P-00097,SYN-E-001335,Synthetic Outpatient Center,Pulmonology,2025-09-19 06:55:00,62,111,66,98.6,12,93,
SYN-V-005238,SYN-P-00097,SYN-E-001335,Synthetic Outpatient Center,Pulmonology,2025-09-19 07:17:00,56,148,79,97.3,13,94,2
SYN-V-005239,SYN-P-00246,SYN-E-001337,Synthetic Community Hospital West,Neurology,2025-09-20 14:06:00,57,120,75,98.6,13,100,2
SYN-V-005240,SYN-P-00246,SYN-E-001337,Synthetic Community Hospital West,Neurology,2025-09-20 21:35:00,83,154,73,98.7,15,97,7
SYN-V-005241,SYN-P-00246,SYN-E-001337,Synthetic Community Hospital West,Neurology,2025-09-21 01:09:00,108,144,88,97.7,16,93,5
SYN-V-005242,SYN-P-00246,SYN-E-001337,Synthetic Community Hospital West,Neurology,2025-09-21 05:12:00,90,119,63,97.1,22,93,3
SYN-V-005243,SYN-P-00246,SYN-E-001337,Synthetic Community Hospital West,Neurology,2025-09-21 08:26:00,109,151,86,97.3,17,95,4
SYN-V-005244,SYN-P-00246,SYN-E-001337,Synthetic Community Hospital West,Neurology,2025-09-21 10:28:00,108,150,78,99.1,21,93,8
SYN-V-005245,SYN-P-00246,SYN-E-001337,Synthetic Community Hospital West,Neurology,2025-09-21 13:10:00,92,126,89,97.8,20,92,5
SYN-V-005246,SYN-P-00246,SYN-E-001337,Synthetic Community Hospital West,Neurology,2025-09-22 05:09:00,97,141,82,98.5,20,95,7
SYN-V-005247,SYN-P-00246,SYN-E-001337,Synthetic Community Hospital West,Neurology,2025-09-22 09:16:00,95,111,76,98.8,18,96,6
SYN-V-005248,SYN-P-00246,SYN-E-001337,Synthetic Community Hospital West,Neurology,2025-09-22 16:00:00,65,150,64,97.5,20,94,
SYN-V-005249,SYN-P-00246,SYN-E-001337,Synthetic Community Hospital West,Neurology,2025-09-23 18:06:00,110,101,63,97.5,14,97,6
SYN-V-005250,SYN-P-00246,SYN-E-001337,Synthetic Community Hospital West,Neurology,2025-09-24 15:49:00,64,147,89,98.4,18,94,5
SYN-V-005251,SYN-P-00246,SYN-E-001337,Synthetic Community Hospital West,Neurology,2025-09-25 06:43:00,66,128,93,98.2,22,93,
SYN-V-005252,SYN-P-00246,SYN-E-001337,Synthetic Community Hospital West,Neurology,2025-09-25 14:58:00,75,106,76,98.3,18,95,6
SYN-V-005253,SYN-P-00246,SYN-E-001337,Synthetic Community Hospital West,Neurology,2025-09-26 03:54:00,82,160,61,99.2,20,94,2
SYN-V-005254,SYN-P-00246,SYN-E-001337,Synthetic Community Hospital West,Neurology,2025-09-26 04:04:00,72,147,83,99.4,18,97,3
SYN-V-005255,SYN-P-00246,SYN-E-001337,Synthetic Community Hospital West,Neurology,2025-09-26 04:06:00,99,121,71,98.0,16,97,0
SYN-V-005256,SYN-P-00246,SYN-E-001337,Synthetic Community Hospital West,Neurology,2025-09-26 10:21:00,85,129,85,97.4,17,100,4
SYN-V-005257,SYN-P-00126,SYN-E-001338,Synthetic Community Hospital East,Emergency,2025-09-19 21:32:00,84,136,95,99.6,16,100,1
SYN-V-005258,SYN-P-00126,SYN-E-001338,Synthetic Community Hospital East,Emergency,2025-09-19 21:56:00,90,159,67,99.8,16,93,2
SYN-V-005259,SYN-P-00126,SYN-E-001338,Synthetic Community Hospital East,Emergency,2025-09-19 22:49:00,92,113,64,97.1,15,98,3
SYN-V-005260,SYN-P-00195,SYN-E-001340,Synthetic Specialty Clinic,Endocrinology,2025-09-20 19:32:00,103,114,69,98.6,17,99,6
SYN-V-005261,SYN-P-00195,SYN-E-001340,Synthetic Specialty Clinic,Endocrinology,2025-09-20 19:49:00,65,151,85,98.7,17,94,3
SYN-V-005262,SYN-P-00195,SYN-E-001340,Synthetic Specialty Clinic,Endocrinology,2025-09-20 22:11:00,55,119,61,97.1,18,94,7
SYN-V-005263,SYN-P-00239,SYN-E-001341,Synthetic Community Hospital West,Emergency,2025-09-22 00:09:00,62,125,74,99.5,21,98,0
SYN-V-005264,SYN-P-00239,SYN-E-001341,Synthetic Community Hospital West,Emergency,2025-09-22 01:46:00,61,106,92,99.4,17,96,4
SYN-V-005265,SYN-P-00224,SYN-E-001342,Synthetic Regional Medical Center,Pulmonology,2025-09-22 01:48:00,108,120,61,99.2,18,97,2
SYN-V-005266,SYN-P-00224,SYN-E-001342,Synthetic Regional Medical Center,Pulmonology,2025-09-22 02:38:00,83,134,68,98.1,16,98,7
SYN-V-005267,SYN-P-00224,SYN-E-001342,Synthetic Regional Medical Center,Pulmonology,2025-09-22 05:05:00,59,150,69,98.4,14,98,2
SYN-V-005268,SYN-P-00224,SYN-E-001342,Synthetic Regional Medical Center,Pulmonology,2025-09-22 06:32:00,90,149,69,99.4,18,95,0
SYN-V-005269,SYN-P-00224,SYN-E-001342,Synthetic Regional Medical Center,Pulmonology,2025-09-23 06:55:00,107,118,88,97.7,19,92,0
SYN-V-005270,SYN-P-00224,SYN-E-001342,Synthetic Regional Medical Center,Pulmonology,2025-09-23 08:01:00,106,100,86,97.5,13,94,8
SYN-V-005271,SYN-P-00224,SYN-E-001342,Synthetic Regional Medical Center,Pulmonology,2025-09-23 08:42:00,55,115,81,97.6,17,100,5
SYN-V-005272,SYN-P-00224,SYN-E-001342,Synthetic Regional Medical Center,Pulmonology,2025-09-23 11:40:00,79,138,92,99.3,17,98,7
SYN-V-005273,SYN-P-00224,SYN-E-001342,Synthetic Regional Medical Center,Pulmonology,2025-09-23 15:38:00,58,136,94,98.6,18,93,
SYN-V-005274,SYN-P-00293,SYN-E-001343,Synthetic Outpatient Center,Pulmonology,2025-09-22 16:47:00,66,152,87,97.9,22,96,2
SYN-V-005275,SYN-P-00006,SYN-E-001344,Synthetic Regional Medical Center,Pulmonology,2025-09-22 19:19:00,86,150,81,99.8,20,100,5
SYN-V-005276,SYN-P-00006,SYN-E-001344,Synthetic Regional Medical Center,Pulmonology,2025-09-22 19:29:00,94,122,70,98.0,19,99,6
SYN-V-005277,SYN-P-00006,SYN-E-001344,Synthetic Regional Medical Center,Pulmonology,2025-09-23 16:46:00,78,139,72,97.5,14,97,6
SYN-V-005278,SYN-P-00006,SYN-E-001344,Synthetic Regional Medical Center,Pulmonology,2025-09-24 01:09:00,69,149,75,97.4,16,100,3
SYN-V-005279,SYN-P-00006,SYN-E-001344,Synthetic Regional Medical Center,Pulmonology,2025-09-24 16:41:00,81,108,69,99.5,22,97,1
SYN-V-005280,SYN-P-00006,SYN-E-001344,Synthetic Regional Medical Center,Pulmonology,2025-09-24 19:15:00,87,158,93,97.4,14,92,1
SYN-V-005281,SYN-P-00261,SYN-E-001345,Synthetic Specialty Clinic,Pulmonology,2025-09-22 19:25:00,59,127,82,98.0,20,97,6
SYN-V-005282,SYN-P-00261,SYN-E-001345,Synthetic Specialty Clinic,Pulmonology,2025-09-22 22:07:00,110,132,88,97.7,22,100,2
SYN-V-005283,SYN-P-00035,SYN-E-001346,Synthetic Community Hospital East,Pulmonology,2025-09-23 21:44:00,58,158,80,97.4,22,98,8
SYN-V-005284,SYN-P-00035,SYN-E-001346,Synthetic Community Hospital East,Pulmonology,2025-09-24 03:52:00,106,141,94,98.5,12,98,6
SYN-V-005285,SYN-P-00035,SYN-E-001346,Synthetic Community Hospital East,Pulmonology,2025-09-24 13:24:00,87,160,83,97.7,16,92,3
SYN-V-005286,SYN-P-00035,SYN-E-001346,Synthetic Community Hospital East,Pulmonology,2025-09-25 14:06:00,76,121,62,98.0,15,99,3
SYN-V-005287,SYN-P-00035,SYN-E-001346,Synthetic Community Hospital East,Pulmonology,2025-09-25 14:09:00,66,118,64,97.7,15,98,5
SYN-V-005288,SYN-P-00035,SYN-E-001346,Synthetic Community Hospital East,Pulmonology,2025-09-25 23:27:00,65,142,67,97.9,15,99,7
SYN-V-005289,SYN-P-00035,SYN-E-001346,Synthetic Community Hospital East,Pulmonology,2025-09-26 03:20:00,62,132,79,97.7,14,100,7
SYN-V-005290,SYN-P-00035,SYN-E-001346,Synthetic Community Hospital East,Pulmonology,2025-09-26 16:41:00,55,137,88,99.1,21,93,3
SYN-V-005291,SYN-P-00035,SYN-E-001346,Synthetic Community Hospital East,Pulmonology,2025-09-27 05:20:00,108,118,90,99.4,16,93,6
SYN-V-005292,SYN-P-00035,SYN-E-001346,Synthetic Community Hospital East,Pulmonology,2025-09-27 06:33:00,99,101,83,98.3,19,100,6
SYN-V-005293,SYN-P-00035,SYN-E-001346,Synthetic Community Hospital East,Pulmonology,2025-09-27 09:32:00,60,110,62,99.5,16,93,7
SYN-V-005294,SYN-P-00035,SYN-E-001346,Synthetic Community Hospital East,Pulmonology,2025-09-27 19:30:00,87,109,61,97.2,14,95,2
SYN-V-005295,SYN-P-00035,SYN-E-001346,Synthetic Community Hospital East,Pulmonology,2025-09-29 06:23:00,62,146,88,97.8,16,93,2
SYN-V-005296,SYN-P-00035,SYN-E-001346,Synthetic Community Hospital East,Pulmonology,2025-09-29 06:44:00,108,123,79,98.3,15,98,6
SYN-V-005297,SYN-P-00035,SYN-E-001346,Synthetic Community Hospital East,Pulmonology,2025-09-29 17:23:00,100,127,81,97.5,16,99,3
SYN-V-005298,SYN-P-00035,SYN-E-001346,Synthetic Community Hospital East,Pulmonology,2025-09-29 20:10:00,87,124,90,98.2,21,98,3
SYN-V-005299,SYN-P-00035,SYN-E-001346,Synthetic Community Hospital East,Pulmonology,2025-09-30 15:29:00,65,111,76,97.3,13,97,2
SYN-V-005300,SYN-P-00056,SYN-E-001347,Synthetic Outpatient Center,Primary Care,2025-09-23 19:05:00,81,153,72,97.8,14,96,5
SYN-V-005301,SYN-P-00278,SYN-E-001348,Synthetic Outpatient Center,Endocrinology,2025-09-23 17:16:00,69,106,71,97.6,19,98,1
SYN-V-005302,SYN-P-00278,SYN-E-001348,Synthetic Outpatient Center,Endocrinology,2025-09-23 19:29:00,93,155,67,97.8,18,100,3
SYN-V-005303,SYN-P-00234,SYN-E-001349,Synthetic Outpatient Center,Pulmonology,2025-09-23 21:23:00,67,124,62,97.4,22,99,5
SYN-V-005304,SYN-P-00234,SYN-E-001349,Synthetic Outpatient Center,Pulmonology,2025-09-23 21:51:00,55,116,82,98.4,20,97,3
SYN-V-005305,SYN-P-00201,SYN-E-001350,Synthetic Specialty Clinic,Primary Care,2025-09-24 10:53:00,103,121,85,98.3,19,93,5
SYN-V-005306,SYN-P-00201,SYN-E-001350,Synthetic Specialty Clinic,Primary Care,2025-09-24 11:07:00,86,150,81,97.7,17,98,6
SYN-V-005307,SYN-P-00141,SYN-E-001352,Synthetic Specialty Clinic,Pulmonology,2025-09-25 19:17:00,103,139,82,97.9,22,94,7
SYN-V-005308,SYN-P-00141,SYN-E-001352,Synthetic Specialty Clinic,Pulmonology,2025-09-25 19:33:00,67,133,80,97.5,21,100,3
SYN-V-005309,SYN-P-00229,SYN-E-001353,Synthetic Outpatient Center,Pulmonology,2025-09-27 21:44:00,99,125,66,97.5,22,93,0
SYN-V-005310,SYN-P-00229,SYN-E-001353,Synthetic Outpatient Center,Pulmonology,2025-09-27 23:16:00,94,103,86,98.2,15,93,6
SYN-V-005311,SYN-P-00265,SYN-E-001354,Synthetic Outpatient Center,Primary Care,2025-09-28 10:44:00,72,111,70,97.9,13,94,8
SYN-V-005312,SYN-P-00262,SYN-E-001356,Synthetic Community Hospital West,Internal Medicine,2025-09-30 16:53:00,60,146,80,97.3,12,99,3
SYN-V-005313,SYN-P-00262,SYN-E-001356,Synthetic Community Hospital West,Internal Medicine,2025-09-30 18:48:00,92,130,65,97.0,14,94,5
SYN-V-005314,SYN-P-00262,SYN-E-001356,Synthetic Community Hospital West,Internal Medicine,2025-09-30 19:42:00,96,135,79,97.4,22,97,2
SYN-V-005315,SYN-P-00082,SYN-E-001357,Synthetic Community Hospital East,Emergency,2025-10-01 12:22:00,62,114,69,98.1,15,97,0
SYN-V-005316,SYN-P-00082,SYN-E-001357,Synthetic Community Hospital East,Emergency,2025-10-01 12:35:00,65,151,68,98.0,14,96,8
SYN-V-005317,SYN-P-00082,SYN-E-001357,Synthetic Community Hospital East,Emergency,2025-10-01 13:05:00,69,148,86,97.1,15,99,5
SYN-V-005318,SYN-P-00082,SYN-E-001357,Synthetic Community Hospital East,Emergency,2025-10-01 13:30:00,110,159,81,99.2,19,95,5
SYN-V-005319,SYN-P-00082,SYN-E-001357,Synthetic Community Hospital East,Emergency,2025-10-01 14:07:00,102,110,72,98.6,14,98,4
SYN-V-005320,SYN-P-00082,SYN-E-001357,Synthetic Community Hospital East,Emergency,2025-10-01 14:39:00,60,124,62,99.1,19,94,7
SYN-V-005321,SYN-P-00055,SYN-E-001358,Synthetic Specialty Clinic,Pulmonology,2025-10-02 15:09:00,62,148,93,99.2,17,100,1
SYN-V-005322,SYN-P-00091,SYN-E-001360,Synthetic Community Hospital West,Cardiology,2025-10-04 09:48:00,100,106,90,99.3,22,95,1
SYN-V-005323,SYN-P-00091,SYN-E-001360,Synthetic Community Hospital West,Cardiology,2025-10-05 00:34:00,57,105,65,98.8,18,97,4
SYN-V-005324,SYN-P-00091,SYN-E-001360,Synthetic Community Hospital West,Cardiology,2025-10-06 06:57:00,56,117,70,99.5,22,94,1
SYN-V-005325,SYN-P-00091,SYN-E-001360,Synthetic Community Hospital West,Cardiology,2025-10-06 11:19:00,69,158,94,98.2,16,100,7
SYN-V-005326,SYN-P-00091,SYN-E-001360,Synthetic Community Hospital West,Cardiology,2025-10-06 15:27:00,65,102,91,97.5,14,95,8
SYN-V-005327,SYN-P-00091,SYN-E-001360,Synthetic Community Hospital West,Cardiology,2025-10-06 15:35:00,67,145,87,97.1,14,98,6
SYN-V-005328,SYN-P-00091,SYN-E-001360,Synthetic Community Hospital West,Cardiology,2025-10-06 22:16:00,71,102,91,99.6,12,97,7
SYN-V-005329,SYN-P-00091,SYN-E-001360,Synthetic Community Hospital West,Cardiology,2025-10-07 06:54:00,70,137,89,97.3,16,99,4
SYN-V-005330,SYN-P-00091,SYN-E-001360,Synthetic Community Hospital West,Cardiology,2025-10-07 13:52:00,109,120,82,97.9,12,97,6
SYN-V-005331,SYN-P-00091,SYN-E-001360,Synthetic Community Hospital West,Cardiology,2025-10-08 01:31:00,83,140,88,97.4,13,97,7
SYN-V-005332,SYN-P-00091,SYN-E-001360,Synthetic Community Hospital West,Cardiology,2025-10-08 08:18:00,61,127,66,98.8,20,98,1
SYN-V-005333,SYN-P-00091,SYN-E-001360,Synthetic Community Hospital West,Cardiology,2025-10-08 08:35:00,105,113,62,98.5,17,94,4
SYN-V-005334,SYN-P-00034,SYN-E-001361,Synthetic Outpatient Center,Cardiology,2025-10-04 06:40:00,84,100,65,97.9,17,99,
SYN-V-005335,SYN-P-00034,SYN-E-001361,Synthetic Outpatient Center,Cardiology,2025-10-04 08:59:00,67,150,87,99.2,19,100,6
SYN-V-005336,SYN-P-00063,SYN-E-001362,Synthetic Outpatient Center,Cardiology,2025-10-04 13:29:00,58,140,69,97.2,20,92,0
SYN-V-005337,SYN-P-00143,SYN-E-001363,Synthetic Regional Medical Center,Emergency,2025-10-06 05:12:00,91,110,85,97.1,22,96,4
SYN-V-005338,SYN-P-00143,SYN-E-001363,Synthetic Regional Medical Center,Emergency,2025-10-06 05:36:00,89,121,87,98.0,16,96,4
SYN-V-005339,SYN-P-00143,SYN-E-001363,Synthetic Regional Medical Center,Emergency,2025-10-06 06:04:00,98,122,85,99.2,19,93,4
SYN-V-005340,SYN-P-00143,SYN-E-001363,Synthetic Regional Medical Center,Emergency,2025-10-06 06:48:00,110,115,71,99.4,22,96,1
SYN-V-005341,SYN-P-00143,SYN-E-001363,Synthetic Regional Medical Center,Emergency,2025-10-06 06:57:00,63,139,91,97.5,17,98,1
SYN-V-005342,SYN-P-00143,SYN-E-001363,Synthetic Regional Medical Center,Emergency,2025-10-06 07:19:00,83,140,70,99.2,22,97,8
SYN-V-005343,SYN-P-00143,SYN-E-001363,Synthetic Regional Medical Center,Emergency,2025-10-06 07:20:00,82,121,82,99.8,12,95,5
SYN-V-005344,SYN-P-00143,SYN-E-001363,Synthetic Regional Medical Center,Emergency,2025-10-06 07:24:00,74,159,68,97.6,17,98,8
SYN-V-005345,SYN-P-00296,SYN-E-001365,Synthetic Regional Medical Center,Nephrology,2025-10-06 18:53:00,79,123,81,97.2,22,92,1
SYN-V-005346,SYN-P-00296,SYN-E-001365,Synthetic Regional Medical Center,Nephrology,2025-10-06 22:06:00,97,144,91,98.5,14,92,2
SYN-V-005347,SYN-P-00296,SYN-E-001365,Synthetic Regional Medical Center,Nephrology,2025-10-06 23:06:00,60,109,69,97.2,14,96,3
SYN-V-005348,SYN-P-00296,SYN-E-001365,Synthetic Regional Medical Center,Nephrology,2025-10-07 11:44:00,75,117,90,99.8,16,95,4
SYN-V-005349,SYN-P-00296,SYN-E-001365,Synthetic Regional Medical Center,Nephrology,2025-10-07 21:02:00,90,150,67,99.5,13,99,0
SYN-V-005350,SYN-P-00296,SYN-E-001365,Synthetic Regional Medical Center,Nephrology,2025-10-08 03:54:00,73,139,61,99.6,12,94,8
SYN-V-005351,SYN-P-00149,SYN-E-001366,Synthetic Regional Medical Center,Internal Medicine,2025-10-06 18:20:00,63,140,61,99.6,14,97,8
SYN-V-005352,SYN-P-00149,SYN-E-001366,Synthetic Regional Medical Center,Internal Medicine,2025-10-06 20:25:00,69,139,83,99.3,16,99,3
SYN-V-005353,SYN-P-00149,SYN-E-001366,Synthetic Regional Medical Center,Internal Medicine,2025-10-06 20:57:00,56,144,78,98.4,20,97,8
SYN-V-005354,SYN-P-00149,SYN-E-001366,Synthetic Regional Medical Center,Internal Medicine,2025-10-06 21:29:00,106,112,89,97.8,22,98,5
SYN-V-005355,SYN-P-00064,SYN-E-001367,Synthetic Community Hospital East,Emergency,2025-10-07 03:47:00,99,107,69,98.0,19,95,0
SYN-V-005356,SYN-P-00035,SYN-E-001368,Synthetic Community Hospital East,Pulmonology,2025-10-07 19:53:00,64,136,87,97.8,22,99,8
SYN-V-005357,SYN-P-00035,SYN-E-001368,Synthetic Community Hospital East,Pulmonology,2025-10-09 00:11:00,71,160,66,99.6,12,96,3
SYN-V-005358,SYN-P-00035,SYN-E-001368,Synthetic Community Hospital East,Pulmonology,2025-10-09 20:50:00,108,114,90,97.0,18,97,5
SYN-V-005359,SYN-P-00035,SYN-E-001368,Synthetic Community Hospital East,Pulmonology,2025-10-10 21:56:00,60,108,78,98.5,22,100,8
SYN-V-005360,SYN-P-00035,SYN-E-001368,Synthetic Community Hospital East,Pulmonology,2025-10-11 02:33:00,97,141,83,98.7,19,100,
SYN-V-005361,SYN-P-00035,SYN-E-001368,Synthetic Community Hospital East,Pulmonology,2025-10-11 03:20:00,109,125,75,99.1,17,92,8
SYN-V-005362,SYN-P-00035,SYN-E-001368,Synthetic Community Hospital East,Pulmonology,2025-10-12 14:18:00,107,146,85,98.8,19,99,6
SYN-V-005363,SYN-P-00035,SYN-E-001368,Synthetic Community Hospital East,Pulmonology,2025-10-13 05:12:00,74,123,94,97.1,22,92,1
SYN-V-005364,SYN-P-00035,SYN-E-001368,Synthetic Community Hospital East,Pulmonology,2025-10-13 15:20:00,66,158,65,99.3,17,92,8
SYN-V-005365,SYN-P-00035,SYN-E-001368,Synthetic Community Hospital East,Pulmonology,2025-10-13 23:00:00,71,116,62,99.1,15,99,1
SYN-V-005366,SYN-P-00035,SYN-E-001368,Synthetic Community Hospital East,Pulmonology,2025-10-14 04:19:00,88,107,76,97.1,13,97,5
SYN-V-005367,SYN-P-00035,SYN-E-001368,Synthetic Community Hospital East,Pulmonology,2025-10-14 05:24:00,94,129,95,99.7,22,100,4
SYN-V-005368,SYN-P-00035,SYN-E-001368,Synthetic Community Hospital East,Pulmonology,2025-10-14 10:41:00,99,114,74,98.6,12,92,6
SYN-V-005369,SYN-P-00035,SYN-E-001368,Synthetic Community Hospital East,Pulmonology,2025-10-14 11:34:00,70,127,90,97.7,17,92,8
SYN-V-005370,SYN-P-00035,SYN-E-001368,Synthetic Community Hospital East,Pulmonology,2025-10-15 11:49:00,108,134,85,98.1,13,100,6
SYN-V-005371,SYN-P-00035,SYN-E-001368,Synthetic Community Hospital East,Pulmonology,2025-10-15 12:13:00,94,150,62,98.9,14,100,7
SYN-V-005372,SYN-P-00035,SYN-E-001368,Synthetic Community Hospital East,Pulmonology,2025-10-15 19:20:00,90,101,87,97.2,21,96,5
SYN-V-005373,SYN-P-00035,SYN-E-001368,Synthetic Community Hospital East,Pulmonology,2025-10-16 01:55:00,66,122,200,98.0,14,93,7
SYN-V-005374,SYN-P-00035,SYN-E-001368,Synthetic Community Hospital East,Pulmonology,2025-10-16 03:34:00,71,126,77,98.1,14,93,
SYN-V-005375,SYN-P-00274,SYN-E-001369,Synthetic Regional Medical Center,Emergency,2025-10-07 15:21:00,96,152,88,97.5,12,92,4
SYN-V-005376,SYN-P-00274,SYN-E-001369,Synthetic Regional Medical Center,Emergency,2025-10-07 17:41:00,55,136,77,98.3,12,95,0
SYN-V-005377,SYN-P-00228,SYN-E-001370,Synthetic Outpatient Center,Primary Care,2025-10-07 21:44:00,96,113,94,99.7,21,95,
SYN-V-005378,SYN-P-00228,SYN-E-001370,Synthetic Outpatient Center,Primary Care,2025-10-07 22:13:00,65,153,76,97.6,16,99,4
SYN-V-005379,SYN-P-00228,SYN-E-001370,Synthetic Outpatient Center,Primary Care,2025-10-07 22:17:00,88,147,94,97.9,20,93,6
SYN-V-005380,SYN-P-00228,SYN-E-001370,Synthetic Outpatient Center,Primary Care,2025-10-07 23:04:00,101,139,69,98.3,20,94,8
SYN-V-005381,SYN-P-00021,SYN-E-001371,Synthetic Community Hospital West,Cardiology,2025-10-08 08:11:00,75,102,78,98.6,20,100,1
SYN-V-005382,SYN-P-00021,SYN-E-001371,Synthetic Community Hospital West,Cardiology,2025-10-08 09:32:00,90,150,93,98.6,12,95,
SYN-V-005383,SYN-P-00045,SYN-E-001372,Synthetic Outpatient Center,Primary Care,2025-10-08 15:39:00,109,108,76,98.0,20,99,5
SYN-V-005384,SYN-P-00016,SYN-E-001373,Synthetic Outpatient Center,Orthopedics,2025-10-09 11:22:00,109,118,73,98.0,12,96,1
SYN-V-005385,SYN-P-00016,SYN-E-001373,Synthetic Outpatient Center,Orthopedics,2025-10-09 13:28:00,63,154,78,99.5,18,99,3
SYN-V-005386,SYN-P-00207,SYN-E-001374,Synthetic Community Hospital East,Orthopedics,2025-10-10 03:08:00,73,133,66,97.6,22,98,6
SYN-V-005387,SYN-P-00207,SYN-E-001374,Synthetic Community Hospital East,Orthopedics,2025-10-10 05:12:00,89,133,80,98.0,20,95,2
SYN-V-005388,SYN-P-00207,SYN-E-001374,Synthetic Community Hospital East,Orthopedics,2025-10-10 09:22:00,78,160,89,97.3,12,99,7
SYN-V-005389,SYN-P-00207,SYN-E-001374,Synthetic Community Hospital East,Orthopedics,2025-10-10 14:11:00,78,144,67,97.4,19,93,3
SYN-V-005390,SYN-P-00207,SYN-E-001374,Synthetic Community Hospital East,Orthopedics,2025-10-10 23:37:00,105,138,81,98.3,20,94,2
SYN-V-005391,SYN-P-00207,SYN-E-001374,Synthetic Community Hospital East,Orthopedics,2025-10-11 06:07:00,63,132,77,97.5,21,94,7
SYN-V-005392,SYN-P-00207,SYN-E-001374,Synthetic Community Hospital East,Orthopedics,2025-10-11 12:43:00,83,102,86,99.0,22,92,2
SYN-V-005393,SYN-P-00207,SYN-E-001374,Synthetic Community Hospital East,Orthopedics,2025-10-11 13:50:00,87,105,81,97.6,14,95,0
SYN-V-005394,SYN-P-00207,SYN-E-001374,Synthetic Community Hospital East,Orthopedics,2025-10-11 23:01:00,61,145,81,99.3,19,96,0
SYN-V-005395,SYN-P-00207,SYN-E-001374,Synthetic Community Hospital East,Orthopedics,2025-10-11 23:30:00,89,134,89,97.6,18,92,1
SYN-V-005396,SYN-P-00264,SYN-E-001376,Synthetic Regional Medical Center,Primary Care,2025-10-10 18:31:00,79,129,67,99.1,18,99,1
SYN-V-005397,SYN-P-00264,SYN-E-001376,Synthetic Regional Medical Center,Primary Care,2025-10-10 19:48:00,99,149,90,97.9,12,92,4
SYN-V-005398,SYN-P-00010,SYN-E-001377,Synthetic Regional Medical Center,Internal Medicine,2025-10-11 00:11:00,109,157,69,99.0,17,100,5
SYN-V-005399,SYN-P-00010,SYN-E-001377,Synthetic Regional Medical Center,Internal Medicine,2025-10-11 00:51:00,60,111,62,97.8,15,98,6
SYN-V-005400,SYN-P-00043,SYN-E-001378,Synthetic Community Hospital West,Cardiology,2025-10-11 17:01:00,74,158,71,97.8,19,99,
SYN-V-005401,SYN-P-00043,SYN-E-001378,Synthetic Community Hospital West,Cardiology,2025-10-11 17:22:00,110,116,73,97.5,15,92,8
SYN-V-005402,SYN-P-00043,SYN-E-001378,Synthetic Community Hospital West,Cardiology,2025-10-11 18:29:00,55,100,83,97.4,18,97,6
SYN-V-005403,SYN-P-00043,SYN-E-001378,Synthetic Community Hospital West,Cardiology,2025-10-12 09:01:00,58,104,69,98.6,12,94,3
SYN-V-005404,SYN-P-00029,SYN-E-001379,Synthetic Community Hospital West,Cardiology,2025-10-11 21:58:00,81,126,69,98.0,21,95,1
SYN-V-005405,SYN-P-00029,SYN-E-001379,Synthetic Community Hospital West,Cardiology,2025-10-12 00:47:00,85,109,78,97.6,12,93,5
SYN-V-005406,SYN-P-00029,SYN-E-001379,Synthetic Community Hospital West,Cardiology,2025-10-12 02:57:00,80,152,79,98.1,22,100,7
SYN-V-005407,SYN-P-00029,SYN-E-001379,Synthetic Community Hospital West,Cardiology,2025-10-12 03:27:00,96,156,94,98.6,15,95,4
SYN-V-005408,SYN-P-00029,SYN-E-001379,Synthetic Community Hospital West,Cardiology,2025-10-12 06:22:00,92,119,83,97.1,12,93,1
SYN-V-005409,SYN-P-00029,SYN-E-001379,Synthetic Community Hospital West,Cardiology,2025-10-12 08:57:00,81,101,93,98.9,22,95,8
SYN-V-005410,SYN-P-00029,SYN-E-001379,Synthetic Community Hospital West,Cardiology,2025-10-12 12:14:00,100,121,75,98.6,13,96,2
SYN-V-005411,SYN-P-00120,SYN-E-001380,Synthetic Community Hospital West,Emergency,2025-10-12 06:06:00,93,120,63,99.4,21,94,
SYN-V-005412,SYN-P-00120,SYN-E-001380,Synthetic Community Hospital West,Emergency,2025-10-12 06:35:00,59,127,92,99.8,16,98,3
SYN-V-005413,SYN-P-00120,SYN-E-001380,Synthetic Community Hospital West,Emergency,2025-10-12 06:54:00,59,112,78,99.1,20,96,4
SYN-V-005414,SYN-P-00120,SYN-E-001380,Synthetic Community Hospital West,Emergency,2025-10-12 07:41:00,81,100,89,99.1,16,99,6
SYN-V-005415,SYN-P-00183,SYN-E-001381,Synthetic Community Hospital East,Pulmonology,2025-10-14 13:38:00,80,111,77,98.5,15,95,0
SYN-V-005416,SYN-P-00183,SYN-E-001381,Synthetic Community Hospital East,Pulmonology,2025-10-14 19:23:00,65,107,63,99.7,15,95,6
SYN-V-005417,SYN-P-00183,SYN-E-001381,Synthetic Community Hospital East,Pulmonology,2025-10-14 21:24:00,88,119,74,97.6,17,97,6
SYN-V-005418,SYN-P-00183,SYN-E-001381,Synthetic Community Hospital East,Pulmonology,2025-10-15 03:25:00,91,106,85,97.3,15,96,4
SYN-V-005419,SYN-P-00183,SYN-E-001381,Synthetic Community Hospital East,Pulmonology,2025-10-15 18:06:00,92,103,91,99.1,21,99,4
SYN-V-005420,SYN-P-00183,SYN-E-001381,Synthetic Community Hospital East,Pulmonology,2025-10-17 16:16:00,109,116,87,98.5,22,96,5
SYN-V-005421,SYN-P-00183,SYN-E-001381,Synthetic Community Hospital East,Pulmonology,2025-10-18 01:49:00,60,118,84,98.5,14,96,3
SYN-V-005422,SYN-P-00183,SYN-E-001381,Synthetic Community Hospital East,Pulmonology,2025-10-18 04:22:00,102,140,73,99.0,14,94,2
SYN-V-005423,SYN-P-00166,SYN-E-001382,Synthetic Regional Medical Center,Cardiology,2025-10-15 03:25:00,62,155,68,97.6,13,94,4
SYN-V-005424,SYN-P-00166,SYN-E-001382,Synthetic Regional Medical Center,Cardiology,2025-10-15 04:14:00,76,141,77,98.8,22,93,7
SYN-V-005425,SYN-P-00166,SYN-E-001382,Synthetic Regional Medical Center,Cardiology,2025-10-15 13:16:00,69,131,68,99.3,20,93,4
SYN-V-005426,SYN-P-00166,SYN-E-001382,Synthetic Regional Medical Center,Cardiology,2025-10-15 19:50:00,87,151,78,99.0,12,99,2
SYN-V-005427,SYN-P-00166,SYN-E-001382,Synthetic Regional Medical Center,Cardiology,2025-10-15 20:40:00,82,146,84,99.2,18,95,3
SYN-V-005428,SYN-P-00166,SYN-E-001382,Synthetic Regional Medical Center,Cardiology,2025-10-16 06:31:00,93,133,77,97.2,21,96,4
SYN-V-005429,SYN-P-00166,SYN-E-001382,Synthetic Regional Medical Center,Cardiology,2025-10-16 15:29:00,82,112,62,98.5,17,100,1
SYN-V-005430,SYN-P-00166,SYN-E-001382,Synthetic Regional Medical Center,Cardiology,2025-10-16 17:04:00,108,127,84,97.9,21,98,4
SYN-V-005431,SYN-P-00166,SYN-E-001382,Synthetic Regional Medical Center,Cardiology,2025-10-16 19:10:00,79,125,82,99.1,18,97,6
SYN-V-005432,SYN-P-00166,SYN-E-001382,Synthetic Regional Medical Center,Cardiology,2025-10-17 02:33:00,68,108,67,99.6,21,99,4
SYN-V-005433,SYN-P-00166,SYN-E-001382,Synthetic Regional Medical Center,Cardiology,2025-10-17 03:48:00,98,110,91,99.0,17,96,7
SYN-V-005434,SYN-P-00298,SYN-E-001384,Synthetic Outpatient Center,Cardiology,2025-10-15 20:42:00,81,108,61,99.6,12,95,8
SYN-V-005435,SYN-P-00164,SYN-E-001385,Synthetic Specialty Clinic,Orthopedics,2025-10-15 22:56:00,86,123,74,98.9,20,93,7
SYN-V-005436,SYN-P-00256,SYN-E-001386,Synthetic Regional Medical Center,Internal Medicine,2025-10-16 10:53:00,94,130,87,99.1,12,94,3
SYN-V-005437,SYN-P-00256,SYN-E-001386,Synthetic Regional Medical Center,Internal Medicine,2025-10-16 12:40:00,107,122,93,98.5,15,95,2
SYN-V-005438,SYN-P-00256,SYN-E-001386,Synthetic Regional Medical Center,Internal Medicine,2025-10-16 13:16:00,101,146,63,98.1,15,98,2
SYN-V-005439,SYN-P-00256,SYN-E-001386,Synthetic Regional Medical Center,Internal Medicine,2025-10-16 13:42:00,71,143,85,97.3,15,100,6
SYN-V-005440,SYN-P-00256,SYN-E-001386,Synthetic Regional Medical Center,Internal Medicine,2025-10-16 14:36:00,108,143,77,98.1,20,96,4
SYN-V-005441,SYN-P-00225,SYN-E-001387,Synthetic Regional Medical Center,Internal Medicine,2025-10-16 23:20:00,79,156,70,98.5,12,95,7
SYN-V-005442,SYN-P-00225,SYN-E-001387,Synthetic Regional Medical Center,Internal Medicine,2025-10-17 14:37:00,96,154,62,98.5,18,94,2
SYN-V-005443,SYN-P-00225,SYN-E-001387,Synthetic Regional Medical Center,Internal Medicine,2025-10-17 18:17:00,108,159,73,99.8,22,92,0
SYN-V-005444,SYN-P-00225,SYN-E-001387,Synthetic Regional Medical Center,Internal Medicine,2025-10-17 20:12:00,105,107,63,98.1,19,94,4
SYN-V-005445,SYN-P-00225,SYN-E-001387,Synthetic Regional Medical Center,Internal Medicine,2025-10-17 23:08:00,59,156,82,99.0,12,93,6
SYN-V-005446,SYN-P-00225,SYN-E-001387,Synthetic Regional Medical Center,Internal Medicine,2025-10-18 00:59:00,67,122,82,99.2,13,95,0
SYN-V-005447,SYN-P-00225,SYN-E-001387,Synthetic Regional Medical Center,Internal Medicine,2025-10-18 10:22:00,65,104,77,98.3,22,100,6
SYN-V-005448,SYN-P-00225,SYN-E-001387,Synthetic Regional Medical Center,Internal Medicine,2025-10-18 13:07:00,81,113,61,98.0,16,94,2
SYN-V-005449,SYN-P-00225,SYN-E-001387,Synthetic Regional Medical Center,Internal Medicine,2025-10-18 16:43:00,109,112,86,98.4,22,92,
SYN-V-005450,SYN-P-00225,SYN-E-001387,Synthetic Regional Medical Center,Internal Medicine,2025-10-19 00:21:00,106,153,92,97.1,12,100,7
SYN-V-005451,SYN-P-00225,SYN-E-001387,Synthetic Regional Medical Center,Internal Medicine,2025-10-19 09:10:00,109,129,72,99.2,18,92,5
SYN-V-005452,SYN-P-00131,SYN-E-001388,Synthetic Community Hospital East,Pulmonology,2025-10-21 06:40:00,60,127,64,98.5,12,93,
SYN-V-005453,SYN-P-00131,SYN-E-001388,Synthetic Community Hospital East,Pulmonology,2025-10-21 12:29:00,82,122,66,99.5,15,100,3
SYN-V-005454,SYN-P-00131,SYN-E-001388,Synthetic Community Hospital East,Pulmonology,2025-10-21 23:50:00,97,120,87,97.0,12,92,4
SYN-V-005455,SYN-P-00131,SYN-E-001388,Synthetic Community Hospital East,Pulmonology,2025-10-22 01:13:00,96,101,64,97.3,12,96,2
SYN-V-005456,SYN-P-00131,SYN-E-001388,Synthetic Community Hospital East,Pulmonology,2025-10-22 16:39:00,101,155,86,99.2,13,97,2
SYN-V-005457,SYN-P-00131,SYN-E-001388,Synthetic Community Hospital East,Pulmonology,2025-10-22 18:57:00,69,145,88,98.2,20,98,7
SYN-V-005458,SYN-P-00131,SYN-E-001388,Synthetic Community Hospital East,Pulmonology,2025-10-22 21:47:00,99,141,60,97.4,17,97,8
SYN-V-005459,SYN-P-00131,SYN-E-001388,Synthetic Community Hospital East,Pulmonology,2025-10-23 08:24:00,95,138,95,99.2,21,96,5
SYN-V-005460,SYN-P-00131,SYN-E-001388,Synthetic Community Hospital East,Pulmonology,2025-10-23 16:30:00,79,144,66,99.1,15,96,8
SYN-V-005461,SYN-P-00131,SYN-E-001388,Synthetic Community Hospital East,Pulmonology,2025-10-23 20:50:00,107,127,66,97.2,12,97,6
SYN-V-005462,SYN-P-00131,SYN-E-001388,Synthetic Community Hospital East,Pulmonology,2025-10-24 21:36:00,62,117,63,98.3,22,94,6
SYN-V-005463,SYN-P-00131,SYN-E-001388,Synthetic Community Hospital East,Pulmonology,2025-10-24 23:44:00,106,160,64,98.6,22,92,8
SYN-V-005464,SYN-P-00131,SYN-E-001388,Synthetic Community Hospital East,Pulmonology,2025-10-25 00:10:00,85,102,78,97.8,16,93,5
SYN-V-005465,SYN-P-00131,SYN-E-001388,Synthetic Community Hospital East,Pulmonology,2025-10-25 04:27:00,73,145,68,97.2,16,95,8
SYN-V-005466,SYN-P-00131,SYN-E-001388,Synthetic Community Hospital East,Pulmonology,2025-10-25 16:33:00,106,114,95,98.7,22,99,3
SYN-V-005467,SYN-P-00131,SYN-E-001388,Synthetic Community Hospital East,Pulmonology,2025-10-26 00:36:00,91,160,82,97.0,19,95,7
SYN-V-005468,SYN-P-00061,SYN-E-001389,Synthetic Community Hospital East,Cardiology,2025-10-21 15:30:00,85,108,92,98.6,21,96,5
SYN-V-005469,SYN-P-00061,SYN-E-001389,Synthetic Community Hospital East,Cardiology,2025-10-21 19:28:00,63,156,72,98.2,14,95,4
SYN-V-005470,SYN-P-00061,SYN-E-001389,Synthetic Community Hospital East,Cardiology,2025-10-21 20:30:00,79,145,67,97.2,16,93,2
SYN-V-005471,SYN-P-00061,SYN-E-001389,Synthetic Community Hospital East,Cardiology,2025-10-21 21:34:00,96,131,67,99.1,15,96,
SYN-V-005472,SYN-P-00061,SYN-E-001389,Synthetic Community Hospital East,Cardiology,2025-10-22 02:53:00,110,134,74,98.7,12,99,7
SYN-V-005473,SYN-P-00061,SYN-E-001389,Synthetic Community Hospital East,Cardiology,2025-10-22 03:18:00,78,104,81,97.8,12,97,5
SYN-V-005474,SYN-P-00061,SYN-E-001389,Synthetic Community Hospital East,Cardiology,2025-10-22 06:40:00,61,101,82,99.6,19,97,8
SYN-V-005475,SYN-P-00061,SYN-E-001389,Synthetic Community Hospital East,Cardiology,2025-10-22 14:32:00,106,101,80,98.3,19,99,7
SYN-V-005476,SYN-P-00277,SYN-E-001390,Synthetic Community Hospital East,Emergency,2025-10-21 18:05:00,66,101,95,97.3,14,96,2
SYN-V-005477,SYN-P-00277,SYN-E-001390,Synthetic Community Hospital East,Emergency,2025-10-21 20:08:00,104,123,64,97.3,13,100,8
SYN-V-005478,SYN-P-00277,SYN-E-001390,Synthetic Community Hospital East,Emergency,2025-10-21 20:45:00,87,141,67,97.7,14,98,5
SYN-V-005479,SYN-P-00102,SYN-E-001391,Synthetic Community Hospital East,Emergency,2025-10-22 07:04:00,75,140,63,97.5,20,99,5
SYN-V-005480,SYN-P-00102,SYN-E-001391,Synthetic Community Hospital East,Emergency,2025-10-22 07:37:00,79,152,92,99.1,15,92,6
SYN-V-005481,SYN-P-00102,SYN-E-001391,Synthetic Community Hospital East,Emergency,2025-10-22 09:31:00,56,149,74,98.7,21,100,3
SYN-V-005482,SYN-P-00066,SYN-E-001393,Synthetic Outpatient Center,Orthopedics,2025-10-23 15:12:00,109,153,75,99.6,20,93,5
SYN-V-005483,SYN-P-00066,SYN-E-001393,Synthetic Outpatient Center,Orthopedics,2025-10-23 17:11:00,61,110,63,97.3,19,95,0
SYN-V-005484,SYN-P-00224,SYN-E-001394,Synthetic Community Hospital West,Emergency,2025-10-24 09:27:00,110,104,81,98.4,12,100,7
SYN-V-005485,SYN-P-00224,SYN-E-001394,Synthetic Community Hospital West,Emergency,2025-10-24 09:50:00,65,140,80,97.8,16,92,3
SYN-V-005486,SYN-P-00224,SYN-E-001394,Synthetic Community Hospital West,Emergency,2025-10-24 11:53:00,97,111,78,99.4,22,100,0
SYN-V-005487,SYN-P-00246,SYN-E-001395,Synthetic Outpatient Center,Pulmonology,2025-10-24 13:56:00,89,110,69,99.2,12,93,1
SYN-V-005488,SYN-P-00246,SYN-E-001395,Synthetic Outpatient Center,Pulmonology,2025-10-24 16:15:00,72,104,69,97.1,14,93,6
SYN-V-005489,SYN-P-00115,SYN-E-001396,Synthetic Community Hospital East,Emergency,2025-10-25 12:16:00,106,156,67,98.8,17,95,3
SYN-V-005490,SYN-P-00115,SYN-E-001396,Synthetic Community Hospital East,Emergency,2025-10-25 12:50:00,96,149,64,99.0,16,96,6
SYN-V-005491,SYN-P-00115,SYN-E-001396,Synthetic Community Hospital East,Emergency,2025-10-25 13:51:00,97,133,90,97.1,21,92,0
SYN-V-005492,SYN-P-00115,SYN-E-001396,Synthetic Community Hospital East,Emergency,2025-10-25 14:42:00,81,141,93,97.7,15,93,5
SYN-V-005493,SYN-P-00115,SYN-E-001396,Synthetic Community Hospital East,Emergency,2025-10-25 15:06:00,80,149,87,98.9,16,99,7
SYN-V-005494,SYN-P-00242,SYN-E-001397,Synthetic Regional Medical Center,Orthopedics,2025-10-26 11:45:00,95,152,68,99.2,15,92,1
SYN-V-005495,SYN-P-00242,SYN-E-001397,Synthetic Regional Medical Center,Orthopedics,2025-10-27 10:37:00,84,128,77,99.3,13,100,6
SYN-V-005496,SYN-P-00242,SYN-E-001397,Synthetic Regional Medical Center,Orthopedics,2025-10-27 21:13:00,97,103,85,98.1,14,93,7
SYN-V-005497,SYN-P-00242,SYN-E-001397,Synthetic Regional Medical Center,Orthopedics,2025-10-28 04:43:00,95,158,85,99.1,17,96,7
SYN-V-005498,SYN-P-00242,SYN-E-001397,Synthetic Regional Medical Center,Orthopedics,2025-10-29 02:13:00,86,133,66,98.5,14,97,
SYN-V-005499,SYN-P-00242,SYN-E-001397,Synthetic Regional Medical Center,Orthopedics,2025-10-29 06:45:00,67,154,61,97.5,22,93,
SYN-V-005500,SYN-P-00242,SYN-E-001397,Synthetic Regional Medical Center,Orthopedics,2025-10-29 19:19:00,104,144,81,99.1,18,92,5
SYN-V-005501,SYN-P-00242,SYN-E-001397,Synthetic Regional Medical Center,Orthopedics,2025-10-29 23:50:00,90,126,82,97.2,14,97,0
SYN-V-005502,SYN-P-00242,SYN-E-001397,Synthetic Regional Medical Center,Orthopedics,2025-10-30 08:32:00,89,120,94,98.5,16,92,6
SYN-V-005503,SYN-P-00242,SYN-E-001397,Synthetic Regional Medical Center,Orthopedics,2025-10-31 00:40:00,72,137,82,97.8,22,97,0
SYN-V-005504,SYN-P-00242,SYN-E-001397,Synthetic Regional Medical Center,Orthopedics,2025-10-31 11:51:00,108,106,75,99.8,22,99,
SYN-V-005505,SYN-P-00242,SYN-E-001397,Synthetic Regional Medical Center,Orthopedics,2025-10-31 20:46:00,94,128,92,97.7,22,94,3
SYN-V-005506,SYN-P-00242,SYN-E-001397,Synthetic Regional Medical Center,Orthopedics,2025-10-31 21:52:00,57,152,79,99.6,18,99,3
SYN-V-005507,SYN-P-00242,SYN-E-001397,Synthetic Regional Medical Center,Orthopedics,2025-10-31 23:55:00,104,100,73,98.3,19,97,0
SYN-V-005508,SYN-P-00242,SYN-E-001397,Synthetic Regional Medical Center,Orthopedics,2025-11-01 05:43:00,70,117,71,97.3,18,97,2
SYN-V-005509,SYN-P-00242,SYN-E-001397,Synthetic Regional Medical Center,Orthopedics,2025-11-01 19:04:00,87,117,85,98.0,18,98,1
SYN-V-005510,SYN-P-00242,SYN-E-001397,Synthetic Regional Medical Center,Orthopedics,2025-11-02 05:15:00,56,152,72,97.3,18,100,3
SYN-V-005511,SYN-P-00276,SYN-E-001398,Synthetic Outpatient Center,Primary Care,2025-10-28 02:26:00,103,153,83,98.3,12,100,2
SYN-V-005512,SYN-P-00260,SYN-E-001399,Synthetic Community Hospital East,Cardiology,2025-10-28 08:48:00,59,103,60,99.1,18,96,3
SYN-V-005513,SYN-P-00260,SYN-E-001399,Synthetic Community Hospital East,Cardiology,2025-10-28 15:13:00,100,109,72,97.4,13,93,4
SYN-V-005514,SYN-P-00260,SYN-E-001399,Synthetic Community Hospital East,Cardiology,2025-10-28 20:43:00,65,123,89,97.9,12,94,4
SYN-V-005515,SYN-P-00260,SYN-E-001399,Synthetic Community Hospital East,Cardiology,2025-10-29 03:17:00,59,125,85,97.5,14,94,2
SYN-V-005516,SYN-P-00260,SYN-E-001399,Synthetic Community Hospital East,Cardiology,2025-10-29 06:34:00,69,159,76,97.1,16,96,3
SYN-V-005517,SYN-P-00260,SYN-E-001399,Synthetic Community Hospital East,Cardiology,2025-10-29 17:37:00,56,155,82,98.2,19,93,2
SYN-V-005518,SYN-P-00260,SYN-E-001399,Synthetic Community Hospital East,Cardiology,2025-10-29 23:28:00,100,160,66,98.2,17,94,3
SYN-V-005519,SYN-P-00260,SYN-E-001399,Synthetic Community Hospital East,Cardiology,2025-10-29 23:45:00,65,132,72,97.3,13,96,6
SYN-V-005520,SYN-P-00260,SYN-E-001399,Synthetic Community Hospital East,Cardiology,2025-10-30 04:51:00,105,117,75,99.5,14,97,3
SYN-V-005521,SYN-P-00260,SYN-E-001399,Synthetic Community Hospital East,Cardiology,2025-10-30 21:51:00,72,102,78,99.3,13,100,4
SYN-V-005522,SYN-P-00260,SYN-E-001399,Synthetic Community Hospital East,Cardiology,2025-10-31 16:46:00,98,151,64,98.3,16,92,6
SYN-V-005523,SYN-P-00260,SYN-E-001399,Synthetic Community Hospital East,Cardiology,2025-11-01 04:56:00,103,111,74,98.8,16,95,1
SYN-V-005524,SYN-P-00260,SYN-E-001399,Synthetic Community Hospital East,Cardiology,2025-11-01 09:23:00,89,125,95,97.3,22,99,1
SYN-V-005525,SYN-P-00260,SYN-E-001399,Synthetic Community Hospital East,Cardiology,2025-11-02 05:33:00,77,100,87,99.3,16,100,0
SYN-V-005526,SYN-P-00260,SYN-E-001399,Synthetic Community Hospital East,Cardiology,2025-11-03 07:33:00,99,116,78,99.7,15,96,3
SYN-V-005527,SYN-P-00260,SYN-E-001399,Synthetic Community Hospital East,Cardiology,2025-11-03 17:20:00,82,125,77,97.6,12,98,5
SYN-V-005528,SYN-P-00260,SYN-E-001399,Synthetic Community Hospital East,Cardiology,2025-11-03 19:09:00,56,104,80,98.7,17,94,5
SYN-V-005529,SYN-P-00260,SYN-E-001399,Synthetic Community Hospital East,Cardiology,2025-11-04 00:58:00,103,130,72,98.5,15,93,7
SYN-V-005530,SYN-P-00260,SYN-E-001399,Synthetic Community Hospital East,Cardiology,2025-11-04 03:13:00,104,113,81,99.0,16,96,4
SYN-V-005531,SYN-P-00055,SYN-E-001400,Synthetic Regional Medical Center,Emergency,2025-10-29 11:24:00,73,132,69,98.4,15,94,1
SYN-V-005532,SYN-P-00055,SYN-E-001400,Synthetic Regional Medical Center,Emergency,2025-10-29 13:09:00,109,153,91,98.4,12,99,6
SYN-V-005533,SYN-P-00055,SYN-E-001400,Synthetic Regional Medical Center,Emergency,2025-10-29 13:38:00,90,156,80,97.9,14,97,8
SYN-V-005534,SYN-P-00055,SYN-E-001400,Synthetic Regional Medical Center,Emergency,2025-10-29 14:08:00,102,100,79,98.0,20,98,3
SYN-V-005535,SYN-P-00201,SYN-E-001402,Synthetic Regional Medical Center,Cardiology,2025-11-03 04:42:00,73,113,86,97.1,18,93,2
SYN-V-005536,SYN-P-00201,SYN-E-001402,Synthetic Regional Medical Center,Cardiology,2025-11-03 18:28:00,65,144,69,98.2,16,96,8
SYN-V-005537,SYN-P-00201,SYN-E-001402,Synthetic Regional Medical Center,Cardiology,2025-11-03 19:11:00,71,152,61,97.8,20,100,7
SYN-V-005538,SYN-P-00035,SYN-E-001403,Synthetic Regional Medical Center,Internal Medicine,2025-11-03 11:48:00,80,119,81,97.9,21,93,2
SYN-V-005539,SYN-P-00035,SYN-E-001403,Synthetic Regional Medical Center,Internal Medicine,2025-11-04 01:55:00,57,110,89,98.1,19,94,7
SYN-V-005540,SYN-P-00035,SYN-E-001403,Synthetic Regional Medical Center,Internal Medicine,2025-11-04 10:06:00,87,156,68,98.0,21,92,1
SYN-V-005541,SYN-P-00035,SYN-E-001403,Synthetic Regional Medical Center,Internal Medicine,2025-11-04 11:19:00,90,105,63,97.1,14,98,8
SYN-V-005542,SYN-P-00035,SYN-E-001403,Synthetic Regional Medical Center,Internal Medicine,2025-11-04 23:23:00,100,121,60,98.1,19,100,3
SYN-V-005543,SYN-P-00035,SYN-E-001403,Synthetic Regional Medical Center,Internal Medicine,2025-11-05 00:54:00,80,110,68,99.4,15,98,3
SYN-V-005544,SYN-P-00035,SYN-E-001403,Synthetic Regional Medical Center,Internal Medicine,2025-11-05 02:55:00,67,154,86,98.5,21,92,8
SYN-V-005545,SYN-P-00035,SYN-E-001403,Synthetic Regional Medical Center,Internal Medicine,2025-11-05 10:08:00,94,127,95,98.3,14,94,2
SYN-V-005546,SYN-P-00035,SYN-E-001403,Synthetic Regional Medical Center,Internal Medicine,2025-11-05 14:15:00,99,155,70,99.7,22,98,5
SYN-V-005547,SYN-P-00035,SYN-E-001403,Synthetic Regional Medical Center,Internal Medicine,2025-11-05 16:17:00,87,154,91,98.0,12,93,8
SYN-V-005548,SYN-P-00035,SYN-E-001403,Synthetic Regional Medical Center,Internal Medicine,2025-11-05 20:27:00,71,159,91,99.2,21,94,4
SYN-V-005549,SYN-P-00035,SYN-E-001403,Synthetic Regional Medical Center,Internal Medicine,2025-11-06 14:20:00,107,151,83,97.9,13,93,3
SYN-V-005550,SYN-P-00035,SYN-E-001403,Synthetic Regional Medical Center,Internal Medicine,2025-11-07 02:03:00,57,126,90,98.2,13,93,1
SYN-V-005551,SYN-P-00035,SYN-E-001403,Synthetic Regional Medical Center,Internal Medicine,2025-11-07 08:57:00,75,110,72,97.1,22,95,5
SYN-V-005552,SYN-P-00035,SYN-E-001403,Synthetic Regional Medical Center,Internal Medicine,2025-11-07 11:04:00,80,119,88,98.6,20,98,0
SYN-V-005553,SYN-P-00035,SYN-E-001403,Synthetic Regional Medical Center,Internal Medicine,2025-11-07 14:09:00,103,140,61,97.1,22,97,3
SYN-V-005554,SYN-P-00035,SYN-E-001403,Synthetic Regional Medical Center,Internal Medicine,2025-11-07 15:19:00,99,118,74,99.5,13,92,1
SYN-V-005555,SYN-P-00035,SYN-E-001403,Synthetic Regional Medical Center,Internal Medicine,2025-11-07 19:59:00,71,127,80,99.1,18,94,1
SYN-V-005556,SYN-P-00035,SYN-E-001403,Synthetic Regional Medical Center,Internal Medicine,2025-11-08 01:55:00,91,105,60,97.3,14,98,8
SYN-V-005557,SYN-P-00035,SYN-E-001403,Synthetic Regional Medical Center,Internal Medicine,2025-11-10 08:00:00,105,140,93,97.1,16,92,7
SYN-V-005558,SYN-P-00035,SYN-E-001403,Synthetic Regional Medical Center,Internal Medicine,2025-11-10 15:19:00,101,126,83,99.2,14,100,3
SYN-V-005559,SYN-P-00035,SYN-E-001403,Synthetic Regional Medical Center,Internal Medicine,2025-11-10 18:37:00,105,110,68,98.7,19,100,8
SYN-V-005560,SYN-P-00035,SYN-E-001403,Synthetic Regional Medical Center,Internal Medicine,2025-11-11 05:47:00,56,144,89,98.8,16,95,0
SYN-V-005561,SYN-P-00035,SYN-E-001403,Synthetic Regional Medical Center,Internal Medicine,2025-11-11 09:34:00,87,159,84,97.8,16,93,5
SYN-V-005562,SYN-P-00035,SYN-E-001403,Synthetic Regional Medical Center,Internal Medicine,2025-11-11 11:19:00,101,124,87,97.2,15,95,6
SYN-V-005563,SYN-P-00035,SYN-E-001403,Synthetic Regional Medical Center,Internal Medicine,2025-11-11 13:28:00,98,146,90,99.2,19,96,0
SYN-V-005564,SYN-P-00035,SYN-E-001403,Synthetic Regional Medical Center,Internal Medicine,2025-11-11 22:56:00,81,154,70,99.4,17,97,5
SYN-V-005565,SYN-P-00035,SYN-E-001403,Synthetic Regional Medical Center,Internal Medicine,2025-11-12 16:26:00,57,101,85,98.8,16,97,7
SYN-V-005566,SYN-P-00035,SYN-E-001403,Synthetic Regional Medical Center,Internal Medicine,2025-11-13 03:01:00,87,102,61,97.6,12,100,2
SYN-V-005567,SYN-P-00035,SYN-E-001403,Synthetic Regional Medical Center,Internal Medicine,2025-11-13 22:39:00,79,150,63,99.5,21,99,7
SYN-V-005568,SYN-P-00035,SYN-E-001403,Synthetic Regional Medical Center,Internal Medicine,2025-11-14 05:08:00,95,148,72,97.6,22,93,0
SYN-V-005569,SYN-P-00035,SYN-E-001403,Synthetic Regional Medical Center,Internal Medicine,2025-11-14 07:32:00,58,131,87,98.9,13,93,8
SYN-V-005570,SYN-P-00035,SYN-E-001403,Synthetic Regional Medical Center,Internal Medicine,2025-11-14 08:33:00,105,112,85,99.2,19,92,2
SYN-V-005571,SYN-P-00035,SYN-E-001403,Synthetic Regional Medical Center,Internal Medicine,2025-11-14 09:42:00,56,118,91,97.7,20,99,1
SYN-V-005572,SYN-P-00035,SYN-E-001403,Synthetic Regional Medical Center,Internal Medicine,2025-11-14 17:57:00,93,159,77,98.3,12,100,2
SYN-V-005573,SYN-P-00035,SYN-E-001403,Synthetic Regional Medical Center,Internal Medicine,2025-11-14 23:18:00,76,151,69,99.4,16,99,0
SYN-V-005574,SYN-P-00035,SYN-E-001403,Synthetic Regional Medical Center,Internal Medicine,2025-11-14 23:57:00,108,147,61,99.8,13,92,5
SYN-V-005575,SYN-P-00035,SYN-E-001403,Synthetic Regional Medical Center,Internal Medicine,2025-11-15 04:02:00,64,126,63,98.7,20,99,7
SYN-V-005576,SYN-P-00035,SYN-E-001403,Synthetic Regional Medical Center,Internal Medicine,2025-11-15 08:41:00,65,155,78,97.9,12,94,1
SYN-V-005577,SYN-P-00233,SYN-E-001404,Synthetic Outpatient Center,Endocrinology,2025-11-03 14:32:00,55,142,85,98.7,17,98,6
SYN-V-005578,SYN-P-00233,SYN-E-001404,Synthetic Outpatient Center,Endocrinology,2025-11-03 14:33:00,61,115,65,98.3,12,97,
SYN-V-005579,SYN-P-00233,SYN-E-001404,Synthetic Outpatient Center,Endocrinology,2025-11-03 15:38:00,59,119,70,97.9,17,94,0
SYN-V-005580,SYN-P-00233,SYN-E-001404,Synthetic Outpatient Center,Endocrinology,2025-11-03 16:32:00,90,157,69,98.0,22,94,4
SYN-V-005581,SYN-P-00204,SYN-E-001406,Synthetic Community Hospital East,Nephrology,2025-11-04 05:23:00,103,111,60,97.7,17,94,6
SYN-V-005582,SYN-P-00204,SYN-E-001406,Synthetic Community Hospital East,Nephrology,2025-11-04 11:05:00,104,158,77,99.5,12,97,1
SYN-V-005583,SYN-P-00204,SYN-E-001406,Synthetic Community Hospital East,Nephrology,2025-11-04 14:18:00,55,154,76,98.9,14,93,4
SYN-V-005584,SYN-P-00204,SYN-E-001406,Synthetic Community Hospital East,Nephrology,2025-11-05 06:11:00,108,135,63,99.7,18,98,8
SYN-V-005585,SYN-P-00204,SYN-E-001406,Synthetic Community Hospital East,Nephrology,2025-11-05 08:10:00,58,125,88,97.8,22,93,0
SYN-V-005586,SYN-P-00204,SYN-E-001406,Synthetic Community Hospital East,Nephrology,2025-11-05 11:27:00,104,143,86,98.5,21,92,4
SYN-V-005587,SYN-P-00204,SYN-E-001406,Synthetic Community Hospital East,Nephrology,2025-11-05 19:14:00,98,129,85,99.2,16,94,3
SYN-V-005588,SYN-P-00204,SYN-E-001406,Synthetic Community Hospital East,Nephrology,2025-11-07 01:00:00,83,141,65,97.9,18,92,7
SYN-V-005589,SYN-P-00204,SYN-E-001406,Synthetic Community Hospital East,Nephrology,2025-11-07 06:03:00,65,102,93,98.0,17,93,1
SYN-V-005590,SYN-P-00204,SYN-E-001406,Synthetic Community Hospital East,Nephrology,2025-11-07 09:37:00,106,122,71,98.0,12,92,0
SYN-V-005591,SYN-P-00204,SYN-E-001406,Synthetic Community Hospital East,Nephrology,2025-11-07 11:27:00,69,113,70,97.2,15,98,2
SYN-V-005592,SYN-P-00204,SYN-E-001406,Synthetic Community Hospital East,Nephrology,2025-11-07 17:54:00,88,126,81,98.0,16,95,7
SYN-V-005593,SYN-P-00204,SYN-E-001406,Synthetic Community Hospital East,Nephrology,2025-11-08 00:49:00,110,118,64,98.8,14,94,0
SYN-V-005594,SYN-P-00204,SYN-E-001406,Synthetic Community Hospital East,Nephrology,2025-11-08 01:37:00,67,155,94,98.0,18,96,0
SYN-V-005595,SYN-P-00204,SYN-E-001406,Synthetic Community Hospital East,Nephrology,2025-11-08 15:05:00,81,101,76,99.6,14,100,1
SYN-V-005596,SYN-P-00204,SYN-E-001406,Synthetic Community Hospital East,Nephrology,2025-11-08 20:31:00,55,136,78,97.9,22,100,3
SYN-V-005597,SYN-P-00204,SYN-E-001406,Synthetic Community Hospital East,Nephrology,2025-11-09 05:27:00,83,109,81,98.7,12,96,4
SYN-V-005598,SYN-P-00204,SYN-E-001406,Synthetic Community Hospital East,Nephrology,2025-11-10 02:16:00,72,158,61,99.1,19,100,8
SYN-V-005599,SYN-P-00204,SYN-E-001406,Synthetic Community Hospital East,Nephrology,2025-11-10 10:01:00,97,132,65,99.2,13,100,1
SYN-V-005600,SYN-P-00204,SYN-E-001406,Synthetic Community Hospital East,Nephrology,2025-11-10 11:40:00,84,102,85,97.6,17,97,6
SYN-V-005601,SYN-P-00204,SYN-E-001406,Synthetic Community Hospital East,Nephrology,2025-11-10 13:22:00,83,126,71,97.9,19,100,1
SYN-V-005602,SYN-P-00204,SYN-E-001406,Synthetic Community Hospital East,Nephrology,2025-11-11 03:57:00,105,122,80,97.6,18,99,2
SYN-V-005603,SYN-P-00219,SYN-E-001407,Synthetic Outpatient Center,Primary Care,2025-11-05 03:14:00,57,131,94,97.4,20,99,5
SYN-V-005604,SYN-P-00076,SYN-E-001408,Synthetic Community Hospital East,Cardiology,2025-11-05 08:30:00,105,146,81,99.6,16,93,
SYN-V-005605,SYN-P-00076,SYN-E-001408,Synthetic Community Hospital East,Cardiology,2025-11-05 09:26:00,59,148,86,99.5,12,95,0
SYN-V-005606,SYN-P-00076,SYN-E-001408,Synthetic Community Hospital East,Cardiology,2025-11-05 09:35:00,85,120,85,99.3,18,94,5
SYN-V-005607,SYN-P-00076,SYN-E-001408,Synthetic Community Hospital East,Cardiology,2025-11-05 14:18:00,57,139,91,97.6,18,98,0
SYN-V-005608,SYN-P-00076,SYN-E-001408,Synthetic Community Hospital East,Cardiology,2025-11-05 21:47:00,94,146,93,99.0,22,95,1
SYN-V-005609,SYN-P-00076,SYN-E-001408,Synthetic Community Hospital East,Cardiology,2025-11-06 08:30:00,61,130,65,98.9,15,92,8
SYN-V-005610,SYN-P-00076,SYN-E-001408,Synthetic Community Hospital East,Cardiology,2025-11-06 08:39:00,105,111,67,98.6,13,94,4
SYN-V-005611,SYN-P-00076,SYN-E-001408,Synthetic Community Hospital East,Cardiology,2025-11-07 03:31:00,85,120,69,98.3,15,98,6
SYN-V-005612,SYN-P-00076,SYN-E-001408,Synthetic Community Hospital East,Cardiology,2025-11-08 04:30:00,59,107,94,99.7,13,99,3
SYN-V-005613,SYN-P-00034,SYN-E-001409,Synthetic Community Hospital East,Emergency,2025-11-06 05:51:00,103,152,60,99.0,13,100,0
SYN-V-005614,SYN-P-00034,SYN-E-001409,Synthetic Community Hospital East,Emergency,2025-11-06 06:19:00,96,119,85,97.6,13,95,7
SYN-V-005615,SYN-P-00034,SYN-E-001409,Synthetic Community Hospital East,Emergency,2025-11-06 06:40:00,108,107,82,98.3,21,94,8
SYN-V-005616,SYN-P-00034,SYN-E-001409,Synthetic Community Hospital East,Emergency,2025-11-06 07:25:00,86,158,81,97.2,14,97,3
SYN-V-005617,SYN-P-00034,SYN-E-001409,Synthetic Community Hospital East,Emergency,2025-11-06 07:44:00,73,101,77,99.4,13,95,5
SYN-V-005618,SYN-P-00271,SYN-E-001411,Synthetic Regional Medical Center,Cardiology,2025-11-07 01:55:00,84,102,70,99.5,19,96,8
SYN-V-005619,SYN-P-00271,SYN-E-001411,Synthetic Regional Medical Center,Cardiology,2025-11-07 02:33:00,88,151,93,98.8,19,100,5
SYN-V-005620,SYN-P-00271,SYN-E-001411,Synthetic Regional Medical Center,Cardiology,2025-11-07 07:43:00,81,148,62,97.6,17,100,2
SYN-V-005621,SYN-P-00271,SYN-E-001411,Synthetic Regional Medical Center,Cardiology,2025-11-07 09:58:00,85,110,69,97.9,13,97,7
SYN-V-005622,SYN-P-00271,SYN-E-001411,Synthetic Regional Medical Center,Cardiology,2025-11-07 11:47:00,97,143,67,98.5,20,99,3
SYN-V-005623,SYN-P-00271,SYN-E-001411,Synthetic Regional Medical Center,Cardiology,2025-11-08 04:38:00,90,140,71,97.3,12,97,3
SYN-V-005624,SYN-P-00271,SYN-E-001411,Synthetic Regional Medical Center,Cardiology,2025-11-08 17:22:00,98,106,81,98.3,22,100,4
SYN-V-005625,SYN-P-00271,SYN-E-001411,Synthetic Regional Medical Center,Cardiology,2025-11-08 18:15:00,70,148,73,98.9,17,100,1
SYN-V-005626,SYN-P-00271,SYN-E-001411,Synthetic Regional Medical Center,Cardiology,2025-11-08 19:12:00,97,155,88,99.0,20,94,0
SYN-V-005627,SYN-P-00271,SYN-E-001411,Synthetic Regional Medical Center,Cardiology,2025-11-08 19:36:00,66,126,92,97.5,18,96,6
SYN-V-005628,SYN-P-00271,SYN-E-001411,Synthetic Regional Medical Center,Cardiology,2025-11-08 20:13:00,65,113,93,99.3,22,93,0
SYN-V-005629,SYN-P-00271,SYN-E-001411,Synthetic Regional Medical Center,Cardiology,2025-11-09 02:52:00,78,125,95,99.6,20,98,1
SYN-V-005630,SYN-P-00271,SYN-E-001411,Synthetic Regional Medical Center,Cardiology,2025-11-09 15:16:00,97,129,69,98.1,14,96,1
SYN-V-005631,SYN-P-00271,SYN-E-001411,Synthetic Regional Medical Center,Cardiology,2025-11-09 17:36:00,82,151,64,99.2,21,93,0
SYN-V-005632,SYN-P-00271,SYN-E-001411,Synthetic Regional Medical Center,Cardiology,2025-11-09 23:19:00,94,147,75,97.4,13,98,7
SYN-V-005633,SYN-P-00271,SYN-E-001411,Synthetic Regional Medical Center,Cardiology,2025-11-10 15:21:00,68,129,87,99.4,14,99,5
SYN-V-005634,SYN-P-00271,SYN-E-001411,Synthetic Regional Medical Center,Cardiology,2025-11-10 23:58:00,58,114,92,99.2,17,100,6
SYN-V-005635,SYN-P-00271,SYN-E-001411,Synthetic Regional Medical Center,Cardiology,2025-11-11 05:30:00,60,148,70,98.8,19,95,2
SYN-V-005636,SYN-P-00283,SYN-E-001412,Synthetic Specialty Clinic,Pulmonology,2025-11-07 10:21:00,73,154,71,98.5,22,92,2
SYN-V-005637,SYN-P-00290,SYN-E-001413,Synthetic Regional Medical Center,Pulmonology,2025-11-08 07:57:00,67,155,72,98.5,19,98,5
SYN-V-005638,SYN-P-00290,SYN-E-001413,Synthetic Regional Medical Center,Pulmonology,2025-11-09 00:37:00,64,110,64,99.8,14,96,1
SYN-V-005639,SYN-P-00290,SYN-E-001413,Synthetic Regional Medical Center,Pulmonology,2025-11-09 11:39:00,104,102,95,99.4,13,94,3
SYN-V-005640,SYN-P-00290,SYN-E-001413,Synthetic Regional Medical Center,Pulmonology,2025-11-09 13:17:00,103,146,60,97.3,12,100,5
SYN-V-005641,SYN-P-00290,SYN-E-001413,Synthetic Regional Medical Center,Pulmonology,2025-11-09 15:21:00,108,129,61,99.3,13,97,6
SYN-V-005642,SYN-P-00290,SYN-E-001413,Synthetic Regional Medical Center,Pulmonology,2025-11-10 08:20:00,58,140,70,99.0,18,93,1
SYN-V-005643,SYN-P-00290,SYN-E-001413,Synthetic Regional Medical Center,Pulmonology,2025-11-11 00:44:00,83,115,68,97.9,17,97,8
SYN-V-005644,SYN-P-00290,SYN-E-001413,Synthetic Regional Medical Center,Pulmonology,2025-11-11 02:00:00,105,111,83,98.3,22,96,6
SYN-V-005645,SYN-P-00290,SYN-E-001413,Synthetic Regional Medical Center,Pulmonology,2025-11-11 03:01:00,95,111,90,99.5,17,92,2
SYN-V-005646,SYN-P-00290,SYN-E-001413,Synthetic Regional Medical Center,Pulmonology,2025-11-12 00:42:00,68,155,75,99.4,22,92,2
SYN-V-005647,SYN-P-00290,SYN-E-001413,Synthetic Regional Medical Center,Pulmonology,2025-11-12 03:05:00,100,159,81,99.7,21,95,7
SYN-V-005648,SYN-P-00290,SYN-E-001413,Synthetic Regional Medical Center,Pulmonology,2025-11-13 02:56:00,97,160,75,98.3,20,95,1
SYN-V-005649,SYN-P-00290,SYN-E-001413,Synthetic Regional Medical Center,Pulmonology,2025-11-13 03:18:00,94,138,65,98.3,13,94,7
SYN-V-005650,SYN-P-00290,SYN-E-001413,Synthetic Regional Medical Center,Pulmonology,2025-11-13 07:16:00,83,152,78,97.2,17,96,4
SYN-V-005651,SYN-P-00290,SYN-E-001413,Synthetic Regional Medical Center,Pulmonology,2025-11-13 11:00:00,94,110,61,99.4,16,100,3
SYN-V-005652,SYN-P-00290,SYN-E-001413,Synthetic Regional Medical Center,Pulmonology,2025-11-14 07:23:00,67,119,83,99.5,17,94,2
SYN-V-005653,SYN-P-00290,SYN-E-001413,Synthetic Regional Medical Center,Pulmonology,2025-11-14 09:51:00,77,155,64,98.5,18,94,8
SYN-V-005654,SYN-P-00290,SYN-E-001413,Synthetic Regional Medical Center,Pulmonology,2025-11-14 11:08:00,82,156,87,98.3,13,93,8
SYN-V-005655,SYN-P-00290,SYN-E-001413,Synthetic Regional Medical Center,Pulmonology,2025-11-14 23:32:00,67,127,94,99.7,16,95,2
SYN-V-005656,SYN-P-00290,SYN-E-001413,Synthetic Regional Medical Center,Pulmonology,2025-11-15 13:39:00,103,114,84,99.3,13,95,0
SYN-V-005657,SYN-P-00290,SYN-E-001413,Synthetic Regional Medical Center,Pulmonology,2025-11-15 16:28:00,95,114,63,97.2,20,92,2
SYN-V-005658,SYN-P-00290,SYN-E-001413,Synthetic Regional Medical Center,Pulmonology,2025-11-16 08:37:00,78,107,85,97.0,14,92,4
SYN-V-005659,SYN-P-00290,SYN-E-001413,Synthetic Regional Medical Center,Pulmonology,2025-11-16 10:06:00,55,150,60,98.4,12,97,1
SYN-V-005660,SYN-P-00172,SYN-E-001414,Synthetic Community Hospital East,Internal Medicine,2025-11-08 07:58:00,101,109,80,97.6,16,97,2
SYN-V-005661,SYN-P-00172,SYN-E-001414,Synthetic Community Hospital East,Internal Medicine,2025-11-09 01:01:00,95,136,89,99.6,18,99,7
SYN-V-005662,SYN-P-00172,SYN-E-001414,Synthetic Community Hospital East,Internal Medicine,2025-11-09 02:24:00,56,106,81,99.5,20,94,6
SYN-V-005663,SYN-P-00172,SYN-E-001414,Synthetic Community Hospital East,Internal Medicine,2025-11-09 05:38:00,91,159,89,99.4,14,97,4
SYN-V-005664,SYN-P-00172,SYN-E-001414,Synthetic Community Hospital East,Internal Medicine,2025-11-09 15:08:00,56,153,72,98.7,14,96,3
SYN-V-005665,SYN-P-00172,SYN-E-001414,Synthetic Community Hospital East,Internal Medicine,2025-11-09 15:34:00,94,144,93,99.2,12,97,5
SYN-V-005666,SYN-P-00172,SYN-E-001414,Synthetic Community Hospital East,Internal Medicine,2025-11-09 22:11:00,69,143,91,99.7,13,92,2
SYN-V-005667,SYN-P-00172,SYN-E-001414,Synthetic Community Hospital East,Internal Medicine,2025-11-10 02:01:00,67,124,83,98.6,12,96,1
SYN-V-005668,SYN-P-00172,SYN-E-001414,Synthetic Community Hospital East,Internal Medicine,2025-11-10 10:51:00,100,139,79,99.6,18,99,5
SYN-V-005669,SYN-P-00172,SYN-E-001414,Synthetic Community Hospital East,Internal Medicine,2025-11-10 18:59:00,100,128,72,97.2,12,95,
SYN-V-005670,SYN-P-00172,SYN-E-001414,Synthetic Community Hospital East,Internal Medicine,2025-11-10 19:38:00,84,128,89,98.7,20,99,6
SYN-V-005671,SYN-P-00172,SYN-E-001414,Synthetic Community Hospital East,Internal Medicine,2025-11-11 08:27:00,68,136,95,97.5,19,100,3
SYN-V-005672,SYN-P-00172,SYN-E-001414,Synthetic Community Hospital East,Internal Medicine,2025-11-11 12:34:00,108,102,68,99.0,13,95,0
SYN-V-005673,SYN-P-00172,SYN-E-001414,Synthetic Community Hospital East,Internal Medicine,2025-11-12 00:24:00,90,146,84,99.3,16,95,
SYN-V-005674,SYN-P-00172,SYN-E-001414,Synthetic Community Hospital East,Internal Medicine,2025-11-12 02:17:00,71,135,85,99.5,22,94,3
SYN-V-005675,SYN-P-00172,SYN-E-001414,Synthetic Community Hospital East,Internal Medicine,2025-11-12 16:07:00,83,108,81,97.5,12,96,7
SYN-V-005676,SYN-P-00172,SYN-E-001414,Synthetic Community Hospital East,Internal Medicine,2025-11-12 16:15:00,97,147,69,97.2,15,92,2
SYN-V-005677,SYN-P-00172,SYN-E-001414,Synthetic Community Hospital East,Internal Medicine,2025-11-12 18:50:00,70,138,61,98.0,16,92,3
SYN-V-005678,SYN-P-00172,SYN-E-001414,Synthetic Community Hospital East,Internal Medicine,2025-11-13 04:46:00,76,110,75,99.5,22,95,8
SYN-V-005679,SYN-P-00133,SYN-E-001415,Synthetic Specialty Clinic,Pulmonology,2025-11-07 21:25:00,100,114,60,97.9,22,99,4
SYN-V-005680,SYN-P-00133,SYN-E-001415,Synthetic Specialty Clinic,Pulmonology,2025-11-07 23:53:00,65,137,70,98.6,17,97,4
SYN-V-005681,SYN-P-00170,SYN-E-001416,Synthetic Community Hospital East,Cardiology,2025-11-08 07:28:00,108,111,65,97.4,15,97,0
SYN-V-005682,SYN-P-00170,SYN-E-001416,Synthetic Community Hospital East,Cardiology,2025-11-08 14:50:00,89,137,66,99.4,18,94,8
SYN-V-005683,SYN-P-00170,SYN-E-001416,Synthetic Community Hospital East,Cardiology,2025-11-08 15:00:00,94,108,80,98.2,12,93,7
SYN-V-005684,SYN-P-00170,SYN-E-001416,Synthetic Community Hospital East,Cardiology,2025-11-08 20:44:00,90,106,85,98.7,19,95,6
SYN-V-005685,SYN-P-00170,SYN-E-001416,Synthetic Community Hospital East,Cardiology,2025-11-08 22:37:00,61,138,63,99.0,20,96,7
SYN-V-005686,SYN-P-00024,SYN-E-001417,Synthetic Community Hospital East,Cardiology,2025-11-08 05:22:00,73,129,91,99.6,16,99,8
SYN-V-005687,SYN-P-00024,SYN-E-001417,Synthetic Community Hospital East,Cardiology,2025-11-08 20:07:00,92,109,73,98.1,15,99,7
SYN-V-005688,SYN-P-00024,SYN-E-001417,Synthetic Community Hospital East,Cardiology,2025-11-09 02:58:00,63,150,78,99.5,14,99,0
SYN-V-005689,SYN-P-00024,SYN-E-001417,Synthetic Community Hospital East,Cardiology,2025-11-09 04:33:00,61,133,93,99.8,22,94,7
SYN-V-005690,SYN-P-00024,SYN-E-001417,Synthetic Community Hospital East,Cardiology,2025-11-09 07:36:00,55,152,75,99.5,16,92,0
SYN-V-005691,SYN-P-00024,SYN-E-001417,Synthetic Community Hospital East,Cardiology,2025-11-09 15:04:00,76,121,72,97.9,15,99,0
SYN-V-005692,SYN-P-00024,SYN-E-001417,Synthetic Community Hospital East,Cardiology,2025-11-09 16:22:00,98,150,75,99.6,18,100,8
SYN-V-005693,SYN-P-00024,SYN-E-001417,Synthetic Community Hospital East,Cardiology,2025-11-09 16:27:00,72,126,93,98.6,20,99,5
SYN-V-005694,SYN-P-00024,SYN-E-001417,Synthetic Community Hospital East,Cardiology,2025-11-09 21:57:00,107,106,86,98.1,16,95,5
SYN-V-005695,SYN-P-00024,SYN-E-001417,Synthetic Community Hospital East,Cardiology,2025-11-10 13:39:00,70,115,85,97.5,13,98,8
SYN-V-005696,SYN-P-00024,SYN-E-001417,Synthetic Community Hospital East,Cardiology,2025-11-10 17:12:00,80,148,70,99.4,19,99,7
SYN-V-005697,SYN-P-00024,SYN-E-001417,Synthetic Community Hospital East,Cardiology,2025-11-10 22:42:00,57,115,82,97.7,12,94,
SYN-V-005698,SYN-P-00024,SYN-E-001417,Synthetic Community Hospital East,Cardiology,2025-11-11 03:35:00,63,114,93,97.0,20,100,4
SYN-V-005699,SYN-P-00024,SYN-E-001417,Synthetic Community Hospital East,Cardiology,2025-11-11 05:45:00,91,125,65,99.4,18,96,4
SYN-V-005700,SYN-P-00024,SYN-E-001417,Synthetic Community Hospital East,Cardiology,2025-11-11 09:47:00,98,108,90,99.3,13,98,4
SYN-V-005701,SYN-P-00024,SYN-E-001417,Synthetic Community Hospital East,Cardiology,2025-11-12 01:44:00,109,115,65,97.5,16,92,2
SYN-V-005702,SYN-P-00024,SYN-E-001417,Synthetic Community Hospital East,Cardiology,2025-11-12 08:25:00,61,131,79,99.4,21,99,6
SYN-V-005703,SYN-P-00024,SYN-E-001417,Synthetic Community Hospital East,Cardiology,2025-11-12 10:34:00,90,100,63,99.1,12,92,2
SYN-V-005704,SYN-P-00024,SYN-E-001417,Synthetic Community Hospital East,Cardiology,2025-11-13 05:25:00,83,101,61,98.0,19,97,2
SYN-V-005705,SYN-P-00214,SYN-E-001418,Synthetic Regional Medical Center,Cardiology,2025-11-08 22:37:00,69,138,69,97.7,18,94,5
SYN-V-005706,SYN-P-00214,SYN-E-001418,Synthetic Regional Medical Center,Cardiology,2025-11-08 22:50:00,79,116,90,97.5,19,99,2
SYN-V-005707,SYN-P-00214,SYN-E-001418,Synthetic Regional Medical Center,Cardiology,2025-11-08 22:54:00,73,144,86,99.1,12,95,
SYN-V-005708,SYN-P-00214,SYN-E-001418,Synthetic Regional Medical Center,Cardiology,2025-11-08 23:38:00,73,156,70,99.1,22,93,4
SYN-V-005709,SYN-P-00214,SYN-E-001418,Synthetic Regional Medical Center,Cardiology,2025-11-09 00:06:00,91,152,64,97.3,20,97,8
SYN-V-005710,SYN-P-00214,SYN-E-001418,Synthetic Regional Medical Center,Cardiology,2025-11-09 01:34:00,106,145,62,99.8,21,93,5
SYN-V-005711,SYN-P-00214,SYN-E-001418,Synthetic Regional Medical Center,Cardiology,2025-11-09 02:06:00,77,110,81,98.8,15,94,2
SYN-V-005712,SYN-P-00208,SYN-E-001419,Synthetic Community Hospital West,Emergency,2025-11-09 08:03:00,59,111,78,99.1,15,100,5
SYN-V-005713,SYN-P-00208,SYN-E-001419,Synthetic Community Hospital West,Emergency,2025-11-09 08:11:00,64,108,62,98.7,21,100,6
SYN-V-005714,SYN-P-00208,SYN-E-001419,Synthetic Community Hospital West,Emergency,2025-11-09 08:25:00,85,147,76,97.6,20,95,7
SYN-V-005715,SYN-P-00208,SYN-E-001419,Synthetic Community Hospital West,Emergency,2025-11-09 09:27:00,105,110,95,97.1,21,95,4
SYN-V-005716,SYN-P-00208,SYN-E-001419,Synthetic Community Hospital West,Emergency,2025-11-09 09:29:00,109,117,82,97.1,17,96,5
SYN-V-005717,SYN-P-00048,SYN-E-001421,Synthetic Community Hospital West,Primary Care,2025-11-10 04:02:00,107,119,71,98.0,21,100,0
SYN-V-005718,SYN-P-00220,SYN-E-001422,Synthetic Specialty Clinic,Pulmonology,2025-11-11 00:36:00,56,102,69,99.3,19,99,0
SYN-V-005719,SYN-P-00220,SYN-E-001422,Synthetic Specialty Clinic,Pulmonology,2025-11-11 01:34:00,99,132,88,97.1,12,98,4
SYN-V-005720,SYN-P-00180,SYN-E-001423,Synthetic Community Hospital East,Emergency,2025-11-11 14:36:00,66,160,84,99.4,13,94,1
SYN-V-005721,SYN-P-00180,SYN-E-001423,Synthetic Community Hospital East,Emergency,2025-11-11 17:30:00,76,147,74,98.4,16,99,1
SYN-V-005722,SYN-P-00180,SYN-E-001423,Synthetic Community Hospital East,Emergency,2025-11-11 17:34:00,73,102,69,99.3,15,94,3
SYN-V-005723,SYN-P-00173,SYN-E-001424,Synthetic Outpatient Center,Pulmonology,2025-11-11 22:18:00,95,141,69,98.0,12,94,
SYN-V-005724,SYN-P-00169,SYN-E-001425,Synthetic Outpatient Center,Orthopedics,2025-11-12 10:59:00,96,141,87,97.7,17,94,7
SYN-V-005725,SYN-P-00010,SYN-E-001426,Synthetic Outpatient Center,Primary Care,2025-11-13 09:13:00,104,110,63,99.5,21,100,6
SYN-V-005726,SYN-P-00010,SYN-E-001426,Synthetic Outpatient Center,Primary Care,2025-11-13 09:54:00,57,157,86,98.7,13,95,2
SYN-V-005727,SYN-P-00006,SYN-E-001428,Synthetic Specialty Clinic,Pulmonology,2025-11-15 20:45:00,95,102,77,97.0,14,92,7
SYN-V-005728,SYN-P-00006,SYN-E-001428,Synthetic Specialty Clinic,Pulmonology,2025-11-15 20:49:00,92,136,76,98.5,18,92,6
SYN-V-005729,SYN-P-00006,SYN-E-001428,Synthetic Specialty Clinic,Pulmonology,2025-11-15 22:50:00,81,121,61,98.0,22,92,8
SYN-V-005730,SYN-P-00030,SYN-E-001429,Synthetic Outpatient Center,Pulmonology,2025-11-16 15:58:00,72,111,86,98.2,14,92,7
SYN-V-005731,SYN-P-00196,SYN-E-001430,Synthetic Outpatient Center,Primary Care,2025-11-18 00:58:00,69,146,90,97.4,20,92,5
SYN-V-005732,SYN-P-00235,SYN-E-001432,Synthetic Community Hospital West,Internal Medicine,2025-11-20 13:45:00,103,109,87,97.4,12,97,0
SYN-V-005733,SYN-P-00235,SYN-E-001432,Synthetic Community Hospital West,Internal Medicine,2025-11-20 15:00:00,103,125,65,98.6,13,100,0
SYN-V-005734,SYN-P-00235,SYN-E-001432,Synthetic Community Hospital West,Internal Medicine,2025-11-20 18:54:00,77,101,89,97.6,15,97,1
SYN-V-005735,SYN-P-00235,SYN-E-001432,Synthetic Community Hospital West,Internal Medicine,2025-11-21 12:17:00,104,108,83,97.0,13,95,5
SYN-V-005736,SYN-P-00235,SYN-E-001432,Synthetic Community Hospital West,Internal Medicine,2025-11-21 14:40:00,102,100,78,99.6,12,95,8
SYN-V-005737,SYN-P-00235,SYN-E-001432,Synthetic Community Hospital West,Internal Medicine,2025-11-21 16:13:00,75,137,83,97.6,12,96,6
SYN-V-005738,SYN-P-00235,SYN-E-001432,Synthetic Community Hospital West,Internal Medicine,2025-11-21 21:59:00,60,141,83,98.9,22,100,8
SYN-V-005739,SYN-P-00235,SYN-E-001432,Synthetic Community Hospital West,Internal Medicine,2025-11-22 00:54:00,107,148,80,99.4,15,97,8
SYN-V-005740,SYN-P-00235,SYN-E-001432,Synthetic Community Hospital West,Internal Medicine,2025-11-22 01:05:00,62,137,91,97.7,17,93,5
SYN-V-005741,SYN-P-00235,SYN-E-001432,Synthetic Community Hospital West,Internal Medicine,2025-11-22 05:26:00,63,117,69,97.1,16,93,3
SYN-V-005742,SYN-P-00235,SYN-E-001432,Synthetic Community Hospital West,Internal Medicine,2025-11-22 08:11:00,83,105,93,97.5,12,97,5
SYN-V-005743,SYN-P-00235,SYN-E-001432,Synthetic Community Hospital West,Internal Medicine,2025-11-22 09:40:00,106,106,71,98.1,19,92,7
SYN-V-005744,SYN-P-00235,SYN-E-001432,Synthetic Community Hospital West,Internal Medicine,2025-11-22 10:30:00,96,123,90,97.2,15,99,8
SYN-V-005745,SYN-P-00235,SYN-E-001432,Synthetic Community Hospital West,Internal Medicine,2025-11-23 06:46:00,65,111,79,97.6,17,92,
SYN-V-005746,SYN-P-00235,SYN-E-001432,Synthetic Community Hospital West,Internal Medicine,2025-11-23 13:58:00,64,100,83,98.4,18,100,8
SYN-V-005747,SYN-P-00235,SYN-E-001432,Synthetic Community Hospital West,Internal Medicine,2025-11-23 15:19:00,97,102,91,99.6,22,100,0
SYN-V-005748,SYN-P-00235,SYN-E-001432,Synthetic Community Hospital West,Internal Medicine,2025-11-23 22:52:00,82,109,81,99.2,15,94,4
SYN-V-005749,SYN-P-00235,SYN-E-001432,Synthetic Community Hospital West,Internal Medicine,2025-11-24 02:12:00,100,153,67,97.6,13,95,4
SYN-V-005750,SYN-P-00235,SYN-E-001432,Synthetic Community Hospital West,Internal Medicine,2025-11-24 08:50:00,56,142,65,97.3,14,94,8
SYN-V-005751,SYN-P-00042,SYN-E-001433,Synthetic Community Hospital West,Pulmonology,2025-11-19 11:58:00,57,151,67,99.7,18,97,2
SYN-V-005752,SYN-P-00042,SYN-E-001433,Synthetic Community Hospital West,Pulmonology,2025-11-19 12:35:00,76,100,64,97.8,22,99,8
SYN-V-005753,SYN-P-00042,SYN-E-001433,Synthetic Community Hospital West,Pulmonology,2025-11-20 06:13:00,72,133,61,99.6,17,92,0
SYN-V-005754,SYN-P-00042,SYN-E-001433,Synthetic Community Hospital West,Pulmonology,2025-11-20 06:20:00,66,104,73,99.0,17,96,1
SYN-V-005755,SYN-P-00042,SYN-E-001433,Synthetic Community Hospital West,Pulmonology,2025-11-20 11:11:00,55,144,93,99.7,20,95,0
SYN-V-005756,SYN-P-00042,SYN-E-001433,Synthetic Community Hospital West,Pulmonology,2025-11-20 13:12:00,110,116,88,97.3,21,95,5
SYN-V-005757,SYN-P-00186,SYN-E-001434,Synthetic Regional Medical Center,Orthopedics,2025-11-20 18:57:00,73,310,90,97.0,17,99,2
SYN-V-005758,SYN-P-00186,SYN-E-001434,Synthetic Regional Medical Center,Orthopedics,2025-11-20 23:04:00,72,103,73,98.6,12,97,5
SYN-V-005759,SYN-P-00186,SYN-E-001434,Synthetic Regional Medical Center,Orthopedics,2025-11-21 05:32:00,87,158,66,98.1,12,95,5
SYN-V-005760,SYN-P-00186,SYN-E-001434,Synthetic Regional Medical Center,Orthopedics,2025-11-21 05:33:00,69,133,92,98.5,13,98,5
SYN-V-005761,SYN-P-00186,SYN-E-001434,Synthetic Regional Medical Center,Orthopedics,2025-11-21 05:43:00,108,141,60,97.0,17,95,4
SYN-V-005762,SYN-P-00186,SYN-E-001434,Synthetic Regional Medical Center,Orthopedics,2025-11-22 04:02:00,88,100,77,98.4,16,100,8
SYN-V-005763,SYN-P-00186,SYN-E-001434,Synthetic Regional Medical Center,Orthopedics,2025-11-23 14:08:00,64,118,94,99.5,15,93,2
SYN-V-005764,SYN-P-00186,SYN-E-001434,Synthetic Regional Medical Center,Orthopedics,2025-11-23 15:12:00,78,144,87,97.4,20,99,0
SYN-V-005765,SYN-P-00186,SYN-E-001434,Synthetic Regional Medical Center,Orthopedics,2025-11-23 15:29:00,109,107,71,97.6,18,96,3
SYN-V-005766,SYN-P-00186,SYN-E-001434,Synthetic Regional Medical Center,Orthopedics,2025-11-23 16:34:00,55,104,67,99.3,18,96,6
SYN-V-005767,SYN-P-00186,SYN-E-001434,Synthetic Regional Medical Center,Orthopedics,2025-11-23 17:27:00,71,158,83,98.0,13,100,8
SYN-V-005768,SYN-P-00186,SYN-E-001434,Synthetic Regional Medical Center,Orthopedics,2025-11-24 19:16:00,99,135,83,97.0,12,96,6
SYN-V-005769,SYN-P-00186,SYN-E-001434,Synthetic Regional Medical Center,Orthopedics,2025-11-25 07:10:00,107,121,83,99.2,21,96,3
SYN-V-005770,SYN-P-00186,SYN-E-001434,Synthetic Regional Medical Center,Orthopedics,2025-11-25 07:27:00,94,129,61,97.5,22,97,8
SYN-V-005771,SYN-P-00186,SYN-E-001434,Synthetic Regional Medical Center,Orthopedics,2025-11-25 08:27:00,99,123,88,98.1,17,95,4
SYN-V-005772,SYN-P-00186,SYN-E-001434,Synthetic Regional Medical Center,Orthopedics,2025-11-25 13:45:00,88,107,79,97.9,15,93,1
SYN-V-005773,SYN-P-00186,SYN-E-001434,Synthetic Regional Medical Center,Orthopedics,2025-11-25 16:53:00,80,151,67,99.0,17,94,0
SYN-V-005774,SYN-P-00186,SYN-E-001434,Synthetic Regional Medical Center,Orthopedics,2025-11-25 17:12:00,58,132,91,98.3,16,99,0
SYN-V-005775,SYN-P-00186,SYN-E-001434,Synthetic Regional Medical Center,Orthopedics,2025-11-25 21:41:00,67,139,64,99.4,21,94,8
SYN-V-005776,SYN-P-00186,SYN-E-001434,Synthetic Regional Medical Center,Orthopedics,2025-11-26 15:54:00,57,114,83,97.1,14,99,4
SYN-V-005777,SYN-P-00186,SYN-E-001434,Synthetic Regional Medical Center,Orthopedics,2025-11-26 18:23:00,81,126,67,97.1,13,94,7
SYN-V-005778,SYN-P-00186,SYN-E-001434,Synthetic Regional Medical Center,Orthopedics,2025-11-27 03:46:00,90,129,86,99.0,18,100,6
SYN-V-005779,SYN-P-00186,SYN-E-001434,Synthetic Regional Medical Center,Orthopedics,2025-11-27 09:13:00,81,140,73,97.3,17,96,2
SYN-V-005780,SYN-P-00186,SYN-E-001434,Synthetic Regional Medical Center,Orthopedics,2025-11-27 15:07:00,55,129,77,97.1,14,92,4
SYN-V-005781,SYN-P-00186,SYN-E-001434,Synthetic Regional Medical Center,Orthopedics,2025-11-27 20:20:00,59,150,80,98.9,20,100,8
SYN-V-005782,SYN-P-00186,SYN-E-001434,Synthetic Regional Medical Center,Orthopedics,2025-11-28 21:06:00,69,101,75,97.9,19,94,5
SYN-V-005783,SYN-P-00186,SYN-E-001434,Synthetic Regional Medical Center,Orthopedics,2025-11-28 22:09:00,79,100,73,99.4,22,96,
SYN-V-005784,SYN-P-00234,SYN-E-001435,Synthetic Community Hospital West,Emergency,2025-11-21 19:45:00,85,114,78,98.6,22,97,6
SYN-V-005785,SYN-P-00234,SYN-E-001435,Synthetic Community Hospital West,Emergency,2025-11-21 20:02:00,100,104,64,98.3,21,92,1
SYN-V-005786,SYN-P-00234,SYN-E-001435,Synthetic Community Hospital West,Emergency,2025-11-21 21:33:00,105,140,78,97.9,16,95,3
SYN-V-005787,SYN-P-00234,SYN-E-001435,Synthetic Community Hospital West,Emergency,2025-11-21 22:09:00,89,100,86,98.1,17,99,1
SYN-V-005788,SYN-P-00234,SYN-E-001435,Synthetic Community Hospital West,Emergency,2025-11-21 22:22:00,71,151,89,98.0,13,94,5
SYN-V-005789,SYN-P-00234,SYN-E-001435,Synthetic Community Hospital West,Emergency,2025-11-21 22:32:00,105,104,86,97.3,22,96,0
SYN-V-005790,SYN-P-00242,SYN-E-001436,Synthetic Regional Medical Center,Cardiology,2025-11-22 00:13:00,99,134,63,98.2,18,99,5
SYN-V-005791,SYN-P-00242,SYN-E-001436,Synthetic Regional Medical Center,Cardiology,2025-11-22 05:29:00,68,120,75,99.0,19,95,7
SYN-V-005792,SYN-P-00242,SYN-E-001436,Synthetic Regional Medical Center,Cardiology,2025-11-22 13:19:00,91,102,86,98.4,18,97,
SYN-V-005793,SYN-P-00242,SYN-E-001436,Synthetic Regional Medical Center,Cardiology,2025-11-22 14:50:00,94,101,76,99.6,16,94,2
SYN-V-005794,SYN-P-00242,SYN-E-001436,Synthetic Regional Medical Center,Cardiology,2025-11-22 20:26:00,59,160,61,97.4,16,94,0
SYN-V-005795,SYN-P-00158,SYN-E-001437,Synthetic Outpatient Center,Pulmonology,2025-11-22 08:33:00,91,139,73,98.6,18,98,2
SYN-V-005796,SYN-P-00158,SYN-E-001437,Synthetic Outpatient Center,Pulmonology,2025-11-22 10:42:00,91,119,60,97.5,14,92,0
SYN-V-005797,SYN-P-00102,SYN-E-001438,Synthetic Outpatient Center,Primary Care,2025-11-23 10:04:00,71,116,70,99.3,22,94,7
SYN-V-005798,SYN-P-00104,SYN-E-001439,Synthetic Community Hospital East,Emergency,2025-11-23 11:22:00,74,132,80,98.6,17,98,6
SYN-V-005799,SYN-P-00104,SYN-E-001439,Synthetic Community Hospital East,Emergency,2025-11-23 12:58:00,80,151,67,99.8,16,93,8
SYN-V-005800,SYN-P-00104,SYN-E-001439,Synthetic Community Hospital East,Emergency,2025-11-23 13:32:00,79,122,66,98.7,20,93,6
SYN-V-005801,SYN-P-00215,SYN-E-001440,Synthetic Community Hospital East,Nephrology,2025-11-24 19:15:00,83,103,75,98.3,22,97,8
SYN-V-005802,SYN-P-00215,SYN-E-001440,Synthetic Community Hospital East,Nephrology,2025-11-25 05:25:00,95,117,68,99.0,21,97,3
SYN-V-005803,SYN-P-00215,SYN-E-001440,Synthetic Community Hospital East,Nephrology,2025-11-25 05:51:00,74,113,92,98.1,12,96,8
SYN-V-005804,SYN-P-00215,SYN-E-001440,Synthetic Community Hospital East,Nephrology,2025-11-25 15:26:00,93,157,62,98.8,21,96,8
SYN-V-005805,SYN-P-00242,SYN-E-001441,Synthetic Regional Medical Center,Internal Medicine,2025-11-25 15:27:00,77,133,67,98.2,22,97,8
SYN-V-005806,SYN-P-00242,SYN-E-001441,Synthetic Regional Medical Center,Internal Medicine,2025-11-25 17:55:00,83,107,85,99.6,17,95,7
SYN-V-005807,SYN-P-00242,SYN-E-001441,Synthetic Regional Medical Center,Internal Medicine,2025-11-25 18:52:00,63,128,83,99.0,18,99,3
SYN-V-005808,SYN-P-00242,SYN-E-001441,Synthetic Regional Medical Center,Internal Medicine,2025-11-26 00:32:00,77,140,75,97.4,17,97,6
SYN-V-005809,SYN-P-00242,SYN-E-001441,Synthetic Regional Medical Center,Internal Medicine,2025-11-26 03:48:00,109,145,76,98.5,16,94,4
SYN-V-005810,SYN-P-00242,SYN-E-001441,Synthetic Regional Medical Center,Internal Medicine,2025-11-26 14:53:00,71,157,92,98.7,21,94,4
SYN-V-005811,SYN-P-00242,SYN-E-001441,Synthetic Regional Medical Center,Internal Medicine,2025-11-27 00:47:00,75,108,87,97.9,20,92,6
SYN-V-005812,SYN-P-00242,SYN-E-001441,Synthetic Regional Medical Center,Internal Medicine,2025-11-27 02:40:00,91,122,64,97.7,13,98,7
SYN-V-005813,SYN-P-00242,SYN-E-001441,Synthetic Regional Medical Center,Internal Medicine,2025-11-27 02:50:00,103,120,62,99.3,16,99,2
SYN-V-005814,SYN-P-00242,SYN-E-001441,Synthetic Regional Medical Center,Internal Medicine,2025-11-27 05:44:00,110,146,92,99.1,19,92,3
SYN-V-005815,SYN-P-00242,SYN-E-001441,Synthetic Regional Medical Center,Internal Medicine,2025-11-27 13:59:00,75,118,72,97.3,14,97,4
SYN-V-005816,SYN-P-00242,SYN-E-001441,Synthetic Regional Medical Center,Internal Medicine,2025-11-27 14:49:00,78,100,73,97.5,15,94,7
SYN-V-005817,SYN-P-00242,SYN-E-001441,Synthetic Regional Medical Center,Internal Medicine,2025-11-28 00:06:00,109,110,66,99.3,12,99,2
SYN-V-005818,SYN-P-00221,SYN-E-001442,Synthetic Regional Medical Center,Neurology,2025-11-25 23:16:00,108,143,64,99.4,16,97,8
SYN-V-005819,SYN-P-00221,SYN-E-001442,Synthetic Regional Medical Center,Neurology,2025-11-26 02:07:00,84,152,75,97.8,15,100,0
SYN-V-005820,SYN-P-00221,SYN-E-001442,Synthetic Regional Medical Center,Neurology,2025-11-26 19:30:00,71,139,65,99.1,12,95,8
SYN-V-005821,SYN-P-00221,SYN-E-001442,Synthetic Regional Medical Center,Neurology,2025-11-28 07:07:00,75,142,72,97.5,18,94,4
SYN-V-005822,SYN-P-00221,SYN-E-001442,Synthetic Regional Medical Center,Neurology,2025-11-28 11:16:00,74,142,92,98.3,17,94,3
SYN-V-005823,SYN-P-00219,SYN-E-001443,Synthetic Outpatient Center,Orthopedics,2025-11-26 03:45:00,90,146,92,98.7,22,92,0
SYN-V-005824,SYN-P-00219,SYN-E-001443,Synthetic Outpatient Center,Orthopedics,2025-11-26 06:39:00,83,101,66,98.1,21,97,8
SYN-V-005825,SYN-P-00217,SYN-E-001444,Synthetic Community Hospital East,Cardiology,2025-11-27 00:05:00,76,132,88,98.8,19,94,
SYN-V-005826,SYN-P-00217,SYN-E-001444,Synthetic Community Hospital East,Cardiology,2025-11-27 03:24:00,105,139,93,97.8,22,97,2
SYN-V-005827,SYN-P-00217,SYN-E-001444,Synthetic Community Hospital East,Cardiology,2025-11-27 17:34:00,105,111,75,99.2,19,93,5
SYN-V-005828,SYN-P-00217,SYN-E-001444,Synthetic Community Hospital East,Cardiology,2025-11-28 18:38:00,68,136,94,98.0,12,93,2
SYN-V-005829,SYN-P-00217,SYN-E-001444,Synthetic Community Hospital East,Cardiology,2025-11-29 07:55:00,93,121,64,97.5,16,92,2
SYN-V-005830,SYN-P-00053,SYN-E-001445,Synthetic Outpatient Center,Pulmonology,2025-11-27 13:03:00,72,127,81,98.7,18,92,6
SYN-V-005831,SYN-P-00266,SYN-E-001446,Synthetic Community Hospital West,Emergency,2025-11-27 12:43:00,79,119,63,99.3,14,100,0
SYN-V-005832,SYN-P-00174,SYN-E-001447,Synthetic Community Hospital East,Nephrology,2025-11-29 13:57:00,98,123,71,98.0,13,96,2
SYN-V-005833,SYN-P-00174,SYN-E-001447,Synthetic Community Hospital East,Nephrology,2025-11-29 14:51:00,61,159,73,98.4,19,92,5
SYN-V-005834,SYN-P-00174,SYN-E-001447,Synthetic Community Hospital East,Nephrology,2025-11-29 22:37:00,108,154,67,99.0,13,95,8
SYN-V-005835,SYN-P-00174,SYN-E-001447,Synthetic Community Hospital East,Nephrology,2025-11-30 13:02:00,69,136,87,97.6,12,95,3
SYN-V-005836,SYN-P-00174,SYN-E-001447,Synthetic Community Hospital East,Nephrology,2025-12-01 03:39:00,66,131,67,99.0,22,98,0
SYN-V-005837,SYN-P-00174,SYN-E-001447,Synthetic Community Hospital East,Nephrology,2025-12-01 05:04:00,88,119,75,98.4,20,94,1
SYN-V-005838,SYN-P-00174,SYN-E-001447,Synthetic Community Hospital East,Nephrology,2025-12-01 20:32:00,76,105,78,98.3,19,99,1
SYN-V-005839,SYN-P-00174,SYN-E-001447,Synthetic Community Hospital East,Nephrology,2025-12-02 12:20:00,83,117,68,99.1,13,97,6
SYN-V-005840,SYN-P-00174,SYN-E-001447,Synthetic Community Hospital East,Nephrology,2025-12-02 13:24:00,79,112,94,97.8,16,92,8
SYN-V-005841,SYN-P-00079,SYN-E-001448,Synthetic Community Hospital West,Neurology,2025-11-30 09:25:00,56,142,67,98.9,12,98,7
SYN-V-005842,SYN-P-00079,SYN-E-001448,Synthetic Community Hospital West,Neurology,2025-11-30 10:35:00,88,156,85,98.1,19,99,0
SYN-V-005843,SYN-P-00079,SYN-E-001448,Synthetic Community Hospital West,Neurology,2025-11-30 14:14:00,84,136,64,99.8,20,92,3
SYN-V-005844,SYN-P-00169,SYN-E-001449,Synthetic Specialty Clinic,Pulmonology,2025-11-30 04:16:00,76,125,73,97.1,19,92,1
SYN-V-005845,SYN-P-00006,SYN-E-001450,Synthetic Specialty Clinic,Cardiology,2025-11-30 18:56:00,65,112,89,98.8,13,96,8
SYN-V-005846,SYN-P-00168,SYN-E-001452,Synthetic Community Hospital West,Emergency,2025-12-01 02:18:00,85,139,82,97.0,15,94,3
SYN-V-005847,SYN-P-00065,SYN-E-001453,Synthetic Regional Medical Center,Emergency,2025-12-01 16:17:00,107,125,72,97.7,15,94,7
SYN-V-005848,SYN-P-00043,SYN-E-001456,Synthetic Outpatient Center,Orthopedics,2025-12-02 11:09:00,63,127,95,98.5,21,95,1
SYN-V-005849,SYN-P-00043,SYN-E-001456,Synthetic Outpatient Center,Orthopedics,2025-12-02 11:23:00,88,117,68,97.3,14,95,5
SYN-V-005850,SYN-P-00030,SYN-E-001457,Synthetic Community Hospital West,Pulmonology,2025-12-03 05:05:00,96,138,67,99.3,22,94,4
SYN-V-005851,SYN-P-00233,SYN-E-001458,Synthetic Regional Medical Center,Internal Medicine,2025-12-03 16:29:00,70,132,91,98.0,18,99,
SYN-V-005852,SYN-P-00233,SYN-E-001458,Synthetic Regional Medical Center,Internal Medicine,2025-12-03 19:40:00,89,159,69,99.4,20,95,0
SYN-V-005853,SYN-P-00233,SYN-E-001458,Synthetic Regional Medical Center,Internal Medicine,2025-12-03 20:35:00,74,142,84,99.8,15,93,2
SYN-V-005854,SYN-P-00233,SYN-E-001458,Synthetic Regional Medical Center,Internal Medicine,2025-12-04 12:02:00,85,136,91,97.2,22,97,5
SYN-V-005855,SYN-P-00233,SYN-E-001458,Synthetic Regional Medical Center,Internal Medicine,2025-12-04 15:17:00,62,140,60,97.5,14,95,4
SYN-V-005856,SYN-P-00278,SYN-E-001459,Synthetic Outpatient Center,Orthopedics,2025-12-03 13:50:00,85,116,85,99.0,19,95,4
SYN-V-005857,SYN-P-00278,SYN-E-001459,Synthetic Outpatient Center,Orthopedics,2025-12-03 14:28:00,56,118,93,98.8,16,100,7
SYN-V-005858,SYN-P-00010,SYN-E-001460,Synthetic Regional Medical Center,Neurology,2025-12-04 07:36:00,60,108,80,97.2,20,93,3
SYN-V-005859,SYN-P-00010,SYN-E-001460,Synthetic Regional Medical Center,Neurology,2025-12-04 09:55:00,68,130,63,97.6,22,93,
SYN-V-005860,SYN-P-00010,SYN-E-001460,Synthetic Regional Medical Center,Neurology,2025-12-04 10:15:00,92,139,90,98.1,21,93,5
SYN-V-005861,SYN-P-00010,SYN-E-001460,Synthetic Regional Medical Center,Neurology,2025-12-05 05:09:00,66,151,71,99.6,12,100,2
SYN-V-005862,SYN-P-00010,SYN-E-001460,Synthetic Regional Medical Center,Neurology,2025-12-05 09:19:00,101,146,65,97.3,15,95,1
SYN-V-005863,SYN-P-00010,SYN-E-001460,Synthetic Regional Medical Center,Neurology,2025-12-05 17:58:00,64,126,90,98.1,13,98,7
SYN-V-005864,SYN-P-00010,SYN-E-001460,Synthetic Regional Medical Center,Neurology,2025-12-06 11:22:00,100,101,64,99.7,17,98,5
SYN-V-005865,SYN-P-00010,SYN-E-001460,Synthetic Regional Medical Center,Neurology,2025-12-06 15:52:00,67,117,70,98.7,12,100,6
SYN-V-005866,SYN-P-00010,SYN-E-001460,Synthetic Regional Medical Center,Neurology,2025-12-06 20:07:00,89,102,77,98.1,12,100,3
SYN-V-005867,SYN-P-00010,SYN-E-001460,Synthetic Regional Medical Center,Neurology,2025-12-07 05:46:00,69,114,68,98.3,12,92,3
SYN-V-005868,SYN-P-00010,SYN-E-001460,Synthetic Regional Medical Center,Neurology,2025-12-07 06:22:00,99,149,91,98.8,13,96,0
SYN-V-005869,SYN-P-00299,SYN-E-001461,Synthetic Community Hospital West,Cardiology,2025-12-04 16:31:00,68,134,87,97.7,17,99,3
SYN-V-005870,SYN-P-00299,SYN-E-001461,Synthetic Community Hospital West,Cardiology,2025-12-05 10:32:00,67,112,60,99.1,12,100,0
SYN-V-005871,SYN-P-00299,SYN-E-001461,Synthetic Community Hospital West,Cardiology,2025-12-05 22:06:00,57,105,61,98.0,15,95,2
SYN-V-005872,SYN-P-00299,SYN-E-001461,Synthetic Community Hospital West,Cardiology,2025-12-06 04:11:00,74,102,83,97.1,16,99,4
SYN-V-005873,SYN-P-00299,SYN-E-001461,Synthetic Community Hospital West,Cardiology,2025-12-06 21:58:00,95,145,79,98.0,12,99,5
SYN-V-005874,SYN-P-00290,SYN-E-001462,Synthetic Community Hospital West,Pulmonology,2025-12-06 17:31:00,75,129,65,97.6,14,96,3
SYN-V-005875,SYN-P-00290,SYN-E-001462,Synthetic Community Hospital West,Pulmonology,2025-12-07 03:07:00,99,120,88,98.9,16,93,
SYN-V-005876,SYN-P-00290,SYN-E-001462,Synthetic Community Hospital West,Pulmonology,2025-12-07 04:42:00,88,133,79,98.5,13,98,5
SYN-V-005877,SYN-P-00290,SYN-E-001462,Synthetic Community Hospital West,Pulmonology,2025-12-07 09:16:00,60,110,70,99.5,20,98,0
SYN-V-005878,SYN-P-00290,SYN-E-001462,Synthetic Community Hospital West,Pulmonology,2025-12-07 19:12:00,76,123,67,98.1,14,96,
SYN-V-005879,SYN-P-00290,SYN-E-001462,Synthetic Community Hospital West,Pulmonology,2025-12-09 00:15:00,63,136,70,97.2,21,100,8
SYN-V-005880,SYN-P-00290,SYN-E-001462,Synthetic Community Hospital West,Pulmonology,2025-12-09 03:10:00,95,104,69,98.0,20,96,2
SYN-V-005881,SYN-P-00290,SYN-E-001462,Synthetic Community Hospital West,Pulmonology,2025-12-09 04:27:00,80,148,62,98.4,15,95,4
SYN-V-005882,SYN-P-00290,SYN-E-001462,Synthetic Community Hospital West,Pulmonology,2025-12-09 16:05:00,75,124,75,97.2,18,98,1
SYN-V-005883,SYN-P-00290,SYN-E-001462,Synthetic Community Hospital West,Pulmonology,2025-12-09 21:24:00,72,100,84,97.4,16,95,8
SYN-V-005884,SYN-P-00290,SYN-E-001462,Synthetic Community Hospital West,Pulmonology,2025-12-10 00:31:00,72,120,72,98.7,17,92,2
SYN-V-005885,SYN-P-00290,SYN-E-001462,Synthetic Community Hospital West,Pulmonology,2025-12-10 05:20:00,91,132,71,97.8,21,93,0
SYN-V-005886,SYN-P-00290,SYN-E-001462,Synthetic Community Hospital West,Pulmonology,2025-12-10 09:33:00,106,134,89,97.9,14,96,
SYN-V-005887,SYN-P-00290,SYN-E-001462,Synthetic Community Hospital West,Pulmonology,2025-12-11 02:31:00,83,115,66,97.6,14,97,8
SYN-V-005888,SYN-P-00290,SYN-E-001462,Synthetic Community Hospital West,Pulmonology,2025-12-11 04:01:00,80,154,72,99.7,14,99,5
SYN-V-005889,SYN-P-00290,SYN-E-001462,Synthetic Community Hospital West,Pulmonology,2025-12-11 14:38:00,55,109,85,98.5,16,94,2
SYN-V-005890,SYN-P-00290,SYN-E-001462,Synthetic Community Hospital West,Pulmonology,2025-12-11 20:31:00,85,128,75,99.5,17,93,8
SYN-V-005891,SYN-P-00290,SYN-E-001462,Synthetic Community Hospital West,Pulmonology,2025-12-12 15:56:00,85,115,86,97.7,15,99,5
SYN-V-005892,SYN-P-00290,SYN-E-001462,Synthetic Community Hospital West,Pulmonology,2025-12-12 21:39:00,95,108,63,98.5,21,94,6
SYN-V-005893,SYN-P-00290,SYN-E-001462,Synthetic Community Hospital West,Pulmonology,2025-12-13 18:01:00,104,148,71,99.6,17,96,2
SYN-V-005894,SYN-P-00290,SYN-E-001462,Synthetic Community Hospital West,Pulmonology,2025-12-14 01:06:00,79,123,61,97.1,19,95,5
SYN-V-005895,SYN-P-00290,SYN-E-001462,Synthetic Community Hospital West,Pulmonology,2025-12-14 15:26:00,110,128,86,98.0,16,98,8
SYN-V-005896,SYN-P-00290,SYN-E-001462,Synthetic Community Hospital West,Pulmonology,2025-12-14 23:56:00,63,156,91,97.0,16,92,5
SYN-V-005897,SYN-P-00290,SYN-E-001462,Synthetic Community Hospital West,Pulmonology,2025-12-15 20:13:00,70,114,84,99.2,19,99,1
SYN-V-005898,SYN-P-00143,SYN-E-001463,Synthetic Regional Medical Center,Pulmonology,2025-12-07 01:51:00,91,158,84,99.5,15,97,8
SYN-V-005899,SYN-P-00143,SYN-E-001463,Synthetic Regional Medical Center,Pulmonology,2025-12-07 06:28:00,95,105,91,98.4,12,96,8
SYN-V-005900,SYN-P-00143,SYN-E-001463,Synthetic Regional Medical Center,Pulmonology,2025-12-07 10:04:00,78,104,95,97.1,13,94,4
SYN-V-005901,SYN-P-00143,SYN-E-001463,Synthetic Regional Medical Center,Pulmonology,2025-12-07 19:48:00,58,122,90,98.6,17,95,3
SYN-V-005902,SYN-P-00143,SYN-E-001463,Synthetic Regional Medical Center,Pulmonology,2025-12-07 20:14:00,105,134,68,98.5,22,100,5
SYN-V-005903,SYN-P-00143,SYN-E-001463,Synthetic Regional Medical Center,Pulmonology,2025-12-07 20:46:00,61,144,84,99.5,14,92,6
SYN-V-005904,SYN-P-00143,SYN-E-001463,Synthetic Regional Medical Center,Pulmonology,2025-12-08 07:23:00,107,156,80,97.8,15,95,5
SYN-V-005905,SYN-P-00143,SYN-E-001463,Synthetic Regional Medical Center,Pulmonology,2025-12-08 17:58:00,91,141,87,98.0,20,98,7
SYN-V-005906,SYN-P-00143,SYN-E-001463,Synthetic Regional Medical Center,Pulmonology,2025-12-09 01:46:00,63,152,80,97.1,17,99,0
SYN-V-005907,SYN-P-00143,SYN-E-001463,Synthetic Regional Medical Center,Pulmonology,2025-12-09 02:01:00,59,124,68,99.7,13,96,5
SYN-V-005908,SYN-P-00285,SYN-E-001464,Synthetic Specialty Clinic,Pulmonology,2025-12-07 09:41:00,75,158,73,98.6,21,100,8
SYN-V-005909,SYN-P-00285,SYN-E-001464,Synthetic Specialty Clinic,Pulmonology,2025-12-07 11:01:00,68,113,61,97.8,13,92,1
SYN-V-005910,SYN-P-00155,SYN-E-001465,Synthetic Regional Medical Center,Orthopedics,2025-12-07 18:10:00,98,152,88,98.6,22,96,6
SYN-V-005911,SYN-P-00149,SYN-E-001466,Synthetic Outpatient Center,Primary Care,2025-12-07 22:36:00,55,140,72,97.2,22,100,7
SYN-V-005912,SYN-P-00277,SYN-E-001467,Synthetic Specialty Clinic,Endocrinology,2025-12-08 07:17:00,81,126,80,98.4,13,95,2
SYN-V-005913,SYN-P-00199,SYN-E-001468,Synthetic Regional Medical Center,Internal Medicine,2025-12-08 16:56:00,55,121,60,98.4,20,99,
SYN-V-005914,SYN-P-00199,SYN-E-001468,Synthetic Regional Medical Center,Internal Medicine,2025-12-08 18:05:00,90,129,64,99.5,21,93,4
SYN-V-005915,SYN-P-00199,SYN-E-001468,Synthetic Regional Medical Center,Internal Medicine,2025-12-09 06:18:00,94,117,84,98.2,17,97,4
SYN-V-005916,SYN-P-00199,SYN-E-001468,Synthetic Regional Medical Center,Internal Medicine,2025-12-09 09:54:00,72,103,77,99.2,22,95,6
SYN-V-005917,SYN-P-00199,SYN-E-001468,Synthetic Regional Medical Center,Internal Medicine,2025-12-09 10:26:00,64,100,82,99.5,17,95,2
SYN-V-005918,SYN-P-00199,SYN-E-001468,Synthetic Regional Medical Center,Internal Medicine,2025-12-10 03:45:00,67,124,77,97.7,14,93,6
SYN-V-005919,SYN-P-00199,SYN-E-001468,Synthetic Regional Medical Center,Internal Medicine,2025-12-10 08:04:00,78,157,62,98.4,19,92,8
SYN-V-005920,SYN-P-00199,SYN-E-001468,Synthetic Regional Medical Center,Internal Medicine,2025-12-10 16:59:00,74,134,67,99.0,15,100,4
SYN-V-005921,SYN-P-00199,SYN-E-001468,Synthetic Regional Medical Center,Internal Medicine,2025-12-10 18:29:00,104,108,80,99.2,16,100,3
SYN-V-005922,SYN-P-00269,SYN-E-001469,Synthetic Community Hospital East,Emergency,2025-12-09 18:19:00,110,157,65,97.5,22,97,1
SYN-V-005923,SYN-P-00269,SYN-E-001469,Synthetic Community Hospital East,Emergency,2025-12-09 20:29:00,81,106,87,99.2,14,97,0
SYN-V-005924,SYN-P-00295,SYN-E-001470,Synthetic Regional Medical Center,Emergency,2025-12-10 14:07:00,69,126,81,98.8,19,93,3
SYN-V-005925,SYN-P-00295,SYN-E-001470,Synthetic Regional Medical Center,Emergency,2025-12-10 14:19:00,59,150,94,97.1,17,100,0
SYN-V-005926,SYN-P-00295,SYN-E-001470,Synthetic Regional Medical Center,Emergency,2025-12-10 15:07:00,67,131,69,97.3,19,100,5
SYN-V-005927,SYN-P-00296,SYN-E-001471,Synthetic Regional Medical Center,Primary Care,2025-12-10 18:33:00,67,103,61,98.9,19,93,4
SYN-V-005928,SYN-P-00251,SYN-E-001472,Synthetic Community Hospital East,Orthopedics,2025-12-10 19:24:00,74,146,72,99.6,15,96,2
SYN-V-005929,SYN-P-00234,SYN-E-001473,Synthetic Community Hospital West,Emergency,2025-12-10 22:14:00,107,107,61,97.5,20,99,5
SYN-V-005930,SYN-P-00234,SYN-E-001473,Synthetic Community Hospital West,Emergency,2025-12-10 22:27:00,92,155,76,99.7,12,97,7
SYN-V-005931,SYN-P-00087,SYN-E-001474,Synthetic Outpatient Center,Cardiology,2025-12-11 14:14:00,86,154,78,97.5,15,93,1
SYN-V-005932,SYN-P-00087,SYN-E-001474,Synthetic Outpatient Center,Cardiology,2025-12-11 14:57:00,91,118,69,98.2,15,93,7
SYN-V-005933,SYN-P-00087,SYN-E-001474,Synthetic Outpatient Center,Cardiology,2025-12-11 15:51:00,57,122,90,97.3,22,92,5
SYN-V-005934,SYN-P-00082,SYN-E-001476,Synthetic Specialty Clinic,Primary Care,2025-12-13 06:38:00,93,112,93,99.8,21,97,0
SYN-V-005935,SYN-P-00082,SYN-E-001476,Synthetic Specialty Clinic,Primary Care,2025-12-13 09:05:00,82,101,90,98.8,13,94,7
SYN-V-005936,SYN-P-00248,SYN-E-001477,Synthetic Outpatient Center,Orthopedics,2025-12-13 22:16:00,101,154,68,97.1,19,92,7
SYN-V-005937,SYN-P-00248,SYN-E-001477,Synthetic Outpatient Center,Orthopedics,2025-12-13 23:24:00,110,106,87,97.7,19,93,8
SYN-V-005938,SYN-P-00112,SYN-E-001480,Synthetic Community Hospital East,Emergency,2025-12-15 20:28:00,105,104,81,97.5,22,92,5
SYN-V-005939,SYN-P-00112,SYN-E-001480,Synthetic Community Hospital East,Emergency,2025-12-15 21:11:00,86,118,67,97.7,20,98,8
SYN-V-005940,SYN-P-00284,SYN-E-001482,Synthetic Community Hospital West,Emergency,2025-12-17 13:57:00,80,144,88,97.0,16,100,2
SYN-V-005941,SYN-P-00284,SYN-E-001482,Synthetic Community Hospital West,Emergency,2025-12-17 16:15:00,100,124,61,98.3,15,95,2
SYN-V-005942,SYN-P-00284,SYN-E-001482,Synthetic Community Hospital West,Emergency,2025-12-17 16:31:00,93,155,91,97.1,13,93,0
SYN-V-005943,SYN-P-00264,SYN-E-001483,Synthetic Regional Medical Center,Cardiology,2025-12-20 00:34:00,55,101,61,98.5,16,95,8
SYN-V-005944,SYN-P-00264,SYN-E-001483,Synthetic Regional Medical Center,Cardiology,2025-12-20 02:36:00,106,107,61,98.0,13,100,8
SYN-V-005945,SYN-P-00264,SYN-E-001483,Synthetic Regional Medical Center,Cardiology,2025-12-20 08:14:00,90,154,86,99.3,13,100,6
SYN-V-005946,SYN-P-00264,SYN-E-001483,Synthetic Regional Medical Center,Cardiology,2025-12-20 10:27:00,73,108,71,98.9,12,93,7
SYN-V-005947,SYN-P-00264,SYN-E-001483,Synthetic Regional Medical Center,Cardiology,2025-12-20 14:30:00,69,155,93,97.7,20,96,2
SYN-V-005948,SYN-P-00264,SYN-E-001483,Synthetic Regional Medical Center,Cardiology,2025-12-20 23:19:00,85,109,70,97.4,18,100,4
SYN-V-005949,SYN-P-00264,SYN-E-001483,Synthetic Regional Medical Center,Cardiology,2025-12-21 08:03:00,69,156,80,98.6,17,93,1
SYN-V-005950,SYN-P-00264,SYN-E-001483,Synthetic Regional Medical Center,Cardiology,2025-12-22 15:46:00,81,147,60,98.1,15,92,8
SYN-V-005951,SYN-P-00264,SYN-E-001483,Synthetic Regional Medical Center,Cardiology,2025-12-23 06:25:00,99,142,67,99.0,17,94,1
SYN-V-005952,SYN-P-00264,SYN-E-001483,Synthetic Regional Medical Center,Cardiology,2025-12-23 07:24:00,74,110,71,97.5,16,100,3
SYN-V-005953,SYN-P-00180,SYN-E-001484,Synthetic Community Hospital East,Pulmonology,2025-12-19 11:11:00,109,138,86,97.7,13,92,5
SYN-V-005954,SYN-P-00180,SYN-E-001484,Synthetic Community Hospital East,Pulmonology,2025-12-19 12:30:00,88,149,90,97.8,18,97,3
SYN-V-005955,SYN-P-00180,SYN-E-001484,Synthetic Community Hospital East,Pulmonology,2025-12-20 05:17:00,78,157,61,98.1,19,97,7
SYN-V-005956,SYN-P-00180,SYN-E-001484,Synthetic Community Hospital East,Pulmonology,2025-12-20 07:47:00,66,121,85,98.4,20,95,6
SYN-V-005957,SYN-P-00180,SYN-E-001484,Synthetic Community Hospital East,Pulmonology,2025-12-21 10:44:00,80,155,71,99.5,15,99,7
SYN-V-005958,SYN-P-00180,SYN-E-001484,Synthetic Community Hospital East,Pulmonology,2025-12-21 16:58:00,84,107,85,97.4,20,98,4
SYN-V-005959,SYN-P-00180,SYN-E-001484,Synthetic Community Hospital East,Pulmonology,2025-12-23 01:16:00,86,124,89,97.9,15,93,7
SYN-V-005960,SYN-P-00156,SYN-E-001486,Synthetic Outpatient Center,Cardiology,2025-12-19 22:18:00,72,124,82,98.5,13,92,8
SYN-V-005961,SYN-P-00102,SYN-E-001487,Synthetic Specialty Clinic,Primary Care,2025-12-24 03:18:00,66,128,69,99.6,13,98,0
SYN-V-005962,SYN-P-00102,SYN-E-001487,Synthetic Specialty Clinic,Primary Care,2025-12-24 05:03:00,66,110,80,97.1,20,95,0
SYN-V-005963,SYN-P-00080,SYN-E-001488,Synthetic Regional Medical Center,Emergency,2025-12-25 13:26:00,95,149,91,98.7,16,97,8
SYN-V-005964,SYN-P-00080,SYN-E-001488,Synthetic Regional Medical Center,Emergency,2025-12-25 13:53:00,98,140,65,98.4,22,100,1
SYN-V-005965,SYN-P-00080,SYN-E-001488,Synthetic Regional Medical Center,Emergency,2025-12-25 14:24:00,67,107,91,98.0,13,93,1
SYN-V-005966,SYN-P-00080,SYN-E-001488,Synthetic Regional Medical Center,Emergency,2025-12-25 15:06:00,87,122,62,99.0,14,94,5
SYN-V-005967,SYN-P-00080,SYN-E-001488,Synthetic Regional Medical Center,Emergency,2025-12-25 15:55:00,68,121,73,97.2,21,92,
SYN-V-005968,SYN-P-00080,SYN-E-001488,Synthetic Regional Medical Center,Emergency,2025-12-25 16:01:00,109,112,87,97.5,22,99,7
SYN-V-005969,SYN-P-00274,SYN-E-001489,Synthetic Regional Medical Center,Emergency,2025-12-26 06:26:00,69,124,64,98.6,15,97,3
SYN-V-005970,SYN-P-00027,SYN-E-001490,Synthetic Community Hospital East,Emergency,2025-12-26 12:07:00,81,135,77,99.1,22,94,2
SYN-V-005971,SYN-P-00027,SYN-E-001490,Synthetic Community Hospital East,Emergency,2025-12-26 12:28:00,108,151,94,97.6,18,95,2
SYN-V-005972,SYN-P-00027,SYN-E-001490,Synthetic Community Hospital East,Emergency,2025-12-26 12:35:00,60,102,62,98.9,16,97,
SYN-V-005973,SYN-P-00027,SYN-E-001490,Synthetic Community Hospital East,Emergency,2025-12-26 13:00:00,94,130,85,99.2,15,95,5
SYN-V-005974,SYN-P-00027,SYN-E-001490,Synthetic Community Hospital East,Emergency,2025-12-26 14:22:00,100,149,81,98.1,22,92,0
SYN-V-005975,SYN-P-00200,SYN-E-001492,Synthetic Regional Medical Center,Primary Care,2025-12-27 14:16:00,104,124,73,99.6,16,100,
SYN-V-005976,SYN-P-00200,SYN-E-001492,Synthetic Regional Medical Center,Primary Care,2025-12-27 14:35:00,76,101,70,99.3,20,97,0
SYN-V-005977,SYN-P-00200,SYN-E-001492,Synthetic Regional Medical Center,Primary Care,2025-12-27 15:37:00,57,103,66,99.5,18,92,3
SYN-V-005978,SYN-P-00200,SYN-E-001492,Synthetic Regional Medical Center,Primary Care,2025-12-27 16:25:00,77,121,60,97.5,15,96,4
SYN-V-005979,SYN-P-00200,SYN-E-001492,Synthetic Regional Medical Center,Primary Care,2025-12-27 16:52:00,66,105,94,99.8,22,94,1
SYN-V-005980,SYN-P-00197,SYN-E-001493,Synthetic Regional Medical Center,Emergency,2025-12-27 15:05:00,98,122,91,97.1,15,100,6
SYN-V-005981,SYN-P-00197,SYN-E-001493,Synthetic Regional Medical Center,Emergency,2025-12-27 15:43:00,94,115,92,97.1,18,92,4
SYN-V-005982,SYN-P-00197,SYN-E-001493,Synthetic Regional Medical Center,Emergency,2025-12-27 18:30:00,98,157,81,97.2,14,94,1
SYN-V-005983,SYN-P-00225,SYN-E-001494,Synthetic Regional Medical Center,Emergency,2025-12-27 22:08:00,85,139,67,99.1,21,93,
SYN-V-005984,SYN-P-00225,SYN-E-001494,Synthetic Regional Medical Center,Emergency,2025-12-27 23:27:00,96,107,83,97.8,15,97,1
SYN-V-005985,SYN-P-00225,SYN-E-001494,Synthetic Regional Medical Center,Emergency,2025-12-28 00:05:00,102,121,81,97.1,12,94,2
SYN-V-005986,SYN-P-00225,SYN-E-001494,Synthetic Regional Medical Center,Emergency,2025-12-28 01:04:00,72,103,84,97.7,16,96,3
SYN-V-005987,SYN-P-00225,SYN-E-001494,Synthetic Regional Medical Center,Emergency,2025-12-28 01:08:00,101,158,68,99.1,20,92,
SYN-V-005988,SYN-P-00195,SYN-E-001495,Synthetic Specialty Clinic,Orthopedics,2025-12-28 12:35:00,60,159,83,99.1,17,100,1
SYN-V-005989,SYN-P-00244,SYN-E-001496,Synthetic Outpatient Center,Endocrinology,2025-12-28 21:40:00,91,141,81,98.9,17,98,3
SYN-V-005990,SYN-P-00244,SYN-E-001496,Synthetic Outpatient Center,Endocrinology,2025-12-28 22:41:00,72,140,80,98.1,18,93,3
SYN-V-005991,SYN-P-00244,SYN-E-001496,Synthetic Outpatient Center,Endocrinology,2025-12-28 23:30:00,85,126,60,99.3,21,96,5
SYN-V-005992,SYN-P-00038,SYN-E-001498,Synthetic Community Hospital East,Primary Care,2025-12-29 05:56:00,99,126,87,99.3,21,98,8
SYN-V-005993,SYN-P-00038,SYN-E-001498,Synthetic Community Hospital East,Primary Care,2025-12-29 07:00:00,59,138,88,99.4,19,93,5
SYN-V-005994,SYN-P-00038,SYN-E-001498,Synthetic Community Hospital East,Primary Care,2025-12-29 07:35:00,94,118,84,97.3,22,99,7
SYN-V-005995,SYN-P-00129,SYN-E-001499,Synthetic Community Hospital West,Internal Medicine,2025-12-29 08:34:00,101,147,76,98.3,22,100,
SYN-V-005996,SYN-P-00129,SYN-E-001499,Synthetic Community Hospital West,Internal Medicine,2025-12-29 14:17:00,70,119,63,99.6,15,99,8
SYN-V-005997,SYN-P-00129,SYN-E-001499,Synthetic Community Hospital West,Internal Medicine,2025-12-29 22:05:00,95,155,67,97.1,12,95,3
SYN-V-005998,SYN-P-00129,SYN-E-001499,Synthetic Community Hospital West,Internal Medicine,2025-12-29 23:54:00,92,149,88,99.1,17,100,2
SYN-V-005999,SYN-P-00141,SYN-E-001500,Synthetic Community Hospital West,Cardiology,2025-12-31 00:11:00,79,156,88,97.9,22,95,6
SYN-V-006000,SYN-P-00141,SYN-E-001500,Synthetic Community Hospital West,Cardiology,2025-12-31 01:00:00,89,152,78,97.3,15,94,0
