vital_id,patient_id,encounter_id,facility_name,department,timestamp,heart_rate,systolic_bp,diastolic_bp,temperature_f,respiratory_rate,spo2_percent,pain_level
SYN-V-000001,SYN-P-00006,SYN-E-000002,Synthetic Community Hospital West,Cardiology,2024-01-01 16:31:00,64,108,89,99.5,17,100,8
SYN-V-000002,SYN-P-00006,SYN-E-000002,Synthetic Community Hospital West,Cardiology,2024-01-01 17:34:00,83,112,94,99.4,12,100,2
SYN-V-000003,SYN-P-00006,SYN-E-000002,Synthetic Community Hospital West,Cardiology,2024-01-01 19:14:00,95,124,69,99.0,22,93,6
SYN-V-000004,SYN-P-00006,SYN-E-000002,Synthetic Community Hospital West,Cardiology,2024-01-01 21:48:00,70,137,76,97.8,17,95,3
SYN-V-000005,SYN-P-00006,SYN-E-000002,Synthetic Community Hospital West,Cardiology,2024-01-02 02:32:00,94,108,75,98.9,18,98,0
SYN-V-000006,SYN-P-00021,SYN-E-000004,Synthetic Outpatient Center,Pulmonology,2024-01-02 11:26:00,85,148,63,98.9,12,97,6
SYN-V-000007,SYN-P-00021,SYN-E-000004,Synthetic Outpatient Center,Pulmonology,2024-01-02 12:29:00,66,116,89,97.7,21,95,0
SYN-V-000008,SYN-P-00021,SYN-E-000004,Synthetic Outpatient Center,Pulmonology,2024-01-02 14:43:00,67,160,93,98.5,13,97,7
SYN-V-000009,SYN-P-00043,SYN-E-000005,Synthetic Community Hospital West,Cardiology,2024-01-03 02:38:00,85,146,71,99.6,14,99,0
SYN-V-000010,SYN-P-00043,SYN-E-000005,Synthetic Community Hospital West,Cardiology,2024-01-03 02:56:00,107,114,76,98.7,20,96,8
SYN-V-000011,SYN-P-00043,SYN-E-000005,Synthetic Community Hospital West,Cardiology,2024-01-03 03:22:00,60,106,80,98.2,18,93,7
SYN-V-000012,SYN-P-00043,SYN-E-000005,Synthetic Community Hospital West,Cardiology,2024-01-03 04:13:00,85,130,87,99.8,16,95,0
SYN-V-000013,SYN-P-00043,SYN-E-000005,Synthetic Community Hospital West,Cardiology,2024-01-03 05:28:00,72,112,94,99.0,14,97,4
SYN-V-000014,SYN-P-00042,SYN-E-000006,Synthetic Specialty Clinic,Pulmonology,2024-01-04 03:18:00,98,105,85,98.8,16,95,5
SYN-V-000015,SYN-P-00042,SYN-E-000006,Synthetic Specialty Clinic,Pulmonology,2024-01-04 06:10:00,70,106,90,97.9,20,95,3
SYN-V-000016,SYN-P-00115,SYN-E-000008,Synthetic Outpatient Center,Primary Care,2024-01-05 11:10:00,62,105,67,97.8,20,92,
SYN-V-000017,SYN-P-00059,SYN-E-000009,Synthetic Specialty Clinic,Pulmonology,2024-01-06 07:45:00,58,134,67,98.6,17,95,5
SYN-V-000018,SYN-P-00094,SYN-E-000010,Synthetic Regional Medical Center,Emergency,2024-01-07 01:21:00,89,123,80,98.5,14,99,3
SYN-V-000019,SYN-P-00094,SYN-E-000010,Synthetic Regional Medical Center,Emergency,2024-01-07 01:37:00,62,151,61,97.9,16,97,2
SYN-V-000020,SYN-P-00094,SYN-E-000010,Synthetic Regional Medical Center,Emergency,2024-01-07 02:17:00,110,145,76,99.0,15,97,0
SYN-V-000021,SYN-P-00094,SYN-E-000010,Synthetic Regional Medical Center,Emergency,2024-01-07 02:45:00,101,152,77,97.3,20,92,5
SYN-V-000022,SYN-P-00094,SYN-E-000010,Synthetic Regional Medical Center,Emergency,2024-01-07 02:53:00,72,100,65,98.4,21,97,7
SYN-V-000023,SYN-P-00131,SYN-E-000011,Synthetic Outpatient Center,Endocrinology,2024-01-07 06:29:00,74,153,76,98.8,18,93,3
SYN-V-000024,SYN-P-00131,SYN-E-000011,Synthetic Outpatient Center,Endocrinology,2024-01-07 06:54:00,81,118,89,99.2,13,96,7
SYN-V-000025,SYN-P-00131,SYN-E-000011,Synthetic Outpatient Center,Endocrinology,2024-01-07 09:58:00,110,157,65,97.8,16,93,0
SYN-V-000026,SYN-P-00160,SYN-E-000012,Synthetic Regional Medical Center,Orthopedics,2024-01-08 07:36:00,56,101,76,97.5,14,93,2
SYN-V-000027,SYN-P-00160,SYN-E-000012,Synthetic Regional Medical Center,Orthopedics,2024-01-08 09:00:00,97,125,66,98.7,12,98,2
SYN-V-000028,SYN-P-00104,SYN-E-000013,Synthetic Outpatient Center,Primary Care,2024-01-08 14:29:00,61,122,84,97.5,18,92,6
SYN-V-000029,SYN-P-00167,SYN-E-000014,Synthetic Community Hospital West,Emergency,2024-01-09 06:07:00,61,112,78,98.3,14,95,6
SYN-V-000030,SYN-P-00167,SYN-E-000014,Synthetic Community Hospital West,Emergency,2024-01-09 06:34:00,78,122,74,99.7,22,98,8
SYN-V-000031,SYN-P-00054,SYN-E-000015,Synthetic Specialty Clinic,Primary Care,2024-01-09 16:45:00,67,128,66,99.0,15,92,8
SYN-V-000032,SYN-P-00054,SYN-E-000015,Synthetic Specialty Clinic,Primary Care,2024-01-09 19:04:00,90,139,76,97.1,17,98,4
SYN-V-000033,SYN-P-00054,SYN-E-000015,Synthetic Specialty Clinic,Primary Care,2024-01-09 19:20:00,97,117,67,97.4,22,92,6
SYN-V-000034,SYN-P-00054,SYN-E-000015,Synthetic Specialty Clinic,Primary Care,2024-01-09 19:33:00,64,157,74,99.0,17,95,6
SYN-V-000035,SYN-P-00054,SYN-E-000015,Synthetic Specialty Clinic,Primary Care,2024-01-09 19:33:00,68,127,82,98.5,19,99,6
SYN-V-000036,SYN-P-00048,SYN-E-000016,Synthetic Regional Medical Center,Emergency,2024-01-11 13:04:00,55,142,65,99.7,20,93,3
SYN-V-000037,SYN-P-00048,SYN-E-000016,Synthetic Regional Medical Center,Emergency,2024-01-11 13:15:00,100,111,72,98.1,22,93,4
SYN-V-000038,SYN-P-00048,SYN-E-000016,Synthetic Regional Medical Center,Emergency,2024-01-11 14:03:00,98,159,69,97.8,18,93,7
SYN-V-000039,SYN-P-00048,SYN-E-000016,Synthetic Regional Medical Center,Emergency,2024-01-11 15:13:00,92,100,65,97.3,12,96,5
SYN-V-000040,SYN-P-00089,SYN-E-000017,Synthetic Community Hospital West,Emergency,2024-01-14 20:14:00,73,135,64,98.9,20,97,0
SYN-V-000041,SYN-P-00089,SYN-E-000017,Synthetic Community Hospital West,Emergency,2024-01-14 20:26:00,110,160,72,97.3,16,96,6
SYN-V-000042,SYN-P-00089,SYN-E-000017,Synthetic Community Hospital West,Emergency,2024-01-14 22:34:00,106,149,78,97.6,18,99,7
SYN-V-000043,SYN-P-00089,SYN-E-000017,Synthetic Community Hospital West,Emergency,2024-01-14 23:33:00,64,131,76,99.1,19,99,2
SYN-V-000044,SYN-P-00026,SYN-E-000018,Synthetic Community Hospital East,Nephrology,2024-01-17 07:24:00,94,125,67,97.9,22,97,3
SYN-V-000045,SYN-P-00026,SYN-E-000018,Synthetic Community Hospital East,Nephrology,2024-01-17 12:55:00,83,137,86,98.1,22,97,8
SYN-V-000046,SYN-P-00026,SYN-E-000018,Synthetic Community Hospital East,Nephrology,2024-01-18 00:38:00,88,133,74,97.3,13,94,1
SYN-V-000047,SYN-P-00026,SYN-E-000018,Synthetic Community Hospital East,Nephrology,2024-01-18 06:39:00,61,159,84,99.4,19,96,8
SYN-V-000048,SYN-P-00026,SYN-E-000018,Synthetic Community Hospital East,Nephrology,2024-01-18 23:45:00,108,132,81,99.6,21,100,0
SYN-V-000049,SYN-P-00026,SYN-E-000018,Synthetic Community Hospital East,Nephrology,2024-01-19 01:15:00,103,138,86,98.2,19,96,4
SYN-V-000050,SYN-P-00026,SYN-E-000018,Synthetic Community Hospital East,Nephrology,2024-01-19 05:05:00,74,127,79,98.2,15,96,3
SYN-V-000051,SYN-P-00026,SYN-E-000018,Synthetic Community Hospital East,Nephrology,2024-01-19 13:30:00,100,155,65,98.6,22,95,5
SYN-V-000052,SYN-P-00026,SYN-E-000018,Synthetic Community Hospital East,Nephrology,2024-01-20 01:29:00,108,133,70,99.4,16,97,4
SYN-V-000053,SYN-P-00026,SYN-E-000018,Synthetic Community Hospital East,Nephrology,2024-01-20 02:06:00,75,155,69,98.1,22,100,6
SYN-V-000054,SYN-P-00026,SYN-E-000018,Synthetic Community Hospital East,Nephrology,2024-01-20 03:57:00,58,130,75,98.8,22,100,6
SYN-V-000055,SYN-P-00026,SYN-E-000018,Synthetic Community Hospital East,Nephrology,2024-01-20 08:07:00,101,135,68,99.0,20,98,1
SYN-V-000056,SYN-P-00026,SYN-E-000018,Synthetic Community Hospital East,Nephrology,2024-01-21 01:14:00,61,126,79,98.5,19,96,1
SYN-V-000057,SYN-P-00026,SYN-E-000018,Synthetic Community Hospital East,Nephrology,2024-01-21 06:05:00,92,147,91,98.5,21,98,8
SYN-V-000058,SYN-P-00026,SYN-E-000018,Synthetic Community Hospital East,Nephrology,2024-01-21 12:53:00,91,143,62,99.5,15,92,7
SYN-V-000059,SYN-P-00026,SYN-E-000018,Synthetic Community Hospital East,Nephrology,2024-01-21 14:07:00,64,118,74,97.7,22,98,1
SYN-V-000060,SYN-P-00026,SYN-E-000018,Synthetic Community Hospital East,Nephrology,2024-01-22 00:54:00,58,110,78,98.2,14,92,5
SYN-V-000061,SYN-P-00026,SYN-E-000018,Synthetic Community Hospital East,Nephrology,2024-01-22 01:18:00,80,139,69,98.1,14,99,8
SYN-V-000062,SYN-P-00026,SYN-E-000018,Synthetic Community Hospital East,Nephrology,2024-01-22 16:46:00,110,112,83,97.6,22,92,6
SYN-V-000063,SYN-P-00026,SYN-E-000018,Synthetic Community Hospital East,Nephrology,2024-01-22 22:30:00,60,159,87,97.6,20,99,7
SYN-V-000064,SYN-P-00026,SYN-E-000018,Synthetic Community Hospital East,Nephrology,2024-01-23 04:48:00,83,122,78,99.3,20,96,0
SYN-V-000065,SYN-P-00026,SYN-E-000018,Synthetic Community Hospital East,Nephrology,2024-01-23 07:51:00,64,101,75,99.7,21,95,2
SYN-V-000066,SYN-P-00026,SYN-E-000018,Synthetic Community Hospital East,Nephrology,2024-01-23 09:28:00,77,148,92,98.4,14,93,1
SYN-V-000067,SYN-P-00034,SYN-E-000019,Synthetic Specialty Clinic,Orthopedics,2024-01-17 01:43:00,102,105,80,98.2,12,97,4
SYN-V-000068,SYN-P-00034,SYN-E-000019,Synthetic Specialty Clinic,Orthopedics,2024-01-17 01:59:00,98,150,94,97.7,14,99,6
SYN-V-000069,SYN-P-00056,SYN-E-000021,Synthetic Regional Medical Center,Internal Medicine,2024-01-17 17:41:00,61,110,82,97.4,21,96,7
SYN-V-000070,SYN-P-00056,SYN-E-000021,Synthetic Regional Medical Center,Internal Medicine,2024-01-18 13:22:00,73,146,73,99.0,20,92,8
SYN-V-000071,SYN-P-00056,SYN-E-000021,Synthetic Regional Medical Center,Internal Medicine,2024-01-18 18:42:00,99,145,92,97.3,20,97,7
SYN-V-000072,SYN-P-00145,SYN-E-000022,Synthetic Community Hospital West,Neurology,2024-01-18 16:13:00,78,103,92,97.8,16,97,2
SYN-V-000073,SYN-P-00145,SYN-E-000022,Synthetic Community Hospital West,Neurology,2024-01-18 16:37:00,99,140,83,97.9,15,97,8
SYN-V-000074,SYN-P-00145,SYN-E-000022,Synthetic Community Hospital West,Neurology,2024-01-19 00:44:00,79,113,66,98.6,17,96,4
SYN-V-000075,SYN-P-00145,SYN-E-000022,Synthetic Community Hospital West,Neurology,2024-01-19 05:43:00,97,152,68,98.0,21,95,1
SYN-V-000076,SYN-P-00145,SYN-E-000022,Synthetic Community Hospital West,Neurology,2024-01-19 12:33:00,66,118,61,97.0,21,95,7
SYN-V-000077,SYN-P-00145,SYN-E-000022,Synthetic Community Hospital West,Neurology,2024-01-20 03:07:00,74,151,67,98.4,20,100,
SYN-V-000078,SYN-P-00145,SYN-E-000022,Synthetic Community Hospital West,Neurology,2024-01-20 11:52:00,68,100,66,98.1,18,92,1
SYN-V-000079,SYN-P-00145,SYN-E-000022,Synthetic Community Hospital West,Neurology,2024-01-20 13:41:00,72,117,94,97.7,18,95,5
SYN-V-000080,SYN-P-00145,SYN-E-000022,Synthetic Community Hospital West,Neurology,2024-01-20 13:43:00,59,148,90,97.9,21,96,3
SYN-V-000081,SYN-P-00145,SYN-E-000022,Synthetic Community Hospital West,Neurology,2024-01-20 22:16:00,99,132,89,98.0,19,92,2
SYN-V-000082,SYN-P-00145,SYN-E-000022,Synthetic Community Hospital West,Neurology,2024-01-21 00:07:00,95,101,73,99.1,19,93,6
SYN-V-000083,SYN-P-00145,SYN-E-000022,Synthetic Community Hospital West,Neurology,2024-01-21 05:56:00,99,115,93,97.6,15,96,7
SYN-V-000084,SYN-P-00145,SYN-E-000022,Synthetic Community Hospital West,Neurology,2024-01-21 08:44:00,57,125,73,99.1,21,98,2
SYN-V-000085,SYN-P-00145,SYN-E-000022,Synthetic Community Hospital West,Neurology,2024-01-21 11:27:00,71,125,79,97.9,22,98,6
SYN-V-000086,SYN-P-00117,SYN-E-000023,Synthetic Regional Medical Center,Primary Care,2024-01-19 00:58:00,58,135,61,98.5,18,97,8
SYN-V-000087,SYN-P-00117,SYN-E-000023,Synthetic Regional Medical Center,Primary Care,2024-01-19 02:01:00,78,112,66,99.4,19,96,5
SYN-V-000088,SYN-P-00182,SYN-E-000024,Synthetic Community Hospital West,Cardiology,2024-01-20 14:23:00,57,128,94,99.3,18,92,7
SYN-V-000089,SYN-P-00182,SYN-E-000024,Synthetic Community Hospital West,Cardiology,2024-01-20 22:28:00,74,156,60,99.1,20,99,4
SYN-V-000090,SYN-P-00182,SYN-E-000024,Synthetic Community Hospital West,Cardiology,2024-01-21 02:08:00,102,154,70,99.4,12,95,1
SYN-V-000091,SYN-P-00182,SYN-E-000024,Synthetic Community Hospital West,Cardiology,2024-01-22 10:09:00,95,110,75,98.2,16,99,0
SYN-V-000092,SYN-P-00182,SYN-E-000024,Synthetic Community Hospital West,Cardiology,2024-01-22 18:57:00,57,140,77,99.4,22,92,4
SYN-V-000093,SYN-P-00182,SYN-E-000024,Synthetic Community Hospital West,Cardiology,2024-01-22 21:09:00,109,145,92,97.4,13,94,8
SYN-V-000094,SYN-P-00182,SYN-E-000024,Synthetic Community Hospital West,Cardiology,2024-01-23 20:09:00,61,154,62,98.6,22,98,8
SYN-V-000095,SYN-P-00182,SYN-E-000024,Synthetic Community Hospital West,Cardiology,2024-01-24 02:45:00,85,116,91,99.3,15,95,5
SYN-V-000096,SYN-P-00182,SYN-E-000024,Synthetic Community Hospital West,Cardiology,2024-01-24 17:45:00,60,113,69,99.2,17,92,8
SYN-V-000097,SYN-P-00182,SYN-E-000024,Synthetic Community Hospital West,Cardiology,2024-01-24 17:49:00,63,148,67,98.3,18,97,8
SYN-V-000098,SYN-P-00182,SYN-E-000024,Synthetic Community Hospital West,Cardiology,2024-01-25 01:17:00,83,149,85,97.5,12,93,1
SYN-V-000099,SYN-P-00182,SYN-E-000024,Synthetic Community Hospital West,Cardiology,2024-01-25 05:57:00,85,108,73,99.4,21,95,6
SYN-V-000100,SYN-P-00098,SYN-E-000025,Synthetic Regional Medical Center,Cardiology,2024-01-21 06:12:00,92,137,87,99.6,18,95,0
SYN-V-000101,SYN-P-00098,SYN-E-000025,Synthetic Regional Medical Center,Cardiology,2024-01-21 08:25:00,89,155,89,99.1,14,100,0
SYN-V-000102,SYN-P-00098,SYN-E-000025,Synthetic Regional Medical Center,Cardiology,2024-01-21 09:06:00,97,132,90,97.2,18,99,7
SYN-V-000103,SYN-P-00098,SYN-E-000025,Synthetic Regional Medical Center,Cardiology,2024-01-21 09:27:00,90,158,80,98.2,12,100,8
SYN-V-000104,SYN-P-00098,SYN-E-000025,Synthetic Regional Medical Center,Cardiology,2024-01-21 10:18:00,57,133,82,98.4,19,97,5
SYN-V-000105,SYN-P-00098,SYN-E-000025,Synthetic Regional Medical Center,Cardiology,2024-01-21 13:41:00,76,123,86,98.5,15,99,
SYN-V-000106,SYN-P-00098,SYN-E-000025,Synthetic Regional Medical Center,Cardiology,2024-01-21 13:57:00,59,142,86,98.8,18,96,
SYN-V-000107,SYN-P-00098,SYN-E-000025,Synthetic Regional Medical Center,Cardiology,2024-01-21 19:58:00,68,114,78,98.1,13,100,1
SYN-V-000108,SYN-P-00098,SYN-E-000025,Synthetic Regional Medical Center,Cardiology,2024-01-21 22:10:00,99,133,69,99.7,15,95,3
SYN-V-000109,SYN-P-00098,SYN-E-000025,Synthetic Regional Medical Center,Cardiology,2024-01-22 01:16:00,59,105,81,99.0,15,100,6
SYN-V-000110,SYN-P-00098,SYN-E-000025,Synthetic Regional Medical Center,Cardiology,2024-01-22 02:36:00,79,126,68,98.5,16,95,2
SYN-V-000111,SYN-P-00098,SYN-E-000025,Synthetic Regional Medical Center,Cardiology,2024-01-22 03:17:00,108,117,70,98.7,21,92,0
SYN-V-000112,SYN-P-00119,SYN-E-000026,Synthetic Regional Medical Center,Cardiology,2024-01-21 17:31:00,59,110,68,98.4,17,97,8
SYN-V-000113,SYN-P-00177,SYN-E-000027,Synthetic Regional Medical Center,Emergency,2024-01-23 23:58:00,66,110,82,97.0,16,96,5
SYN-V-000114,SYN-P-00177,SYN-E-000027,Synthetic Regional Medical Center,Emergency,2024-01-24 00:15:00,81,103,79,98.4,22,99,7
SYN-V-000115,SYN-P-00177,SYN-E-000027,Synthetic Regional Medical Center,Emergency,2024-01-24 00:36:00,56,141,76,99.6,20,94,2
SYN-V-000116,SYN-P-00177,SYN-E-000027,Synthetic Regional Medical Center,Emergency,2024-01-24 00:50:00,105,105,93,99.1,15,96,3
SYN-V-000117,SYN-P-00177,SYN-E-000027,Synthetic Regional Medical Center,Emergency,2024-01-24 01:19:00,87,100,82,99.2,13,98,7
SYN-V-000118,SYN-P-00177,SYN-E-000027,Synthetic Regional Medical Center,Emergency,2024-01-24 01:29:00,73,136,93,99.5,22,95,0
SYN-V-000119,SYN-P-00177,SYN-E-000027,Synthetic Regional Medical Center,Emergency,2024-01-24 02:42:00,96,156,76,99.0,15,96,5
SYN-V-000120,SYN-P-00128,SYN-E-000028,Synthetic Regional Medical Center,Orthopedics,2024-01-24 02:07:00,62,105,92,99.1,18,99,8
SYN-V-000121,SYN-P-00128,SYN-E-000028,Synthetic Regional Medical Center,Orthopedics,2024-01-24 04:26:00,90,133,90,97.6,12,92,7
SYN-V-000122,SYN-P-00195,SYN-E-000029,Synthetic Regional Medical Center,Emergency,2024-01-29 06:25:00,84,100,90,97.1,22,97,7
SYN-V-000123,SYN-P-00195,SYN-E-000029,Synthetic Regional Medical Center,Emergency,2024-01-29 07:12:00,88,157,76,99.6,18,100,4
SYN-V-000124,SYN-P-00195,SYN-E-000029,Synthetic Regional Medical Center,Emergency,2024-01-29 07:22:00,63,146,80,98.7,14,99,0
SYN-V-000125,SYN-P-00195,SYN-E-000029,Synthetic Regional Medical Center,Emergency,2024-01-29 07:54:00,68,117,85,99.4,19,98,
SYN-V-000126,SYN-P-00195,SYN-E-000029,Synthetic Regional Medical Center,Emergency,2024-01-29 08:06:00,94,141,67,98.7,22,99,6
SYN-V-000127,SYN-P-00195,SYN-E-000029,Synthetic Regional Medical Center,Emergency,2024-01-29 08:53:00,97,151,82,99.6,19,99,1
SYN-V-000128,SYN-P-00195,SYN-E-000029,Synthetic Regional Medical Center,Emergency,2024-01-29 09:32:00,72,114,84,97.7,14,95,7
SYN-V-000129,SYN-P-00068,SYN-E-000030,Synthetic Regional Medical Center,Emergency,2024-02-01 03:31:00,70,103,69,99.5,22,93,8
SYN-V-000130,SYN-P-00068,SYN-E-000030,Synthetic Regional Medical Center,Emergency,2024-02-01 03:31:00,62,120,69,98.3,14,99,1
SYN-V-000131,SYN-P-00068,SYN-E-000030,Synthetic Regional Medical Center,Emergency,2024-02-01 03:33:00,59,100,64,97.1,14,96,5
SYN-V-000132,SYN-P-00068,SYN-E-000030,Synthetic Regional Medical Center,Emergency,2024-02-01 05:08:00,65,110,69,99.1,14,95,2
SYN-V-000133,SYN-P-00058,SYN-E-000031,Synthetic Community Hospital East,Internal Medicine,2024-02-02 13:20:00,110,135,69,99.8,19,93,0
SYN-V-000134,SYN-P-00058,SYN-E-000031,Synthetic Community Hospital East,Internal Medicine,2024-02-02 13:45:00,62,123,68,98.6,19,92,1
SYN-V-000135,SYN-P-00058,SYN-E-000031,Synthetic Community Hospital East,Internal Medicine,2024-02-02 13:46:00,93,147,72,99.5,16,95,
SYN-V-000136,SYN-P-00076,SYN-E-000032,Synthetic Specialty Clinic,Primary Care,2024-02-03 16:28:00,68,132,71,99.0,20,94,3
SYN-V-000137,SYN-P-00003,SYN-E-000034,Synthetic Regional Medical Center,Emergency,2024-02-05 20:44:00,109,114,88,97.4,14,100,2
SYN-V-000138,SYN-P-00003,SYN-E-000034,Synthetic Regional Medical Center,Emergency,2024-02-05 22:12:00,100,115,79,98.1,18,95,0
SYN-V-000139,SYN-P-00138,SYN-E-000035,Synthetic Specialty Clinic,Orthopedics,2024-02-06 13:42:00,57,109,77,97.7,16,98,0
SYN-V-000140,SYN-P-00111,SYN-E-000036,Synthetic Outpatient Center,Primary Care,2024-02-07 09:41:00,109,160,73,99.4,22,93,5
SYN-V-000141,SYN-P-00042,SYN-E-000038,Synthetic Outpatient Center,Orthopedics,2024-02-09 12:57:00,72,159,91,98.7,16,93,
SYN-V-000142,SYN-P-00042,SYN-E-000038,Synthetic Outpatient Center,Orthopedics,2024-02-09 14:21:00,97,156,70,98.5,18,94,2
SYN-V-000143,SYN-P-00139,SYN-E-000039,Synthetic Outpatient Center,Orthopedics,2024-02-12 05:15:00,69,159,82,98.6,16,99,1
SYN-V-000144,SYN-P-00126,SYN-E-000040,Synthetic Community Hospital East,Cardiology,2024-02-12 15:42:00,104,125,86,97.7,18,100,6
SYN-V-000145,SYN-P-00126,SYN-E-000040,Synthetic Community Hospital East,Cardiology,2024-02-12 23:43:00,85,119,79,97.1,16,94,4
SYN-V-000146,SYN-P-00126,SYN-E-000040,Synthetic Community Hospital East,Cardiology,2024-02-14 07:19:00,70,159,69,97.2,21,100,5
SYN-V-000147,SYN-P-00126,SYN-E-000040,Synthetic Community Hospital East,Cardiology,2024-02-15 00:02:00,60,134,94,97.1,13,99,8
SYN-V-000148,SYN-P-00126,SYN-E-000040,Synthetic Community Hospital East,Cardiology,2024-02-15 02:43:00,97,147,63,97.4,20,93,7
SYN-V-000149,SYN-P-00126,SYN-E-000040,Synthetic Community Hospital East,Cardiology,2024-02-15 10:58:00,109,154,60,98.9,18,98,3
SYN-V-000150,SYN-P-00052,SYN-E-000041,Synthetic Community Hospital East,Pulmonology,2024-02-13 01:38:00,57,111,64,97.3,14,97,8
SYN-V-000151,SYN-P-00052,SYN-E-000041,Synthetic Community Hospital East,Pulmonology,2024-02-14 07:27:00,68,101,93,98.8,17,100,5
SYN-V-000152,SYN-P-00052,SYN-E-000041,Synthetic Community Hospital East,Pulmonology,2024-02-14 10:11:00,57,126,64,98.7,17,98,7
SYN-V-000153,SYN-P-00052,SYN-E-000041,Synthetic Community Hospital East,Pulmonology,2024-02-15 00:27:00,81,115,67,99.7,19,95,4
SYN-V-000154,SYN-P-00052,SYN-E-000041,Synthetic Community Hospital East,Pulmonology,2024-02-15 12:53:00,79,147,87,98.6,21,95,6
SYN-V-000155,SYN-P-00052,SYN-E-000041,Synthetic Community Hospital East,Pulmonology,2024-02-15 19:13:00,59,157,70,98.9,15,92,4
SYN-V-000156,SYN-P-00052,SYN-E-000041,Synthetic Community Hospital East,Pulmonology,2024-02-15 23:55:00,98,128,77,98.0,17,98,0
SYN-V-000157,SYN-P-00052,SYN-E-000041,Synthetic Community Hospital East,Pulmonology,2024-02-16 02:53:00,62,134,73,98.2,15,99,6
SYN-V-000158,SYN-P-00052,SYN-E-000041,Synthetic Community Hospital East,Pulmonology,2024-02-16 05:12:00,65,159,93,98.4,21,93,4
SYN-V-000159,SYN-P-00052,SYN-E-000041,Synthetic Community Hospital East,Pulmonology,2024-02-16 21:41:00,101,114,76,97.7,19,92,0
SYN-V-000160,SYN-P-00142,SYN-E-000043,Synthetic Regional Medical Center,Internal Medicine,2024-02-17 13:42:00,87,125,93,99.7,14,98,6
SYN-V-000161,SYN-P-00142,SYN-E-000043,Synthetic Regional Medical Center,Internal Medicine,2024-02-17 15:17:00,93,139,74,98.6,16,99,6
SYN-V-000162,SYN-P-00142,SYN-E-000043,Synthetic Regional Medical Center,Internal Medicine,2024-02-17 16:13:00,78,109,64,97.2,15,100,7
SYN-V-000163,SYN-P-00142,SYN-E-000043,Synthetic Regional Medical Center,Internal Medicine,2024-02-17 16:16:00,59,151,64,98.2,12,92,4
SYN-V-000164,SYN-P-00142,SYN-E-000043,Synthetic Regional Medical Center,Internal Medicine,2024-02-17 17:39:00,77,101,79,97.6,15,92,5
SYN-V-000165,SYN-P-00142,SYN-E-000043,Synthetic Regional Medical Center,Internal Medicine,2024-02-18 04:16:00,80,118,83,98.0,19,99,3
SYN-V-000166,SYN-P-00142,SYN-E-000043,Synthetic Regional Medical Center,Internal Medicine,2024-02-19 01:53:00,99,141,62,99.3,20,94,7
SYN-V-000167,SYN-P-00142,SYN-E-000043,Synthetic Regional Medical Center,Internal Medicine,2024-02-19 13:54:00,91,157,68,97.9,14,94,
SYN-V-000168,SYN-P-00142,SYN-E-000043,Synthetic Regional Medical Center,Internal Medicine,2024-02-19 19:24:00,95,144,90,98.3,18,96,8
SYN-V-000169,SYN-P-00142,SYN-E-000043,Synthetic Regional Medical Center,Internal Medicine,2024-02-20 11:26:00,81,156,71,98.1,13,96,4
SYN-V-000170,SYN-P-00142,SYN-E-000043,Synthetic Regional Medical Center,Internal Medicine,2024-02-20 20:02:00,94,139,94,97.8,16,92,7
SYN-V-000171,SYN-P-00142,SYN-E-000043,Synthetic Regional Medical Center,Internal Medicine,2024-02-20 20:29:00,63,140,88,97.9,22,95,0
SYN-V-000172,SYN-P-00142,SYN-E-000043,Synthetic Regional Medical Center,Internal Medicine,2024-02-20 21:32:00,75,144,66,99.0,13,92,3
SYN-V-000173,SYN-P-00142,SYN-E-000043,Synthetic Regional Medical Center,Internal Medicine,2024-02-21 12:53:00,108,110,86,97.5,14,96,1
SYN-V-000174,SYN-P-00142,SYN-E-000043,Synthetic Regional Medical Center,Internal Medicine,2024-02-21 20:12:00,55,101,79,97.4,12,95,3
SYN-V-000175,SYN-P-00142,SYN-E-000043,Synthetic Regional Medical Center,Internal Medicine,2024-02-22 02:45:00,108,119,73,99.0,12,97,
SYN-V-000176,SYN-P-00142,SYN-E-000043,Synthetic Regional Medical Center,Internal Medicine,2024-02-22 07:40:00,92,103,64,98.8,20,96,3
SYN-V-000177,SYN-P-00142,SYN-E-000043,Synthetic Regional Medical Center,Internal Medicine,2024-02-22 18:44:00,108,120,89,97.6,22,99,0
SYN-V-000178,SYN-P-00142,SYN-E-000043,Synthetic Regional Medical Center,Internal Medicine,2024-02-23 00:13:00,68,131,75,98.0,19,99,6
SYN-V-000179,SYN-P-00142,SYN-E-000043,Synthetic Regional Medical Center,Internal Medicine,2024-02-23 03:48:00,59,107,60,97.1,13,98,5
SYN-V-000180,SYN-P-00142,SYN-E-000043,Synthetic Regional Medical Center,Internal Medicine,2024-02-24 02:31:00,58,108,70,99.3,14,99,2
SYN-V-000181,SYN-P-00142,SYN-E-000043,Synthetic Regional Medical Center,Internal Medicine,2024-02-24 03:38:00,101,128,89,99.2,22,98,5
SYN-V-000182,SYN-P-00142,SYN-E-000043,Synthetic Regional Medical Center,Internal Medicine,2024-02-24 08:00:00,75,122,62,99.7,15,97,2
SYN-V-000183,SYN-P-00142,SYN-E-000043,Synthetic Regional Medical Center,Internal Medicine,2024-02-24 15:57:00,87,154,83,98.9,16,98,5
SYN-V-000184,SYN-P-00142,SYN-E-000043,Synthetic Regional Medical Center,Internal Medicine,2024-02-24 17:36:00,83,144,93,97.8,20,96,2
SYN-V-000185,SYN-P-00142,SYN-E-000043,Synthetic Regional Medical Center,Internal Medicine,2024-02-24 23:48:00,110,142,83,97.3,22,94,2
SYN-V-000186,SYN-P-00142,SYN-E-000043,Synthetic Regional Medical Center,Internal Medicine,2024-02-25 04:58:00,99,153,64,98.6,12,92,1
SYN-V-000187,SYN-P-00142,SYN-E-000043,Synthetic Regional Medical Center,Internal Medicine,2024-02-25 06:53:00,84,140,82,99.5,13,97,6
SYN-V-000188,SYN-P-00142,SYN-E-000043,Synthetic Regional Medical Center,Internal Medicine,2024-02-25 18:17:00,91,104,80,97.7,18,96,3
SYN-V-000189,SYN-P-00142,SYN-E-000043,Synthetic Regional Medical Center,Internal Medicine,2024-02-26 00:53:00,56,151,86,99.7,15,98,3
SYN-V-000190,SYN-P-00142,SYN-E-000043,Synthetic Regional Medical Center,Internal Medicine,2024-02-26 12:12:00,66,143,78,97.3,19,97,6
SYN-V-000191,SYN-P-00142,SYN-E-000043,Synthetic Regional Medical Center,Internal Medicine,2024-02-26 12:58:00,82,147,90,99.7,18,92,8
SYN-V-000192,SYN-P-00142,SYN-E-000043,Synthetic Regional Medical Center,Internal Medicine,2024-02-26 13:08:00,67,123,76,99.0,19,98,0
SYN-V-000193,SYN-P-00115,SYN-E-000044,Synthetic Outpatient Center,Orthopedics,2024-02-17 20:42:00,58,112,67,99.3,21,96,1
SYN-V-000194,SYN-P-00115,SYN-E-000044,Synthetic Outpatient Center,Orthopedics,2024-02-17 21:05:00,86,118,69,97.7,20,100,8
SYN-V-000195,SYN-P-00114,SYN-E-000045,Synthetic Outpatient Center,Orthopedics,2024-02-18 04:41:00,94,127,88,97.6,14,95,4
SYN-V-000196,SYN-P-00114,SYN-E-000045,Synthetic Outpatient Center,Orthopedics,2024-02-18 05:21:00,79,159,66,98.3,18,99,6
SYN-V-000197,SYN-P-00017,SYN-E-000046,Synthetic Community Hospital East,Cardiology,2024-02-19 03:32:00,91,121,85,99.0,22,93,6
SYN-V-000198,SYN-P-00017,SYN-E-000046,Synthetic Community Hospital East,Cardiology,2024-02-20 14:43:00,100,160,75,99.0,13,93,5
SYN-V-000199,SYN-P-00017,SYN-E-000046,Synthetic Community Hospital East,Cardiology,2024-02-21 03:12:00,107,133,78,97.6,15,98,5
SYN-V-000200,SYN-P-00017,SYN-E-000046,Synthetic Community Hospital East,Cardiology,2024-02-21 09:58:00,103,102,88,97.7,17,98,3
SYN-V-000201,SYN-P-00017,SYN-E-000046,Synthetic Community Hospital East,Cardiology,2024-02-22 08:10:00,61,109,83,99.7,13,100,5
SYN-V-000202,SYN-P-00017,SYN-E-000046,Synthetic Community Hospital East,Cardiology,2024-02-23 06:21:00,96,100,79,98.8,13,100,8
SYN-V-000203,SYN-P-00017,SYN-E-000046,Synthetic Community Hospital East,Cardiology,2024-02-23 06:37:00,65,154,78,98.0,21,100,4
SYN-V-000204,SYN-P-00017,SYN-E-000046,Synthetic Community Hospital East,Cardiology,2024-02-23 08:36:00,95,142,87,99.7,12,95,5
SYN-V-000205,SYN-P-00017,SYN-E-000046,Synthetic Community Hospital East,Cardiology,2024-02-23 20:55:00,98,106,75,97.7,21,92,2
SYN-V-000206,SYN-P-00017,SYN-E-000046,Synthetic Community Hospital East,Cardiology,2024-02-24 05:53:00,98,103,67,97.3,18,95,4
SYN-V-000207,SYN-P-00017,SYN-E-000046,Synthetic Community Hospital East,Cardiology,2024-02-24 09:29:00,78,156,88,97.8,18,94,0
SYN-V-000208,SYN-P-00017,SYN-E-000046,Synthetic Community Hospital East,Cardiology,2024-02-25 09:33:00,56,113,83,98.3,22,95,8
SYN-V-000209,SYN-P-00017,SYN-E-000046,Synthetic Community Hospital East,Cardiology,2024-02-25 10:58:00,85,100,87,97.9,13,97,6
SYN-V-000210,SYN-P-00017,SYN-E-000046,Synthetic Community Hospital East,Cardiology,2024-02-25 14:28:00,86,111,80,98.9,13,94,3
SYN-V-000211,SYN-P-00017,SYN-E-000046,Synthetic Community Hospital East,Cardiology,2024-02-25 16:44:00,90,118,89,99.0,16,97,5
SYN-V-000212,SYN-P-00017,SYN-E-000046,Synthetic Community Hospital East,Cardiology,2024-02-28 03:38:00,101,115,92,97.4,12,96,7
SYN-V-000213,SYN-P-00017,SYN-E-000046,Synthetic Community Hospital East,Cardiology,2024-02-28 06:20:00,81,138,81,98.3,19,94,6
SYN-V-000214,SYN-P-00017,SYN-E-000046,Synthetic Community Hospital East,Cardiology,2024-02-28 11:38:00,68,135,66,97.4,18,96,0
SYN-V-000215,SYN-P-00017,SYN-E-000046,Synthetic Community Hospital East,Cardiology,2024-02-28 14:04:00,81,140,89,97.4,17,95,4
SYN-V-000216,SYN-P-00017,SYN-E-000046,Synthetic Community Hospital East,Cardiology,2024-02-28 18:13:00,93,118,65,98.6,15,95,8
SYN-V-000217,SYN-P-00017,SYN-E-000046,Synthetic Community Hospital East,Cardiology,2024-02-29 14:14:00,67,142,92,98.2,19,95,
SYN-V-000218,SYN-P-00017,SYN-E-000046,Synthetic Community Hospital East,Cardiology,2024-02-29 22:40:00,56,125,86,98.8,13,98,1
SYN-V-000219,SYN-P-00017,SYN-E-000046,Synthetic Community Hospital East,Cardiology,2024-03-01 08:59:00,61,124,74,99.4,12,92,0
SYN-V-000220,SYN-P-00017,SYN-E-000046,Synthetic Community Hospital East,Cardiology,2024-03-01 10:00:00,65,128,92,97.1,13,100,1
SYN-V-000221,SYN-P-00017,SYN-E-000046,Synthetic Community Hospital East,Cardiology,2024-03-01 19:39:00,108,127,64,98.8,14,98,3
SYN-V-000222,SYN-P-00056,SYN-E-000048,Synthetic Regional Medical Center,Cardiology,2024-02-21 07:32:00,65,149,84,97.7,17,92,6
SYN-V-000223,SYN-P-00056,SYN-E-000048,Synthetic Regional Medical Center,Cardiology,2024-02-21 14:38:00,94,116,76,98.5,21,97,4
SYN-V-000224,SYN-P-00056,SYN-E-000048,Synthetic Regional Medical Center,Cardiology,2024-02-21 15:29:00,59,136,64,98.2,12,94,8
SYN-V-000225,SYN-P-00056,SYN-E-000048,Synthetic Regional Medical Center,Cardiology,2024-02-21 22:07:00,102,125,79,99.6,14,93,3
SYN-V-000226,SYN-P-00056,SYN-E-000048,Synthetic Regional Medical Center,Cardiology,2024-02-22 04:08:00,108,121,70,97.7,12,98,7
SYN-V-000227,SYN-P-00056,SYN-E-000048,Synthetic Regional Medical Center,Cardiology,2024-02-22 07:27:00,103,111,85,98.9,17,97,5
SYN-V-000228,SYN-P-00056,SYN-E-000048,Synthetic Regional Medical Center,Cardiology,2024-02-22 08:18:00,74,145,94,98.3,19,93,2
SYN-V-000229,SYN-P-00056,SYN-E-000048,Synthetic Regional Medical Center,Cardiology,2024-02-22 14:17:00,71,131,61,97.5,16,95,6
SYN-V-000230,SYN-P-00056,SYN-E-000048,Synthetic Regional Medical Center,Cardiology,2024-02-22 20:15:00,83,107,61,98.0,20,92,2
SYN-V-000231,SYN-P-00056,SYN-E-000048,Synthetic Regional Medical Center,Cardiology,2024-02-23 15:04:00,67,148,89,98.7,22,96,4
SYN-V-000232,SYN-P-00056,SYN-E-000048,Synthetic Regional Medical Center,Cardiology,2024-02-24 10:02:00,87,131,67,99.1,20,92,0
SYN-V-000233,SYN-P-00056,SYN-E-000048,Synthetic Regional Medical Center,Cardiology,2024-02-24 10:07:00,88,126,70,98.2,20,93,7
SYN-V-000234,SYN-P-00056,SYN-E-000048,Synthetic Regional Medical Center,Cardiology,2024-02-24 14:02:00,73,152,81,99.6,20,92,7
SYN-V-000235,SYN-P-00056,SYN-E-000048,Synthetic Regional Medical Center,Cardiology,2024-02-24 20:01:00,71,124,78,99.3,17,98,6
SYN-V-000236,SYN-P-00056,SYN-E-000048,Synthetic Regional Medical Center,Cardiology,2024-02-25 03:29:00,103,106,72,98.6,16,93,4
SYN-V-000237,SYN-P-00056,SYN-E-000048,Synthetic Regional Medical Center,Cardiology,2024-02-25 15:20:00,101,114,72,97.4,20,94,
SYN-V-000238,SYN-P-00056,SYN-E-000048,Synthetic Regional Medical Center,Cardiology,2024-02-25 19:21:00,56,133,76,97.5,12,99,3
SYN-V-000239,SYN-P-00056,SYN-E-000048,Synthetic Regional Medical Center,Cardiology,2024-02-25 19:48:00,106,133,81,98.4,20,95,5
SYN-V-000240,SYN-P-00056,SYN-E-000048,Synthetic Regional Medical Center,Cardiology,2024-02-25 21:34:00,97,123,95,99.1,14,98,3
SYN-V-000241,SYN-P-00056,SYN-E-000048,Synthetic Regional Medical Center,Cardiology,2024-02-25 22:01:00,86,160,74,98.5,14,92,4
SYN-V-000242,SYN-P-00056,SYN-E-000048,Synthetic Regional Medical Center,Cardiology,2024-02-26 06:38:00,109,147,86,98.8,16,94,3
SYN-V-000243,SYN-P-00187,SYN-E-000049,Synthetic Regional Medical Center,Emergency,2024-02-22 13:52:00,91,137,83,98.5,13,99,3
SYN-V-000244,SYN-P-00187,SYN-E-000049,Synthetic Regional Medical Center,Emergency,2024-02-22 14:08:00,104,119,75,97.1,17,93,4
SYN-V-000245,SYN-P-00187,SYN-E-000049,Synthetic Regional Medical Center,Emergency,2024-02-22 14:26:00,90,153,68,97.4,19,93,3
SYN-V-000246,SYN-P-00187,SYN-E-000049,Synthetic Regional Medical Center,Emergency,2024-02-22 14:49:00,76,145,87,99.3,22,97,4
SYN-V-000247,SYN-P-00187,SYN-E-000049,Synthetic Regional Medical Center,Emergency,2024-02-22 15:01:00,95,117,80,98.5,12,99,6
SYN-V-000248,SYN-P-00187,SYN-E-000049,Synthetic Regional Medical Center,Emergency,2024-02-22 16:53:00,62,104,84,98.7,12,98,2
SYN-V-000249,SYN-P-00021,SYN-E-000050,Synthetic Regional Medical Center,Emergency,2024-02-22 18:48:00,101,133,92,99.7,12,98,0
SYN-V-000250,SYN-P-00132,SYN-E-000052,Synthetic Community Hospital East,Emergency,2024-02-24 14:12:00,103,111,76,98.1,13,97,4
SYN-V-000251,SYN-P-00132,SYN-E-000052,Synthetic Community Hospital East,Emergency,2024-02-24 17:14:00,67,160,85,98.7,16,100,4
SYN-V-000252,SYN-P-00141,SYN-E-000053,Synthetic Outpatient Center,Primary Care,2024-02-28 03:50:00,65,130,70,99.8,21,95,2
SYN-V-000253,SYN-P-00003,SYN-E-000054,Synthetic Specialty Clinic,Primary Care,2024-02-28 05:20:00,60,102,89,97.1,19,99,8
SYN-V-000254,SYN-P-00003,SYN-E-000054,Synthetic Specialty Clinic,Primary Care,2024-02-28 05:39:00,64,143,77,98.5,16,97,8
SYN-V-000255,SYN-P-00143,SYN-E-000055,Synthetic Regional Medical Center,Orthopedics,2024-02-29 03:53:00,83,146,67,98.7,15,94,5
SYN-V-000256,SYN-P-00143,SYN-E-000055,Synthetic Regional Medical Center,Orthopedics,2024-02-29 12:54:00,71,104,60,98.5,19,92,8
SYN-V-000257,SYN-P-00143,SYN-E-000055,Synthetic Regional Medical Center,Orthopedics,2024-02-29 13:50:00,83,130,77,98.3,22,93,7
SYN-V-000258,SYN-P-00143,SYN-E-000055,Synthetic Regional Medical Center,Orthopedics,2024-02-29 19:45:00,58,114,75,99.4,17,94,2
SYN-V-000259,SYN-P-00143,SYN-E-000055,Synthetic Regional Medical Center,Orthopedics,2024-03-01 20:14:00,68,142,82,97.5,16,95,6
SYN-V-000260,SYN-P-00143,SYN-E-000055,Synthetic Regional Medical Center,Orthopedics,2024-03-02 01:08:00,69,134,78,99.7,17,94,6
SYN-V-000261,SYN-P-00143,SYN-E-000055,Synthetic Regional Medical Center,Orthopedics,2024-03-02 01:12:00,79,122,86,98.8,22,98,0
SYN-V-000262,SYN-P-00143,SYN-E-000055,Synthetic Regional Medical Center,Orthopedics,2024-03-02 14:30:00,100,108,92,98.2,18,97,1
SYN-V-000263,SYN-P-00143,SYN-E-000055,Synthetic Regional Medical Center,Orthopedics,2024-03-02 14:58:00,75,109,69,99.6,12,95,0
SYN-V-000264,SYN-P-00143,SYN-E-000055,Synthetic Regional Medical Center,Orthopedics,2024-03-02 19:13:00,64,156,72,99.4,16,100,7
SYN-V-000265,SYN-P-00143,SYN-E-000055,Synthetic Regional Medical Center,Orthopedics,2024-03-02 19:19:00,67,109,80,98.8,18,95,4
SYN-V-000266,SYN-P-00198,SYN-E-000056,Synthetic Outpatient Center,Pulmonology,2024-02-28 22:06:00,91,159,72,98.1,15,98,0
SYN-V-000267,SYN-P-00198,SYN-E-000056,Synthetic Outpatient Center,Pulmonology,2024-02-28 22:25:00,82,122,69,99.4,22,97,0
SYN-V-000268,SYN-P-00198,SYN-E-000056,Synthetic Outpatient Center,Pulmonology,2024-02-29 00:29:00,68,142,63,97.4,22,94,6
SYN-V-000269,SYN-P-00179,SYN-E-000057,Synthetic Specialty Clinic,Pulmonology,2024-02-29 01:51:00,106,159,74,98.3,16,97,8
SYN-V-000270,SYN-P-00168,SYN-E-000058,Synthetic Community Hospital West,Emergency,2024-02-29 17:43:00,98,106,70,98.3,18,95,7
SYN-V-000271,SYN-P-00168,SYN-E-000058,Synthetic Community Hospital West,Emergency,2024-02-29 19:22:00,107,132,69,97.9,20,98,6
SYN-V-000272,SYN-P-00168,SYN-E-000058,Synthetic Community Hospital West,Emergency,2024-02-29 19:25:00,62,152,83,97.5,21,94,4
SYN-V-000273,SYN-P-00095,SYN-E-000059,Synthetic Specialty Clinic,Primary Care,2024-03-01 18:33:00,101,142,92,97.9,18,94,3
SYN-V-000274,SYN-P-00192,SYN-E-000060,Synthetic Community Hospital West,Emergency,2024-03-01 17:28:00,67,116,64,97.6,17,97,
SYN-V-000275,SYN-P-00192,SYN-E-000060,Synthetic Community Hospital West,Emergency,2024-03-01 18:03:00,104,120,68,97.4,20,93,6
SYN-V-000276,SYN-P-00192,SYN-E-000060,Synthetic Community Hospital West,Emergency,2024-03-01 18:03:00,83,153,88,98.4,18,94,4
SYN-V-000277,SYN-P-00192,SYN-E-000060,Synthetic Community Hospital West,Emergency,2024-03-01 19:15:00,85,152,75,97.3,19,99,1
SYN-V-000278,SYN-P-00192,SYN-E-000060,Synthetic Community Hospital West,Emergency,2024-03-01 19:32:00,63,145,72,97.2,16,97,4
SYN-V-000279,SYN-P-00192,SYN-E-000060,Synthetic Community Hospital West,Emergency,2024-03-01 19:39:00,107,128,77,98.1,17,99,
SYN-V-000280,SYN-P-00199,SYN-E-000061,Synthetic Regional Medical Center,Neurology,2024-03-02 02:16:00,103,127,85,98.6,12,96,7
SYN-V-000281,SYN-P-00199,SYN-E-000061,Synthetic Regional Medical Center,Neurology,2024-03-02 13:37:00,94,141,91,98.1,22,99,0
SYN-V-000282,SYN-P-00199,SYN-E-000061,Synthetic Regional Medical Center,Neurology,2024-03-02 15:08:00,74,108,78,98.5,16,99,3
SYN-V-000283,SYN-P-00199,SYN-E-000061,Synthetic Regional Medical Center,Neurology,2024-03-04 01:33:00,86,158,71,97.4,14,93,5
SYN-V-000284,SYN-P-00199,SYN-E-000061,Synthetic Regional Medical Center,Neurology,2024-03-04 05:12:00,94,127,87,97.6,13,99,1
SYN-V-000285,SYN-P-00199,SYN-E-000061,Synthetic Regional Medical Center,Neurology,2024-03-04 13:17:00,71,128,78,97.3,20,97,6
SYN-V-000286,SYN-P-00199,SYN-E-000061,Synthetic Regional Medical Center,Neurology,2024-03-04 19:57:00,57,126,65,99.7,13,98,1
SYN-V-000287,SYN-P-00188,SYN-E-000062,Synthetic Specialty Clinic,Orthopedics,2024-03-04 19:31:00,67,147,67,98.6,16,99,0
SYN-V-000288,SYN-P-00164,SYN-E-000063,Synthetic Regional Medical Center,Pulmonology,2024-03-05 04:25:00,104,134,74,98.1,17,100,2
SYN-V-000289,SYN-P-00164,SYN-E-000063,Synthetic Regional Medical Center,Pulmonology,2024-03-05 05:09:00,77,128,87,99.5,13,94,5
SYN-V-000290,SYN-P-00164,SYN-E-000063,Synthetic Regional Medical Center,Pulmonology,2024-03-05 05:26:00,85,114,92,99.8,15,99,8
SYN-V-000291,SYN-P-00164,SYN-E-000063,Synthetic Regional Medical Center,Pulmonology,2024-03-05 05:53:00,76,152,79,99.0,18,95,2
SYN-V-000292,SYN-P-00164,SYN-E-000063,Synthetic Regional Medical Center,Pulmonology,2024-03-05 11:52:00,94,105,84,97.8,14,97,1
SYN-V-000293,SYN-P-00164,SYN-E-000063,Synthetic Regional Medical Center,Pulmonology,2024-03-05 23:40:00,106,116,82,99.3,18,98,8
SYN-V-000294,SYN-P-00164,SYN-E-000063,Synthetic Regional Medical Center,Pulmonology,2024-03-06 08:01:00,64,121,83,99.6,19,99,0
SYN-V-000295,SYN-P-00115,SYN-E-000064,Synthetic Specialty Clinic,Orthopedics,2024-03-05 19:26:00,100,145,85,97.7,15,97,4
SYN-V-000296,SYN-P-00094,SYN-E-000065,Synthetic Outpatient Center,Primary Care,2024-03-05 19:16:00,85,151,63,98.8,12,93,2
SYN-V-000297,SYN-P-00094,SYN-E-000065,Synthetic Outpatient Center,Primary Care,2024-03-05 19:49:00,68,157,95,99.5,22,98,0
SYN-V-000298,SYN-P-00108,SYN-E-000066,Synthetic Outpatient Center,Orthopedics,2024-03-07 12:11:00,100,108,91,99.8,15,97,5
SYN-V-000299,SYN-P-00108,SYN-E-000066,Synthetic Outpatient Center,Orthopedics,2024-03-07 15:09:00,76,113,82,97.3,14,92,3
SYN-V-000300,SYN-P-00104,SYN-E-000067,Synthetic Outpatient Center,Orthopedics,2024-03-09 13:47:00,102,160,65,97.3,12,94,4
SYN-V-000301,SYN-P-00167,SYN-E-000069,Synthetic Specialty Clinic,Primary Care,2024-03-11 22:15:00,55,136,62,99.4,18,98,4
SYN-V-000302,SYN-P-00167,SYN-E-000069,Synthetic Specialty Clinic,Primary Care,2024-03-11 23:48:00,97,144,74,99.6,16,92,2
SYN-V-000303,SYN-P-00143,SYN-E-000070,Synthetic Regional Medical Center,Cardiology,2024-03-12 08:07:00,73,134,82,97.5,21,100,3
SYN-V-000304,SYN-P-00143,SYN-E-000070,Synthetic Regional Medical Center,Cardiology,2024-03-12 10:34:00,83,120,74,97.3,20,97,5
SYN-V-000305,SYN-P-00143,SYN-E-000070,Synthetic Regional Medical Center,Cardiology,2024-03-12 22:07:00,102,153,94,98.7,17,100,8
SYN-V-000306,SYN-P-00143,SYN-E-000070,Synthetic Regional Medical Center,Cardiology,2024-03-12 22:24:00,62,138,81,98.9,20,93,0
SYN-V-000307,SYN-P-00143,SYN-E-000070,Synthetic Regional Medical Center,Cardiology,2024-03-13 05:21:00,108,112,92,99.6,12,92,2
SYN-V-000308,SYN-P-00143,SYN-E-000070,Synthetic Regional Medical Center,Cardiology,2024-03-13 12:58:00,109,117,64,97.1,16,96,6
SYN-V-000309,SYN-P-00143,SYN-E-000070,Synthetic Regional Medical Center,Cardiology,2024-03-13 15:58:00,83,127,82,99.1,20,98,5
SYN-V-000310,SYN-P-00143,SYN-E-000070,Synthetic Regional Medical Center,Cardiology,2024-03-13 19:24:00,59,109,77,97.7,17,93,8
SYN-V-000311,SYN-P-00143,SYN-E-000070,Synthetic Regional Medical Center,Cardiology,2024-03-13 19:35:00,93,144,75,97.0,14,93,6
SYN-V-000312,SYN-P-00143,SYN-E-000070,Synthetic Regional Medical Center,Cardiology,2024-03-13 21:15:00,107,104,71,97.9,19,97,0
SYN-V-000313,SYN-P-00143,SYN-E-000070,Synthetic Regional Medical Center,Cardiology,2024-03-14 02:04:00,67,115,76,97.7,21,96,0
SYN-V-000314,SYN-P-00143,SYN-E-000070,Synthetic Regional Medical Center,Cardiology,2024-03-14 11:22:00,62,115,66,98.4,19,98,0
SYN-V-000315,SYN-P-00126,SYN-E-000072,Synthetic Community Hospital East,Nephrology,2024-03-12 15:40:00,83,113,61,98.0,19,97,3
SYN-V-000316,SYN-P-00126,SYN-E-000072,Synthetic Community Hospital East,Nephrology,2024-03-13 04:25:00,85,106,94,98.9,19,93,2
SYN-V-000317,SYN-P-00126,SYN-E-000072,Synthetic Community Hospital East,Nephrology,2024-03-13 05:47:00,92,116,82,97.7,13,99,2
SYN-V-000318,SYN-P-00126,SYN-E-000072,Synthetic Community Hospital East,Nephrology,2024-03-13 09:47:00,60,106,71,99.2,21,94,7
SYN-V-000319,SYN-P-00126,SYN-E-000072,Synthetic Community Hospital East,Nephrology,2024-03-13 17:05:00,74,109,60,97.2,17,93,2
SYN-V-000320,SYN-P-00126,SYN-E-000072,Synthetic Community Hospital East,Nephrology,2024-03-14 02:30:00,60,159,67,98.7,22,100,2
SYN-V-000321,SYN-P-00126,SYN-E-000072,Synthetic Community Hospital East,Nephrology,2024-03-14 17:55:00,58,116,83,98.1,20,99,2
SYN-V-000322,SYN-P-00126,SYN-E-000072,Synthetic Community Hospital East,Nephrology,2024-03-15 12:04:00,55,158,63,99.6,22,92,5
SYN-V-000323,SYN-P-00126,SYN-E-000072,Synthetic Community Hospital East,Nephrology,2024-03-15 21:03:00,89,124,90,97.9,19,95,2
SYN-V-000324,SYN-P-00126,SYN-E-000072,Synthetic Community Hospital East,Nephrology,2024-03-16 00:53:00,87,127,65,98.6,20,96,5
SYN-V-000325,SYN-P-00126,SYN-E-000072,Synthetic Community Hospital East,Nephrology,2024-03-16 08:20:00,57,150,62,98.4,14,100,6
SYN-V-000326,SYN-P-00126,SYN-E-000072,Synthetic Community Hospital East,Nephrology,2024-03-16 08:40:00,96,157,72,97.0,21,99,5
SYN-V-000327,SYN-P-00126,SYN-E-000072,Synthetic Community Hospital East,Nephrology,2024-03-16 15:57:00,85,146,68,98.1,13,98,7
SYN-V-000328,SYN-P-00126,SYN-E-000072,Synthetic Community Hospital East,Nephrology,2024-03-16 20:55:00,56,120,90,99.5,12,98,0
SYN-V-000329,SYN-P-00126,SYN-E-000072,Synthetic Community Hospital East,Nephrology,2024-03-17 08:28:00,62,148,88,99.3,16,97,2
SYN-V-000330,SYN-P-00126,SYN-E-000072,Synthetic Community Hospital East,Nephrology,2024-03-17 10:27:00,83,106,66,98.3,17,93,3
SYN-V-000331,SYN-P-00126,SYN-E-000072,Synthetic Community Hospital East,Nephrology,2024-03-17 11:01:00,99,104,75,97.7,14,93,0
SYN-V-000332,SYN-P-00126,SYN-E-000072,Synthetic Community Hospital East,Nephrology,2024-03-17 14:48:00,64,157,88,98.6,22,98,3
SYN-V-000333,SYN-P-00080,SYN-E-000073,Synthetic Community Hospital West,Cardiology,2024-03-13 12:43:00,86,127,79,97.7,22,99,3
SYN-V-000334,SYN-P-00080,SYN-E-000073,Synthetic Community Hospital West,Cardiology,2024-03-13 14:37:00,110,153,60,98.0,19,98,8
SYN-V-000335,SYN-P-00080,SYN-E-000073,Synthetic Community Hospital West,Cardiology,2024-03-13 15:11:00,71,132,63,98.2,14,99,3
SYN-V-000336,SYN-P-00196,SYN-E-000074,Synthetic Community Hospital East,Pulmonology,2024-03-14 15:52:00,106,150,69,98.4,22,97,7
SYN-V-000337,SYN-P-00196,SYN-E-000074,Synthetic Community Hospital East,Pulmonology,2024-03-15 05:34:00,90,118,93,99.0,22,99,8
SYN-V-000338,SYN-P-00196,SYN-E-000074,Synthetic Community Hospital East,Pulmonology,2024-03-15 18:14:00,92,112,83,99.0,19,94,6
SYN-V-000339,SYN-P-00196,SYN-E-000074,Synthetic Community Hospital East,Pulmonology,2024-03-16 05:46:00,56,141,69,98.2,14,98,5
SYN-V-000340,SYN-P-00196,SYN-E-000074,Synthetic Community Hospital East,Pulmonology,2024-03-16 09:52:00,55,112,88,97.8,18,99,3
SYN-V-000341,SYN-P-00196,SYN-E-000074,Synthetic Community Hospital East,Pulmonology,2024-03-16 14:58:00,84,137,91,97.8,19,92,4
SYN-V-000342,SYN-P-00196,SYN-E-000074,Synthetic Community Hospital East,Pulmonology,2024-03-17 05:03:00,75,109,92,98.2,22,92,1
SYN-V-000343,SYN-P-00182,SYN-E-000075,Synthetic Community Hospital West,Primary Care,2024-03-14 15:03:00,73,112,60,97.6,20,94,5
SYN-V-000344,SYN-P-00091,SYN-E-000076,Synthetic Community Hospital West,Emergency,2024-03-15 09:59:00,82,115,74,99.8,18,93,5
SYN-V-000345,SYN-P-00091,SYN-E-000076,Synthetic Community Hospital West,Emergency,2024-03-15 10:33:00,106,105,81,99.4,13,99,6
SYN-V-000346,SYN-P-00091,SYN-E-000076,Synthetic Community Hospital West,Emergency,2024-03-15 13:27:00,56,123,68,97.4,20,100,4
SYN-V-000347,SYN-P-00106,SYN-E-000077,Synthetic Regional Medical Center,Pulmonology,2024-03-16 06:37:00,76,125,68,99.3,15,98,4
SYN-V-000348,SYN-P-00106,SYN-E-000077,Synthetic Regional Medical Center,Pulmonology,2024-03-16 10:26:00,62,151,64,97.8,21,100,0
SYN-V-000349,SYN-P-00106,SYN-E-000077,Synthetic Regional Medical Center,Pulmonology,2024-03-16 16:47:00,91,137,85,97.5,21,100,5
SYN-V-000350,SYN-P-00106,SYN-E-000077,Synthetic Regional Medical Center,Pulmonology,2024-03-16 22:51:00,74,133,82,97.2,17,97,8
SYN-V-000351,SYN-P-00106,SYN-E-000077,Synthetic Regional Medical Center,Pulmonology,2024-03-17 06:10:00,96,155,64,99.1,18,98,4
SYN-V-000352,SYN-P-00106,SYN-E-000077,Synthetic Regional Medical Center,Pulmonology,2024-03-17 18:52:00,72,153,65,99.7,18,92,6
SYN-V-000353,SYN-P-00106,SYN-E-000077,Synthetic Regional Medical Center,Pulmonology,2024-03-18 04:25:00,107,150,67,99.8,21,97,0
SYN-V-000354,SYN-P-00106,SYN-E-000077,Synthetic Regional Medical Center,Pulmonology,2024-03-18 13:02:00,96,155,65,99.6,22,93,4
SYN-V-000355,SYN-P-00106,SYN-E-000077,Synthetic Regional Medical Center,Pulmonology,2024-03-18 18:43:00,92,157,79,97.8,20,92,8
SYN-V-000356,SYN-P-00067,SYN-E-000078,Synthetic Community Hospital West,Internal Medicine,2024-03-16 03:07:00,58,120,64,97.7,16,97,7
SYN-V-000357,SYN-P-00067,SYN-E-000078,Synthetic Community Hospital West,Internal Medicine,2024-03-18 12:53:00,89,112,91,97.1,17,94,2
SYN-V-000358,SYN-P-00067,SYN-E-000078,Synthetic Community Hospital West,Internal Medicine,2024-03-18 19:54:00,105,149,81,98.4,20,99,0
SYN-V-000359,SYN-P-00067,SYN-E-000078,Synthetic Community Hospital West,Internal Medicine,2024-03-18 23:47:00,83,124,69,98.2,19,95,3
SYN-V-000360,SYN-P-00067,SYN-E-000078,Synthetic Community Hospital West,Internal Medicine,2024-03-19 02:48:00,59,158,95,98.2,13,99,1
SYN-V-000361,SYN-P-00067,SYN-E-000078,Synthetic Community Hospital West,Internal Medicine,2024-03-19 05:31:00,106,122,77,98.1,14,92,4
SYN-V-000362,SYN-P-00067,SYN-E-000078,Synthetic Community Hospital West,Internal Medicine,2024-03-19 08:41:00,74,126,71,98.1,12,98,2
SYN-V-000363,SYN-P-00067,SYN-E-000078,Synthetic Community Hospital West,Internal Medicine,2024-03-19 22:33:00,95,133,62,97.2,20,96,3
SYN-V-000364,SYN-P-00067,SYN-E-000078,Synthetic Community Hospital West,Internal Medicine,2024-03-20 07:16:00,109,111,67,97.8,16,99,7
SYN-V-000365,SYN-P-00067,SYN-E-000078,Synthetic Community Hospital West,Internal Medicine,2024-03-20 18:10:00,108,104,77,98.4,14,95,8
SYN-V-000366,SYN-P-00067,SYN-E-000078,Synthetic Community Hospital West,Internal Medicine,2024-03-21 01:10:00,81,120,74,99.5,19,92,5
SYN-V-000367,SYN-P-00006,SYN-E-000079,Synthetic Community Hospital West,Neurology,2024-03-16 21:02:00,72,144,77,97.5,17,92,3
SYN-V-000368,SYN-P-00006,SYN-E-000079,Synthetic Community Hospital West,Neurology,2024-03-16 22:39:00,100,116,83,98.4,14,96,7
SYN-V-000369,SYN-P-00006,SYN-E-000079,Synthetic Community Hospital West,Neurology,2024-03-17 04:42:00,90,112,89,98.9,13,95,8
SYN-V-000370,SYN-P-00006,SYN-E-000079,Synthetic Community Hospital West,Neurology,2024-03-17 09:14:00,84,105,76,97.5,19,92,1
SYN-V-000371,SYN-P-00006,SYN-E-000079,Synthetic Community Hospital West,Neurology,2024-03-18 05:04:00,87,124,85,98.4,15,94,5
SYN-V-000372,SYN-P-00006,SYN-E-000079,Synthetic Community Hospital West,Neurology,2024-03-18 09:57:00,83,155,93,97.3,18,100,
SYN-V-000373,SYN-P-00006,SYN-E-000079,Synthetic Community Hospital West,Neurology,2024-03-18 14:51:00,76,146,60,98.5,12,92,1
SYN-V-000374,SYN-P-00006,SYN-E-000079,Synthetic Community Hospital West,Neurology,2024-03-19 14:06:00,88,112,74,99.5,13,96,5
SYN-V-000375,SYN-P-00006,SYN-E-000079,Synthetic Community Hospital West,Neurology,2024-03-20 22:20:00,73,126,61,99.8,17,92,0
SYN-V-000376,SYN-P-00006,SYN-E-000079,Synthetic Community Hospital West,Neurology,2024-03-21 03:58:00,102,131,87,99.5,18,97,2
SYN-V-000377,SYN-P-00006,SYN-E-000079,Synthetic Community Hospital West,Neurology,2024-03-21 15:45:00,56,143,71,98.0,16,95,1
SYN-V-000378,SYN-P-00006,SYN-E-000079,Synthetic Community Hospital West,Neurology,2024-03-23 11:40:00,82,146,93,98.5,17,93,0
SYN-V-000379,SYN-P-00006,SYN-E-000079,Synthetic Community Hospital West,Neurology,2024-03-23 17:36:00,76,131,60,97.9,15,93,8
SYN-V-000380,SYN-P-00177,SYN-E-000080,Synthetic Specialty Clinic,Cardiology,2024-03-18 03:43:00,73,146,84,98.7,20,93,6
SYN-V-000381,SYN-P-00177,SYN-E-000080,Synthetic Specialty Clinic,Cardiology,2024-03-18 04:44:00,58,123,95,98.7,15,95,5
SYN-V-000382,SYN-P-00153,SYN-E-000081,Synthetic Community Hospital East,Internal Medicine,2024-03-18 18:11:00,98,114,63,97.2,19,98,4
SYN-V-000383,SYN-P-00153,SYN-E-000081,Synthetic Community Hospital East,Internal Medicine,2024-03-18 18:16:00,100,147,79,98.7,19,99,0
SYN-V-000384,SYN-P-00153,SYN-E-000081,Synthetic Community Hospital East,Internal Medicine,2024-03-18 19:07:00,86,153,73,97.6,20,98,4
SYN-V-000385,SYN-P-00153,SYN-E-000081,Synthetic Community Hospital East,Internal Medicine,2024-03-18 19:14:00,80,154,65,99.6,20,92,8
SYN-V-000386,SYN-P-00121,SYN-E-000082,Synthetic Community Hospital East,Internal Medicine,2024-03-20 01:11:00,91,141,92,98.2,22,97,6
SYN-V-000387,SYN-P-00121,SYN-E-000082,Synthetic Community Hospital East,Internal Medicine,2024-03-20 15:10:00,82,124,90,99.5,19,97,5
SYN-V-000388,SYN-P-00121,SYN-E-000082,Synthetic Community Hospital East,Internal Medicine,2024-03-20 19:08:00,80,133,89,98.7,20,96,1
SYN-V-000389,SYN-P-00121,SYN-E-000082,Synthetic Community Hospital East,Internal Medicine,2024-03-21 03:13:00,109,100,65,97.5,16,97,6
SYN-V-000390,SYN-P-00121,SYN-E-000082,Synthetic Community Hospital East,Internal Medicine,2024-03-21 05:22:00,100,114,68,97.8,15,95,4
SYN-V-000391,SYN-P-00121,SYN-E-000082,Synthetic Community Hospital East,Internal Medicine,2024-03-21 08:05:00,106,138,72,97.0,13,92,2
SYN-V-000392,SYN-P-00121,SYN-E-000082,Synthetic Community Hospital East,Internal Medicine,2024-03-21 18:34:00,87,100,82,97.9,19,96,
SYN-V-000393,SYN-P-00121,SYN-E-000082,Synthetic Community Hospital East,Internal Medicine,2024-03-21 18:56:00,69,120,85,97.1,17,96,5
SYN-V-000394,SYN-P-00121,SYN-E-000082,Synthetic Community Hospital East,Internal Medicine,2024-03-21 23:46:00,83,145,60,99.8,17,93,0
SYN-V-000395,SYN-P-00121,SYN-E-000082,Synthetic Community Hospital East,Internal Medicine,2024-03-22 11:24:00,65,123,81,97.8,20,99,6
SYN-V-000396,SYN-P-00121,SYN-E-000082,Synthetic Community Hospital East,Internal Medicine,2024-03-22 20:42:00,82,154,69,97.1,18,92,6
SYN-V-000397,SYN-P-00121,SYN-E-000082,Synthetic Community Hospital East,Internal Medicine,2024-03-22 22:10:00,93,156,90,98.6,21,97,1
SYN-V-000398,SYN-P-00121,SYN-E-000082,Synthetic Community Hospital East,Internal Medicine,2024-03-23 00:15:00,90,136,75,99.4,20,94,5
SYN-V-000399,SYN-P-00121,SYN-E-000082,Synthetic Community Hospital East,Internal Medicine,2024-03-23 07:51:00,95,132,69,98.1,15,95,2
SYN-V-000400,SYN-P-00121,SYN-E-000082,Synthetic Community Hospital East,Internal Medicine,2024-03-23 08:30:00,88,160,64,99.6,12,100,6
SYN-V-000401,SYN-P-00121,SYN-E-000082,Synthetic Community Hospital East,Internal Medicine,2024-03-23 14:29:00,62,156,84,98.1,16,99,
SYN-V-000402,SYN-P-00113,SYN-E-000085,Synthetic Specialty Clinic,Pulmonology,2024-03-21 23:59:00,94,116,65,99.4,14,92,0
SYN-V-000403,SYN-P-00098,SYN-E-000086,Synthetic Regional Medical Center,Pulmonology,2024-03-24 09:09:00,80,150,80,98.2,18,94,0
SYN-V-000404,SYN-P-00192,SYN-E-000087,Synthetic Community Hospital West,Emergency,2024-03-24 23:26:00,80,128,66,97.3,15,96,4
SYN-V-000405,SYN-P-00131,SYN-E-000088,Synthetic Regional Medical Center,Emergency,2024-03-25 05:17:00,61,106,66,97.5,18,93,0
SYN-V-000406,SYN-P-00199,SYN-E-000090,Synthetic Community Hospital West,Internal Medicine,2024-03-27 03:23:00,90,143,82,99.7,15,94,7
SYN-V-000407,SYN-P-00199,SYN-E-000090,Synthetic Community Hospital West,Internal Medicine,2024-03-27 15:05:00,56,112,67,99.2,19,99,4
SYN-V-000408,SYN-P-00158,SYN-E-000091,Synthetic Community Hospital East,Internal Medicine,2024-03-27 13:37:00,60,101,62,98.0,14,98,7
SYN-V-000409,SYN-P-00158,SYN-E-000091,Synthetic Community Hospital East,Internal Medicine,2024-03-27 15:49:00,95,160,86,99.0,16,99,7
SYN-V-000410,SYN-P-00158,SYN-E-000091,Synthetic Community Hospital East,Internal Medicine,2024-03-27 18:20:00,62,157,76,99.4,13,96,2
SYN-V-000411,SYN-P-00158,SYN-E-000091,Synthetic Community Hospital East,Internal Medicine,2024-03-27 23:08:00,96,101,71,98.5,21,99,7
SYN-V-000412,SYN-P-00158,SYN-E-000091,Synthetic Community Hospital East,Internal Medicine,2024-03-28 11:35:00,101,102,94,97.2,21,96,2
SYN-V-000413,SYN-P-00158,SYN-E-000091,Synthetic Community Hospital East,Internal Medicine,2024-03-28 15:06:00,109,132,84,97.6,21,94,0
SYN-V-000414,SYN-P-00158,SYN-E-000091,Synthetic Community Hospital East,Internal Medicine,2024-03-29 05:10:00,103,109,75,99.4,20,97,8
SYN-V-000415,SYN-P-00158,SYN-E-000091,Synthetic Community Hospital East,Internal Medicine,2024-03-29 16:15:00,73,145,68,98.0,21,92,7
SYN-V-000416,SYN-P-00158,SYN-E-000091,Synthetic Community Hospital East,Internal Medicine,2024-03-29 20:26:00,67,156,86,98.3,17,92,7
SYN-V-000417,SYN-P-00158,SYN-E-000091,Synthetic Community Hospital East,Internal Medicine,2024-03-30 02:43:00,103,151,62,98.1,18,94,0
SYN-V-000418,SYN-P-00158,SYN-E-000091,Synthetic Community Hospital East,Internal Medicine,2024-03-30 10:48:00,63,106,63,98.7,14,97,5
SYN-V-000419,SYN-P-00158,SYN-E-000091,Synthetic Community Hospital East,Internal Medicine,2024-03-30 13:09:00,94,121,62,98.0,14,93,0
SYN-V-000420,SYN-P-00174,SYN-E-000092,Synthetic Outpatient Center,Primary Care,2024-03-30 07:20:00,92,104,80,97.2,16,97,1
SYN-V-000421,SYN-P-00130,SYN-E-000093,Synthetic Outpatient Center,Pulmonology,2024-03-30 08:31:00,78,142,92,98.8,17,92,1
SYN-V-000422,SYN-P-00138,SYN-E-000094,Synthetic Outpatient Center,Primary Care,2024-03-31 07:42:00,87,106,85,98.5,14,99,8
SYN-V-000423,SYN-P-00138,SYN-E-000094,Synthetic Outpatient Center,Primary Care,2024-03-31 11:02:00,101,150,81,97.6,15,95,
SYN-V-000424,SYN-P-00058,SYN-E-000095,Synthetic Community Hospital East,Internal Medicine,2024-03-31 20:54:00,93,153,93,98.2,18,97,5
SYN-V-000425,SYN-P-00058,SYN-E-000095,Synthetic Community Hospital East,Internal Medicine,2024-03-31 21:18:00,98,134,78,97.5,19,100,4
SYN-V-000426,SYN-P-00058,SYN-E-000095,Synthetic Community Hospital East,Internal Medicine,2024-04-02 14:14:00,99,120,72,98.1,12,93,0
SYN-V-000427,SYN-P-00058,SYN-E-000095,Synthetic Community Hospital East,Internal Medicine,2024-04-02 21:00:00,82,108,82,98.5,16,94,0
SYN-V-000428,SYN-P-00058,SYN-E-000095,Synthetic Community Hospital East,Internal Medicine,2024-04-03 11:57:00,93,139,65,99.2,13,98,2
SYN-V-000429,SYN-P-00058,SYN-E-000095,Synthetic Community Hospital East,Internal Medicine,2024-04-03 12:42:00,96,117,91,97.1,21,92,0
SYN-V-000430,SYN-P-00058,SYN-E-000095,Synthetic Community Hospital East,Internal Medicine,2024-04-03 22:04:00,107,149,86,99.8,19,92,5
SYN-V-000431,SYN-P-00058,SYN-E-000095,Synthetic Community Hospital East,Internal Medicine,2024-04-04 06:44:00,78,143,93,97.8,15,98,3
SYN-V-000432,SYN-P-00058,SYN-E-000095,Synthetic Community Hospital East,Internal Medicine,2024-04-04 14:38:00,83,110,95,99.7,16,98,
SYN-V-000433,SYN-P-00058,SYN-E-000095,Synthetic Community Hospital East,Internal Medicine,2024-04-04 17:03:00,83,155,80,99.7,18,96,8
SYN-V-000434,SYN-P-00116,SYN-E-000096,Synthetic Community Hospital East,Endocrinology,2024-03-31 22:44:00,97,108,93,97.1,21,98,6
SYN-V-000435,SYN-P-00116,SYN-E-000096,Synthetic Community Hospital East,Endocrinology,2024-03-31 22:44:00,100,143,93,98.9,19,98,8
SYN-V-000436,SYN-P-00116,SYN-E-000096,Synthetic Community Hospital East,Endocrinology,2024-04-01 00:57:00,89,112,74,98.4,17,99,3
SYN-V-000437,SYN-P-00072,SYN-E-000097,Synthetic Community Hospital West,Emergency,2024-04-01 16:01:00,76,159,80,98.0,22,92,3
SYN-V-000438,SYN-P-00072,SYN-E-000097,Synthetic Community Hospital West,Emergency,2024-04-01 17:17:00,60,119,78,98.7,16,96,0
SYN-V-000439,SYN-P-00072,SYN-E-000097,Synthetic Community Hospital West,Emergency,2024-04-01 17:28:00,95,100,95,99.8,19,92,4
SYN-V-000440,SYN-P-00110,SYN-E-000098,Synthetic Specialty Clinic,Orthopedics,2024-04-02 07:10:00,81,101,89,97.8,16,100,0
SYN-V-000441,SYN-P-00110,SYN-E-000098,Synthetic Specialty Clinic,Orthopedics,2024-04-02 07:47:00,100,115,81,99.1,12,98,
SYN-V-000442,SYN-P-00110,SYN-E-000098,Synthetic Specialty Clinic,Orthopedics,2024-04-02 08:19:00,75,152,82,99.4,20,92,4
SYN-V-000443,SYN-P-00094,SYN-E-000099,Synthetic Regional Medical Center,Emergency,2024-04-03 16:05:00,67,123,85,98.3,19,99,6
SYN-V-000444,SYN-P-00094,SYN-E-000099,Synthetic Regional Medical Center,Emergency,2024-04-03 19:38:00,63,110,85,98.9,18,100,2
SYN-V-000445,SYN-P-00095,SYN-E-000100,Synthetic Outpatient Center,Pulmonology,2024-04-04 00:53:00,77,121,86,99.7,12,100,1
SYN-V-000446,SYN-P-00065,SYN-E-000101,Synthetic Specialty Clinic,Primary Care,2024-04-06 00:25:00,90,128,85,98.3,22,100,8
SYN-V-000447,SYN-P-00172,SYN-E-000102,Synthetic Regional Medical Center,Orthopedics,2024-04-10 01:48:00,77,120,75,99.2,17,97,1
SYN-V-000448,SYN-P-00172,SYN-E-000102,Synthetic Regional Medical Center,Orthopedics,2024-04-10 04:56:00,107,135,84,99.2,17,100,8
SYN-V-000449,SYN-P-00172,SYN-E-000102,Synthetic Regional Medical Center,Orthopedics,2024-04-10 06:12:00,85,148,86,99.3,20,97,4
SYN-V-000450,SYN-P-00172,SYN-E-000102,Synthetic Regional Medical Center,Orthopedics,2024-04-10 12:41:00,94,135,76,98.5,21,97,1
SYN-V-000451,SYN-P-00172,SYN-E-000102,Synthetic Regional Medical Center,Orthopedics,2024-04-10 19:03:00,91,135,80,98.0,22,94,3
SYN-V-000452,SYN-P-00172,SYN-E-000102,Synthetic Regional Medical Center,Orthopedics,2024-04-11 06:50:00,61,143,85,98.0,15,98,
SYN-V-000453,SYN-P-00172,SYN-E-000102,Synthetic Regional Medical Center,Orthopedics,2024-04-11 07:37:00,83,130,66,99.0,16,100,6
SYN-V-000454,SYN-P-00172,SYN-E-000102,Synthetic Regional Medical Center,Orthopedics,2024-04-11 09:33:00,90,148,91,97.8,13,97,2
SYN-V-000455,SYN-P-00172,SYN-E-000102,Synthetic Regional Medical Center,Orthopedics,2024-04-11 09:41:00,72,151,76,98.1,17,99,6
SYN-V-000456,SYN-P-00172,SYN-E-000102,Synthetic Regional Medical Center,Orthopedics,2024-04-11 13:53:00,86,115,94,97.8,15,98,2
SYN-V-000457,SYN-P-00172,SYN-E-000102,Synthetic Regional Medical Center,Orthopedics,2024-04-11 14:00:00,87,131,66,98.9,17,93,3
SYN-V-000458,SYN-P-00172,SYN-E-000102,Synthetic Regional Medical Center,Orthopedics,2024-04-11 15:37:00,62,105,73,99.2,21,94,1
SYN-V-000459,SYN-P-00172,SYN-E-000102,Synthetic Regional Medical Center,Orthopedics,2024-04-11 18:50:00,66,103,68,97.4,16,93,5
SYN-V-000460,SYN-P-00172,SYN-E-000102,Synthetic Regional Medical Center,Orthopedics,2024-04-11 20:17:00,62,107,83,99.2,19,95,4
SYN-V-000461,SYN-P-00172,SYN-E-000102,Synthetic Regional Medical Center,Orthopedics,2024-04-12 09:38:00,56,111,77,99.4,18,93,7
SYN-V-000462,SYN-P-00172,SYN-E-000102,Synthetic Regional Medical Center,Orthopedics,2024-04-12 10:31:00,63,134,74,97.7,15,93,3
SYN-V-000463,SYN-P-00172,SYN-E-000102,Synthetic Regional Medical Center,Orthopedics,2024-04-12 10:48:00,100,127,89,98.8,13,94,2
SYN-V-000464,SYN-P-00032,SYN-E-000104,Synthetic Regional Medical Center,Pulmonology,2024-04-13 10:40:00,60,152,77,99.3,21,97,7
SYN-V-000465,SYN-P-00032,SYN-E-000104,Synthetic Regional Medical Center,Pulmonology,2024-04-14 00:25:00,95,108,93,97.5,14,93,6
SYN-V-000466,SYN-P-00032,SYN-E-000104,Synthetic Regional Medical Center,Pulmonology,2024-04-14 02:24:00,110,157,79,97.9,14,93,1
SYN-V-000467,SYN-P-00032,SYN-E-000104,Synthetic Regional Medical Center,Pulmonology,2024-04-14 03:39:00,105,151,72,98.4,21,95,1
SYN-V-000468,SYN-P-00032,SYN-E-000104,Synthetic Regional Medical Center,Pulmonology,2024-04-15 03:57:00,110,102,94,98.8,13,96,8
SYN-V-000469,SYN-P-00032,SYN-E-000104,Synthetic Regional Medical Center,Pulmonology,2024-04-15 09:38:00,74,155,89,99.3,17,98,3
SYN-V-000470,SYN-P-00032,SYN-E-000104,Synthetic Regional Medical Center,Pulmonology,2024-04-16 06:13:00,89,136,66,98.3,16,99,7
SYN-V-000471,SYN-P-00032,SYN-E-000104,Synthetic Regional Medical Center,Pulmonology,2024-04-16 12:15:00,58,109,60,99.2,15,98,7
SYN-V-000472,SYN-P-00145,SYN-E-000105,Synthetic Community Hospital West,Neurology,2024-04-13 15:06:00,110,121,79,98.7,12,100,0
SYN-V-000473,SYN-P-00145,SYN-E-000105,Synthetic Community Hospital West,Neurology,2024-04-13 20:21:00,77,102,76,97.1,17,98,2
SYN-V-000474,SYN-P-00145,SYN-E-000105,Synthetic Community Hospital West,Neurology,2024-04-13 22:58:00,110,137,63,99.1,15,93,7
SYN-V-000475,SYN-P-00145,SYN-E-000105,Synthetic Community Hospital West,Neurology,2024-04-14 04:14:00,93,133,82,97.2,14,94,4
SYN-V-000476,SYN-P-00145,SYN-E-000105,Synthetic Community Hospital West,Neurology,2024-04-14 05:07:00,66,102,84,98.6,20,92,4
SYN-V-000477,SYN-P-00145,SYN-E-000105,Synthetic Community Hospital West,Neurology,2024-04-14 14:40:00,79,116,72,98.6,17,92,1
SYN-V-000478,SYN-P-00145,SYN-E-000105,Synthetic Community Hospital West,Neurology,2024-04-14 17:24:00,68,135,87,99.7,18,93,4
SYN-V-000479,SYN-P-00145,SYN-E-000105,Synthetic Community Hospital West,Neurology,2024-04-15 13:31:00,64,113,67,98.4,19,97,4
SYN-V-000480,SYN-P-00145,SYN-E-000105,Synthetic Community Hospital West,Neurology,2024-04-16 06:27:00,69,102,69,97.0,21,95,5
SYN-V-000481,SYN-P-00145,SYN-E-000105,Synthetic Community Hospital West,Neurology,2024-04-16 09:10:00,65,124,91,97.3,19,97,6
SYN-V-000482,SYN-P-00145,SYN-E-000105,Synthetic Community Hospital West,Neurology,2024-04-16 11:54:00,103,139,75,99.2,18,95,8
SYN-V-000483,SYN-P-00197,SYN-E-000106,Synthetic Community Hospital West,Neurology,2024-04-14 02:38:00,68,107,70,98.6,18,97,2
SYN-V-000484,SYN-P-00197,SYN-E-000106,Synthetic Community Hospital West,Neurology,2024-04-14 16:53:00,69,133,95,97.1,22,95,2
SYN-V-000485,SYN-P-00197,SYN-E-000106,Synthetic Community Hospital West,Neurology,2024-04-15 02:21:00,56,159,79,98.0,14,95,5
SYN-V-000486,SYN-P-00197,SYN-E-000106,Synthetic Community Hospital West,Neurology,2024-04-15 07:43:00,63,145,74,97.0,15,97,0
SYN-V-000487,SYN-P-00197,SYN-E-000106,Synthetic Community Hospital West,Neurology,2024-04-16 10:00:00,100,149,92,98.9,12,100,8
SYN-V-000488,SYN-P-00197,SYN-E-000106,Synthetic Community Hospital West,Neurology,2024-04-16 13:09:00,94,139,85,99.4,19,96,7
SYN-V-000489,SYN-P-00197,SYN-E-000106,Synthetic Community Hospital West,Neurology,2024-04-16 22:56:00,59,120,68,99.2,20,95,
SYN-V-000490,SYN-P-00197,SYN-E-000106,Synthetic Community Hospital West,Neurology,2024-04-17 12:06:00,61,126,66,97.6,21,98,7
SYN-V-000491,SYN-P-00197,SYN-E-000106,Synthetic Community Hospital West,Neurology,2024-04-17 18:52:00,93,138,78,98.3,16,99,5
SYN-V-000492,SYN-P-00128,SYN-E-000107,Synthetic Regional Medical Center,Emergency,2024-04-14 20:44:00,91,128,69,98.1,15,93,3
SYN-V-000493,SYN-P-00128,SYN-E-000107,Synthetic Regional Medical Center,Emergency,2024-04-14 22:25:00,73,153,68,97.4,19,93,0
SYN-V-000494,SYN-P-00128,SYN-E-000107,Synthetic Regional Medical Center,Emergency,2024-04-14 22:41:00,80,122,67,97.3,14,95,5
SYN-V-000495,SYN-P-00152,SYN-E-000108,Synthetic Community Hospital West,Emergency,2024-04-15 22:10:00,76,106,68,98.4,18,97,8
SYN-V-000496,SYN-P-00195,SYN-E-000109,Synthetic Regional Medical Center,Orthopedics,2024-04-16 19:11:00,72,112,62,99.0,19,93,8
SYN-V-000497,SYN-P-00195,SYN-E-000109,Synthetic Regional Medical Center,Orthopedics,2024-04-16 21:33:00,75,155,82,98.4,19,95,2
SYN-V-000498,SYN-P-00195,SYN-E-000109,Synthetic Regional Medical Center,Orthopedics,2024-04-17 15:02:00,64,153,88,97.4,18,94,4
SYN-V-000499,SYN-P-00195,SYN-E-000109,Synthetic Regional Medical Center,Orthopedics,2024-04-17 17:26:00,106,138,93,97.9,19,98,
SYN-V-000500,SYN-P-00195,SYN-E-000109,Synthetic Regional Medical Center,Orthopedics,2024-04-17 20:23:00,96,151,71,98.0,20,99,2
SYN-V-000501,SYN-P-00195,SYN-E-000109,Synthetic Regional Medical Center,Orthopedics,2024-04-17 22:45:00,100,114,65,97.9,12,100,1
SYN-V-000502,SYN-P-00195,SYN-E-000109,Synthetic Regional Medical Center,Orthopedics,2024-04-17 23:19:00,91,137,85,98.7,12,95,1
SYN-V-000503,SYN-P-00195,SYN-E-000109,Synthetic Regional Medical Center,Orthopedics,2024-04-18 19:13:00,76,158,76,99.2,22,93,
SYN-V-000504,SYN-P-00195,SYN-E-000109,Synthetic Regional Medical Center,Orthopedics,2024-04-18 21:51:00,66,104,79,98.6,21,100,4
SYN-V-000505,SYN-P-00195,SYN-E-000109,Synthetic Regional Medical Center,Orthopedics,2024-04-19 02:43:00,63,149,74,97.4,14,98,8
SYN-V-000506,SYN-P-00195,SYN-E-000109,Synthetic Regional Medical Center,Orthopedics,2024-04-19 12:53:00,59,110,81,98.3,12,95,8
SYN-V-000507,SYN-P-00195,SYN-E-000109,Synthetic Regional Medical Center,Orthopedics,2024-04-19 23:55:00,71,117,75,99.4,22,92,5
SYN-V-000508,SYN-P-00195,SYN-E-000109,Synthetic Regional Medical Center,Orthopedics,2024-04-20 05:46:00,77,115,78,99.2,16,100,1
SYN-V-000509,SYN-P-00195,SYN-E-000109,Synthetic Regional Medical Center,Orthopedics,2024-04-20 08:02:00,101,124,74,97.3,14,92,6
SYN-V-000510,SYN-P-00195,SYN-E-000109,Synthetic Regional Medical Center,Orthopedics,2024-04-20 09:16:00,66,139,62,98.7,15,97,7
SYN-V-000511,SYN-P-00195,SYN-E-000109,Synthetic Regional Medical Center,Orthopedics,2024-04-20 09:30:00,74,130,78,99.2,20,95,6
SYN-V-000512,SYN-P-00195,SYN-E-000109,Synthetic Regional Medical Center,Orthopedics,2024-04-20 12:45:00,99,109,90,97.4,18,96,2
SYN-V-000513,SYN-P-00195,SYN-E-000109,Synthetic Regional Medical Center,Orthopedics,2024-04-20 13:31:00,92,126,65,98.3,17,98,6
SYN-V-000514,SYN-P-00195,SYN-E-000109,Synthetic Regional Medical Center,Orthopedics,2024-04-21 04:27:00,55,110,94,98.8,18,93,0
SYN-V-000515,SYN-P-00195,SYN-E-000109,Synthetic Regional Medical Center,Orthopedics,2024-04-21 09:23:00,110,100,70,98.0,13,100,8
SYN-V-000516,SYN-P-00187,SYN-E-000110,Synthetic Specialty Clinic,Primary Care,2024-04-17 15:58:00,98,117,88,97.7,12,98,1
SYN-V-000517,SYN-P-00034,SYN-E-000111,Synthetic Community Hospital West,Emergency,2024-04-18 08:16:00,87,140,71,98.2,16,100,1
SYN-V-000518,SYN-P-00034,SYN-E-000111,Synthetic Community Hospital West,Emergency,2024-04-18 08:32:00,96,144,82,98.3,12,94,6
SYN-V-000519,SYN-P-00034,SYN-E-000111,Synthetic Community Hospital West,Emergency,2024-04-18 10:14:00,61,123,74,99.5,18,95,
SYN-V-000520,SYN-P-00034,SYN-E-000111,Synthetic Community Hospital West,Emergency,2024-04-18 10:32:00,88,128,90,98.2,18,98,2
SYN-V-000521,SYN-P-00034,SYN-E-000111,Synthetic Community Hospital West,Emergency,2024-04-18 11:02:00,90,117,88,99.4,15,100,8
SYN-V-000522,SYN-P-00188,SYN-E-000113,Synthetic Outpatient Center,Cardiology,2024-04-19 17:48:00,75,133,63,98.1,17,96,6
SYN-V-000523,SYN-P-00093,SYN-E-000114,Synthetic Regional Medical Center,Internal Medicine,2024-04-21 02:27:00,61,144,95,98.4,17,100,6
SYN-V-000524,SYN-P-00093,SYN-E-000114,Synthetic Regional Medical Center,Internal Medicine,2024-04-21 09:19:00,74,104,61,98.3,16,92,0
SYN-V-000525,SYN-P-00093,SYN-E-000114,Synthetic Regional Medical Center,Internal Medicine,2024-04-21 10:47:00,88,128,93,97.3,21,96,6
SYN-V-000526,SYN-P-00093,SYN-E-000114,Synthetic Regional Medical Center,Internal Medicine,2024-04-22 01:45:00,66,154,81,98.2,14,93,
SYN-V-000527,SYN-P-00093,SYN-E-000114,Synthetic Regional Medical Center,Internal Medicine,2024-04-22 02:39:00,70,147,62,99.4,22,99,6
SYN-V-000528,SYN-P-00093,SYN-E-000114,Synthetic Regional Medical Center,Internal Medicine,2024-04-22 18:08:00,77,146,77,99.7,22,93,3
SYN-V-000529,SYN-P-00093,SYN-E-000114,Synthetic Regional Medical Center,Internal Medicine,2024-04-22 18:08:00,87,155,93,98.9,18,94,2
SYN-V-000530,SYN-P-00093,SYN-E-000114,Synthetic Regional Medical Center,Internal Medicine,2024-04-22 18:33:00,79,148,79,99.8,14,98,7
SYN-V-000531,SYN-P-00093,SYN-E-000114,Synthetic Regional Medical Center,Internal Medicine,2024-04-23 02:13:00,88,136,62,99.2,16,100,3
SYN-V-000532,SYN-P-00093,SYN-E-000114,Synthetic Regional Medical Center,Internal Medicine,2024-04-23 11:15:00,75,105,63,99.7,17,96,0
SYN-V-000533,SYN-P-00093,SYN-E-000114,Synthetic Regional Medical Center,Internal Medicine,2024-04-23 12:17:00,83,149,86,97.3,21,93,4
SYN-V-000534,SYN-P-00093,SYN-E-000114,Synthetic Regional Medical Center,Internal Medicine,2024-04-24 01:32:00,73,138,62,99.3,14,99,8
SYN-V-000535,SYN-P-00095,SYN-E-000115,Synthetic Community Hospital West,Pulmonology,2024-04-21 07:46:00,58,122,71,99.6,15,100,8
SYN-V-000536,SYN-P-00095,SYN-E-000115,Synthetic Community Hospital West,Pulmonology,2024-04-21 09:06:00,64,104,70,97.5,22,98,7
SYN-V-000537,SYN-P-00138,SYN-E-000116,Synthetic Outpatient Center,Orthopedics,2024-04-21 10:00:00,108,119,78,98.8,19,93,3
SYN-V-000538,SYN-P-00138,SYN-E-000116,Synthetic Outpatient Center,Orthopedics,2024-04-21 12:17:00,76,146,67,97.1,22,99,3
SYN-V-000539,SYN-P-00015,SYN-E-000118,Synthetic Outpatient Center,Orthopedics,2024-04-22 16:16:00,86,113,62,98.6,16,99,1
SYN-V-000540,SYN-P-00015,SYN-E-000118,Synthetic Outpatient Center,Orthopedics,2024-04-22 16:31:00,108,150,89,97.8,20,97,3
SYN-V-000541,SYN-P-00161,SYN-E-000119,Synthetic Community Hospital West,Emergency,2024-04-24 03:48:00,100,124,73,99.4,22,95,3
SYN-V-000542,SYN-P-00161,SYN-E-000119,Synthetic Community Hospital West,Emergency,2024-04-24 04:06:00,60,112,68,97.5,22,94,8
SYN-V-000543,SYN-P-00161,SYN-E-000119,Synthetic Community Hospital West,Emergency,2024-04-24 04:58:00,105,147,78,98.3,14,99,
SYN-V-000544,SYN-P-00161,SYN-E-000119,Synthetic Community Hospital West,Emergency,2024-04-24 07:28:00,104,136,83,97.9,12,94,8
SYN-V-000545,SYN-P-00070,SYN-E-000120,Synthetic Outpatient Center,Cardiology,2024-04-24 10:17:00,79,121,93,98.1,12,99,1
SYN-V-000546,SYN-P-00046,SYN-E-000121,Synthetic Outpatient Center,Endocrinology,2024-04-26 01:31:00,62,145,81,99.1,22,94,2
SYN-V-000547,SYN-P-00179,SYN-E-000122,Synthetic Regional Medical Center,Pulmonology,2024-04-26 19:26:00,97,138,83,98.5,18,95,5
SYN-V-000548,SYN-P-00179,SYN-E-000122,Synthetic Regional Medical Center,Pulmonology,2024-04-27 12:19:00,61,120,66,98.2,19,96,3
SYN-V-000549,SYN-P-00179,SYN-E-000122,Synthetic Regional Medical Center,Pulmonology,2024-04-27 17:22:00,74,136,68,99.4,12,99,6
SYN-V-000550,SYN-P-00179,SYN-E-000122,Synthetic Regional Medical Center,Pulmonology,2024-04-27 17:51:00,65,128,71,97.5,19,93,0
SYN-V-000551,SYN-P-00179,SYN-E-000122,Synthetic Regional Medical Center,Pulmonology,2024-04-27 19:17:00,101,155,88,98.2,19,95,8
SYN-V-000552,SYN-P-00179,SYN-E-000122,Synthetic Regional Medical Center,Pulmonology,2024-04-28 06:16:00,59,150,80,97.5,19,93,7
SYN-V-000553,SYN-P-00179,SYN-E-000122,Synthetic Regional Medical Center,Pulmonology,2024-04-28 14:54:00,71,131,87,98.2,22,92,6
SYN-V-000554,SYN-P-00179,SYN-E-000122,Synthetic Regional Medical Center,Pulmonology,2024-04-28 17:15:00,82,114,94,99.2,18,99,3
SYN-V-000555,SYN-P-00179,SYN-E-000122,Synthetic Regional Medical Center,Pulmonology,2024-04-29 07:33:00,102,107,86,98.7,17,93,2
SYN-V-000556,SYN-P-00179,SYN-E-000122,Synthetic Regional Medical Center,Pulmonology,2024-04-29 14:11:00,58,153,62,98.1,19,99,8
SYN-V-000557,SYN-P-00179,SYN-E-000122,Synthetic Regional Medical Center,Pulmonology,2024-04-30 11:59:00,62,140,65,99.5,12,99,4
SYN-V-000558,SYN-P-00179,SYN-E-000122,Synthetic Regional Medical Center,Pulmonology,2024-04-30 21:50:00,87,129,68,99.6,12,97,3
SYN-V-000559,SYN-P-00179,SYN-E-000122,Synthetic Regional Medical Center,Pulmonology,2024-05-01 04:31:00,103,133,76,99.6,14,96,3
SYN-V-000560,SYN-P-00179,SYN-E-000122,Synthetic Regional Medical Center,Pulmonology,2024-05-01 05:02:00,66,128,87,97.3,12,95,6
SYN-V-000561,SYN-P-00179,SYN-E-000122,Synthetic Regional Medical Center,Pulmonology,2024-05-01 18:51:00,108,145,63,98.2,21,100,4
SYN-V-000562,SYN-P-00179,SYN-E-000122,Synthetic Regional Medical Center,Pulmonology,2024-05-02 08:26:00,72,101,63,98.0,21,98,3
SYN-V-000563,SYN-P-00179,SYN-E-000122,Synthetic Regional Medical Center,Pulmonology,2024-05-02 13:49:00,103,137,94,98.0,16,98,0
SYN-V-000564,SYN-P-00179,SYN-E-000122,Synthetic Regional Medical Center,Pulmonology,2024-05-02 21:11:00,74,131,84,99.8,12,98,1
SYN-V-000565,SYN-P-00179,SYN-E-000122,Synthetic Regional Medical Center,Pulmonology,2024-05-04 13:43:00,78,121,80,98.4,20,100,4
SYN-V-000566,SYN-P-00179,SYN-E-000122,Synthetic Regional Medical Center,Pulmonology,2024-05-04 19:45:00,85,142,72,99.2,20,93,7
SYN-V-000567,SYN-P-00179,SYN-E-000122,Synthetic Regional Medical Center,Pulmonology,2024-05-05 02:17:00,103,103,95,98.6,12,95,2
SYN-V-000568,SYN-P-00179,SYN-E-000122,Synthetic Regional Medical Center,Pulmonology,2024-05-05 08:53:00,97,121,65,99.8,13,97,4
SYN-V-000569,SYN-P-00179,SYN-E-000122,Synthetic Regional Medical Center,Pulmonology,2024-05-05 09:12:00,95,136,65,97.8,14,100,5
SYN-V-000570,SYN-P-00179,SYN-E-000122,Synthetic Regional Medical Center,Pulmonology,2024-05-05 09:22:00,105,128,92,99.2,15,99,3
SYN-V-000571,SYN-P-00179,SYN-E-000122,Synthetic Regional Medical Center,Pulmonology,2024-05-06 03:59:00,55,134,65,98.2,16,92,0
SYN-V-000572,SYN-P-00179,SYN-E-000122,Synthetic Regional Medical Center,Pulmonology,2024-05-06 10:39:00,98,118,94,98.2,14,93,6
SYN-V-000573,SYN-P-00179,SYN-E-000122,Synthetic Regional Medical Center,Pulmonology,2024-05-06 13:11:00,84,109,94,97.8,17,95,8
SYN-V-000574,SYN-P-00179,SYN-E-000122,Synthetic Regional Medical Center,Pulmonology,2024-05-06 22:51:00,90,125,93,98.6,18,99,5
SYN-V-000575,SYN-P-00179,SYN-E-000122,Synthetic Regional Medical Center,Pulmonology,2024-05-07 04:26:00,55,124,61,99.1,20,95,0
SYN-V-000576,SYN-P-00179,SYN-E-000122,Synthetic Regional Medical Center,Pulmonology,2024-05-07 16:14:00,73,105,83,98.0,22,98,6
SYN-V-000577,SYN-P-00179,SYN-E-000122,Synthetic Regional Medical Center,Pulmonology,2024-05-07 22:12:00,85,137,80,97.6,14,92,4
SYN-V-000578,SYN-P-00179,SYN-E-000122,Synthetic Regional Medical Center,Pulmonology,2024-05-08 16:51:00,81,140,90,98.6,13,100,4
SYN-V-000579,SYN-P-00119,SYN-E-000123,Synthetic Regional Medical Center,Neurology,2024-04-26 20:45:00,56,160,85,97.5,15,92,0
SYN-V-000580,SYN-P-00119,SYN-E-000123,Synthetic Regional Medical Center,Neurology,2024-04-27 00:04:00,74,119,75,99.2,20,96,3
SYN-V-000581,SYN-P-00119,SYN-E-000123,Synthetic Regional Medical Center,Neurology,2024-04-28 04:13:00,96,120,95,99.4,16,95,6
SYN-V-000582,SYN-P-00119,SYN-E-000123,Synthetic Regional Medical Center,Neurology,2024-04-28 16:45:00,97,138,66,98.3,19,99,5
SYN-V-000583,SYN-P-00119,SYN-E-000123,Synthetic Regional Medical Center,Neurology,2024-04-28 18:37:00,89,159,91,98.7,18,92,
SYN-V-000584,SYN-P-00119,SYN-E-000123,Synthetic Regional Medical Center,Neurology,2024-04-28 21:32:00,85,150,95,97.1,15,95,5
SYN-V-000585,SYN-P-00119,SYN-E-000123,Synthetic Regional Medical Center,Neurology,2024-04-29 02:13:00,59,119,91,97.8,16,92,4
SYN-V-000586,SYN-P-00119,SYN-E-000123,Synthetic Regional Medical Center,Neurology,2024-04-29 19:38:00,88,119,76,97.9,15,99,3
SYN-V-000587,SYN-P-00119,SYN-E-000123,Synthetic Regional Medical Center,Neurology,2024-04-30 11:46:00,59,134,69,98.3,13,92,8
SYN-V-000588,SYN-P-00119,SYN-E-000123,Synthetic Regional Medical Center,Neurology,2024-04-30 20:27:00,75,101,78,98.9,12,95,1
SYN-V-000589,SYN-P-00048,SYN-E-000124,Synthetic Regional Medical Center,Orthopedics,2024-04-28 18:06:00,76,150,91,99.5,20,100,
SYN-V-000590,SYN-P-00048,SYN-E-000124,Synthetic Regional Medical Center,Orthopedics,2024-04-28 21:16:00,70,149,85,99.6,14,92,3
SYN-V-000591,SYN-P-00048,SYN-E-000124,Synthetic Regional Medical Center,Orthopedics,2024-04-29 04:54:00,69,142,74,97.3,17,93,1
SYN-V-000592,SYN-P-00048,SYN-E-000124,Synthetic Regional Medical Center,Orthopedics,2024-04-29 06:18:00,87,124,67,98.1,15,96,4
SYN-V-000593,SYN-P-00048,SYN-E-000124,Synthetic Regional Medical Center,Orthopedics,2024-04-30 08:08:00,93,152,68,98.3,15,100,1
SYN-V-000594,SYN-P-00048,SYN-E-000124,Synthetic Regional Medical Center,Orthopedics,2024-04-30 11:39:00,89,126,76,98.7,19,92,7
SYN-V-000595,SYN-P-00048,SYN-E-000124,Synthetic Regional Medical Center,Orthopedics,2024-04-30 20:40:00,96,116,60,97.2,15,94,0
SYN-V-000596,SYN-P-00048,SYN-E-000124,Synthetic Regional Medical Center,Orthopedics,2024-05-01 14:37:00,79,154,75,98.6,21,93,0
SYN-V-000597,SYN-P-00048,SYN-E-000124,Synthetic Regional Medical Center,Orthopedics,2024-05-01 15:05:00,75,127,74,98.7,13,92,2
SYN-V-000598,SYN-P-00065,SYN-E-000125,Synthetic Community Hospital West,Internal Medicine,2024-04-27 19:36:00,102,132,89,98.5,22,92,3
SYN-V-000599,SYN-P-00065,SYN-E-000125,Synthetic Community Hospital West,Internal Medicine,2024-04-27 22:32:00,96,144,76,97.0,20,98,2
SYN-V-000600,SYN-P-00065,SYN-E-000125,Synthetic Community Hospital West,Internal Medicine,2024-04-27 22:49:00,102,158,82,98.8,18,95,6
SYN-V-000601,SYN-P-00126,SYN-E-000126,Synthetic Community Hospital East,Orthopedics,2024-04-28 16:31:00,73,131,68,99.1,12,95,5
SYN-V-000602,SYN-P-00126,SYN-E-000126,Synthetic Community Hospital East,Orthopedics,2024-04-29 10:45:00,82,120,83,99.3,13,97,
SYN-V-000603,SYN-P-00126,SYN-E-000126,Synthetic Community Hospital East,Orthopedics,2024-04-30 00:07:00,72,146,77,98.6,21,92,
SYN-V-000604,SYN-P-00126,SYN-E-000126,Synthetic Community Hospital East,Orthopedics,2024-04-30 09:22:00,92,160,65,97.3,15,99,7
SYN-V-000605,SYN-P-00126,SYN-E-000126,Synthetic Community Hospital East,Orthopedics,2024-04-30 23:13:00,73,100,86,98.1,21,96,4
SYN-V-000606,SYN-P-00126,SYN-E-000126,Synthetic Community Hospital East,Orthopedics,2024-05-01 23:03:00,106,143,61,98.9,13,98,4
SYN-V-000607,SYN-P-00126,SYN-E-000126,Synthetic Community Hospital East,Orthopedics,2024-05-02 03:22:00,61,128,74,98.0,15,100,2
SYN-V-000608,SYN-P-00094,SYN-E-000127,Synthetic Outpatient Center,Orthopedics,2024-05-02 01:38:00,105,122,77,99.0,14,93,4
SYN-V-000609,SYN-P-00053,SYN-E-000128,Synthetic Specialty Clinic,Primary Care,2024-05-02 08:20:00,62,104,74,99.5,17,98,7
SYN-V-000610,SYN-P-00053,SYN-E-000128,Synthetic Specialty Clinic,Primary Care,2024-05-02 09:04:00,78,144,61,98.4,20,99,7
SYN-V-000611,SYN-P-00181,SYN-E-000129,Synthetic Regional Medical Center,Emergency,2024-05-03 10:08:00,74,160,67,99.2,17,95,8
SYN-V-000612,SYN-P-00181,SYN-E-000129,Synthetic Regional Medical Center,Emergency,2024-05-03 10:30:00,87,143,74,99.2,17,97,4
SYN-V-000613,SYN-P-00181,SYN-E-000129,Synthetic Regional Medical Center,Emergency,2024-05-03 10:38:00,92,123,93,97.9,14,95,7
SYN-V-000614,SYN-P-00181,SYN-E-000129,Synthetic Regional Medical Center,Emergency,2024-05-03 11:05:00,84,129,72,98.5,20,93,2
SYN-V-000615,SYN-P-00181,SYN-E-000129,Synthetic Regional Medical Center,Emergency,2024-05-03 11:25:00,107,140,85,98.9,12,97,
SYN-V-000616,SYN-P-00181,SYN-E-000129,Synthetic Regional Medical Center,Emergency,2024-05-03 12:15:00,75,139,64,98.0,16,100,7
SYN-V-000617,SYN-P-00089,SYN-E-000130,Synthetic Community Hospital West,Pulmonology,2024-05-05 09:17:00,93,140,65,98.6,14,98,8
SYN-V-000618,SYN-P-00089,SYN-E-000130,Synthetic Community Hospital West,Pulmonology,2024-05-05 13:29:00,81,138,71,97.2,19,94,7
SYN-V-000619,SYN-P-00089,SYN-E-000130,Synthetic Community Hospital West,Pulmonology,2024-05-05 18:19:00,62,151,63,99.0,19,99,4
SYN-V-000620,SYN-P-00089,SYN-E-000130,Synthetic Community Hospital West,Pulmonology,2024-05-05 20:30:00,97,144,87,97.3,19,100,7
SYN-V-000621,SYN-P-00089,SYN-E-000130,Synthetic Community Hospital West,Pulmonology,2024-05-05 20:47:00,78,101,93,97.5,17,100,2
SYN-V-000622,SYN-P-00089,SYN-E-000130,Synthetic Community Hospital West,Pulmonology,2024-05-06 01:59:00,67,106,86,97.6,12,98,6
SYN-V-000623,SYN-P-00089,SYN-E-000130,Synthetic Community Hospital West,Pulmonology,2024-05-06 05:12:00,99,154,95,99.0,18,94,2
SYN-V-000624,SYN-P-00089,SYN-E-000130,Synthetic Community Hospital West,Pulmonology,2024-05-06 18:17:00,77,144,78,98.9,14,97,4
SYN-V-000625,SYN-P-00089,SYN-E-000130,Synthetic Community Hospital West,Pulmonology,2024-05-06 19:04:00,59,134,75,98.8,20,94,
SYN-V-000626,SYN-P-00089,SYN-E-000130,Synthetic Community Hospital West,Pulmonology,2024-05-07 02:35:00,101,149,79,99.2,20,98,
SYN-V-000627,SYN-P-00089,SYN-E-000130,Synthetic Community Hospital West,Pulmonology,2024-05-07 13:02:00,105,142,79,97.4,17,98,6
SYN-V-000628,SYN-P-00089,SYN-E-000130,Synthetic Community Hospital West,Pulmonology,2024-05-07 18:37:00,92,126,61,98.3,17,92,1
SYN-V-000629,SYN-P-00089,SYN-E-000130,Synthetic Community Hospital West,Pulmonology,2024-05-07 18:57:00,89,129,88,97.9,20,95,2
SYN-V-000630,SYN-P-00089,SYN-E-000130,Synthetic Community Hospital West,Pulmonology,2024-05-08 04:53:00,66,128,75,98.9,21,94,5
SYN-V-000631,SYN-P-00089,SYN-E-000130,Synthetic Community Hospital West,Pulmonology,2024-05-08 07:02:00,74,134,75,98.3,12,98,8
SYN-V-000632,SYN-P-00089,SYN-E-000130,Synthetic Community Hospital West,Pulmonology,2024-05-08 13:18:00,85,150,95,98.1,19,100,3
SYN-V-000633,SYN-P-00042,SYN-E-000133,Synthetic Community Hospital East,Internal Medicine,2024-05-06 07:40:00,74,154,92,98.9,19,98,4
SYN-V-000634,SYN-P-00042,SYN-E-000133,Synthetic Community Hospital East,Internal Medicine,2024-05-06 08:24:00,58,102,90,98.5,14,94,0
SYN-V-000635,SYN-P-00042,SYN-E-000133,Synthetic Community Hospital East,Internal Medicine,2024-05-06 10:19:00,105,106,75,97.3,20,100,3
SYN-V-000636,SYN-P-00042,SYN-E-000133,Synthetic Community Hospital East,Internal Medicine,2024-05-06 10:37:00,64,146,79,98.9,20,93,7
SYN-V-000637,SYN-P-00189,SYN-E-000135,Synthetic Regional Medical Center,Internal Medicine,2024-05-08 17:41:00,85,112,79,97.9,20,98,8
SYN-V-000638,SYN-P-00189,SYN-E-000135,Synthetic Regional Medical Center,Internal Medicine,2024-05-09 09:26:00,79,141,76,98.6,14,98,6
SYN-V-000639,SYN-P-00043,SYN-E-000136,Synthetic Community Hospital West,Emergency,2024-05-08 22:14:00,107,100,74,97.6,18,98,2
SYN-V-000640,SYN-P-00043,SYN-E-000136,Synthetic Community Hospital West,Emergency,2024-05-08 22:31:00,85,109,80,99.0,16,92,4
SYN-V-000641,SYN-P-00043,SYN-E-000136,Synthetic Community Hospital West,Emergency,2024-05-08 23:16:00,96,112,62,98.6,13,94,2
SYN-V-000642,SYN-P-00043,SYN-E-000136,Synthetic Community Hospital West,Emergency,2024-05-09 00:26:00,82,101,74,99.1,18,99,5
SYN-V-000643,SYN-P-00043,SYN-E-000136,Synthetic Community Hospital West,Emergency,2024-05-09 01:16:00,61,121,65,98.6,18,100,1
SYN-V-000644,SYN-P-00160,SYN-E-000137,Synthetic Regional Medical Center,Neurology,2024-05-09 15:17:00,84,133,85,99.2,12,96,7
SYN-V-000645,SYN-P-00160,SYN-E-000137,Synthetic Regional Medical Center,Neurology,2024-05-10 00:20:00,67,132,72,98.4,14,98,0
SYN-V-000646,SYN-P-00160,SYN-E-000137,Synthetic Regional Medical Center,Neurology,2024-05-10 03:27:00,80,158,80,98.7,19,95,5
SYN-V-000647,SYN-P-00048,SYN-E-000138,Synthetic Regional Medical Center,Nephrology,2024-05-10 04:10:00,92,124,68,97.3,21,98,1
SYN-V-000648,SYN-P-00048,SYN-E-000138,Synthetic Regional Medical Center,Nephrology,2024-05-10 22:11:00,71,117,71,99.1,19,97,7
SYN-V-000649,SYN-P-00048,SYN-E-000138,Synthetic Regional Medical Center,Nephrology,2024-05-11 03:27:00,89,121,66,97.5,22,97,1
SYN-V-000650,SYN-P-00048,SYN-E-000138,Synthetic Regional Medical Center,Nephrology,2024-05-11 07:50:00,60,107,95,99.1,14,97,1
SYN-V-000651,SYN-P-00048,SYN-E-000138,Synthetic Regional Medical Center,Nephrology,2024-05-12 00:11:00,66,113,67,98.1,13,93,0
SYN-V-000652,SYN-P-00048,SYN-E-000138,Synthetic Regional Medical Center,Nephrology,2024-05-13 19:03:00,58,133,92,98.7,18,96,6
SYN-V-000653,SYN-P-00048,SYN-E-000138,Synthetic Regional Medical Center,Nephrology,2024-05-14 01:51:00,58,154,95,99.0,20,96,3
SYN-V-000654,SYN-P-00048,SYN-E-000138,Synthetic Regional Medical Center,Nephrology,2024-05-14 02:40:00,93,159,73,99.2,13,95,4
SYN-V-000655,SYN-P-00048,SYN-E-000138,Synthetic Regional Medical Center,Nephrology,2024-05-14 05:23:00,95,157,63,99.8,21,95,5
SYN-V-000656,SYN-P-00048,SYN-E-000138,Synthetic Regional Medical Center,Nephrology,2024-05-14 11:44:00,75,103,85,98.1,18,97,2
SYN-V-000657,SYN-P-00048,SYN-E-000138,Synthetic Regional Medical Center,Nephrology,2024-05-15 03:10:00,105,103,74,98.9,13,92,6
SYN-V-000658,SYN-P-00048,SYN-E-000138,Synthetic Regional Medical Center,Nephrology,2024-05-15 06:22:00,93,137,75,99.5,17,98,
SYN-V-000659,SYN-P-00048,SYN-E-000138,Synthetic Regional Medical Center,Nephrology,2024-05-15 10:04:00,65,100,87,97.5,13,96,3
SYN-V-000660,SYN-P-00048,SYN-E-000138,Synthetic Regional Medical Center,Nephrology,2024-05-15 20:35:00,99,131,63,98.4,18,99,1
SYN-V-000661,SYN-P-00048,SYN-E-000138,Synthetic Regional Medical Center,Nephrology,2024-05-15 21:16:00,88,104,87,97.6,22,93,3
SYN-V-000662,SYN-P-00048,SYN-E-000138,Synthetic Regional Medical Center,Nephrology,2024-05-16 03:12:00,109,127,68,99.1,19,93,1
SYN-V-000663,SYN-P-00048,SYN-E-000138,Synthetic Regional Medical Center,Nephrology,2024-05-16 06:05:00,81,144,89,98.7,22,96,6
SYN-V-000664,SYN-P-00018,SYN-E-000139,Synthetic Specialty Clinic,Primary Care,2024-05-11 03:40:00,101,136,89,97.1,22,96,8
SYN-V-000665,SYN-P-00018,SYN-E-000139,Synthetic Specialty Clinic,Primary Care,2024-05-11 05:09:00,110,157,90,98.0,21,98,1
SYN-V-000666,SYN-P-00030,SYN-E-000140,Synthetic Community Hospital East,Cardiology,2024-05-12 20:13:00,100,136,65,97.2,15,93,5
SYN-V-000667,SYN-P-00030,SYN-E-000140,Synthetic Community Hospital East,Cardiology,2024-05-12 20:20:00,88,149,64,99.1,21,96,7
SYN-V-000668,SYN-P-00030,SYN-E-000140,Synthetic Community Hospital East,Cardiology,2024-05-12 20:34:00,99,151,69,97.2,22,99,0
SYN-V-000669,SYN-P-00030,SYN-E-000140,Synthetic Community Hospital East,Cardiology,2024-05-12 23:52:00,56,101,64,97.8,18,95,3
SYN-V-000670,SYN-P-00030,SYN-E-000140,Synthetic Community Hospital East,Cardiology,2024-05-13 08:27:00,56,124,60,98.6,12,92,4
SYN-V-000671,SYN-P-00030,SYN-E-000140,Synthetic Community Hospital East,Cardiology,2024-05-13 19:56:00,67,118,63,97.1,14,97,5
SYN-V-000672,SYN-P-00030,SYN-E-000140,Synthetic Community Hospital East,Cardiology,2024-05-13 23:07:00,63,148,75,97.7,15,93,6
SYN-V-000673,SYN-P-00030,SYN-E-000140,Synthetic Community Hospital East,Cardiology,2024-05-14 03:32:00,87,150,84,98.0,12,96,0
SYN-V-000674,SYN-P-00030,SYN-E-000140,Synthetic Community Hospital East,Cardiology,2024-05-14 18:57:00,101,143,86,97.3,21,92,1
SYN-V-000675,SYN-P-00030,SYN-E-000140,Synthetic Community Hospital East,Cardiology,2024-05-15 03:44:00,74,102,79,97.2,13,93,1
SYN-V-000676,SYN-P-00030,SYN-E-000140,Synthetic Community Hospital East,Cardiology,2024-05-15 10:14:00,81,101,92,99.3,22,94,5
SYN-V-000677,SYN-P-00030,SYN-E-000140,Synthetic Community Hospital East,Cardiology,2024-05-15 13:59:00,86,103,95,97.2,15,100,5
SYN-V-000678,SYN-P-00030,SYN-E-000140,Synthetic Community Hospital East,Cardiology,2024-05-15 21:04:00,100,122,65,97.8,18,94,7
SYN-V-000679,SYN-P-00030,SYN-E-000140,Synthetic Community Hospital East,Cardiology,2024-05-16 04:59:00,70,115,87,98.3,13,94,3
SYN-V-000680,SYN-P-00030,SYN-E-000140,Synthetic Community Hospital East,Cardiology,2024-05-17 14:27:00,80,139,88,97.8,22,93,7
SYN-V-000681,SYN-P-00030,SYN-E-000140,Synthetic Community Hospital East,Cardiology,2024-05-18 14:50:00,58,145,70,98.7,16,100,7
SYN-V-000682,SYN-P-00030,SYN-E-000140,Synthetic Community Hospital East,Cardiology,2024-05-18 17:43:00,91,157,87,99.8,21,92,5
SYN-V-000683,SYN-P-00055,SYN-E-000141,Synthetic Community Hospital West,Internal Medicine,2024-05-13 02:05:00,72,152,78,97.1,13,99,2
SYN-V-000684,SYN-P-00055,SYN-E-000141,Synthetic Community Hospital West,Internal Medicine,2024-05-13 06:05:00,65,120,84,97.0,17,92,
SYN-V-000685,SYN-P-00055,SYN-E-000141,Synthetic Community Hospital West,Internal Medicine,2024-05-13 16:28:00,108,156,80,99.0,22,100,4
SYN-V-000686,SYN-P-00055,SYN-E-000141,Synthetic Community Hospital West,Internal Medicine,2024-05-14 02:17:00,62,118,64,99.0,20,92,3
SYN-V-000687,SYN-P-00055,SYN-E-000141,Synthetic Community Hospital West,Internal Medicine,2024-05-14 22:04:00,59,100,69,97.7,22,97,3
SYN-V-000688,SYN-P-00055,SYN-E-000141,Synthetic Community Hospital West,Internal Medicine,2024-05-15 10:31:00,108,134,69,99.5,13,92,2
SYN-V-000689,SYN-P-00055,SYN-E-000141,Synthetic Community Hospital West,Internal Medicine,2024-05-15 11:41:00,79,113,92,98.5,19,97,6
SYN-V-000690,SYN-P-00055,SYN-E-000141,Synthetic Community Hospital West,Internal Medicine,2024-05-15 13:42:00,77,135,75,97.3,14,97,5
SYN-V-000691,SYN-P-00055,SYN-E-000141,Synthetic Community Hospital West,Internal Medicine,2024-05-16 12:19:00,57,123,89,99.3,16,99,
SYN-V-000692,SYN-P-00055,SYN-E-000141,Synthetic Community Hospital West,Internal Medicine,2024-05-16 16:10:00,87,151,79,99.2,16,94,1
SYN-V-000693,SYN-P-00055,SYN-E-000141,Synthetic Community Hospital West,Internal Medicine,2024-05-16 22:33:00,91,129,73,97.6,17,100,7
SYN-V-000694,SYN-P-00055,SYN-E-000141,Synthetic Community Hospital West,Internal Medicine,2024-05-17 13:55:00,76,125,63,99.4,19,95,8
SYN-V-000695,SYN-P-00055,SYN-E-000141,Synthetic Community Hospital West,Internal Medicine,2024-05-17 20:19:00,77,143,63,98.9,13,100,8
SYN-V-000696,SYN-P-00055,SYN-E-000141,Synthetic Community Hospital West,Internal Medicine,2024-05-18 01:15:00,77,123,82,99.8,17,92,6
SYN-V-000697,SYN-P-00055,SYN-E-000141,Synthetic Community Hospital West,Internal Medicine,2024-05-18 06:32:00,83,119,95,98.8,21,92,4
SYN-V-000698,SYN-P-00055,SYN-E-000141,Synthetic Community Hospital West,Internal Medicine,2024-05-18 15:21:00,106,116,83,99.3,14,93,1
SYN-V-000699,SYN-P-00133,SYN-E-000142,Synthetic Community Hospital West,Internal Medicine,2024-05-14 00:47:00,76,152,61,99.2,20,100,1
SYN-V-000700,SYN-P-00133,SYN-E-000142,Synthetic Community Hospital West,Internal Medicine,2024-05-14 04:32:00,73,154,90,99.3,20,92,3
SYN-V-000701,SYN-P-00133,SYN-E-000142,Synthetic Community Hospital West,Internal Medicine,2024-05-14 09:09:00,78,138,80,98.1,19,99,3
SYN-V-000702,SYN-P-00133,SYN-E-000142,Synthetic Community Hospital West,Internal Medicine,2024-05-14 18:26:00,70,133,66,99.1,21,97,6
SYN-V-000703,SYN-P-00113,SYN-E-000143,Synthetic Outpatient Center,Cardiology,2024-05-16 13:01:00,55,125,90,98.4,13,93,4
SYN-V-000704,SYN-P-00167,SYN-E-000144,Synthetic Outpatient Center,Primary Care,2024-05-16 23:40:00,56,106,88,98.0,20,94,8
SYN-V-000705,SYN-P-00167,SYN-E-000144,Synthetic Outpatient Center,Primary Care,2024-05-17 03:16:00,95,136,88,99.4,19,97,7
SYN-V-000706,SYN-P-00120,SYN-E-000145,Synthetic Specialty Clinic,Cardiology,2024-05-17 15:04:00,67,123,70,97.7,17,93,1
SYN-V-000707,SYN-P-00153,SYN-E-000147,Synthetic Community Hospital East,Internal Medicine,2024-05-19 16:46:00,57,147,92,97.1,19,92,6
SYN-V-000708,SYN-P-00153,SYN-E-000147,Synthetic Community Hospital East,Internal Medicine,2024-05-20 07:18:00,89,136,69,97.9,16,94,4
SYN-V-000709,SYN-P-00153,SYN-E-000147,Synthetic Community Hospital East,Internal Medicine,2024-05-20 17:35:00,69,146,67,99.3,12,96,0
SYN-V-000710,SYN-P-00153,SYN-E-000147,Synthetic Community Hospital East,Internal Medicine,2024-05-20 18:42:00,88,149,65,99.7,14,99,5
SYN-V-000711,SYN-P-00153,SYN-E-000147,Synthetic Community Hospital East,Internal Medicine,2024-05-20 20:04:00,64,120,82,98.6,14,92,3
SYN-V-000712,SYN-P-00153,SYN-E-000147,Synthetic Community Hospital East,Internal Medicine,2024-05-21 16:30:00,82,110,68,99.4,18,92,3
SYN-V-000713,SYN-P-00118,SYN-E-000149,Synthetic Outpatient Center,Primary Care,2024-05-20 20:00:00,99,152,73,97.9,19,100,8
SYN-V-000714,SYN-P-00118,SYN-E-000149,Synthetic Outpatient Center,Primary Care,2024-05-20 20:01:00,73,110,91,97.5,16,97,2
SYN-V-000715,SYN-P-00118,SYN-E-000149,Synthetic Outpatient Center,Primary Care,2024-05-20 20:24:00,69,105,73,99.6,12,100,3
SYN-V-000716,SYN-P-00068,SYN-E-000150,Synthetic Outpatient Center,Primary Care,2024-05-20 21:57:00,75,144,78,97.3,13,100,4
SYN-V-000717,SYN-P-00177,SYN-E-000151,Synthetic Regional Medical Center,Emergency,2024-05-20 21:41:00,62,125,78,98.4,14,92,7
SYN-V-000718,SYN-P-00177,SYN-E-000151,Synthetic Regional Medical Center,Emergency,2024-05-20 22:56:00,59,134,64,97.8,13,93,3
SYN-V-000719,SYN-P-00177,SYN-E-000151,Synthetic Regional Medical Center,Emergency,2024-05-21 00:31:00,103,116,83,98.3,16,99,2
SYN-V-000720,SYN-P-00126,SYN-E-000152,Synthetic Community Hospital East,Cardiology,2024-05-21 09:51:00,72,103,79,98.3,12,96,5
SYN-V-000721,SYN-P-00126,SYN-E-000152,Synthetic Community Hospital East,Cardiology,2024-05-21 14:04:00,78,155,77,97.8,13,92,3
SYN-V-000722,SYN-P-00126,SYN-E-000152,Synthetic Community Hospital East,Cardiology,2024-05-22 05:26:00,101,132,63,98.1,13,96,8
SYN-V-000723,SYN-P-00126,SYN-E-000152,Synthetic Community Hospital East,Cardiology,2024-05-22 10:19:00,78,111,74,98.6,21,95,2
SYN-V-000724,SYN-P-00126,SYN-E-000152,Synthetic Community Hospital East,Cardiology,2024-05-22 12:54:00,72,148,74,97.5,12,95,5
SYN-V-000725,SYN-P-00126,SYN-E-000152,Synthetic Community Hospital East,Cardiology,2024-05-22 17:11:00,99,147,92,99.0,18,92,7
SYN-V-000726,SYN-P-00126,SYN-E-000152,Synthetic Community Hospital East,Cardiology,2024-05-23 14:50:00,68,146,92,98.4,15,100,5
SYN-V-000727,SYN-P-00126,SYN-E-000152,Synthetic Community Hospital East,Cardiology,2024-05-23 17:33:00,98,153,77,97.4,14,96,4
SYN-V-000728,SYN-P-00126,SYN-E-000152,Synthetic Community Hospital East,Cardiology,2024-05-24 03:38:00,69,145,70,97.7,21,98,2
SYN-V-000729,SYN-P-00164,SYN-E-000153,Synthetic Regional Medical Center,Pulmonology,2024-05-21 18:53:00,56,139,79,97.1,13,93,6
SYN-V-000730,SYN-P-00164,SYN-E-000153,Synthetic Regional Medical Center,Pulmonology,2024-05-22 02:15:00,82,102,80,97.4,13,93,2
SYN-V-000731,SYN-P-00164,SYN-E-000153,Synthetic Regional Medical Center,Pulmonology,2024-05-22 06:15:00,75,115,71,99.7,13,93,3
SYN-V-000732,SYN-P-00164,SYN-E-000153,Synthetic Regional Medical Center,Pulmonology,2024-05-22 12:18:00,100,144,75,99.1,20,94,7
SYN-V-000733,SYN-P-00164,SYN-E-000153,Synthetic Regional Medical Center,Pulmonology,2024-05-22 19:12:00,103,104,61,97.2,21,99,6
SYN-V-000734,SYN-P-00164,SYN-E-000153,Synthetic Regional Medical Center,Pulmonology,2024-05-23 00:57:00,70,137,78,99.1,16,97,2
SYN-V-000735,SYN-P-00164,SYN-E-000153,Synthetic Regional Medical Center,Pulmonology,2024-05-23 14:05:00,79,101,63,98.6,19,97,1
SYN-V-000736,SYN-P-00164,SYN-E-000153,Synthetic Regional Medical Center,Pulmonology,2024-05-23 19:14:00,83,142,77,98.8,12,99,3
SYN-V-000737,SYN-P-00164,SYN-E-000153,Synthetic Regional Medical Center,Pulmonology,2024-05-24 01:12:00,92,107,80,97.9,22,98,7
SYN-V-000738,SYN-P-00164,SYN-E-000153,Synthetic Regional Medical Center,Pulmonology,2024-05-24 02:10:00,55,153,83,98.1,12,98,5
SYN-V-000739,SYN-P-00164,SYN-E-000153,Synthetic Regional Medical Center,Pulmonology,2024-05-24 09:04:00,78,143,84,98.8,22,97,6
SYN-V-000740,SYN-P-00164,SYN-E-000153,Synthetic Regional Medical Center,Pulmonology,2024-05-24 11:01:00,80,157,66,99.7,15,92,8
SYN-V-000741,SYN-P-00164,SYN-E-000153,Synthetic Regional Medical Center,Pulmonology,2024-05-24 12:15:00,88,138,80,98.8,14,99,8
SYN-V-000742,SYN-P-00164,SYN-E-000153,Synthetic Regional Medical Center,Pulmonology,2024-05-24 16:57:00,100,125,85,97.1,14,100,2
SYN-V-000743,SYN-P-00164,SYN-E-000153,Synthetic Regional Medical Center,Pulmonology,2024-05-24 18:09:00,97,136,61,97.4,20,96,3
SYN-V-000744,SYN-P-00016,SYN-E-000154,Synthetic Outpatient Center,Primary Care,2024-05-21 23:21:00,85,114,90,97.6,20,97,4
SYN-V-000745,SYN-P-00085,SYN-E-000155,Synthetic Community Hospital East,Pulmonology,2024-05-22 13:06:00,74,128,80,97.8,16,94,6
SYN-V-000746,SYN-P-00087,SYN-E-000156,Synthetic Outpatient Center,Primary Care,2024-05-24 11:35:00,110,113,76,99.2,14,96,8
SYN-V-000747,SYN-P-00098,SYN-E-000157,Synthetic Regional Medical Center,Orthopedics,2024-05-25 05:25:00,73,139,72,98.1,13,98,6
SYN-V-000748,SYN-P-00098,SYN-E-000157,Synthetic Regional Medical Center,Orthopedics,2024-05-25 05:55:00,98,151,63,97.3,20,93,7
SYN-V-000749,SYN-P-00098,SYN-E-000157,Synthetic Regional Medical Center,Orthopedics,2024-05-25 06:02:00,94,138,93,98.0,19,92,2
SYN-V-000750,SYN-P-00098,SYN-E-000157,Synthetic Regional Medical Center,Orthopedics,2024-05-25 07:59:00,89,148,84,98.4,18,97,2
SYN-V-000751,SYN-P-00098,SYN-E-000157,Synthetic Regional Medical Center,Orthopedics,2024-05-25 09:14:00,68,112,93,97.8,14,99,7
SYN-V-000752,SYN-P-00101,SYN-E-000158,Synthetic Community Hospital West,Emergency,2024-05-25 13:35:00,65,157,65,98.6,16,96,8
SYN-V-000753,SYN-P-00101,SYN-E-000158,Synthetic Community Hospital West,Emergency,2024-05-25 13:40:00,109,131,65,99.0,18,97,7
SYN-V-000754,SYN-P-00101,SYN-E-000158,Synthetic Community Hospital West,Emergency,2024-05-25 13:56:00,55,131,67,97.9,18,98,3
SYN-V-000755,SYN-P-00101,SYN-E-000158,Synthetic Community Hospital West,Emergency,2024-05-25 16:01:00,57,160,70,97.8,14,95,2
SYN-V-000756,SYN-P-00091,SYN-E-000159,Synthetic Outpatient Center,Orthopedics,2024-05-26 07:48:00,75,120,82,99.7,17,94,3
SYN-V-000757,SYN-P-00022,SYN-E-000160,Synthetic Outpatient Center,Primary Care,2024-05-26 09:33:00,107,111,74,99.1,22,94,4
SYN-V-000758,SYN-P-00166,SYN-E-000161,Synthetic Community Hospital East,Emergency,2024-05-27 01:42:00,96,111,85,99.0,21,92,3
SYN-V-000759,SYN-P-00166,SYN-E-000161,Synthetic Community Hospital East,Emergency,2024-05-27 04:22:00,79,144,66,98.2,13,95,0
SYN-V-000760,SYN-P-00166,SYN-E-000161,Synthetic Community Hospital East,Emergency,2024-05-27 04:45:00,99,159,84,98.1,15,96,0
SYN-V-000761,SYN-P-00034,SYN-E-000162,Synthetic Community Hospital East,Internal Medicine,2024-05-27 22:15:00,98,111,60,99.1,18,100,6
SYN-V-000762,SYN-P-00034,SYN-E-000162,Synthetic Community Hospital East,Internal Medicine,2024-05-28 02:53:00,70,133,61,97.3,13,93,4
SYN-V-000763,SYN-P-00034,SYN-E-000162,Synthetic Community Hospital East,Internal Medicine,2024-05-28 10:07:00,86,149,88,98.9,22,92,8
SYN-V-000764,SYN-P-00034,SYN-E-000162,Synthetic Community Hospital East,Internal Medicine,2024-05-28 11:45:00,108,155,66,97.9,13,99,7
SYN-V-000765,SYN-P-00034,SYN-E-000162,Synthetic Community Hospital East,Internal Medicine,2024-05-28 19:15:00,107,147,67,97.1,16,95,1
SYN-V-000766,SYN-P-00040,SYN-E-000163,Synthetic Regional Medical Center,Emergency,2024-05-27 23:18:00,103,160,92,98.1,12,93,
SYN-V-000767,SYN-P-00040,SYN-E-000163,Synthetic Regional Medical Center,Emergency,2024-05-27 23:21:00,67,131,90,99.3,17,94,8
SYN-V-000768,SYN-P-00040,SYN-E-000163,Synthetic Regional Medical Center,Emergency,2024-05-28 00:42:00,70,136,84,97.1,16,94,5
SYN-V-000769,SYN-P-00117,SYN-E-000164,Synthetic Regional Medical Center,Emergency,2024-05-28 18:32:00,82,131,92,98.6,20,98,6
SYN-V-000770,SYN-P-00117,SYN-E-000164,Synthetic Regional Medical Center,Emergency,2024-05-28 21:30:00,67,135,81,98.3,12,99,7
SYN-V-000771,SYN-P-00117,SYN-E-000164,Synthetic Regional Medical Center,Emergency,2024-05-28 21:46:00,71,155,88,99.6,17,93,4
SYN-V-000772,SYN-P-00127,SYN-E-000165,Synthetic Community Hospital West,Emergency,2024-05-29 13:11:00,56,137,67,97.0,14,93,7
SYN-V-000773,SYN-P-00127,SYN-E-000165,Synthetic Community Hospital West,Emergency,2024-05-29 14:59:00,106,147,69,98.6,20,95,1
SYN-V-000774,SYN-P-00127,SYN-E-000165,Synthetic Community Hospital West,Emergency,2024-05-29 15:03:00,87,144,72,98.1,18,92,8
SYN-V-000775,SYN-P-00127,SYN-E-000165,Synthetic Community Hospital West,Emergency,2024-05-29 15:48:00,107,113,75,99.7,18,100,1
SYN-V-000776,SYN-P-00020,SYN-E-000167,Synthetic Regional Medical Center,Emergency,2024-06-01 00:36:00,108,106,73,98.0,15,100,7
SYN-V-000777,SYN-P-00020,SYN-E-000167,Synthetic Regional Medical Center,Emergency,2024-06-01 01:57:00,63,105,86,98.9,16,100,1
SYN-V-000778,SYN-P-00084,SYN-E-000168,Synthetic Community Hospital West,Emergency,2024-06-01 06:55:00,101,132,62,98.5,14,97,1
SYN-V-000779,SYN-P-00100,SYN-E-000169,Synthetic Community Hospital West,Cardiology,2024-06-02 12:13:00,90,139,63,97.0,15,95,2
SYN-V-000780,SYN-P-00100,SYN-E-000169,Synthetic Community Hospital West,Cardiology,2024-06-02 23:07:00,68,143,84,98.3,15,94,6
SYN-V-000781,SYN-P-00100,SYN-E-000169,Synthetic Community Hospital West,Cardiology,2024-06-03 01:46:00,108,141,78,98.4,16,97,4
SYN-V-000782,SYN-P-00100,SYN-E-000169,Synthetic Community Hospital West,Cardiology,2024-06-03 02:00:00,74,128,88,98.3,12,94,6
SYN-V-000783,SYN-P-00100,SYN-E-000169,Synthetic Community Hospital West,Cardiology,2024-06-03 03:00:00,80,121,80,97.4,15,99,3
SYN-V-000784,SYN-P-00100,SYN-E-000169,Synthetic Community Hospital West,Cardiology,2024-06-04 13:46:00,90,127,87,99.7,21,94,7
SYN-V-000785,SYN-P-00100,SYN-E-000169,Synthetic Community Hospital West,Cardiology,2024-06-04 20:36:00,62,114,89,98.1,12,94,7
SYN-V-000786,SYN-P-00100,SYN-E-000169,Synthetic Community Hospital West,Cardiology,2024-06-05 23:34:00,70,124,65,97.7,18,92,8
SYN-V-000787,SYN-P-00100,SYN-E-000169,Synthetic Community Hospital West,Cardiology,2024-06-06 01:00:00,73,157,67,98.2,14,98,3
SYN-V-000788,SYN-P-00179,SYN-E-000170,Synthetic Community Hospital East,Emergency,2024-06-03 10:03:00,70,117,74,98.7,19,94,0
SYN-V-000789,SYN-P-00179,SYN-E-000170,Synthetic Community Hospital East,Emergency,2024-06-03 10:29:00,107,136,95,97.8,21,100,6
SYN-V-000790,SYN-P-00179,SYN-E-000170,Synthetic Community Hospital East,Emergency,2024-06-03 12:59:00,89,137,63,99.2,20,99,1
SYN-V-000791,SYN-P-00179,SYN-E-000170,Synthetic Community Hospital East,Emergency,2024-06-03 13:09:00,91,128,74,99.5,16,100,5
SYN-V-000792,SYN-P-00179,SYN-E-000170,Synthetic Community Hospital East,Emergency,2024-06-03 13:30:00,71,110,66,97.2,16,93,3
SYN-V-000793,SYN-P-00157,SYN-E-000171,Synthetic Specialty Clinic,Pulmonology,2024-06-03 17:21:00,99,135,93,99.6,15,92,6
SYN-V-000794,SYN-P-00067,SYN-E-000172,Synthetic Community Hospital East,Emergency,2024-06-04 10:43:00,101,105,92,98.7,17,98,6
SYN-V-000795,SYN-P-00067,SYN-E-000172,Synthetic Community Hospital East,Emergency,2024-06-04 10:52:00,101,119,69,98.8,17,94,3
SYN-V-000796,SYN-P-00067,SYN-E-000172,Synthetic Community Hospital East,Emergency,2024-06-04 13:05:00,108,102,88,97.2,20,98,4
SYN-V-000797,SYN-P-00188,SYN-E-000173,Synthetic Community Hospital West,Emergency,2024-06-05 00:16:00,78,158,83,98.3,17,100,7
SYN-V-000798,SYN-P-00080,SYN-E-000174,Synthetic Outpatient Center,Orthopedics,2024-06-05 00:53:00,91,116,81,98.7,18,96,3
SYN-V-000799,SYN-P-00080,SYN-E-000174,Synthetic Outpatient Center,Orthopedics,2024-06-05 02:12:00,70,107,89,97.1,13,99,2
SYN-V-000800,SYN-P-00089,SYN-E-000175,Synthetic Community Hospital West,Cardiology,2024-06-05 07:54:00,104,143,60,99.2,12,99,2
SYN-V-000801,SYN-P-00089,SYN-E-000175,Synthetic Community Hospital West,Cardiology,2024-06-05 09:45:00,60,133,77,99.4,13,95,4
SYN-V-000802,SYN-P-00089,SYN-E-000175,Synthetic Community Hospital West,Cardiology,2024-06-05 13:31:00,109,127,86,98.3,22,96,8
SYN-V-000803,SYN-P-00089,SYN-E-000175,Synthetic Community Hospital West,Cardiology,2024-06-05 16:24:00,74,113,61,97.9,17,94,0
SYN-V-000804,SYN-P-00089,SYN-E-000175,Synthetic Community Hospital West,Cardiology,2024-06-05 17:21:00,95,106,83,99.3,17,98,4
SYN-V-000805,SYN-P-00180,SYN-E-000176,Synthetic Regional Medical Center,Emergency,2024-06-05 18:21:00,87,153,66,98.1,12,93,8
SYN-V-000806,SYN-P-00180,SYN-E-000176,Synthetic Regional Medical Center,Emergency,2024-06-05 18:29:00,105,154,68,99.0,16,100,1
SYN-V-000807,SYN-P-00180,SYN-E-000176,Synthetic Regional Medical Center,Emergency,2024-06-05 19:22:00,68,154,79,99.7,12,96,1
SYN-V-000808,SYN-P-00180,SYN-E-000176,Synthetic Regional Medical Center,Emergency,2024-06-05 19:45:00,77,109,88,98.9,15,95,5
SYN-V-000809,SYN-P-00191,SYN-E-000177,Synthetic Outpatient Center,Pulmonology,2024-06-06 04:17:00,77,117,91,98.4,14,94,0
SYN-V-000810,SYN-P-00133,SYN-E-000178,Synthetic Specialty Clinic,Primary Care,2024-06-07 00:02:00,86,116,77,99.1,21,92,0
SYN-V-000811,SYN-P-00054,SYN-E-000179,Synthetic Specialty Clinic,Primary Care,2024-06-07 18:37:00,108,159,63,99.5,15,100,1
SYN-V-000812,SYN-P-00042,SYN-E-000180,Synthetic Community Hospital West,Emergency,2024-06-09 22:23:00,97,136,65,98.7,18,96,5
SYN-V-000813,SYN-P-00042,SYN-E-000180,Synthetic Community Hospital West,Emergency,2024-06-10 00:51:00,87,132,91,98.5,12,100,8
SYN-V-000814,SYN-P-00042,SYN-E-000180,Synthetic Community Hospital West,Emergency,2024-06-10 01:52:00,90,148,90,97.9,17,93,1
SYN-V-000815,SYN-P-00083,SYN-E-000181,Synthetic Community Hospital West,Internal Medicine,2024-06-10 01:33:00,107,118,87,99.3,12,97,7
SYN-V-000816,SYN-P-00083,SYN-E-000181,Synthetic Community Hospital West,Internal Medicine,2024-06-10 04:28:00,58,149,74,97.4,14,93,7
SYN-V-000817,SYN-P-00111,SYN-E-000183,Synthetic Outpatient Center,Primary Care,2024-06-12 00:37:00,76,142,75,98.9,15,94,5
SYN-V-000818,SYN-P-00016,SYN-E-000184,Synthetic Regional Medical Center,Cardiology,2024-06-12 03:44:00,84,137,91,97.6,13,94,3
SYN-V-000819,SYN-P-00016,SYN-E-000184,Synthetic Regional Medical Center,Cardiology,2024-06-12 03:45:00,57,118,92,97.3,17,100,4
SYN-V-000820,SYN-P-00016,SYN-E-000184,Synthetic Regional Medical Center,Cardiology,2024-06-12 03:53:00,98,151,94,99.3,21,96,5
SYN-V-000821,SYN-P-00016,SYN-E-000184,Synthetic Regional Medical Center,Cardiology,2024-06-12 04:21:00,87,150,93,97.0,13,100,5
SYN-V-000822,SYN-P-00016,SYN-E-000184,Synthetic Regional Medical Center,Cardiology,2024-06-12 04:30:00,83,114,79,99.6,14,95,3
SYN-V-000823,SYN-P-00016,SYN-E-000184,Synthetic Regional Medical Center,Cardiology,2024-06-12 05:05:00,56,158,75,99.1,21,100,7
SYN-V-000824,SYN-P-00016,SYN-E-000184,Synthetic Regional Medical Center,Cardiology,2024-06-12 06:21:00,110,109,84,99.7,15,94,7
SYN-V-000825,SYN-P-00016,SYN-E-000184,Synthetic Regional Medical Center,Cardiology,2024-06-12 06:39:00,78,112,85,98.4,22,96,3
SYN-V-000826,SYN-P-00016,SYN-E-000184,Synthetic Regional Medical Center,Cardiology,2024-06-12 06:50:00,82,124,87,97.9,19,95,4
SYN-V-000827,SYN-P-00104,SYN-E-000185,Synthetic Specialty Clinic,Endocrinology,2024-06-12 07:07:00,56,157,89,98.9,15,96,6
SYN-V-000828,SYN-P-00094,SYN-E-000186,Synthetic Outpatient Center,Primary Care,2024-06-13 05:28:00,97,160,80,98.3,21,99,1
SYN-V-000829,SYN-P-00003,SYN-E-000187,Synthetic Outpatient Center,Pulmonology,2024-06-18 23:46:00,71,154,64,98.3,15,99,5
SYN-V-000830,SYN-P-00003,SYN-E-000187,Synthetic Outpatient Center,Pulmonology,2024-06-19 00:28:00,84,115,90,99.8,20,92,7
SYN-V-000831,SYN-P-00185,SYN-E-000189,Synthetic Community Hospital East,Emergency,2024-06-19 20:49:00,108,129,92,99.0,18,92,6
SYN-V-000832,SYN-P-00185,SYN-E-000189,Synthetic Community Hospital East,Emergency,2024-06-19 22:03:00,107,152,80,98.3,13,98,0
SYN-V-000833,SYN-P-00185,SYN-E-000189,Synthetic Community Hospital East,Emergency,2024-06-19 22:09:00,91,157,90,98.2,17,97,0
SYN-V-000834,SYN-P-00185,SYN-E-000189,Synthetic Community Hospital East,Emergency,2024-06-19 23:46:00,106,104,87,97.3,20,99,1
SYN-V-000835,SYN-P-00034,SYN-E-000190,Synthetic Community Hospital East,Pulmonology,2024-06-20 13:48:00,91,130,60,98.3,16,94,5
SYN-V-000836,SYN-P-00034,SYN-E-000190,Synthetic Community Hospital East,Pulmonology,2024-06-21 15:10:00,80,150,82,99.4,22,93,5
SYN-V-000837,SYN-P-00034,SYN-E-000190,Synthetic Community Hospital East,Pulmonology,2024-06-21 18:02:00,106,117,70,98.1,19,92,5
SYN-V-000838,SYN-P-00034,SYN-E-000190,Synthetic Community Hospital East,Pulmonology,2024-06-21 18:07:00,93,132,74,97.1,12,94,1
SYN-V-000839,SYN-P-00034,SYN-E-000190,Synthetic Community Hospital East,Pulmonology,2024-06-22 00:57:00,91,159,75,97.4,17,93,0
SYN-V-000840,SYN-P-00034,SYN-E-000190,Synthetic Community Hospital East,Pulmonology,2024-06-22 13:10:00,92,155,65,97.9,22,93,5
SYN-V-000841,SYN-P-00034,SYN-E-000190,Synthetic Community Hospital East,Pulmonology,2024-06-22 14:57:00,67,123,78,97.1,22,94,1
SYN-V-000842,SYN-P-00034,SYN-E-000190,Synthetic Community Hospital East,Pulmonology,2024-06-22 17:30:00,84,111,74,99.4,17,98,7
SYN-V-000843,SYN-P-00052,SYN-E-000191,Synthetic Specialty Clinic,Primary Care,2024-06-21 04:51:00,100,135,83,99.3,22,93,4
SYN-V-000844,SYN-P-00085,SYN-E-000192,Synthetic Community Hospital East,Emergency,2024-06-22 03:31:00,70,114,83,99.1,20,92,4
SYN-V-000845,SYN-P-00010,SYN-E-000193,Synthetic Community Hospital East,Primary Care,2024-06-22 22:32:00,80,118,64,98.7,14,98,5
SYN-V-000846,SYN-P-00050,SYN-E-000194,Synthetic Regional Medical Center,Emergency,2024-06-23 06:35:00,76,131,65,99.6,16,96,2
SYN-V-000847,SYN-P-00050,SYN-E-000194,Synthetic Regional Medical Center,Emergency,2024-06-23 07:00:00,78,145,80,97.3,19,97,6
SYN-V-000848,SYN-P-00050,SYN-E-000194,Synthetic Regional Medical Center,Emergency,2024-06-23 07:50:00,70,112,90,97.0,13,95,7
SYN-V-000849,SYN-P-00050,SYN-E-000194,Synthetic Regional Medical Center,Emergency,2024-06-23 08:00:00,59,116,70,99.3,14,93,8
SYN-V-000850,SYN-P-00076,SYN-E-000195,Synthetic Regional Medical Center,Internal Medicine,2024-06-23 19:33:00,64,121,95,99.4,14,93,8
SYN-V-000851,SYN-P-00076,SYN-E-000195,Synthetic Regional Medical Center,Internal Medicine,2024-06-23 19:40:00,57,144,69,98.7,17,96,5
SYN-V-000852,SYN-P-00076,SYN-E-000195,Synthetic Regional Medical Center,Internal Medicine,2024-06-23 19:55:00,55,107,86,97.3,22,98,1
SYN-V-000853,SYN-P-00076,SYN-E-000195,Synthetic Regional Medical Center,Internal Medicine,2024-06-23 21:03:00,81,150,74,99.1,21,93,4
SYN-V-000854,SYN-P-00123,SYN-E-000196,Synthetic Regional Medical Center,Emergency,2024-06-23 19:10:00,108,124,83,98.1,18,93,8
SYN-V-000855,SYN-P-00123,SYN-E-000196,Synthetic Regional Medical Center,Emergency,2024-06-23 19:45:00,109,118,78,97.4,18,93,8
SYN-V-000856,SYN-P-00005,SYN-E-000197,Synthetic Community Hospital West,Emergency,2024-06-25 20:21:00,101,127,61,99.6,18,99,2
SYN-V-000857,SYN-P-00005,SYN-E-000197,Synthetic Community Hospital West,Emergency,2024-06-25 20:51:00,98,108,80,99.7,14,95,
SYN-V-000858,SYN-P-00005,SYN-E-000197,Synthetic Community Hospital West,Emergency,2024-06-25 21:46:00,82,150,61,97.5,22,95,
SYN-V-000859,SYN-P-00005,SYN-E-000197,Synthetic Community Hospital West,Emergency,2024-06-25 21:54:00,61,150,77,97.7,16,97,8
SYN-V-000860,SYN-P-00005,SYN-E-000197,Synthetic Community Hospital West,Emergency,2024-06-25 22:49:00,99,152,65,98.2,18,99,5
SYN-V-000861,SYN-P-00005,SYN-E-000197,Synthetic Community Hospital West,Emergency,2024-06-25 23:01:00,87,149,64,97.4,14,99,8
SYN-V-000862,SYN-P-00181,SYN-E-000198,Synthetic Specialty Clinic,Pulmonology,2024-06-27 08:42:00,78,159,73,99.4,13,99,5
SYN-V-000863,SYN-P-00181,SYN-E-000198,Synthetic Specialty Clinic,Pulmonology,2024-06-27 09:00:00,103,113,88,99.1,21,100,8
SYN-V-000864,SYN-P-00069,SYN-E-000199,Synthetic Outpatient Center,Primary Care,2024-06-28 13:55:00,77,121,79,98.5,14,94,3
SYN-V-000865,SYN-P-00121,SYN-E-000200,Synthetic Community Hospital East,Emergency,2024-06-28 20:49:00,91,157,87,99.1,22,94,4
SYN-V-000866,SYN-P-00121,SYN-E-000200,Synthetic Community Hospital East,Emergency,2024-06-28 22:04:00,99,141,74,98.5,15,100,0
SYN-V-000867,SYN-P-00121,SYN-E-000200,Synthetic Community Hospital East,Emergency,2024-06-28 23:29:00,101,133,79,99.2,15,97,6
SYN-V-000868,SYN-P-00121,SYN-E-000200,Synthetic Community Hospital East,Emergency,2024-06-28 23:29:00,79,156,60,98.7,13,98,2
SYN-V-000869,SYN-P-00133,SYN-E-000202,Synthetic Community Hospital West,Cardiology,2024-06-29 21:53:00,103,159,69,97.2,20,96,6
SYN-V-000870,SYN-P-00133,SYN-E-000202,Synthetic Community Hospital West,Cardiology,2024-06-29 23:56:00,88,128,81,99.0,16,97,3
SYN-V-000871,SYN-P-00133,SYN-E-000202,Synthetic Community Hospital West,Cardiology,2024-06-30 07:03:00,105,139,82,98.8,13,100,8
SYN-V-000872,SYN-P-00133,SYN-E-000202,Synthetic Community Hospital West,Cardiology,2024-06-30 09:41:00,70,150,94,99.5,14,93,6
SYN-V-000873,SYN-P-00133,SYN-E-000202,Synthetic Community Hospital West,Cardiology,2024-06-30 21:16:00,109,138,88,97.5,12,94,4
SYN-V-000874,SYN-P-00108,SYN-E-000203,Synthetic Community Hospital East,Pulmonology,2024-07-01 09:21:00,72,141,93,97.7,21,100,1
SYN-V-000875,SYN-P-00108,SYN-E-000203,Synthetic Community Hospital East,Pulmonology,2024-07-01 23:28:00,66,126,66,98.7,14,98,8
SYN-V-000876,SYN-P-00108,SYN-E-000203,Synthetic Community Hospital East,Pulmonology,2024-07-01 23:58:00,97,108,66,99.7,22,93,3
SYN-V-000877,SYN-P-00108,SYN-E-000203,Synthetic Community Hospital East,Pulmonology,2024-07-02 00:10:00,66,152,72,99.1,19,97,4
SYN-V-000878,SYN-P-00108,SYN-E-000203,Synthetic Community Hospital East,Pulmonology,2024-07-02 04:52:00,98,149,63,98.1,22,94,0
SYN-V-000879,SYN-P-00108,SYN-E-000203,Synthetic Community Hospital East,Pulmonology,2024-07-02 06:35:00,94,109,69,99.3,16,93,8
SYN-V-000880,SYN-P-00108,SYN-E-000203,Synthetic Community Hospital East,Pulmonology,2024-07-02 11:53:00,70,110,75,97.9,19,96,1
SYN-V-000881,SYN-P-00108,SYN-E-000203,Synthetic Community Hospital East,Pulmonology,2024-07-02 15:28:00,69,121,91,97.7,21,92,8
SYN-V-000882,SYN-P-00108,SYN-E-000203,Synthetic Community Hospital East,Pulmonology,2024-07-02 15:51:00,87,101,61,97.6,17,96,4
SYN-V-000883,SYN-P-00108,SYN-E-000203,Synthetic Community Hospital East,Pulmonology,2024-07-03 07:03:00,87,112,90,99.3,13,96,0
SYN-V-000884,SYN-P-00108,SYN-E-000203,Synthetic Community Hospital East,Pulmonology,2024-07-03 08:33:00,106,129,93,98.2,21,92,2
SYN-V-000885,SYN-P-00058,SYN-E-000204,Synthetic Community Hospital East,Endocrinology,2024-07-02 15:04:00,77,144,82,99.0,14,93,7
SYN-V-000886,SYN-P-00058,SYN-E-000204,Synthetic Community Hospital East,Endocrinology,2024-07-02 15:44:00,57,109,70,97.1,19,96,6
SYN-V-000887,SYN-P-00156,SYN-E-000205,Synthetic Regional Medical Center,Cardiology,2024-07-04 01:40:00,91,137,70,98.4,14,96,5
SYN-V-000888,SYN-P-00156,SYN-E-000205,Synthetic Regional Medical Center,Cardiology,2024-07-04 11:21:00,67,157,60,99.2,14,98,6
SYN-V-000889,SYN-P-00147,SYN-E-000206,Synthetic Specialty Clinic,Cardiology,2024-07-04 22:37:00,66,156,61,97.7,22,92,5
SYN-V-000890,SYN-P-00016,SYN-E-000207,Synthetic Regional Medical Center,Primary Care,2024-07-05 03:21:00,97,151,73,97.9,12,98,7
SYN-V-000891,SYN-P-00089,SYN-E-000208,Synthetic Specialty Clinic,Pulmonology,2024-07-05 10:37:00,94,156,68,97.5,18,96,3
SYN-V-000892,SYN-P-00089,SYN-E-000208,Synthetic Specialty Clinic,Pulmonology,2024-07-05 11:16:00,94,151,87,98.7,22,96,1
SYN-V-000893,SYN-P-00131,SYN-E-000209,Synthetic Community Hospital West,Emergency,2024-07-05 16:24:00,63,145,71,99.3,20,93,8
SYN-V-000894,SYN-P-00131,SYN-E-000209,Synthetic Community Hospital West,Emergency,2024-07-05 18:00:00,58,153,71,97.5,17,92,4
SYN-V-000895,SYN-P-00131,SYN-E-000209,Synthetic Community Hospital West,Emergency,2024-07-05 18:10:00,108,105,91,98.0,14,100,2
SYN-V-000896,SYN-P-00131,SYN-E-000209,Synthetic Community Hospital West,Emergency,2024-07-05 18:53:00,80,158,91,97.5,15,98,4
SYN-V-000897,SYN-P-00180,SYN-E-000211,Synthetic Regional Medical Center,Orthopedics,2024-07-06 17:28:00,73,146,60,98.1,13,92,7
SYN-V-000898,SYN-P-00180,SYN-E-000211,Synthetic Regional Medical Center,Orthopedics,2024-07-07 01:54:00,74,124,60,97.7,17,96,7
SYN-V-000899,SYN-P-00180,SYN-E-000211,Synthetic Regional Medical Center,Orthopedics,2024-07-07 02:20:00,98,159,84,97.6,18,93,6
SYN-V-000900,SYN-P-00180,SYN-E-000211,Synthetic Regional Medical Center,Orthopedics,2024-07-07 03:42:00,90,101,86,99.5,12,96,4
SYN-V-000901,SYN-P-00180,SYN-E-000211,Synthetic Regional Medical Center,Orthopedics,2024-07-07 04:24:00,84,157,70,99.0,20,95,4
SYN-V-000902,SYN-P-00180,SYN-E-000211,Synthetic Regional Medical Center,Orthopedics,2024-07-07 11:05:00,95,117,73,99.3,19,99,1
SYN-V-000903,SYN-P-00180,SYN-E-000211,Synthetic Regional Medical Center,Orthopedics,2024-07-07 11:41:00,104,113,89,97.5,17,100,0
SYN-V-000904,SYN-P-00180,SYN-E-000211,Synthetic Regional Medical Center,Orthopedics,2024-07-07 15:35:00,100,156,62,97.9,17,98,4
SYN-V-000905,SYN-P-00180,SYN-E-000211,Synthetic Regional Medical Center,Orthopedics,2024-07-07 16:58:00,57,159,95,97.4,21,95,4
SYN-V-000906,SYN-P-00112,SYN-E-000212,Synthetic Community Hospital West,Cardiology,2024-07-06 17:39:00,106,154,95,97.8,13,100,4
SYN-V-000907,SYN-P-00112,SYN-E-000212,Synthetic Community Hospital West,Cardiology,2024-07-06 22:02:00,81,139,62,97.4,22,96,8
SYN-V-000908,SYN-P-00112,SYN-E-000212,Synthetic Community Hospital West,Cardiology,2024-07-07 06:23:00,71,160,61,98.4,15,100,8
SYN-V-000909,SYN-P-00112,SYN-E-000212,Synthetic Community Hospital West,Cardiology,2024-07-07 17:37:00,101,130,86,99.0,15,95,6
SYN-V-000910,SYN-P-00112,SYN-E-000212,Synthetic Community Hospital West,Cardiology,2024-07-07 20:19:00,97,114,68,97.5,13,92,3
SYN-V-000911,SYN-P-00112,SYN-E-000212,Synthetic Community Hospital West,Cardiology,2024-07-08 05:41:00,101,104,72,99.0,19,93,7
SYN-V-000912,SYN-P-00112,SYN-E-000212,Synthetic Community Hospital West,Cardiology,2024-07-08 09:19:00,64,145,91,97.5,20,100,5
SYN-V-000913,SYN-P-00112,SYN-E-000212,Synthetic Community Hospital West,Cardiology,2024-07-08 11:45:00,67,134,62,98.3,21,93,8
SYN-V-000914,SYN-P-00074,SYN-E-000213,Synthetic Outpatient Center,Pulmonology,2024-07-06 17:56:00,57,141,95,97.6,16,93,7
SYN-V-000915,SYN-P-00074,SYN-E-000213,Synthetic Outpatient Center,Pulmonology,2024-07-06 18:07:00,64,142,78,98.1,13,97,0
SYN-V-000916,SYN-P-00074,SYN-E-000213,Synthetic Outpatient Center,Pulmonology,2024-07-06 19:45:00,104,136,92,98.5,22,92,6
SYN-V-000917,SYN-P-00074,SYN-E-000213,Synthetic Outpatient Center,Pulmonology,2024-07-06 20:20:00,86,135,91,97.9,18,95,
SYN-V-000918,SYN-P-00092,SYN-E-000214,Synthetic Community Hospital West,Neurology,2024-07-08 01:00:00,88,148,94,98.0,22,92,3
SYN-V-000919,SYN-P-00092,SYN-E-000214,Synthetic Community Hospital West,Neurology,2024-07-08 15:56:00,58,114,91,97.2,12,96,0
SYN-V-000920,SYN-P-00002,SYN-E-000215,Synthetic Community Hospital West,Endocrinology,2024-07-08 22:12:00,85,124,75,98.8,13,92,2
SYN-V-000921,SYN-P-00117,SYN-E-000216,Synthetic Specialty Clinic,Primary Care,2024-07-09 03:39:00,85,129,72,99.4,13,93,8
SYN-V-000922,SYN-P-00185,SYN-E-000217,Synthetic Outpatient Center,Endocrinology,2024-07-09 10:59:00,76,159,73,99.3,13,99,3
SYN-V-000923,SYN-P-00056,SYN-E-000218,Synthetic Specialty Clinic,Endocrinology,2024-07-09 11:10:00,75,102,74,98.6,22,100,3
SYN-V-000924,SYN-P-00174,SYN-E-000219,Synthetic Specialty Clinic,Primary Care,2024-07-12 15:14:00,102,146,80,99.8,21,98,4
SYN-V-000925,SYN-P-00094,SYN-E-000223,Synthetic Regional Medical Center,Internal Medicine,2024-07-16 08:43:00,65,131,83,97.8,16,96,4
SYN-V-000926,SYN-P-00094,SYN-E-000223,Synthetic Regional Medical Center,Internal Medicine,2024-07-16 08:48:00,97,159,77,98.2,17,99,8
SYN-V-000927,SYN-P-00094,SYN-E-000223,Synthetic Regional Medical Center,Internal Medicine,2024-07-16 16:52:00,65,160,77,99.4,15,98,7
SYN-V-000928,SYN-P-00094,SYN-E-000223,Synthetic Regional Medical Center,Internal Medicine,2024-07-16 18:52:00,69,122,65,98.9,18,98,1
SYN-V-000929,SYN-P-00094,SYN-E-000223,Synthetic Regional Medical Center,Internal Medicine,2024-07-17 00:56:00,106,150,78,97.8,16,95,
SYN-V-000930,SYN-P-00094,SYN-E-000223,Synthetic Regional Medical Center,Internal Medicine,2024-07-17 14:27:00,69,126,73,99.3,18,98,2
SYN-V-000931,SYN-P-00094,SYN-E-000223,Synthetic Regional Medical Center,Internal Medicine,2024-07-17 17:24:00,62,121,72,99.0,15,97,2
SYN-V-000932,SYN-P-00094,SYN-E-000223,Synthetic Regional Medical Center,Internal Medicine,2024-07-17 19:01:00,81,154,67,97.2,16,95,8
SYN-V-000933,SYN-P-00094,SYN-E-000223,Synthetic Regional Medical Center,Internal Medicine,2024-07-17 20:38:00,91,103,70,98.4,19,93,0
SYN-V-000934,SYN-P-00094,SYN-E-000223,Synthetic Regional Medical Center,Internal Medicine,2024-07-17 23:16:00,70,139,69,99.7,19,96,7
SYN-V-000935,SYN-P-00094,SYN-E-000223,Synthetic Regional Medical Center,Internal Medicine,2024-07-18 10:44:00,79,100,65,99.3,14,100,0
SYN-V-000936,SYN-P-00094,SYN-E-000223,Synthetic Regional Medical Center,Internal Medicine,2024-07-18 14:21:00,85,140,78,98.5,13,92,5
SYN-V-000937,SYN-P-00094,SYN-E-000223,Synthetic Regional Medical Center,Internal Medicine,2024-07-19 01:16:00,74,100,68,98.4,14,98,7
SYN-V-000938,SYN-P-00094,SYN-E-000223,Synthetic Regional Medical Center,Internal Medicine,2024-07-19 06:09:00,98,112,90,99.4,13,97,1
SYN-V-000939,SYN-P-00094,SYN-E-000223,Synthetic Regional Medical Center,Internal Medicine,2024-07-19 08:00:00,81,132,82,97.4,12,92,0
SYN-V-000940,SYN-P-00094,SYN-E-000223,Synthetic Regional Medical Center,Internal Medicine,2024-07-20 00:58:00,59,141,81,99.2,22,95,8
SYN-V-000941,SYN-P-00094,SYN-E-000223,Synthetic Regional Medical Center,Internal Medicine,2024-07-20 07:27:00,68,149,95,99.2,19,95,8
SYN-V-000942,SYN-P-00094,SYN-E-000223,Synthetic Regional Medical Center,Internal Medicine,2024-07-20 13:36:00,106,108,83,99.4,22,92,1
SYN-V-000943,SYN-P-00094,SYN-E-000223,Synthetic Regional Medical Center,Internal Medicine,2024-07-21 02:53:00,96,111,68,98.1,16,96,2
SYN-V-000944,SYN-P-00094,SYN-E-000223,Synthetic Regional Medical Center,Internal Medicine,2024-07-21 16:19:00,104,104,83,97.9,22,96,2
SYN-V-000945,SYN-P-00094,SYN-E-000223,Synthetic Regional Medical Center,Internal Medicine,2024-07-21 22:08:00,59,115,81,99.7,22,94,3
SYN-V-000946,SYN-P-00094,SYN-E-000223,Synthetic Regional Medical Center,Internal Medicine,2024-07-23 03:14:00,86,160,92,98.4,14,98,3
SYN-V-000947,SYN-P-00094,SYN-E-000223,Synthetic Regional Medical Center,Internal Medicine,2024-07-23 13:33:00,75,113,84,98.0,14,98,3
SYN-V-000948,SYN-P-00094,SYN-E-000223,Synthetic Regional Medical Center,Internal Medicine,2024-07-24 00:37:00,97,104,70,98.2,17,93,3
SYN-V-000949,SYN-P-00094,SYN-E-000223,Synthetic Regional Medical Center,Internal Medicine,2024-07-24 08:29:00,63,157,77,98.2,20,100,8
SYN-V-000950,SYN-P-00094,SYN-E-000223,Synthetic Regional Medical Center,Internal Medicine,2024-07-24 23:10:00,105,130,66,99.8,14,93,7
SYN-V-000951,SYN-P-00107,SYN-E-000224,Synthetic Outpatient Center,Cardiology,2024-07-16 17:50:00,65,117,66,98.8,22,94,4
SYN-V-000952,SYN-P-00066,SYN-E-000225,Synthetic Specialty Clinic,Primary Care,2024-07-18 09:01:00,60,138,82,98.2,13,95,4
SYN-V-000953,SYN-P-00022,SYN-E-000226,Synthetic Regional Medical Center,Internal Medicine,2024-07-18 23:12:00,80,124,84,97.7,14,98,4
SYN-V-000954,SYN-P-00022,SYN-E-000226,Synthetic Regional Medical Center,Internal Medicine,2024-07-19 06:42:00,109,103,84,97.3,16,94,5
SYN-V-000955,SYN-P-00022,SYN-E-000226,Synthetic Regional Medical Center,Internal Medicine,2024-07-19 12:33:00,103,160,86,98.3,21,98,0
SYN-V-000956,SYN-P-00022,SYN-E-000226,Synthetic Regional Medical Center,Internal Medicine,2024-07-19 13:18:00,90,109,93,98.5,16,99,7
SYN-V-000957,SYN-P-00022,SYN-E-000226,Synthetic Regional Medical Center,Internal Medicine,2024-07-19 13:21:00,79,119,81,97.1,18,100,7
SYN-V-000958,SYN-P-00096,SYN-E-000227,Synthetic Community Hospital West,Emergency,2024-07-18 23:29:00,109,111,89,99.1,18,99,1
SYN-V-000959,SYN-P-00096,SYN-E-000227,Synthetic Community Hospital West,Emergency,2024-07-18 23:40:00,69,149,89,99.5,22,97,1
SYN-V-000960,SYN-P-00096,SYN-E-000227,Synthetic Community Hospital West,Emergency,2024-07-19 00:53:00,83,140,61,97.8,22,93,2
SYN-V-000961,SYN-P-00043,SYN-E-000228,Synthetic Community Hospital West,Emergency,2024-07-19 00:25:00,57,148,77,97.6,17,95,2
SYN-V-000962,SYN-P-00044,SYN-E-000230,Synthetic Community Hospital West,Cardiology,2024-07-19 12:16:00,63,148,90,99.6,13,100,5
SYN-V-000963,SYN-P-00017,SYN-E-000231,Synthetic Community Hospital East,Pulmonology,2024-07-19 19:25:00,72,109,88,97.1,14,95,5
SYN-V-000964,SYN-P-00182,SYN-E-000233,Synthetic Community Hospital West,Emergency,2024-07-20 11:31:00,97,125,79,98.9,13,95,8
SYN-V-000965,SYN-P-00182,SYN-E-000233,Synthetic Community Hospital West,Emergency,2024-07-20 13:45:00,73,160,79,98.8,19,99,2
SYN-V-000966,SYN-P-00182,SYN-E-000233,Synthetic Community Hospital West,Emergency,2024-07-20 14:46:00,105,134,76,98.0,15,99,7
SYN-V-000967,SYN-P-00115,SYN-E-000234,Synthetic Specialty Clinic,Orthopedics,2024-07-20 12:31:00,83,153,80,99.2,12,95,7
SYN-V-000968,SYN-P-00021,SYN-E-000236,Synthetic Community Hospital East,Emergency,2024-07-21 00:39:00,64,124,79,98.7,12,98,4
SYN-V-000969,SYN-P-00021,SYN-E-000236,Synthetic Community Hospital East,Emergency,2024-07-21 03:11:00,65,146,83,97.9,13,94,4
SYN-V-000970,SYN-P-00021,SYN-E-000236,Synthetic Community Hospital East,Emergency,2024-07-21 04:16:00,101,142,71,97.6,21,95,
SYN-V-000971,SYN-P-00175,SYN-E-000237,Synthetic Community Hospital West,Cardiology,2024-07-21 14:44:00,93,123,83,98.7,14,92,1
SYN-V-000972,SYN-P-00175,SYN-E-000237,Synthetic Community Hospital West,Cardiology,2024-07-21 15:07:00,70,132,60,99.1,22,94,2
SYN-V-000973,SYN-P-00175,SYN-E-000237,Synthetic Community Hospital West,Cardiology,2024-07-22 06:37:00,73,108,78,99.4,21,93,3
SYN-V-000974,SYN-P-00175,SYN-E-000237,Synthetic Community Hospital West,Cardiology,2024-07-22 22:30:00,102,107,67,97.3,18,94,6
SYN-V-000975,SYN-P-00175,SYN-E-000237,Synthetic Community Hospital West,Cardiology,2024-07-22 23:51:00,70,104,69,98.6,22,99,5
SYN-V-000976,SYN-P-00175,SYN-E-000237,Synthetic Community Hospital West,Cardiology,2024-07-23 00:48:00,72,114,65,98.4,13,96,4
SYN-V-000977,SYN-P-00175,SYN-E-000237,Synthetic Community Hospital West,Cardiology,2024-07-23 12:34:00,81,120,63,99.3,13,100,7
SYN-V-000978,SYN-P-00175,SYN-E-000237,Synthetic Community Hospital West,Cardiology,2024-07-24 12:57:00,97,151,80,97.1,15,93,8
SYN-V-000979,SYN-P-00175,SYN-E-000237,Synthetic Community Hospital West,Cardiology,2024-07-24 22:43:00,107,119,77,97.5,17,92,6
SYN-V-000980,SYN-P-00175,SYN-E-000237,Synthetic Community Hospital West,Cardiology,2024-07-25 07:35:00,57,111,67,97.4,13,99,7
SYN-V-000981,SYN-P-00175,SYN-E-000237,Synthetic Community Hospital West,Cardiology,2024-07-25 09:44:00,92,144,89,98.1,22,98,2
SYN-V-000982,SYN-P-00175,SYN-E-000237,Synthetic Community Hospital West,Cardiology,2024-07-25 13:16:00,104,103,91,98.7,18,100,3
SYN-V-000983,SYN-P-00175,SYN-E-000237,Synthetic Community Hospital West,Cardiology,2024-07-25 14:18:00,92,118,82,99.3,13,94,8
SYN-V-000984,SYN-P-00175,SYN-E-000237,Synthetic Community Hospital West,Cardiology,2024-07-25 16:14:00,86,119,63,98.7,13,92,6
SYN-V-000985,SYN-P-00175,SYN-E-000237,Synthetic Community Hospital West,Cardiology,2024-07-25 18:18:00,107,156,95,97.9,12,97,8
SYN-V-000986,SYN-P-00175,SYN-E-000237,Synthetic Community Hospital West,Cardiology,2024-07-25 22:00:00,75,107,78,99.4,19,96,4
SYN-V-000987,SYN-P-00175,SYN-E-000237,Synthetic Community Hospital West,Cardiology,2024-07-26 07:45:00,95,112,86,98.7,12,98,1
SYN-V-000988,SYN-P-00175,SYN-E-000237,Synthetic Community Hospital West,Cardiology,2024-07-27 10:32:00,84,111,85,99.7,20,96,3
SYN-V-000989,SYN-P-00003,SYN-E-000238,Synthetic Specialty Clinic,Endocrinology,2024-07-22 05:09:00,110,154,91,97.7,20,93,7
SYN-V-000990,SYN-P-00089,SYN-E-000239,Synthetic Community Hospital West,Emergency,2024-07-23 07:09:00,56,111,69,97.4,14,92,2
SYN-V-000991,SYN-P-00089,SYN-E-000239,Synthetic Community Hospital West,Emergency,2024-07-23 07:20:00,88,144,86,97.1,13,94,2
SYN-V-000992,SYN-P-00089,SYN-E-000239,Synthetic Community Hospital West,Emergency,2024-07-23 07:26:00,56,147,88,98.5,21,99,2
SYN-V-000993,SYN-P-00089,SYN-E-000239,Synthetic Community Hospital West,Emergency,2024-07-23 07:47:00,76,133,72,97.2,21,98,3
SYN-V-000994,SYN-P-00080,SYN-E-000240,Synthetic Community Hospital West,Internal Medicine,2024-07-24 04:47:00,66,130,77,99.1,12,96,7
SYN-V-000995,SYN-P-00080,SYN-E-000240,Synthetic Community Hospital West,Internal Medicine,2024-07-24 09:59:00,91,159,78,99.3,16,99,3
SYN-V-000996,SYN-P-00080,SYN-E-000240,Synthetic Community Hospital West,Internal Medicine,2024-07-24 13:33:00,97,137,76,99.5,18,92,8
SYN-V-000997,SYN-P-00080,SYN-E-000240,Synthetic Community Hospital West,Internal Medicine,2024-07-24 15:38:00,99,116,86,98.8,21,99,3
SYN-V-000998,SYN-P-00080,SYN-E-000240,Synthetic Community Hospital West,Internal Medicine,2024-07-24 17:37:00,60,127,69,97.4,17,97,2
SYN-V-000999,SYN-P-00080,SYN-E-000240,Synthetic Community Hospital West,Internal Medicine,2024-07-24 17:43:00,109,110,77,98.6,17,94,3
SYN-V-001000,SYN-P-00080,SYN-E-000240,Synthetic Community Hospital West,Internal Medicine,2024-07-24 18:02:00,105,140,80,97.5,16,99,5
SYN-V-001001,SYN-P-00080,SYN-E-000240,Synthetic Community Hospital West,Internal Medicine,2024-07-24 23:56:00,71,149,66,99.4,16,100,6
SYN-V-001002,SYN-P-00080,SYN-E-000240,Synthetic Community Hospital West,Internal Medicine,2024-07-25 11:15:00,75,121,64,98.5,15,96,5
SYN-V-001003,SYN-P-00080,SYN-E-000240,Synthetic Community Hospital West,Internal Medicine,2024-07-25 14:08:00,63,101,77,97.4,12,100,3
SYN-V-001004,SYN-P-00080,SYN-E-000240,Synthetic Community Hospital West,Internal Medicine,2024-07-25 21:36:00,83,106,90,97.2,16,100,4
SYN-V-001005,SYN-P-00080,SYN-E-000240,Synthetic Community Hospital West,Internal Medicine,2024-07-26 01:50:00,69,137,62,99.2,22,93,0
SYN-V-001006,SYN-P-00080,SYN-E-000240,Synthetic Community Hospital West,Internal Medicine,2024-07-26 14:08:00,90,116,66,99.3,18,100,4
SYN-V-001007,SYN-P-00127,SYN-E-000241,Synthetic Specialty Clinic,Primary Care,2024-07-24 01:03:00,87,159,70,98.0,22,98,0
SYN-V-001008,SYN-P-00151,SYN-E-000243,Synthetic Regional Medical Center,Cardiology,2024-07-25 04:09:00,108,104,63,98.0,15,95,8
SYN-V-001009,SYN-P-00151,SYN-E-000243,Synthetic Regional Medical Center,Cardiology,2024-07-25 04:12:00,101,108,66,98.2,19,97,7
SYN-V-001010,SYN-P-00151,SYN-E-000243,Synthetic Regional Medical Center,Cardiology,2024-07-25 05:01:00,81,147,83,98.5,17,94,7
SYN-V-001011,SYN-P-00151,SYN-E-000243,Synthetic Regional Medical Center,Cardiology,2024-07-25 06:51:00,70,105,90,98.6,14,93,5
SYN-V-001012,SYN-P-00151,SYN-E-000243,Synthetic Regional Medical Center,Cardiology,2024-07-25 07:08:00,78,100,73,99.2,19,99,0
SYN-V-001013,SYN-P-00151,SYN-E-000243,Synthetic Regional Medical Center,Cardiology,2024-07-25 07:10:00,104,123,92,98.5,19,92,8
SYN-V-001014,SYN-P-00165,SYN-E-000244,Synthetic Community Hospital West,Cardiology,2024-07-26 12:06:00,102,111,84,98.4,15,94,7
SYN-V-001015,SYN-P-00165,SYN-E-000244,Synthetic Community Hospital West,Cardiology,2024-07-26 17:19:00,76,114,92,97.8,14,92,6
SYN-V-001016,SYN-P-00165,SYN-E-000244,Synthetic Community Hospital West,Cardiology,2024-07-26 23:24:00,56,141,62,97.7,16,95,2
SYN-V-001017,SYN-P-00165,SYN-E-000244,Synthetic Community Hospital West,Cardiology,2024-07-27 01:11:00,85,116,62,99.0,22,100,5
SYN-V-001018,SYN-P-00165,SYN-E-000244,Synthetic Community Hospital West,Cardiology,2024-07-27 02:08:00,61,105,73,98.1,18,100,2
SYN-V-001019,SYN-P-00165,SYN-E-000244,Synthetic Community Hospital West,Cardiology,2024-07-27 08:33:00,57,125,89,98.5,13,100,8
SYN-V-001020,SYN-P-00165,SYN-E-000244,Synthetic Community Hospital West,Cardiology,2024-07-27 14:43:00,105,130,91,99.2,18,99,3
SYN-V-001021,SYN-P-00165,SYN-E-000244,Synthetic Community Hospital West,Cardiology,2024-07-27 22:57:00,101,129,74,98.8,17,98,2
SYN-V-001022,SYN-P-00165,SYN-E-000244,Synthetic Community Hospital West,Cardiology,2024-07-28 00:19:00,65,129,85,97.8,22,97,8
SYN-V-001023,SYN-P-00165,SYN-E-000244,Synthetic Community Hospital West,Cardiology,2024-07-28 01:17:00,103,157,65,97.1,19,94,4
SYN-V-001024,SYN-P-00165,SYN-E-000244,Synthetic Community Hospital West,Cardiology,2024-07-28 10:05:00,104,120,60,97.8,12,99,6
SYN-V-001025,SYN-P-00165,SYN-E-000244,Synthetic Community Hospital West,Cardiology,2024-07-28 16:40:00,94,105,82,99.6,21,96,0
SYN-V-001026,SYN-P-00165,SYN-E-000244,Synthetic Community Hospital West,Cardiology,2024-07-29 02:19:00,67,131,69,97.9,17,99,1
SYN-V-001027,SYN-P-00165,SYN-E-000244,Synthetic Community Hospital West,Cardiology,2024-07-29 05:08:00,96,144,90,98.1,21,100,8
SYN-V-001028,SYN-P-00165,SYN-E-000244,Synthetic Community Hospital West,Cardiology,2024-07-29 09:57:00,62,115,60,99.0,14,93,5
SYN-V-001029,SYN-P-00165,SYN-E-000244,Synthetic Community Hospital West,Cardiology,2024-07-29 13:00:00,62,152,61,97.8,21,100,5
SYN-V-001030,SYN-P-00165,SYN-E-000244,Synthetic Community Hospital West,Cardiology,2024-07-29 15:22:00,108,117,89,99.5,15,98,6
SYN-V-001031,SYN-P-00165,SYN-E-000244,Synthetic Community Hospital West,Cardiology,2024-07-30 01:17:00,64,126,82,97.7,12,100,6
SYN-V-001032,SYN-P-00165,SYN-E-000244,Synthetic Community Hospital West,Cardiology,2024-07-30 13:15:00,57,104,62,99.8,15,97,0
SYN-V-001033,SYN-P-00165,SYN-E-000244,Synthetic Community Hospital West,Cardiology,2024-07-30 16:31:00,62,153,84,99.3,19,93,8
SYN-V-001034,SYN-P-00165,SYN-E-000244,Synthetic Community Hospital West,Cardiology,2024-07-30 19:38:00,56,104,94,97.6,21,96,6
SYN-V-001035,SYN-P-00165,SYN-E-000244,Synthetic Community Hospital West,Cardiology,2024-07-30 19:38:00,84,121,92,99.5,18,98,1
SYN-V-001036,SYN-P-00165,SYN-E-000244,Synthetic Community Hospital West,Cardiology,2024-07-31 00:55:00,63,132,79,99.8,12,93,7
SYN-V-001037,SYN-P-00165,SYN-E-000244,Synthetic Community Hospital West,Cardiology,2024-07-31 03:36:00,72,160,75,98.7,21,92,2
SYN-V-001038,SYN-P-00042,SYN-E-000245,Synthetic Community Hospital West,Emergency,2024-07-26 21:51:00,85,149,85,97.9,17,95,5
SYN-V-001039,SYN-P-00042,SYN-E-000245,Synthetic Community Hospital West,Emergency,2024-07-26 21:53:00,81,156,69,98.2,15,98,0
SYN-V-001040,SYN-P-00042,SYN-E-000245,Synthetic Community Hospital West,Emergency,2024-07-26 22:37:00,89,146,68,99.4,14,100,3
SYN-V-001041,SYN-P-00042,SYN-E-000245,Synthetic Community Hospital West,Emergency,2024-07-27 00:46:00,65,105,93,98.6,16,97,6
SYN-V-001042,SYN-P-00042,SYN-E-000245,Synthetic Community Hospital West,Emergency,2024-07-27 01:09:00,85,140,81,97.2,14,96,8
SYN-V-001043,SYN-P-00042,SYN-E-000245,Synthetic Community Hospital West,Emergency,2024-07-27 01:20:00,82,105,83,97.9,13,99,2
SYN-V-001044,SYN-P-00114,SYN-E-000246,Synthetic Regional Medical Center,Nephrology,2024-07-27 06:57:00,98,121,92,98.4,17,97,7
SYN-V-001045,SYN-P-00114,SYN-E-000246,Synthetic Regional Medical Center,Nephrology,2024-07-27 11:13:00,92,147,68,98.1,15,98,6
SYN-V-001046,SYN-P-00114,SYN-E-000246,Synthetic Regional Medical Center,Nephrology,2024-07-27 14:49:00,106,156,92,98.6,15,99,2
SYN-V-001047,SYN-P-00114,SYN-E-000246,Synthetic Regional Medical Center,Nephrology,2024-07-27 23:22:00,65,123,89,99.4,22,97,8
SYN-V-001048,SYN-P-00114,SYN-E-000246,Synthetic Regional Medical Center,Nephrology,2024-07-28 02:34:00,56,115,90,97.7,14,99,6
SYN-V-001049,SYN-P-00114,SYN-E-000246,Synthetic Regional Medical Center,Nephrology,2024-07-28 07:50:00,60,146,66,99.5,14,96,8
SYN-V-001050,SYN-P-00114,SYN-E-000246,Synthetic Regional Medical Center,Nephrology,2024-07-28 12:26:00,87,160,85,98.1,18,92,4
SYN-V-001051,SYN-P-00114,SYN-E-000246,Synthetic Regional Medical Center,Nephrology,2024-07-28 17:55:00,65,118,79,98.6,19,94,8
SYN-V-001052,SYN-P-00114,SYN-E-000246,Synthetic Regional Medical Center,Nephrology,2024-07-28 18:57:00,90,154,61,99.1,13,98,4
SYN-V-001053,SYN-P-00114,SYN-E-000246,Synthetic Regional Medical Center,Nephrology,2024-07-28 21:19:00,92,108,95,97.8,20,95,5
SYN-V-001054,SYN-P-00132,SYN-E-000247,Synthetic Community Hospital East,Cardiology,2024-07-27 13:31:00,81,151,74,99.2,18,100,4
SYN-V-001055,SYN-P-00132,SYN-E-000247,Synthetic Community Hospital East,Cardiology,2024-07-27 13:36:00,84,111,83,97.8,22,98,
SYN-V-001056,SYN-P-00132,SYN-E-000247,Synthetic Community Hospital East,Cardiology,2024-07-27 13:37:00,70,143,87,99.0,15,96,5
SYN-V-001057,SYN-P-00132,SYN-E-000247,Synthetic Community Hospital East,Cardiology,2024-07-27 13:54:00,91,112,71,99.7,16,96,5
SYN-V-001058,SYN-P-00132,SYN-E-000247,Synthetic Community Hospital East,Cardiology,2024-07-27 14:10:00,104,160,71,97.1,20,99,8
SYN-V-001059,SYN-P-00132,SYN-E-000247,Synthetic Community Hospital East,Cardiology,2024-07-27 14:28:00,61,130,73,97.8,13,99,0
SYN-V-001060,SYN-P-00132,SYN-E-000247,Synthetic Community Hospital East,Cardiology,2024-07-27 14:43:00,85,135,66,97.2,14,95,4
SYN-V-001061,SYN-P-00132,SYN-E-000247,Synthetic Community Hospital East,Cardiology,2024-07-27 14:52:00,98,105,85,98.1,20,98,2
SYN-V-001062,SYN-P-00132,SYN-E-000247,Synthetic Community Hospital East,Cardiology,2024-07-27 15:26:00,102,147,93,99.5,18,100,1
SYN-V-001063,SYN-P-00132,SYN-E-000247,Synthetic Community Hospital East,Cardiology,2024-07-27 16:07:00,106,122,79,99.6,16,99,7
SYN-V-001064,SYN-P-00143,SYN-E-000248,Synthetic Specialty Clinic,Cardiology,2024-07-27 17:33:00,63,129,93,99.3,12,98,3
SYN-V-001065,SYN-P-00045,SYN-E-000249,Synthetic Community Hospital West,Emergency,2024-07-27 22:16:00,74,133,65,97.4,17,97,8
SYN-V-001066,SYN-P-00045,SYN-E-000249,Synthetic Community Hospital West,Emergency,2024-07-28 00:38:00,83,129,92,99.2,17,93,2
SYN-V-001067,SYN-P-00045,SYN-E-000249,Synthetic Community Hospital West,Emergency,2024-07-28 01:04:00,62,141,84,97.1,17,100,0
SYN-V-001068,SYN-P-00198,SYN-E-000250,Synthetic Specialty Clinic,Pulmonology,2024-07-29 02:07:00,80,127,93,98.5,13,98,3
SYN-V-001069,SYN-P-00007,SYN-E-000251,Synthetic Specialty Clinic,Primary Care,2024-07-29 12:30:00,80,110,74,99.4,20,94,5
SYN-V-001070,SYN-P-00105,SYN-E-000252,Synthetic Specialty Clinic,Orthopedics,2024-07-29 15:55:00,104,122,70,97.8,14,97,7
SYN-V-001071,SYN-P-00105,SYN-E-000252,Synthetic Specialty Clinic,Orthopedics,2024-07-29 18:01:00,56,122,80,99.6,16,93,3
SYN-V-001072,SYN-P-00160,SYN-E-000254,Synthetic Regional Medical Center,Orthopedics,2024-08-01 22:26:00,109,111,62,99.6,20,96,7
SYN-V-001073,SYN-P-00159,SYN-E-000255,Synthetic Outpatient Center,Primary Care,2024-08-02 07:27:00,98,104,74,98.1,22,100,7
SYN-V-001074,SYN-P-00059,SYN-E-000256,Synthetic Regional Medical Center,Emergency,2024-08-02 21:58:00,95,147,69,99.0,21,93,0
SYN-V-001075,SYN-P-00059,SYN-E-000256,Synthetic Regional Medical Center,Emergency,2024-08-02 22:22:00,88,125,66,99.4,19,94,4
SYN-V-001076,SYN-P-00059,SYN-E-000256,Synthetic Regional Medical Center,Emergency,2024-08-02 23:18:00,59,120,82,98.1,22,96,0
SYN-V-001077,SYN-P-00059,SYN-E-000256,Synthetic Regional Medical Center,Emergency,2024-08-03 00:19:00,66,101,85,98.2,13,92,0
SYN-V-001078,SYN-P-00040,SYN-E-000258,Synthetic Regional Medical Center,Emergency,2024-08-04 14:26:00,92,149,75,97.2,21,98,2
SYN-V-001079,SYN-P-00040,SYN-E-000258,Synthetic Regional Medical Center,Emergency,2024-08-04 15:32:00,93,126,60,99.5,17,94,5
SYN-V-001080,SYN-P-00040,SYN-E-000258,Synthetic Regional Medical Center,Emergency,2024-08-04 16:23:00,74,136,91,97.5,16,94,3
SYN-V-001081,SYN-P-00040,SYN-E-000258,Synthetic Regional Medical Center,Emergency,2024-08-04 17:26:00,71,128,66,99.3,14,97,3
SYN-V-001082,SYN-P-00040,SYN-E-000258,Synthetic Regional Medical Center,Emergency,2024-08-04 17:32:00,66,125,88,97.4,16,94,1
SYN-V-001083,SYN-P-00008,SYN-E-000259,Synthetic Community Hospital West,Neurology,2024-08-06 11:35:00,72,120,95,97.6,18,97,2
SYN-V-001084,SYN-P-00008,SYN-E-000259,Synthetic Community Hospital West,Neurology,2024-08-06 17:39:00,100,100,70,98.8,16,100,1
SYN-V-001085,SYN-P-00008,SYN-E-000259,Synthetic Community Hospital West,Neurology,2024-08-07 05:05:00,78,131,93,97.7,16,92,2
SYN-V-001086,SYN-P-00008,SYN-E-000259,Synthetic Community Hospital West,Neurology,2024-08-07 07:08:00,95,101,78,97.3,22,94,1
SYN-V-001087,SYN-P-00008,SYN-E-000259,Synthetic Community Hospital West,Neurology,2024-08-07 07:13:00,98,114,67,98.3,15,99,3
SYN-V-001088,SYN-P-00008,SYN-E-000259,Synthetic Community Hospital West,Neurology,2024-08-07 14:13:00,85,150,93,97.7,21,93,3
SYN-V-001089,SYN-P-00008,SYN-E-000259,Synthetic Community Hospital West,Neurology,2024-08-07 14:53:00,80,111,91,97.5,13,92,1
SYN-V-001090,SYN-P-00008,SYN-E-000259,Synthetic Community Hospital West,Neurology,2024-08-07 21:54:00,89,125,86,97.0,12,94,
SYN-V-001091,SYN-P-00008,SYN-E-000259,Synthetic Community Hospital West,Neurology,2024-08-08 04:29:00,55,125,78,97.9,13,93,3
SYN-V-001092,SYN-P-00008,SYN-E-000259,Synthetic Community Hospital West,Neurology,2024-08-08 08:47:00,79,155,84,99.2,21,93,
SYN-V-001093,SYN-P-00008,SYN-E-000259,Synthetic Community Hospital West,Neurology,2024-08-08 09:36:00,104,104,93,97.4,15,96,8
SYN-V-001094,SYN-P-00008,SYN-E-000259,Synthetic Community Hospital West,Neurology,2024-08-08 09:45:00,74,104,75,98.4,22,95,1
SYN-V-001095,SYN-P-00008,SYN-E-000259,Synthetic Community Hospital West,Neurology,2024-08-08 12:55:00,75,143,72,98.5,13,92,7
SYN-V-001096,SYN-P-00008,SYN-E-000259,Synthetic Community Hospital West,Neurology,2024-08-08 16:49:00,61,146,84,97.7,13,99,
SYN-V-001097,SYN-P-00008,SYN-E-000259,Synthetic Community Hospital West,Neurology,2024-08-09 00:20:00,101,145,84,97.2,18,99,0
SYN-V-001098,SYN-P-00008,SYN-E-000259,Synthetic Community Hospital West,Neurology,2024-08-09 09:33:00,76,127,84,98.6,18,99,0
SYN-V-001099,SYN-P-00008,SYN-E-000259,Synthetic Community Hospital West,Neurology,2024-08-09 13:17:00,59,144,63,98.9,12,95,3
SYN-V-001100,SYN-P-00008,SYN-E-000259,Synthetic Community Hospital West,Neurology,2024-08-09 14:33:00,99,104,64,98.1,16,96,5
SYN-V-001101,SYN-P-00008,SYN-E-000259,Synthetic Community Hospital West,Neurology,2024-08-10 02:52:00,89,143,72,99.0,22,94,1
SYN-V-001102,SYN-P-00008,SYN-E-000259,Synthetic Community Hospital West,Neurology,2024-08-10 03:20:00,65,103,63,98.6,20,97,4
SYN-V-001103,SYN-P-00008,SYN-E-000259,Synthetic Community Hospital West,Neurology,2024-08-10 06:45:00,89,136,63,98.1,17,94,
SYN-V-001104,SYN-P-00067,SYN-E-000260,Synthetic Specialty Clinic,Cardiology,2024-08-06 16:37:00,108,113,77,99.4,13,94,7
SYN-V-001105,SYN-P-00003,SYN-E-000261,Synthetic Regional Medical Center,Emergency,2024-08-06 17:37:00,55,133,70,97.8,13,94,8
SYN-V-001106,SYN-P-00003,SYN-E-000261,Synthetic Regional Medical Center,Emergency,2024-08-06 18:17:00,98,115,64,99.5,19,92,1
SYN-V-001107,SYN-P-00003,SYN-E-000261,Synthetic Regional Medical Center,Emergency,2024-08-06 19:25:00,59,122,77,99.6,12,100,0
SYN-V-001108,SYN-P-00003,SYN-E-000261,Synthetic Regional Medical Center,Emergency,2024-08-06 20:17:00,77,149,82,97.1,21,99,0
SYN-V-001109,SYN-P-00003,SYN-E-000261,Synthetic Regional Medical Center,Emergency,2024-08-06 20:34:00,102,137,72,98.4,13,97,1
SYN-V-001110,SYN-P-00003,SYN-E-000261,Synthetic Regional Medical Center,Emergency,2024-08-06 21:06:00,58,137,89,98.4,15,99,5
SYN-V-001111,SYN-P-00173,SYN-E-000262,Synthetic Specialty Clinic,Pulmonology,2024-08-06 18:40:00,62,116,95,98.3,22,99,1
SYN-V-001112,SYN-P-00173,SYN-E-000262,Synthetic Specialty Clinic,Pulmonology,2024-08-06 20:26:00,100,102,70,98.1,18,99,4
SYN-V-001113,SYN-P-00031,SYN-E-000263,Synthetic Specialty Clinic,Pulmonology,2024-08-08 09:53:00,108,157,77,98.2,22,94,4
SYN-V-001114,SYN-P-00031,SYN-E-000263,Synthetic Specialty Clinic,Pulmonology,2024-08-08 11:17:00,88,138,83,98.5,16,92,0
SYN-V-001115,SYN-P-00050,SYN-E-000264,Synthetic Regional Medical Center,Emergency,2024-08-10 02:56:00,95,138,94,98.0,21,96,7
SYN-V-001116,SYN-P-00050,SYN-E-000264,Synthetic Regional Medical Center,Emergency,2024-08-10 03:20:00,96,150,67,99.4,14,100,3
SYN-V-001117,SYN-P-00050,SYN-E-000264,Synthetic Regional Medical Center,Emergency,2024-08-10 04:49:00,82,144,91,97.5,12,99,5
SYN-V-001118,SYN-P-00120,SYN-E-000265,Synthetic Specialty Clinic,Primary Care,2024-08-10 19:27:00,55,114,75,97.7,21,97,7
SYN-V-001119,SYN-P-00120,SYN-E-000265,Synthetic Specialty Clinic,Primary Care,2024-08-10 19:47:00,107,118,67,99.1,16,97,4
SYN-V-001120,SYN-P-00131,SYN-E-000266,Synthetic Regional Medical Center,Pulmonology,2024-08-11 14:38:00,92,101,95,98.6,22,99,1
SYN-V-001121,SYN-P-00131,SYN-E-000266,Synthetic Regional Medical Center,Pulmonology,2024-08-11 17:38:00,87,114,60,99.2,17,95,3
SYN-V-001122,SYN-P-00131,SYN-E-000266,Synthetic Regional Medical Center,Pulmonology,2024-08-12 02:11:00,96,136,89,98.9,14,100,
SYN-V-001123,SYN-P-00131,SYN-E-000266,Synthetic Regional Medical Center,Pulmonology,2024-08-12 14:13:00,71,112,86,98.4,20,100,1
SYN-V-001124,SYN-P-00131,SYN-E-000266,Synthetic Regional Medical Center,Pulmonology,2024-08-12 19:06:00,71,146,73,98.0,16,95,3
SYN-V-001125,SYN-P-00131,SYN-E-000266,Synthetic Regional Medical Center,Pulmonology,2024-08-12 21:07:00,79,140,71,98.4,15,92,6
SYN-V-001126,SYN-P-00131,SYN-E-000266,Synthetic Regional Medical Center,Pulmonology,2024-08-13 07:12:00,68,142,71,97.9,21,94,4
SYN-V-001127,SYN-P-00131,SYN-E-000266,Synthetic Regional Medical Center,Pulmonology,2024-08-13 08:57:00,110,141,95,98.7,16,94,2
SYN-V-001128,SYN-P-00131,SYN-E-000266,Synthetic Regional Medical Center,Pulmonology,2024-08-13 18:44:00,109,114,76,98.3,16,95,4
SYN-V-001129,SYN-P-00131,SYN-E-000266,Synthetic Regional Medical Center,Pulmonology,2024-08-14 01:47:00,94,156,72,98.9,20,92,8
SYN-V-001130,SYN-P-00131,SYN-E-000266,Synthetic Regional Medical Center,Pulmonology,2024-08-14 03:04:00,109,124,68,99.2,22,92,3
SYN-V-001131,SYN-P-00131,SYN-E-000266,Synthetic Regional Medical Center,Pulmonology,2024-08-14 12:07:00,99,104,94,99.5,20,96,7
SYN-V-001132,SYN-P-00131,SYN-E-000266,Synthetic Regional Medical Center,Pulmonology,2024-08-14 20:27:00,101,150,71,97.9,22,100,1
SYN-V-001133,SYN-P-00131,SYN-E-000266,Synthetic Regional Medical Center,Pulmonology,2024-08-15 10:01:00,77,137,71,99.4,14,96,2
SYN-V-001134,SYN-P-00084,SYN-E-000267,Synthetic Outpatient Center,Primary Care,2024-08-12 09:39:00,57,102,80,99.6,18,100,3
SYN-V-001135,SYN-P-00101,SYN-E-000268,Synthetic Regional Medical Center,Internal Medicine,2024-08-12 08:55:00,91,149,83,99.8,16,98,4
SYN-V-001136,SYN-P-00101,SYN-E-000268,Synthetic Regional Medical Center,Internal Medicine,2024-08-12 10:00:00,102,149,91,99.3,20,93,3
SYN-V-001137,SYN-P-00101,SYN-E-000268,Synthetic Regional Medical Center,Internal Medicine,2024-08-12 14:20:00,97,156,86,98.0,21,95,5
SYN-V-001138,SYN-P-00101,SYN-E-000268,Synthetic Regional Medical Center,Internal Medicine,2024-08-12 22:16:00,57,128,77,97.5,14,96,2
SYN-V-001139,SYN-P-00101,SYN-E-000268,Synthetic Regional Medical Center,Internal Medicine,2024-08-13 00:44:00,101,130,91,97.7,13,97,7
SYN-V-001140,SYN-P-00101,SYN-E-000268,Synthetic Regional Medical Center,Internal Medicine,2024-08-13 01:17:00,58,102,65,99.6,18,99,3
SYN-V-001141,SYN-P-00101,SYN-E-000268,Synthetic Regional Medical Center,Internal Medicine,2024-08-13 07:14:00,86,107,93,98.4,15,94,3
SYN-V-001142,SYN-P-00101,SYN-E-000268,Synthetic Regional Medical Center,Internal Medicine,2024-08-13 08:26:00,80,153,95,98.1,22,99,5
SYN-V-001143,SYN-P-00101,SYN-E-000268,Synthetic Regional Medical Center,Internal Medicine,2024-08-13 08:30:00,97,137,75,97.8,12,93,
SYN-V-001144,SYN-P-00101,SYN-E-000268,Synthetic Regional Medical Center,Internal Medicine,2024-08-13 09:27:00,94,137,95,99.8,13,100,5
SYN-V-001145,SYN-P-00101,SYN-E-000268,Synthetic Regional Medical Center,Internal Medicine,2024-08-13 19:41:00,105,159,95,98.9,16,94,1
SYN-V-001146,SYN-P-00101,SYN-E-000268,Synthetic Regional Medical Center,Internal Medicine,2024-08-13 20:57:00,91,103,85,97.5,19,96,3
SYN-V-001147,SYN-P-00101,SYN-E-000268,Synthetic Regional Medical Center,Internal Medicine,2024-08-14 09:49:00,94,144,84,98.3,16,93,7
SYN-V-001148,SYN-P-00101,SYN-E-000268,Synthetic Regional Medical Center,Internal Medicine,2024-08-14 13:16:00,87,150,93,98.9,18,97,3
SYN-V-001149,SYN-P-00101,SYN-E-000268,Synthetic Regional Medical Center,Internal Medicine,2024-08-14 19:06:00,85,125,77,97.4,22,95,2
SYN-V-001150,SYN-P-00101,SYN-E-000268,Synthetic Regional Medical Center,Internal Medicine,2024-08-15 08:54:00,65,158,64,98.3,19,96,8
SYN-V-001151,SYN-P-00101,SYN-E-000268,Synthetic Regional Medical Center,Internal Medicine,2024-08-15 09:24:00,101,160,77,99.6,14,97,
SYN-V-001152,SYN-P-00192,SYN-E-000269,Synthetic Outpatient Center,Orthopedics,2024-08-13 00:05:00,55,140,77,97.6,14,93,6
SYN-V-001153,SYN-P-00176,SYN-E-000270,Synthetic Regional Medical Center,Pulmonology,2024-08-13 15:53:00,55,101,67,98.5,19,93,5
SYN-V-001154,SYN-P-00176,SYN-E-000270,Synthetic Regional Medical Center,Pulmonology,2024-08-14 01:23:00,85,156,75,98.5,17,100,4
SYN-V-001155,SYN-P-00176,SYN-E-000270,Synthetic Regional Medical Center,Pulmonology,2024-08-14 13:17:00,58,141,74,98.0,20,94,3
SYN-V-001156,SYN-P-00176,SYN-E-000270,Synthetic Regional Medical Center,Pulmonology,2024-08-14 18:37:00,57,152,80,98.6,19,93,2
SYN-V-001157,SYN-P-00176,SYN-E-000270,Synthetic Regional Medical Center,Pulmonology,2024-08-15 01:09:00,82,133,89,99.6,13,95,7
SYN-V-001158,SYN-P-00176,SYN-E-000270,Synthetic Regional Medical Center,Pulmonology,2024-08-15 04:14:00,98,132,85,98.1,15,95,8
SYN-V-001159,SYN-P-00176,SYN-E-000270,Synthetic Regional Medical Center,Pulmonology,2024-08-15 14:01:00,75,112,77,97.1,17,99,0
SYN-V-001160,SYN-P-00176,SYN-E-000270,Synthetic Regional Medical Center,Pulmonology,2024-08-15 20:40:00,104,131,93,98.6,15,95,7
SYN-V-001161,SYN-P-00176,SYN-E-000270,Synthetic Regional Medical Center,Pulmonology,2024-08-17 00:06:00,78,140,73,97.5,18,94,
SYN-V-001162,SYN-P-00176,SYN-E-000270,Synthetic Regional Medical Center,Pulmonology,2024-08-17 03:53:00,68,137,70,97.6,15,94,3
SYN-V-001163,SYN-P-00176,SYN-E-000270,Synthetic Regional Medical Center,Pulmonology,2024-08-17 14:02:00,90,105,75,99.5,13,93,8
SYN-V-001164,SYN-P-00176,SYN-E-000270,Synthetic Regional Medical Center,Pulmonology,2024-08-18 02:16:00,108,122,75,99.7,19,96,7
SYN-V-001165,SYN-P-00015,SYN-E-000271,Synthetic Community Hospital West,Cardiology,2024-08-14 06:10:00,73,119,67,99.3,21,100,8
SYN-V-001166,SYN-P-00015,SYN-E-000271,Synthetic Community Hospital West,Cardiology,2024-08-14 06:44:00,89,158,78,99.8,19,92,4
SYN-V-001167,SYN-P-00015,SYN-E-000271,Synthetic Community Hospital West,Cardiology,2024-08-14 07:50:00,78,142,88,99.6,20,96,5
SYN-V-001168,SYN-P-00015,SYN-E-000271,Synthetic Community Hospital West,Cardiology,2024-08-14 09:27:00,92,125,74,98.5,16,96,3
SYN-V-001169,SYN-P-00015,SYN-E-000271,Synthetic Community Hospital West,Cardiology,2024-08-14 15:22:00,55,160,95,97.8,20,96,8
SYN-V-001170,SYN-P-00015,SYN-E-000271,Synthetic Community Hospital West,Cardiology,2024-08-14 16:58:00,66,153,62,99.2,13,96,3
SYN-V-001171,SYN-P-00015,SYN-E-000271,Synthetic Community Hospital West,Cardiology,2024-08-14 20:49:00,82,102,73,97.4,21,96,2
SYN-V-001172,SYN-P-00178,SYN-E-000272,Synthetic Specialty Clinic,Primary Care,2024-08-15 02:56:00,89,155,94,98.4,16,97,6
SYN-V-001173,SYN-P-00042,SYN-E-000273,Synthetic Regional Medical Center,Internal Medicine,2024-08-15 06:32:00,61,157,63,97.5,19,98,5
SYN-V-001174,SYN-P-00042,SYN-E-000273,Synthetic Regional Medical Center,Internal Medicine,2024-08-15 07:13:00,100,139,73,98.4,14,94,0
SYN-V-001175,SYN-P-00042,SYN-E-000273,Synthetic Regional Medical Center,Internal Medicine,2024-08-15 08:08:00,83,160,88,97.2,18,92,5
SYN-V-001176,SYN-P-00042,SYN-E-000273,Synthetic Regional Medical Center,Internal Medicine,2024-08-15 08:10:00,76,139,78,99.4,18,99,
SYN-V-001177,SYN-P-00042,SYN-E-000273,Synthetic Regional Medical Center,Internal Medicine,2024-08-15 08:29:00,69,159,75,97.7,19,97,3
SYN-V-001178,SYN-P-00042,SYN-E-000273,Synthetic Regional Medical Center,Internal Medicine,2024-08-15 09:05:00,91,133,85,99.0,19,97,6
SYN-V-001179,SYN-P-00042,SYN-E-000273,Synthetic Regional Medical Center,Internal Medicine,2024-08-15 09:07:00,60,111,89,97.0,22,95,8
SYN-V-001180,SYN-P-00002,SYN-E-000275,Synthetic Specialty Clinic,Orthopedics,2024-08-16 16:53:00,85,110,95,98.6,15,100,7
SYN-V-001181,SYN-P-00034,SYN-E-000276,Synthetic Specialty Clinic,Orthopedics,2024-08-17 15:33:00,75,117,94,98.6,20,99,7
SYN-V-001182,SYN-P-00034,SYN-E-000276,Synthetic Specialty Clinic,Orthopedics,2024-08-17 17:48:00,85,132,81,97.4,18,96,3
SYN-V-001183,SYN-P-00045,SYN-E-000277,Synthetic Regional Medical Center,Emergency,2024-08-18 00:07:00,67,111,70,98.4,13,94,7
SYN-V-001184,SYN-P-00045,SYN-E-000277,Synthetic Regional Medical Center,Emergency,2024-08-18 00:27:00,96,153,83,98.6,15,98,1
SYN-V-001185,SYN-P-00045,SYN-E-000277,Synthetic Regional Medical Center,Emergency,2024-08-18 00:33:00,91,149,61,98.4,18,99,6
SYN-V-001186,SYN-P-00045,SYN-E-000277,Synthetic Regional Medical Center,Emergency,2024-08-18 01:03:00,72,102,69,97.1,12,93,2
SYN-V-001187,SYN-P-00038,SYN-E-000279,Synthetic Regional Medical Center,Emergency,2024-08-19 09:37:00,81,141,64,98.3,15,93,5
SYN-V-001188,SYN-P-00038,SYN-E-000279,Synthetic Regional Medical Center,Emergency,2024-08-19 09:50:00,60,142,63,98.4,20,100,3
SYN-V-001189,SYN-P-00038,SYN-E-000279,Synthetic Regional Medical Center,Emergency,2024-08-19 10:12:00,106,148,79,97.6,18,92,4
SYN-V-001190,SYN-P-00038,SYN-E-000279,Synthetic Regional Medical Center,Emergency,2024-08-19 10:51:00,102,154,82,98.5,17,98,6
SYN-V-001191,SYN-P-00038,SYN-E-000279,Synthetic Regional Medical Center,Emergency,2024-08-19 11:19:00,55,106,77,99.4,15,96,8
SYN-V-001192,SYN-P-00038,SYN-E-000279,Synthetic Regional Medical Center,Emergency,2024-08-19 11:47:00,106,133,89,97.7,19,99,4
SYN-V-001193,SYN-P-00038,SYN-E-000279,Synthetic Regional Medical Center,Emergency,2024-08-19 12:00:00,100,106,61,97.5,18,98,2
SYN-V-001194,SYN-P-00181,SYN-E-000280,Synthetic Regional Medical Center,Emergency,2024-08-19 17:04:00,71,134,75,98.8,22,97,0
SYN-V-001195,SYN-P-00181,SYN-E-000280,Synthetic Regional Medical Center,Emergency,2024-08-19 18:16:00,101,158,89,98.9,21,97,5
SYN-V-001196,SYN-P-00182,SYN-E-000281,Synthetic Specialty Clinic,Endocrinology,2024-08-19 23:03:00,95,148,68,97.8,21,97,8
SYN-V-001197,SYN-P-00103,SYN-E-000283,Synthetic Outpatient Center,Cardiology,2024-08-20 13:55:00,59,126,95,98.6,12,98,8
SYN-V-001198,SYN-P-00072,SYN-E-000284,Synthetic Community Hospital West,Neurology,2024-08-20 19:06:00,87,143,95,97.9,13,100,4
SYN-V-001199,SYN-P-00072,SYN-E-000284,Synthetic Community Hospital West,Neurology,2024-08-21 05:06:00,55,157,70,98.1,12,92,0
SYN-V-001200,SYN-P-00072,SYN-E-000284,Synthetic Community Hospital West,Neurology,2024-08-21 13:34:00,101,110,85,98.6,15,97,3
SYN-V-001201,SYN-P-00072,SYN-E-000284,Synthetic Community Hospital West,Neurology,2024-08-21 14:15:00,106,159,67,98.1,15,92,2
SYN-V-001202,SYN-P-00072,SYN-E-000284,Synthetic Community Hospital West,Neurology,2024-08-21 14:53:00,79,154,91,97.9,20,95,7
SYN-V-001203,SYN-P-00072,SYN-E-000284,Synthetic Community Hospital West,Neurology,2024-08-21 14:56:00,78,102,83,98.4,19,96,1
SYN-V-001204,SYN-P-00072,SYN-E-000284,Synthetic Community Hospital West,Neurology,2024-08-21 20:12:00,62,120,93,97.1,17,98,8
SYN-V-001205,SYN-P-00072,SYN-E-000284,Synthetic Community Hospital West,Neurology,2024-08-22 07:46:00,85,145,88,97.6,21,94,8
SYN-V-001206,SYN-P-00072,SYN-E-000284,Synthetic Community Hospital West,Neurology,2024-08-23 02:53:00,56,154,62,99.7,14,97,1
SYN-V-001207,SYN-P-00072,SYN-E-000284,Synthetic Community Hospital West,Neurology,2024-08-23 06:32:00,90,119,70,97.5,18,94,1
SYN-V-001208,SYN-P-00072,SYN-E-000284,Synthetic Community Hospital West,Neurology,2024-08-23 09:27:00,73,132,81,98.7,16,94,2
SYN-V-001209,SYN-P-00072,SYN-E-000284,Synthetic Community Hospital West,Neurology,2024-08-23 13:52:00,68,150,61,97.4,16,100,0
SYN-V-001210,SYN-P-00072,SYN-E-000284,Synthetic Community Hospital West,Neurology,2024-08-23 18:07:00,62,151,69,97.9,19,95,2
SYN-V-001211,SYN-P-00072,SYN-E-000284,Synthetic Community Hospital West,Neurology,2024-08-24 02:09:00,85,135,72,97.6,18,96,6
SYN-V-001212,SYN-P-00072,SYN-E-000284,Synthetic Community Hospital West,Neurology,2024-08-24 02:22:00,68,136,71,98.3,13,100,0
SYN-V-001213,SYN-P-00091,SYN-E-000285,Synthetic Community Hospital West,Cardiology,2024-08-21 02:12:00,106,147,82,97.5,21,99,
SYN-V-001214,SYN-P-00091,SYN-E-000285,Synthetic Community Hospital West,Cardiology,2024-08-21 15:21:00,64,138,67,99.6,22,100,7
SYN-V-001215,SYN-P-00091,SYN-E-000285,Synthetic Community Hospital West,Cardiology,2024-08-21 18:11:00,87,149,93,98.4,12,94,7
SYN-V-001216,SYN-P-00091,SYN-E-000285,Synthetic Community Hospital West,Cardiology,2024-08-21 23:58:00,58,128,93,99.7,19,95,8
SYN-V-001217,SYN-P-00091,SYN-E-000285,Synthetic Community Hospital West,Cardiology,2024-08-22 02:16:00,63,112,62,98.5,17,99,4
SYN-V-001218,SYN-P-00091,SYN-E-000285,Synthetic Community Hospital West,Cardiology,2024-08-22 03:10:00,85,101,80,98.3,16,99,7
SYN-V-001219,SYN-P-00091,SYN-E-000285,Synthetic Community Hospital West,Cardiology,2024-08-22 23:08:00,75,132,71,99.3,20,97,6
SYN-V-001220,SYN-P-00091,SYN-E-000285,Synthetic Community Hospital West,Cardiology,2024-08-24 08:29:00,61,155,72,97.4,18,97,0
SYN-V-001221,SYN-P-00091,SYN-E-000285,Synthetic Community Hospital West,Cardiology,2024-08-24 09:24:00,107,120,63,98.8,14,100,2
SYN-V-001222,SYN-P-00091,SYN-E-000285,Synthetic Community Hospital West,Cardiology,2024-08-24 16:04:00,59,126,85,99.4,14,96,7
SYN-V-001223,SYN-P-00091,SYN-E-000285,Synthetic Community Hospital West,Cardiology,2024-08-24 18:58:00,63,128,79,97.5,15,95,2
SYN-V-001224,SYN-P-00091,SYN-E-000285,Synthetic Community Hospital West,Cardiology,2024-08-25 02:32:00,93,128,69,98.6,13,99,2
SYN-V-001225,SYN-P-00091,SYN-E-000285,Synthetic Community Hospital West,Cardiology,2024-08-26 00:23:00,76,107,92,97.6,18,94,4
SYN-V-001226,SYN-P-00091,SYN-E-000285,Synthetic Community Hospital West,Cardiology,2024-08-26 03:58:00,92,153,78,99.3,21,99,8
SYN-V-001227,SYN-P-00170,SYN-E-000286,Synthetic Outpatient Center,Primary Care,2024-08-21 04:23:00,98,105,61,98.3,18,92,7
SYN-V-001228,SYN-P-00172,SYN-E-000287,Synthetic Specialty Clinic,Primary Care,2024-08-22 06:56:00,59,126,69,99.8,22,99,6
SYN-V-001229,SYN-P-00172,SYN-E-000287,Synthetic Specialty Clinic,Primary Care,2024-08-22 07:02:00,97,125,84,99.6,16,98,1
SYN-V-001230,SYN-P-00104,SYN-E-000288,Synthetic Regional Medical Center,Cardiology,2024-08-23 10:40:00,61,107,94,98.0,19,98,4
SYN-V-001231,SYN-P-00104,SYN-E-000288,Synthetic Regional Medical Center,Cardiology,2024-08-23 18:09:00,90,153,68,98.9,13,100,2
SYN-V-001232,SYN-P-00104,SYN-E-000288,Synthetic Regional Medical Center,Cardiology,2024-08-23 21:42:00,104,133,92,97.8,20,98,8
SYN-V-001233,SYN-P-00187,SYN-E-000289,Synthetic Outpatient Center,Cardiology,2024-08-22 22:03:00,77,150,82,99.1,21,93,5
SYN-V-001234,SYN-P-00187,SYN-E-000289,Synthetic Outpatient Center,Cardiology,2024-08-22 23:21:00,75,155,85,99.4,22,98,5
SYN-V-001235,SYN-P-00083,SYN-E-000290,Synthetic Community Hospital West,Emergency,2024-08-23 04:36:00,63,152,82,98.8,16,92,6
SYN-V-001236,SYN-P-00083,SYN-E-000290,Synthetic Community Hospital West,Emergency,2024-08-23 05:26:00,95,147,88,99.7,15,93,5
SYN-V-001237,SYN-P-00083,SYN-E-000290,Synthetic Community Hospital West,Emergency,2024-08-23 06:43:00,70,100,65,97.7,14,95,3
SYN-V-001238,SYN-P-00188,SYN-E-000291,Synthetic Community Hospital West,Emergency,2024-08-23 11:23:00,68,119,81,97.9,17,97,1
SYN-V-001239,SYN-P-00188,SYN-E-000291,Synthetic Community Hospital West,Emergency,2024-08-23 11:27:00,109,133,82,97.6,19,95,2
SYN-V-001240,SYN-P-00188,SYN-E-000291,Synthetic Community Hospital West,Emergency,2024-08-23 12:10:00,71,140,91,99.0,12,95,2
SYN-V-001241,SYN-P-00058,SYN-E-000292,Synthetic Community Hospital East,Cardiology,2024-08-24 09:51:00,102,113,62,98.2,14,92,3
SYN-V-001242,SYN-P-00145,SYN-E-000295,Synthetic Community Hospital West,Internal Medicine,2024-08-25 21:01:00,96,114,85,97.7,12,95,
SYN-V-001243,SYN-P-00145,SYN-E-000295,Synthetic Community Hospital West,Internal Medicine,2024-08-25 23:26:00,101,142,83,97.8,15,97,4
SYN-V-001244,SYN-P-00145,SYN-E-000295,Synthetic Community Hospital West,Internal Medicine,2024-08-26 10:59:00,66,134,76,97.7,14,95,8
SYN-V-001245,SYN-P-00145,SYN-E-000295,Synthetic Community Hospital West,Internal Medicine,2024-08-26 14:14:00,86,103,62,99.2,14,99,3
SYN-V-001246,SYN-P-00145,SYN-E-000295,Synthetic Community Hospital West,Internal Medicine,2024-08-26 17:07:00,82,124,70,98.8,22,100,1
SYN-V-001247,SYN-P-00145,SYN-E-000295,Synthetic Community Hospital West,Internal Medicine,2024-08-26 22:34:00,109,133,64,98.3,16,100,7
SYN-V-001248,SYN-P-00145,SYN-E-000295,Synthetic Community Hospital West,Internal Medicine,2024-08-27 11:25:00,71,135,77,98.1,16,93,4
SYN-V-001249,SYN-P-00158,SYN-E-000296,Synthetic Specialty Clinic,Endocrinology,2024-08-28 12:35:00,74,123,81,98.9,14,93,5
SYN-V-001250,SYN-P-00130,SYN-E-000298,Synthetic Outpatient Center,Orthopedics,2024-08-29 09:46:00,72,135,79,98.0,12,92,6
SYN-V-001251,SYN-P-00094,SYN-E-000300,Synthetic Outpatient Center,Orthopedics,2024-09-01 12:40:00,63,129,73,97.9,12,98,6
SYN-V-001252,SYN-P-00094,SYN-E-000300,Synthetic Outpatient Center,Orthopedics,2024-09-01 13:55:00,73,160,87,99.3,14,96,4
SYN-V-001253,SYN-P-00057,SYN-E-000301,Synthetic Specialty Clinic,Pulmonology,2024-09-02 11:23:00,58,155,73,97.7,15,100,4
SYN-V-001254,SYN-P-00149,SYN-E-000302,Synthetic Outpatient Center,Pulmonology,2024-09-02 13:56:00,95,153,74,98.1,21,96,0
SYN-V-001255,SYN-P-00149,SYN-E-000302,Synthetic Outpatient Center,Pulmonology,2024-09-02 16:23:00,70,135,71,97.6,21,98,3
SYN-V-001256,SYN-P-00008,SYN-E-000303,Synthetic Outpatient Center,Pulmonology,2024-09-03 07:57:00,82,117,89,98.0,18,96,6
SYN-V-001257,SYN-P-00017,SYN-E-000304,Synthetic Outpatient Center,Endocrinology,2024-09-03 22:01:00,72,117,76,98.1,21,98,6
SYN-V-001258,SYN-P-00180,SYN-E-000305,Synthetic Regional Medical Center,Emergency,2024-09-04 05:45:00,85,115,87,98.8,13,94,7
SYN-V-001259,SYN-P-00180,SYN-E-000305,Synthetic Regional Medical Center,Emergency,2024-09-04 06:58:00,95,100,68,97.0,20,95,0
SYN-V-001260,SYN-P-00180,SYN-E-000305,Synthetic Regional Medical Center,Emergency,2024-09-04 07:49:00,62,140,82,97.7,18,97,2
SYN-V-001261,SYN-P-00133,SYN-E-000306,Synthetic Community Hospital West,Orthopedics,2024-09-06 06:54:00,61,108,75,99.8,13,97,6
SYN-V-001262,SYN-P-00133,SYN-E-000306,Synthetic Community Hospital West,Orthopedics,2024-09-06 07:41:00,74,117,95,97.4,13,100,4
SYN-V-001263,SYN-P-00152,SYN-E-000307,Synthetic Community Hospital West,Emergency,2024-09-06 10:57:00,72,126,73,99.4,12,97,5
SYN-V-001264,SYN-P-00152,SYN-E-000307,Synthetic Community Hospital West,Emergency,2024-09-06 11:19:00,96,158,90,98.2,12,94,0
SYN-V-001265,SYN-P-00152,SYN-E-000307,Synthetic Community Hospital West,Emergency,2024-09-06 11:53:00,72,128,78,99.0,19,96,1
SYN-V-001266,SYN-P-00152,SYN-E-000307,Synthetic Community Hospital West,Emergency,2024-09-06 13:07:00,90,154,68,99.4,14,95,3
SYN-V-001267,SYN-P-00119,SYN-E-000308,Synthetic Regional Medical Center,Pulmonology,2024-09-06 15:45:00,98,153,76,97.1,21,96,0
SYN-V-001268,SYN-P-00138,SYN-E-000309,Synthetic Specialty Clinic,Primary Care,2024-09-07 22:26:00,98,153,78,98.0,15,93,
SYN-V-001269,SYN-P-00155,SYN-E-000310,Synthetic Outpatient Center,Orthopedics,2024-09-07 23:32:00,89,156,92,98.8,19,98,2
SYN-V-001270,SYN-P-00155,SYN-E-000310,Synthetic Outpatient Center,Orthopedics,2024-09-08 02:34:00,57,154,81,98.2,12,98,1
SYN-V-001271,SYN-P-00046,SYN-E-000311,Synthetic Outpatient Center,Endocrinology,2024-09-08 13:13:00,77,139,61,98.7,21,98,5
SYN-V-001272,SYN-P-00046,SYN-E-000311,Synthetic Outpatient Center,Endocrinology,2024-09-08 14:18:00,82,130,84,98.2,18,97,5
SYN-V-001273,SYN-P-00193,SYN-E-000313,Synthetic Community Hospital West,Emergency,2024-09-08 21:18:00,98,114,87,98.2,15,99,4
SYN-V-001274,SYN-P-00193,SYN-E-000313,Synthetic Community Hospital West,Emergency,2024-09-08 21:34:00,85,150,83,98.8,21,97,8
SYN-V-001275,SYN-P-00193,SYN-E-000313,Synthetic Community Hospital West,Emergency,2024-09-08 23:03:00,56,110,84,98.8,17,95,7
SYN-V-001276,SYN-P-00193,SYN-E-000313,Synthetic Community Hospital West,Emergency,2024-09-08 23:54:00,80,140,93,98.9,19,97,8
SYN-V-001277,SYN-P-00179,SYN-E-000314,Synthetic Community Hospital East,Emergency,2024-09-09 13:25:00,110,137,78,98.8,19,100,0
SYN-V-001278,SYN-P-00093,SYN-E-000315,Synthetic Regional Medical Center,Cardiology,2024-09-09 20:17:00,56,131,77,98.6,13,100,0
SYN-V-001279,SYN-P-00196,SYN-E-000316,Synthetic Outpatient Center,Pulmonology,2024-09-10 16:42:00,63,151,94,98.2,18,98,6
SYN-V-001280,SYN-P-00085,SYN-E-000317,Synthetic Community Hospital East,Pulmonology,2024-09-11 08:43:00,74,137,86,98.4,15,96,1
SYN-V-001281,SYN-P-00085,SYN-E-000317,Synthetic Community Hospital East,Pulmonology,2024-09-11 09:46:00,62,105,88,99.4,21,92,2
SYN-V-001282,SYN-P-00097,SYN-E-000318,Synthetic Community Hospital West,Endocrinology,2024-09-11 10:30:00,70,114,73,97.9,13,93,8
SYN-V-001283,SYN-P-00097,SYN-E-000318,Synthetic Community Hospital West,Endocrinology,2024-09-11 12:01:00,97,128,86,97.5,21,96,7
SYN-V-001284,SYN-P-00189,SYN-E-000319,Synthetic Regional Medical Center,Emergency,2024-09-13 03:07:00,97,157,86,98.5,21,94,1
SYN-V-001285,SYN-P-00189,SYN-E-000319,Synthetic Regional Medical Center,Emergency,2024-09-13 05:06:00,107,124,77,99.1,12,97,5
SYN-V-001286,SYN-P-00189,SYN-E-000319,Synthetic Regional Medical Center,Emergency,2024-09-13 05:06:00,93,128,89,97.8,19,95,4
SYN-V-001287,SYN-P-00068,SYN-E-000320,Synthetic Community Hospital West,Internal Medicine,2024-09-13 20:46:00,98,137,64,98.1,16,97,8
SYN-V-001288,SYN-P-00068,SYN-E-000320,Synthetic Community Hospital West,Internal Medicine,2024-09-13 21:12:00,58,158,78,98.5,22,97,2
SYN-V-001289,SYN-P-00068,SYN-E-000320,Synthetic Community Hospital West,Internal Medicine,2024-09-14 13:05:00,64,151,72,98.0,13,100,6
SYN-V-001290,SYN-P-00068,SYN-E-000320,Synthetic Community Hospital West,Internal Medicine,2024-09-14 22:43:00,102,160,86,97.6,18,96,0
SYN-V-001291,SYN-P-00068,SYN-E-000320,Synthetic Community Hospital West,Internal Medicine,2024-09-15 05:36:00,110,155,60,97.5,12,92,5
SYN-V-001292,SYN-P-00068,SYN-E-000320,Synthetic Community Hospital West,Internal Medicine,2024-09-15 14:19:00,94,107,68,97.1,21,99,7
SYN-V-001293,SYN-P-00068,SYN-E-000320,Synthetic Community Hospital West,Internal Medicine,2024-09-15 17:50:00,98,125,84,99.5,12,95,4
SYN-V-001294,SYN-P-00068,SYN-E-000320,Synthetic Community Hospital West,Internal Medicine,2024-09-16 04:36:00,55,155,90,97.3,15,97,0
SYN-V-001295,SYN-P-00068,SYN-E-000320,Synthetic Community Hospital West,Internal Medicine,2024-09-16 18:01:00,66,118,65,97.0,21,96,4
SYN-V-001296,SYN-P-00068,SYN-E-000320,Synthetic Community Hospital West,Internal Medicine,2024-09-17 09:34:00,98,136,71,99.7,20,94,8
SYN-V-001297,SYN-P-00068,SYN-E-000320,Synthetic Community Hospital West,Internal Medicine,2024-09-17 12:16:00,107,150,61,98.9,19,94,4
SYN-V-001298,SYN-P-00068,SYN-E-000320,Synthetic Community Hospital West,Internal Medicine,2024-09-17 12:55:00,70,144,75,97.4,18,92,2
SYN-V-001299,SYN-P-00068,SYN-E-000320,Synthetic Community Hospital West,Internal Medicine,2024-09-17 15:31:00,95,155,74,98.6,16,97,3
SYN-V-001300,SYN-P-00068,SYN-E-000320,Synthetic Community Hospital West,Internal Medicine,2024-09-18 00:14:00,62,111,88,98.2,12,94,5
SYN-V-001301,SYN-P-00068,SYN-E-000320,Synthetic Community Hospital West,Internal Medicine,2024-09-18 08:58:00,108,150,92,99.3,12,92,5
SYN-V-001302,SYN-P-00068,SYN-E-000320,Synthetic Community Hospital West,Internal Medicine,2024-09-18 09:29:00,83,103,68,98.4,12,95,
SYN-V-001303,SYN-P-00032,SYN-E-000322,Synthetic Regional Medical Center,Orthopedics,2024-09-14 06:39:00,100,147,91,99.5,13,93,6
SYN-V-001304,SYN-P-00195,SYN-E-000324,Synthetic Regional Medical Center,Emergency,2024-09-16 16:13:00,78,104,66,98.7,19,97,8
SYN-V-001305,SYN-P-00195,SYN-E-000324,Synthetic Regional Medical Center,Emergency,2024-09-16 16:24:00,57,154,92,99.8,17,96,8
SYN-V-001306,SYN-P-00195,SYN-E-000324,Synthetic Regional Medical Center,Emergency,2024-09-16 17:47:00,93,147,62,99.1,12,98,3
SYN-V-001307,SYN-P-00072,SYN-E-000325,Synthetic Specialty Clinic,Primary Care,2024-09-17 03:02:00,58,105,63,98.7,19,94,2
SYN-V-001308,SYN-P-00072,SYN-E-000325,Synthetic Specialty Clinic,Primary Care,2024-09-17 06:19:00,93,123,76,97.2,22,99,3
SYN-V-001309,SYN-P-00183,SYN-E-000328,Synthetic Community Hospital West,Neurology,2024-09-18 14:43:00,107,123,74,98.2,16,96,7
SYN-V-001310,SYN-P-00183,SYN-E-000328,Synthetic Community Hospital West,Neurology,2024-09-18 20:54:00,106,143,95,97.5,14,95,8
SYN-V-001311,SYN-P-00183,SYN-E-000328,Synthetic Community Hospital West,Neurology,2024-09-18 22:07:00,75,158,60,99.3,17,95,
SYN-V-001312,SYN-P-00183,SYN-E-000328,Synthetic Community Hospital West,Neurology,2024-09-18 22:38:00,110,112,82,97.3,17,95,3
SYN-V-001313,SYN-P-00183,SYN-E-000328,Synthetic Community Hospital West,Neurology,2024-09-19 16:02:00,73,114,69,99.2,20,99,0
SYN-V-001314,SYN-P-00183,SYN-E-000328,Synthetic Community Hospital West,Neurology,2024-09-19 23:17:00,56,123,60,97.3,19,93,2
SYN-V-001315,SYN-P-00183,SYN-E-000328,Synthetic Community Hospital West,Neurology,2024-09-20 09:18:00,83,157,62,99.8,21,95,1
SYN-V-001316,SYN-P-00183,SYN-E-000328,Synthetic Community Hospital West,Neurology,2024-09-20 16:12:00,95,106,64,98.3,20,99,1
SYN-V-001317,SYN-P-00183,SYN-E-000328,Synthetic Community Hospital West,Neurology,2024-09-20 21:53:00,64,103,61,97.6,20,99,7
SYN-V-001318,SYN-P-00183,SYN-E-000328,Synthetic Community Hospital West,Neurology,2024-09-20 23:20:00,87,147,80,99.6,16,96,3
SYN-V-001319,SYN-P-00183,SYN-E-000328,Synthetic Community Hospital West,Neurology,2024-09-21 05:28:00,77,160,66,97.1,17,92,5
SYN-V-001320,SYN-P-00113,SYN-E-000329,Synthetic Community Hospital East,Cardiology,2024-09-18 07:33:00,77,139,64,99.5,14,100,1
SYN-V-001321,SYN-P-00113,SYN-E-000329,Synthetic Community Hospital East,Cardiology,2024-09-18 09:20:00,66,150,92,97.6,22,96,7
SYN-V-001322,SYN-P-00166,SYN-E-000330,Synthetic Community Hospital East,Cardiology,2024-09-18 11:44:00,79,107,79,99.5,20,97,2
SYN-V-001323,SYN-P-00018,SYN-E-000331,Synthetic Specialty Clinic,Pulmonology,2024-09-18 14:07:00,82,152,72,98.7,13,99,8
SYN-V-001324,SYN-P-00018,SYN-E-000331,Synthetic Specialty Clinic,Pulmonology,2024-09-18 15:32:00,58,139,77,99.4,12,92,2
SYN-V-001325,SYN-P-00018,SYN-E-000331,Synthetic Specialty Clinic,Pulmonology,2024-09-18 16:04:00,105,154,65,97.8,19,100,0
SYN-V-001326,SYN-P-00018,SYN-E-000331,Synthetic Specialty Clinic,Pulmonology,2024-09-18 17:06:00,73,106,92,98.0,19,94,2
SYN-V-001327,SYN-P-00007,SYN-E-000332,Synthetic Regional Medical Center,Cardiology,2024-09-19 11:06:00,81,106,83,99.0,17,92,8
SYN-V-001328,SYN-P-00007,SYN-E-000332,Synthetic Regional Medical Center,Cardiology,2024-09-19 23:09:00,69,152,91,98.3,17,93,3
SYN-V-001329,SYN-P-00007,SYN-E-000332,Synthetic Regional Medical Center,Cardiology,2024-09-20 00:42:00,71,121,77,97.7,20,93,2
SYN-V-001330,SYN-P-00007,SYN-E-000332,Synthetic Regional Medical Center,Cardiology,2024-09-20 18:21:00,101,113,88,99.1,13,95,1
SYN-V-001331,SYN-P-00007,SYN-E-000332,Synthetic Regional Medical Center,Cardiology,2024-09-21 05:00:00,77,119,85,99.2,15,93,1
SYN-V-001332,SYN-P-00007,SYN-E-000332,Synthetic Regional Medical Center,Cardiology,2024-09-21 05:45:00,110,114,90,98.0,18,92,8
SYN-V-001333,SYN-P-00007,SYN-E-000332,Synthetic Regional Medical Center,Cardiology,2024-09-21 06:20:00,77,107,89,97.7,14,100,3
SYN-V-001334,SYN-P-00007,SYN-E-000332,Synthetic Regional Medical Center,Cardiology,2024-09-21 07:15:00,71,156,63,98.0,17,100,6
SYN-V-001335,SYN-P-00007,SYN-E-000332,Synthetic Regional Medical Center,Cardiology,2024-09-21 07:26:00,87,120,83,98.6,22,95,3
SYN-V-001336,SYN-P-00156,SYN-E-000335,Synthetic Outpatient Center,Pulmonology,2024-09-21 01:22:00,61,103,64,97.6,15,98,1
SYN-V-001337,SYN-P-00127,SYN-E-000336,Synthetic Specialty Clinic,Pulmonology,2024-09-21 12:16:00,79,151,82,98.8,12,95,2
SYN-V-001338,SYN-P-00127,SYN-E-000336,Synthetic Specialty Clinic,Pulmonology,2024-09-21 14:54:00,85,114,89,99.4,12,97,1
SYN-V-001339,SYN-P-00177,SYN-E-000337,Synthetic Outpatient Center,Primary Care,2024-09-22 01:26:00,94,156,67,99.8,13,97,6
SYN-V-001340,SYN-P-00035,SYN-E-000338,Synthetic Community Hospital East,Cardiology,2024-09-22 12:39:00,57,131,81,98.4,18,93,3
SYN-V-001341,SYN-P-00035,SYN-E-000338,Synthetic Community Hospital East,Cardiology,2024-09-22 13:18:00,109,149,60,99.8,22,97,8
SYN-V-001342,SYN-P-00153,SYN-E-000339,Synthetic Community Hospital East,Nephrology,2024-09-22 16:32:00,63,125,95,99.5,13,95,3
SYN-V-001343,SYN-P-00153,SYN-E-000339,Synthetic Community Hospital East,Nephrology,2024-09-23 00:11:00,59,114,94,99.2,20,94,1
SYN-V-001344,SYN-P-00153,SYN-E-000339,Synthetic Community Hospital East,Nephrology,2024-09-23 03:39:00,110,100,86,98.9,22,98,5
SYN-V-001345,SYN-P-00153,SYN-E-000339,Synthetic Community Hospital East,Nephrology,2024-09-23 03:58:00,89,109,77,97.7,20,95,
SYN-V-001346,SYN-P-00153,SYN-E-000339,Synthetic Community Hospital East,Nephrology,2024-09-23 16:33:00,57,129,73,97.6,17,95,5
SYN-V-001347,SYN-P-00153,SYN-E-000339,Synthetic Community Hospital East,Nephrology,2024-09-23 21:24:00,97,120,79,98.0,22,99,
SYN-V-001348,SYN-P-00153,SYN-E-000339,Synthetic Community Hospital East,Nephrology,2024-09-24 08:01:00,104,139,76,98.1,21,94,7
SYN-V-001349,SYN-P-00153,SYN-E-000339,Synthetic Community Hospital East,Nephrology,2024-09-24 23:41:00,66,143,83,99.7,17,100,4
SYN-V-001350,SYN-P-00153,SYN-E-000339,Synthetic Community Hospital East,Nephrology,2024-09-25 08:39:00,58,138,73,99.5,14,98,2
SYN-V-001351,SYN-P-00153,SYN-E-000339,Synthetic Community Hospital East,Nephrology,2024-09-25 12:55:00,107,121,78,99.5,12,95,0
SYN-V-001352,SYN-P-00153,SYN-E-000339,Synthetic Community Hospital East,Nephrology,2024-09-25 14:04:00,90,132,71,97.3,17,99,3
SYN-V-001353,SYN-P-00073,SYN-E-000340,Synthetic Community Hospital East,Cardiology,2024-09-22 18:23:00,76,158,81,98.0,15,93,6
SYN-V-001354,SYN-P-00073,SYN-E-000340,Synthetic Community Hospital East,Cardiology,2024-09-24 01:49:00,93,114,61,97.9,22,97,1
SYN-V-001355,SYN-P-00073,SYN-E-000340,Synthetic Community Hospital East,Cardiology,2024-09-24 11:28:00,73,158,78,99.3,19,94,2
SYN-V-001356,SYN-P-00073,SYN-E-000340,Synthetic Community Hospital East,Cardiology,2024-09-24 12:17:00,67,121,94,97.2,14,99,2
SYN-V-001357,SYN-P-00073,SYN-E-000340,Synthetic Community Hospital East,Cardiology,2024-09-25 10:32:00,76,128,89,98.8,20,99,8
SYN-V-001358,SYN-P-00073,SYN-E-000340,Synthetic Community Hospital East,Cardiology,2024-09-25 22:04:00,56,121,78,98.9,21,93,2
SYN-V-001359,SYN-P-00073,SYN-E-000340,Synthetic Community Hospital East,Cardiology,2024-09-26 22:51:00,108,141,93,99.0,13,93,0
SYN-V-001360,SYN-P-00073,SYN-E-000340,Synthetic Community Hospital East,Cardiology,2024-09-26 22:55:00,105,136,64,98.8,13,99,4
SYN-V-001361,SYN-P-00073,SYN-E-000340,Synthetic Community Hospital East,Cardiology,2024-09-27 03:41:00,71,133,69,97.6,12,95,8
SYN-V-001362,SYN-P-00073,SYN-E-000340,Synthetic Community Hospital East,Cardiology,2024-09-27 13:19:00,87,106,68,98.3,12,95,1
SYN-V-001363,SYN-P-00073,SYN-E-000340,Synthetic Community Hospital East,Cardiology,2024-09-28 00:37:00,97,115,86,99.4,15,100,1
SYN-V-001364,SYN-P-00073,SYN-E-000340,Synthetic Community Hospital East,Cardiology,2024-09-28 08:10:00,108,151,73,97.6,17,96,5
SYN-V-001365,SYN-P-00073,SYN-E-000340,Synthetic Community Hospital East,Cardiology,2024-09-29 21:22:00,70,108,75,99.8,12,99,1
SYN-V-001366,SYN-P-00073,SYN-E-000340,Synthetic Community Hospital East,Cardiology,2024-09-29 21:32:00,103,148,90,99.4,12,93,6
SYN-V-001367,SYN-P-00073,SYN-E-000340,Synthetic Community Hospital East,Cardiology,2024-09-30 08:55:00,110,159,90,97.5,17,94,8
SYN-V-001368,SYN-P-00073,SYN-E-000340,Synthetic Community Hospital East,Cardiology,2024-09-30 19:54:00,109,124,71,98.3,19,95,2
SYN-V-001369,SYN-P-00073,SYN-E-000340,Synthetic Community Hospital East,Cardiology,2024-10-01 01:18:00,61,116,63,99.1,20,97,0
SYN-V-001370,SYN-P-00073,SYN-E-000340,Synthetic Community Hospital East,Cardiology,2024-10-01 07:21:00,99,156,65,97.6,18,100,7
SYN-V-001371,SYN-P-00139,SYN-E-000341,Synthetic Specialty Clinic,Orthopedics,2024-09-23 01:00:00,55,103,60,97.6,22,99,7
SYN-V-001372,SYN-P-00139,SYN-E-000341,Synthetic Specialty Clinic,Orthopedics,2024-09-23 01:16:00,71,134,70,97.3,16,97,7
SYN-V-001373,SYN-P-00068,SYN-E-000342,Synthetic Regional Medical Center,Cardiology,2024-09-23 14:59:00,99,102,94,97.6,16,94,1
SYN-V-001374,SYN-P-00068,SYN-E-000342,Synthetic Regional Medical Center,Cardiology,2024-09-24 20:53:00,72,106,72,99.6,17,94,7
SYN-V-001375,SYN-P-00068,SYN-E-000342,Synthetic Regional Medical Center,Cardiology,2024-09-25 14:05:00,61,117,84,98.9,16,92,2
SYN-V-001376,SYN-P-00068,SYN-E-000342,Synthetic Regional Medical Center,Cardiology,2024-09-25 16:55:00,65,151,92,98.3,22,98,6
SYN-V-001377,SYN-P-00068,SYN-E-000342,Synthetic Regional Medical Center,Cardiology,2024-09-25 20:37:00,107,125,95,99.6,17,97,0
SYN-V-001378,SYN-P-00068,SYN-E-000342,Synthetic Regional Medical Center,Cardiology,2024-09-26 11:25:00,73,114,87,99.2,21,95,2
SYN-V-001379,SYN-P-00068,SYN-E-000342,Synthetic Regional Medical Center,Cardiology,2024-09-26 22:02:00,84,120,90,98.0,21,98,7
SYN-V-001380,SYN-P-00068,SYN-E-000342,Synthetic Regional Medical Center,Cardiology,2024-09-27 14:20:00,75,118,86,99.3,14,98,0
SYN-V-001381,SYN-P-00068,SYN-E-000342,Synthetic Regional Medical Center,Cardiology,2024-09-27 16:33:00,105,112,63,97.0,21,96,7
SYN-V-001382,SYN-P-00068,SYN-E-000342,Synthetic Regional Medical Center,Cardiology,2024-09-28 11:47:00,89,138,77,97.7,16,92,7
SYN-V-001383,SYN-P-00068,SYN-E-000342,Synthetic Regional Medical Center,Cardiology,2024-09-28 17:58:00,102,134,79,98.8,13,97,2
SYN-V-001384,SYN-P-00068,SYN-E-000342,Synthetic Regional Medical Center,Cardiology,2024-09-29 10:46:00,80,125,74,98.3,12,97,3
SYN-V-001385,SYN-P-00068,SYN-E-000342,Synthetic Regional Medical Center,Cardiology,2024-09-29 12:52:00,75,111,91,99.0,18,98,1
SYN-V-001386,SYN-P-00197,SYN-E-000343,Synthetic Community Hospital West,Primary Care,2024-09-24 10:42:00,64,103,74,97.8,19,98,2
SYN-V-001387,SYN-P-00197,SYN-E-000343,Synthetic Community Hospital West,Primary Care,2024-09-24 11:15:00,101,131,86,97.9,12,94,
SYN-V-001388,SYN-P-00052,SYN-E-000344,Synthetic Outpatient Center,Primary Care,2024-09-24 11:41:00,81,134,72,98.0,14,100,4
SYN-V-001389,SYN-P-00065,SYN-E-000345,Synthetic Community Hospital West,Cardiology,2024-09-24 17:21:00,68,111,61,99.4,18,99,1
SYN-V-001390,SYN-P-00065,SYN-E-000345,Synthetic Community Hospital West,Cardiology,2024-09-24 17:41:00,87,110,75,99.5,20,96,2
SYN-V-001391,SYN-P-00065,SYN-E-000345,Synthetic Community Hospital West,Cardiology,2024-09-24 18:19:00,87,155,86,98.4,20,99,4
SYN-V-001392,SYN-P-00065,SYN-E-000345,Synthetic Community Hospital West,Cardiology,2024-09-24 18:20:00,84,115,77,98.4,22,92,0
SYN-V-001393,SYN-P-00065,SYN-E-000345,Synthetic Community Hospital West,Cardiology,2024-09-24 18:27:00,76,107,78,99.0,13,94,5
SYN-V-001394,SYN-P-00065,SYN-E-000345,Synthetic Community Hospital West,Cardiology,2024-09-24 18:34:00,61,129,60,99.5,17,93,8
SYN-V-001395,SYN-P-00065,SYN-E-000345,Synthetic Community Hospital West,Cardiology,2024-09-24 18:42:00,94,126,94,98.8,16,100,4
SYN-V-001396,SYN-P-00065,SYN-E-000345,Synthetic Community Hospital West,Cardiology,2024-09-24 19:25:00,93,142,84,97.8,14,93,1
SYN-V-001397,SYN-P-00065,SYN-E-000345,Synthetic Community Hospital West,Cardiology,2024-09-24 20:20:00,74,134,77,97.1,16,97,3
SYN-V-001398,SYN-P-00065,SYN-E-000345,Synthetic Community Hospital West,Cardiology,2024-09-24 20:43:00,90,110,84,98.3,15,93,
SYN-V-001399,SYN-P-00059,SYN-E-000346,Synthetic Regional Medical Center,Emergency,2024-09-24 21:10:00,58,158,92,99.4,19,92,2
SYN-V-001400,SYN-P-00059,SYN-E-000346,Synthetic Regional Medical Center,Emergency,2024-09-24 22:11:00,86,116,91,98.4,19,93,6
SYN-V-001401,SYN-P-00112,SYN-E-000347,Synthetic Community Hospital West,Emergency,2024-09-25 00:52:00,102,133,87,98.7,13,92,7
SYN-V-001402,SYN-P-00112,SYN-E-000347,Synthetic Community Hospital West,Emergency,2024-09-25 02:21:00,91,128,82,97.5,22,97,0
SYN-V-001403,SYN-P-00112,SYN-E-000347,Synthetic Community Hospital West,Emergency,2024-09-25 04:10:00,74,126,81,97.8,22,97,7
SYN-V-001404,SYN-P-00005,SYN-E-000349,Synthetic Outpatient Center,Primary Care,2024-09-25 08:01:00,91,123,95,99.7,19,94,0
SYN-V-001405,SYN-P-00005,SYN-E-000349,Synthetic Outpatient Center,Primary Care,2024-09-25 09:22:00,71,118,95,99.1,19,95,2
SYN-V-001406,SYN-P-00133,SYN-E-000350,Synthetic Specialty Clinic,Orthopedics,2024-09-26 02:29:00,62,152,66,97.6,22,98,4
SYN-V-001407,SYN-P-00159,SYN-E-000352,Synthetic Community Hospital East,Internal Medicine,2024-09-26 14:08:00,82,119,66,99.2,15,94,8
SYN-V-001408,SYN-P-00159,SYN-E-000352,Synthetic Community Hospital East,Internal Medicine,2024-09-26 14:11:00,96,145,73,97.5,22,97,1
SYN-V-001409,SYN-P-00159,SYN-E-000352,Synthetic Community Hospital East,Internal Medicine,2024-09-26 14:55:00,62,150,60,97.8,19,100,1
SYN-V-001410,SYN-P-00159,SYN-E-000352,Synthetic Community Hospital East,Internal Medicine,2024-09-26 15:16:00,75,158,86,97.1,13,96,2
SYN-V-001411,SYN-P-00159,SYN-E-000352,Synthetic Community Hospital East,Internal Medicine,2024-09-26 15:40:00,85,148,84,98.1,12,97,0
SYN-V-001412,SYN-P-00159,SYN-E-000352,Synthetic Community Hospital East,Internal Medicine,2024-09-26 15:46:00,89,104,82,97.8,20,92,8
SYN-V-001413,SYN-P-00159,SYN-E-000352,Synthetic Community Hospital East,Internal Medicine,2024-09-26 16:14:00,77,101,69,99.1,20,94,7
SYN-V-001414,SYN-P-00159,SYN-E-000352,Synthetic Community Hospital East,Internal Medicine,2024-09-26 16:25:00,61,126,90,99.2,15,95,7
SYN-V-001415,SYN-P-00095,SYN-E-000353,Synthetic Specialty Clinic,Pulmonology,2024-09-27 01:25:00,72,106,60,98.9,15,99,6
SYN-V-001416,SYN-P-00095,SYN-E-000353,Synthetic Specialty Clinic,Pulmonology,2024-09-27 02:42:00,88,134,63,99.1,19,94,1
SYN-V-001417,SYN-P-00125,SYN-E-000356,Synthetic Community Hospital West,Pulmonology,2024-09-28 20:33:00,71,146,82,97.7,20,93,1
SYN-V-001418,SYN-P-00125,SYN-E-000356,Synthetic Community Hospital West,Pulmonology,2024-09-28 21:24:00,105,103,75,98.5,13,96,2
SYN-V-001419,SYN-P-00125,SYN-E-000356,Synthetic Community Hospital West,Pulmonology,2024-09-28 22:17:00,70,115,80,98.6,14,93,0
SYN-V-001420,SYN-P-00125,SYN-E-000356,Synthetic Community Hospital West,Pulmonology,2024-09-29 00:44:00,57,110,77,98.2,22,96,8
SYN-V-001421,SYN-P-00125,SYN-E-000356,Synthetic Community Hospital West,Pulmonology,2024-09-29 01:35:00,88,147,76,97.8,22,100,0
SYN-V-001422,SYN-P-00125,SYN-E-000356,Synthetic Community Hospital West,Pulmonology,2024-09-29 01:47:00,67,138,87,98.9,22,93,
SYN-V-001423,SYN-P-00125,SYN-E-000356,Synthetic Community Hospital West,Pulmonology,2024-09-29 11:37:00,70,102,82,98.2,12,99,3
SYN-V-001424,SYN-P-00125,SYN-E-000356,Synthetic Community Hospital West,Pulmonology,2024-09-29 11:52:00,56,102,78,97.3,16,95,6
SYN-V-001425,SYN-P-00125,SYN-E-000356,Synthetic Community Hospital West,Pulmonology,2024-09-30 00:21:00,59,139,88,98.4,14,96,0
SYN-V-001426,SYN-P-00125,SYN-E-000356,Synthetic Community Hospital West,Pulmonology,2024-09-30 11:12:00,95,108,90,97.6,13,100,4
SYN-V-001427,SYN-P-00125,SYN-E-000356,Synthetic Community Hospital West,Pulmonology,2024-10-01 03:47:00,70,145,85,99.3,21,99,
SYN-V-001428,SYN-P-00125,SYN-E-000356,Synthetic Community Hospital West,Pulmonology,2024-10-02 04:00:00,108,140,64,99.4,13,100,5
SYN-V-001429,SYN-P-00125,SYN-E-000356,Synthetic Community Hospital West,Pulmonology,2024-10-02 04:11:00,102,137,70,97.4,22,94,4
SYN-V-001430,SYN-P-00125,SYN-E-000356,Synthetic Community Hospital West,Pulmonology,2024-10-02 18:48:00,88,114,63,97.7,20,100,5
SYN-V-001431,SYN-P-00125,SYN-E-000356,Synthetic Community Hospital West,Pulmonology,2024-10-02 19:15:00,96,105,69,98.5,19,98,
SYN-V-001432,SYN-P-00143,SYN-E-000358,Synthetic Outpatient Center,Endocrinology,2024-09-30 00:07:00,75,126,64,98.8,15,98,2
SYN-V-001433,SYN-P-00143,SYN-E-000358,Synthetic Outpatient Center,Endocrinology,2024-09-30 01:57:00,62,132,80,99.4,21,97,4
SYN-V-001434,SYN-P-00069,SYN-E-000359,Synthetic Specialty Clinic,Primary Care,2024-09-30 02:21:00,77,119,69,97.2,20,99,2
SYN-V-001435,SYN-P-00110,SYN-E-000361,Synthetic Outpatient Center,Primary Care,2024-09-30 20:16:00,107,152,61,99.7,22,93,1
SYN-V-001436,SYN-P-00123,SYN-E-000363,Synthetic Outpatient Center,Primary Care,2024-10-02 12:04:00,74,105,70,98.2,15,99,7
SYN-V-001437,SYN-P-00033,SYN-E-000365,Synthetic Specialty Clinic,Orthopedics,2024-10-04 02:13:00,71,150,63,97.2,16,95,7
SYN-V-001438,SYN-P-00091,SYN-E-000366,Synthetic Community Hospital West,Internal Medicine,2024-10-04 10:26:00,89,145,82,98.7,19,94,7
SYN-V-001439,SYN-P-00091,SYN-E-000366,Synthetic Community Hospital West,Internal Medicine,2024-10-04 13:06:00,106,125,82,97.9,12,93,
SYN-V-001440,SYN-P-00091,SYN-E-000366,Synthetic Community Hospital West,Internal Medicine,2024-10-04 18:33:00,109,104,68,99.5,13,95,1
SYN-V-001441,SYN-P-00091,SYN-E-000366,Synthetic Community Hospital West,Internal Medicine,2024-10-04 20:39:00,58,115,76,99.3,18,92,5
SYN-V-001442,SYN-P-00091,SYN-E-000366,Synthetic Community Hospital West,Internal Medicine,2024-10-05 06:47:00,100,124,63,98.2,13,97,3
SYN-V-001443,SYN-P-00091,SYN-E-000366,Synthetic Community Hospital West,Internal Medicine,2024-10-05 08:29:00,89,154,73,97.6,15,94,1
SYN-V-001444,SYN-P-00091,SYN-E-000366,Synthetic Community Hospital West,Internal Medicine,2024-10-05 08:39:00,94,117,69,99.8,18,96,2
SYN-V-001445,SYN-P-00196,SYN-E-000367,Synthetic Community Hospital West,Orthopedics,2024-10-05 20:11:00,110,148,62,98.6,12,96,4
SYN-V-001446,SYN-P-00196,SYN-E-000367,Synthetic Community Hospital West,Orthopedics,2024-10-06 03:38:00,88,129,74,98.5,13,94,0
SYN-V-001447,SYN-P-00196,SYN-E-000367,Synthetic Community Hospital West,Orthopedics,2024-10-06 03:48:00,83,155,92,99.0,21,92,3
SYN-V-001448,SYN-P-00196,SYN-E-000367,Synthetic Community Hospital West,Orthopedics,2024-10-06 19:42:00,98,137,94,99.7,21,93,0
SYN-V-001449,SYN-P-00196,SYN-E-000367,Synthetic Community Hospital West,Orthopedics,2024-10-07 01:44:00,57,141,70,99.7,12,100,0
SYN-V-001450,SYN-P-00196,SYN-E-000367,Synthetic Community Hospital West,Orthopedics,2024-10-08 08:14:00,98,118,62,98.8,19,92,6
SYN-V-001451,SYN-P-00196,SYN-E-000367,Synthetic Community Hospital West,Orthopedics,2024-10-08 16:31:00,80,136,64,98.0,13,97,8
SYN-V-001452,SYN-P-00196,SYN-E-000367,Synthetic Community Hospital West,Orthopedics,2024-10-09 11:49:00,92,153,78,97.6,16,96,6
SYN-V-001453,SYN-P-00196,SYN-E-000367,Synthetic Community Hospital West,Orthopedics,2024-10-09 14:07:00,66,148,89,97.8,17,100,1
SYN-V-001454,SYN-P-00196,SYN-E-000367,Synthetic Community Hospital West,Orthopedics,2024-10-10 02:11:00,110,150,76,98.3,22,99,2
SYN-V-001455,SYN-P-00196,SYN-E-000367,Synthetic Community Hospital West,Orthopedics,2024-10-10 07:31:00,96,116,73,98.2,20,99,8
SYN-V-001456,SYN-P-00196,SYN-E-000367,Synthetic Community Hospital West,Orthopedics,2024-10-10 09:45:00,99,158,94,98.8,19,93,5
SYN-V-001457,SYN-P-00053,SYN-E-000369,Synthetic Community Hospital East,Emergency,2024-10-06 15:13:00,109,118,75,99.0,20,97,0
SYN-V-001458,SYN-P-00053,SYN-E-000369,Synthetic Community Hospital East,Emergency,2024-10-06 16:09:00,110,110,79,97.6,15,96,8
SYN-V-001459,SYN-P-00053,SYN-E-000369,Synthetic Community Hospital East,Emergency,2024-10-06 16:14:00,109,123,83,99.7,18,96,0
SYN-V-001460,SYN-P-00058,SYN-E-000370,Synthetic Community Hospital East,Cardiology,2024-10-06 23:19:00,107,116,87,98.9,17,96,4
SYN-V-001461,SYN-P-00058,SYN-E-000370,Synthetic Community Hospital East,Cardiology,2024-10-07 06:45:00,74,159,86,99.2,19,100,1
SYN-V-001462,SYN-P-00058,SYN-E-000370,Synthetic Community Hospital East,Cardiology,2024-10-07 07:08:00,68,156,80,98.0,14,96,5
SYN-V-001463,SYN-P-00058,SYN-E-000370,Synthetic Community Hospital East,Cardiology,2024-10-07 11:53:00,102,130,65,98.4,12,96,2
SYN-V-001464,SYN-P-00092,SYN-E-000371,Synthetic Outpatient Center,Orthopedics,2024-10-07 14:07:00,63,107,82,98.6,19,96,3
SYN-V-001465,SYN-P-00126,SYN-E-000372,Synthetic Community Hospital East,Emergency,2024-10-07 13:55:00,60,130,66,99.6,19,96,7
SYN-V-001466,SYN-P-00126,SYN-E-000372,Synthetic Community Hospital East,Emergency,2024-10-07 14:10:00,68,118,64,97.1,20,96,7
SYN-V-001467,SYN-P-00126,SYN-E-000372,Synthetic Community Hospital East,Emergency,2024-10-07 16:10:00,82,143,72,97.3,14,97,7
SYN-V-001468,SYN-P-00032,SYN-E-000373,Synthetic Outpatient Center,Primary Care,2024-10-07 15:30:00,83,115,86,98.6,22,93,8
SYN-V-001469,SYN-P-00032,SYN-E-000373,Synthetic Outpatient Center,Primary Care,2024-10-07 16:04:00,96,152,72,98.0,21,95,4
SYN-V-001470,SYN-P-00072,SYN-E-000374,Synthetic Community Hospital West,Emergency,2024-10-08 10:02:00,77,133,87,98.0,19,98,6
SYN-V-001471,SYN-P-00072,SYN-E-000374,Synthetic Community Hospital West,Emergency,2024-10-08 10:07:00,83,113,91,99.0,12,97,
SYN-V-001472,SYN-P-00120,SYN-E-000375,Synthetic Outpatient Center,Cardiology,2024-10-08 20:18:00,75,110,91,97.7,13,96,5
SYN-V-001473,SYN-P-00137,SYN-E-000376,Synthetic Regional Medical Center,Emergency,2024-10-09 14:48:00,107,160,93,99.3,12,98,
SYN-V-001474,SYN-P-00010,SYN-E-000377,Synthetic Community Hospital East,Cardiology,2024-10-09 14:06:00,108,149,70,99.0,12,97,1
SYN-V-001475,SYN-P-00010,SYN-E-000377,Synthetic Community Hospital East,Cardiology,2024-10-11 00:50:00,96,101,89,99.3,14,94,0
SYN-V-001476,SYN-P-00010,SYN-E-000377,Synthetic Community Hospital East,Cardiology,2024-10-11 02:13:00,72,155,90,98.7,14,97,5
SYN-V-001477,SYN-P-00162,SYN-E-000378,Synthetic Community Hospital East,Internal Medicine,2024-10-09 13:45:00,84,107,61,99.6,19,99,8
SYN-V-001478,SYN-P-00162,SYN-E-000378,Synthetic Community Hospital East,Internal Medicine,2024-10-09 14:21:00,61,143,73,99.7,16,93,5
SYN-V-001479,SYN-P-00162,SYN-E-000378,Synthetic Community Hospital East,Internal Medicine,2024-10-09 14:31:00,83,122,81,98.8,12,94,4
SYN-V-001480,SYN-P-00162,SYN-E-000378,Synthetic Community Hospital East,Internal Medicine,2024-10-09 14:38:00,95,103,89,97.9,17,95,6
SYN-V-001481,SYN-P-00162,SYN-E-000378,Synthetic Community Hospital East,Internal Medicine,2024-10-09 15:41:00,67,105,88,99.4,17,94,5
SYN-V-001482,SYN-P-00162,SYN-E-000378,Synthetic Community Hospital East,Internal Medicine,2024-10-09 16:18:00,85,110,61,98.0,13,94,7
SYN-V-001483,SYN-P-00162,SYN-E-000378,Synthetic Community Hospital East,Internal Medicine,2024-10-09 16:47:00,62,133,60,99.3,18,92,1
SYN-V-001484,SYN-P-00165,SYN-E-000379,Synthetic Regional Medical Center,Emergency,2024-10-11 09:18:00,98,107,60,98.0,21,99,8
SYN-V-001485,SYN-P-00165,SYN-E-000379,Synthetic Regional Medical Center,Emergency,2024-10-11 09:23:00,85,116,67,99.1,12,92,7
SYN-V-001486,SYN-P-00165,SYN-E-000379,Synthetic Regional Medical Center,Emergency,2024-10-11 11:05:00,83,105,75,99.5,13,100,8
SYN-V-001487,SYN-P-00024,SYN-E-000380,Synthetic Specialty Clinic,Primary Care,2024-10-12 16:56:00,77,135,75,98.7,19,96,6
SYN-V-001488,SYN-P-00161,SYN-E-000382,Synthetic Community Hospital West,Emergency,2024-10-14 04:57:00,94,121,93,98.0,16,100,3
SYN-V-001489,SYN-P-00161,SYN-E-000382,Synthetic Community Hospital West,Emergency,2024-10-14 05:51:00,97,133,81,98.5,16,93,7
SYN-V-001490,SYN-P-00161,SYN-E-000382,Synthetic Community Hospital West,Emergency,2024-10-14 06:13:00,78,109,89,97.6,16,93,5
SYN-V-001491,SYN-P-00161,SYN-E-000382,Synthetic Community Hospital West,Emergency,2024-10-14 07:29:00,79,143,74,98.1,20,99,1
SYN-V-001492,SYN-P-00026,SYN-E-000383,Synthetic Community Hospital East,Cardiology,2024-10-14 15:51:00,65,125,80,97.6,13,99,1
SYN-V-001493,SYN-P-00026,SYN-E-000383,Synthetic Community Hospital East,Cardiology,2024-10-14 15:52:00,101,103,86,99.0,19,99,6
SYN-V-001494,SYN-P-00026,SYN-E-000383,Synthetic Community Hospital East,Cardiology,2024-10-14 16:24:00,92,119,74,98.2,17,100,6
SYN-V-001495,SYN-P-00026,SYN-E-000383,Synthetic Community Hospital East,Cardiology,2024-10-14 16:30:00,77,133,75,99.7,12,92,5
SYN-V-001496,SYN-P-00026,SYN-E-000383,Synthetic Community Hospital East,Cardiology,2024-10-14 18:06:00,91,104,70,99.2,15,95,1
SYN-V-001497,SYN-P-00026,SYN-E-000383,Synthetic Community Hospital East,Cardiology,2024-10-14 19:10:00,92,114,79,97.8,16,94,
SYN-V-001498,SYN-P-00026,SYN-E-000383,Synthetic Community Hospital East,Cardiology,2024-10-14 19:10:00,55,142,88,99.0,18,96,5
SYN-V-001499,SYN-P-00026,SYN-E-000383,Synthetic Community Hospital East,Cardiology,2024-10-14 19:13:00,88,121,68,99.8,14,100,6
SYN-V-001500,SYN-P-00147,SYN-E-000384,Synthetic Regional Medical Center,Internal Medicine,2024-10-14 23:20:00,56,149,76,98.8,22,94,0
SYN-V-001501,SYN-P-00147,SYN-E-000384,Synthetic Regional Medical Center,Internal Medicine,2024-10-14 23:28:00,84,152,66,99.8,17,99,1
SYN-V-001502,SYN-P-00147,SYN-E-000384,Synthetic Regional Medical Center,Internal Medicine,2024-10-14 23:56:00,104,111,66,97.8,17,96,1
SYN-V-001503,SYN-P-00147,SYN-E-000384,Synthetic Regional Medical Center,Internal Medicine,2024-10-15 00:30:00,59,148,93,98.7,21,100,4
SYN-V-001504,SYN-P-00111,SYN-E-000386,Synthetic Outpatient Center,Primary Care,2024-10-17 14:35:00,103,133,93,98.2,20,96,7
SYN-V-001505,SYN-P-00111,SYN-E-000386,Synthetic Outpatient Center,Primary Care,2024-10-17 15:09:00,60,105,87,99.0,22,92,0
SYN-V-001506,SYN-P-00185,SYN-E-000387,Synthetic Regional Medical Center,Emergency,2024-10-17 14:17:00,72,105,70,97.5,14,100,1
SYN-V-001507,SYN-P-00185,SYN-E-000387,Synthetic Regional Medical Center,Emergency,2024-10-17 15:14:00,76,113,88,97.5,16,104,4
SYN-V-001508,SYN-P-00185,SYN-E-000387,Synthetic Regional Medical Center,Emergency,2024-10-17 15:28:00,100,148,84,98.8,19,99,0
SYN-V-001509,SYN-P-00185,SYN-E-000387,Synthetic Regional Medical Center,Emergency,2024-10-17 15:34:00,60,100,91,98.4,17,97,
SYN-V-001510,SYN-P-00170,SYN-E-000388,Synthetic Community Hospital East,Emergency,2024-10-17 19:02:00,109,143,83,98.9,16,92,3
SYN-V-001511,SYN-P-00104,SYN-E-000389,Synthetic Community Hospital West,Emergency,2024-10-17 23:40:00,79,114,77,99.2,19,96,4
SYN-V-001512,SYN-P-00104,SYN-E-000389,Synthetic Community Hospital West,Emergency,2024-10-18 00:34:00,76,102,89,98.2,15,98,7
SYN-V-001513,SYN-P-00030,SYN-E-000390,Synthetic Community Hospital East,Emergency,2024-10-18 21:10:00,63,142,73,98.0,12,93,0
SYN-V-001514,SYN-P-00030,SYN-E-000390,Synthetic Community Hospital East,Emergency,2024-10-18 21:21:00,95,130,87,97.2,15,92,3
SYN-V-001515,SYN-P-00068,SYN-E-000391,Synthetic Community Hospital West,Internal Medicine,2024-10-22 16:50:00,57,157,70,97.9,18,100,2
SYN-V-001516,SYN-P-00068,SYN-E-000391,Synthetic Community Hospital West,Internal Medicine,2024-10-22 17:09:00,60,157,68,98.5,19,95,7
SYN-V-001517,SYN-P-00068,SYN-E-000391,Synthetic Community Hospital West,Internal Medicine,2024-10-22 21:52:00,89,154,93,120.5,15,96,4
SYN-V-001518,SYN-P-00068,SYN-E-000391,Synthetic Community Hospital West,Internal Medicine,2024-10-22 22:13:00,83,103,78,97.3,15,97,5
SYN-V-001519,SYN-P-00068,SYN-E-000391,Synthetic Community Hospital West,Internal Medicine,2024-10-23 03:27:00,93,156,82,99.4,19,97,7
SYN-V-001520,SYN-P-00068,SYN-E-000391,Synthetic Community Hospital West,Internal Medicine,2024-10-23 06:38:00,105,135,89,98.6,18,95,2
SYN-V-001521,SYN-P-00068,SYN-E-000391,Synthetic Community Hospital West,Internal Medicine,2024-10-23 23:53:00,91,110,62,97.3,20,96,4
SYN-V-001522,SYN-P-00068,SYN-E-000391,Synthetic Community Hospital West,Internal Medicine,2024-10-24 03:17:00,73,102,74,98.2,20,93,7
SYN-V-001523,SYN-P-00068,SYN-E-000391,Synthetic Community Hospital West,Internal Medicine,2024-10-24 10:24:00,91,101,92,98.0,20,92,3
SYN-V-001524,SYN-P-00191,SYN-E-000392,Synthetic Community Hospital East,Emergency,2024-10-22 23:36:00,72,119,95,98.2,19,96,8
SYN-V-001525,SYN-P-00191,SYN-E-000392,Synthetic Community Hospital East,Emergency,2024-10-23 00:05:00,88,116,89,98.8,13,94,4
SYN-V-001526,SYN-P-00191,SYN-E-000392,Synthetic Community Hospital East,Emergency,2024-10-23 00:18:00,109,153,73,97.1,13,97,3
SYN-V-001527,SYN-P-00191,SYN-E-000392,Synthetic Community Hospital East,Emergency,2024-10-23 00:31:00,74,121,88,97.3,12,95,
SYN-V-001528,SYN-P-00191,SYN-E-000392,Synthetic Community Hospital East,Emergency,2024-10-23 02:04:00,68,158,70,99.0,16,95,4
SYN-V-001529,SYN-P-00164,SYN-E-000394,Synthetic Specialty Clinic,Primary Care,2024-10-24 13:04:00,95,158,81,98.8,12,95,7
SYN-V-001530,SYN-P-00174,SYN-E-000396,Synthetic Community Hospital East,Emergency,2024-10-25 12:55:00,81,111,62,98.6,22,98,0
SYN-V-001531,SYN-P-00174,SYN-E-000396,Synthetic Community Hospital East,Emergency,2024-10-25 13:13:00,105,127,89,97.5,17,99,
SYN-V-001532,SYN-P-00174,SYN-E-000396,Synthetic Community Hospital East,Emergency,2024-10-25 13:49:00,75,136,86,98.3,22,98,2
SYN-V-001533,SYN-P-00001,SYN-E-000398,Synthetic Regional Medical Center,Internal Medicine,2024-10-27 23:10:00,89,146,85,97.7,20,96,6
SYN-V-001534,SYN-P-00001,SYN-E-000398,Synthetic Regional Medical Center,Internal Medicine,2024-10-28 08:21:00,108,159,88,98.3,21,95,6
SYN-V-001535,SYN-P-00001,SYN-E-000398,Synthetic Regional Medical Center,Internal Medicine,2024-10-28 15:42:00,60,115,72,97.9,22,93,5
SYN-V-001536,SYN-P-00001,SYN-E-000398,Synthetic Regional Medical Center,Internal Medicine,2024-10-28 16:56:00,95,154,92,99.3,13,96,3
SYN-V-001537,SYN-P-00001,SYN-E-000398,Synthetic Regional Medical Center,Internal Medicine,2024-10-28 21:10:00,56,153,79,98.6,14,98,8
SYN-V-001538,SYN-P-00001,SYN-E-000398,Synthetic Regional Medical Center,Internal Medicine,2024-10-29 01:05:00,92,112,75,98.3,14,96,3
SYN-V-001539,SYN-P-00001,SYN-E-000398,Synthetic Regional Medical Center,Internal Medicine,2024-10-29 01:19:00,57,144,86,99.2,19,98,2
SYN-V-001540,SYN-P-00082,SYN-E-000399,Synthetic Community Hospital East,Emergency,2024-10-28 07:53:00,106,133,61,99.1,15,99,8
SYN-V-001541,SYN-P-00082,SYN-E-000399,Synthetic Community Hospital East,Emergency,2024-10-28 08:28:00,100,114,74,97.1,22,98,8
SYN-V-001542,SYN-P-00038,SYN-E-000400,Synthetic Specialty Clinic,Primary Care,2024-10-29 14:56:00,68,102,94,99.1,12,96,8
SYN-V-001543,SYN-P-00102,SYN-E-000401,Synthetic Regional Medical Center,Cardiology,2024-10-30 18:46:00,100,121,63,99.3,13,96,5
SYN-V-001544,SYN-P-00102,SYN-E-000401,Synthetic Regional Medical Center,Cardiology,2024-10-30 19:01:00,80,160,85,99.5,14,96,5
SYN-V-001545,SYN-P-00102,SYN-E-000401,Synthetic Regional Medical Center,Cardiology,2024-10-30 20:27:00,109,154,90,99.3,15,94,0
SYN-V-001546,SYN-P-00102,SYN-E-000401,Synthetic Regional Medical Center,Cardiology,2024-10-30 20:47:00,83,113,80,99.5,17,95,7
SYN-V-001547,SYN-P-00177,SYN-E-000402,Synthetic Regional Medical Center,Emergency,2024-10-31 02:52:00,79,124,79,97.5,22,99,4
SYN-V-001548,SYN-P-00177,SYN-E-000402,Synthetic Regional Medical Center,Emergency,2024-10-31 03:03:00,99,117,88,99.7,21,97,8
SYN-V-001549,SYN-P-00177,SYN-E-000402,Synthetic Regional Medical Center,Emergency,2024-10-31 03:24:00,99,104,84,97.7,13,97,8
SYN-V-001550,SYN-P-00177,SYN-E-000402,Synthetic Regional Medical Center,Emergency,2024-10-31 03:30:00,56,147,67,98.9,16,94,2
SYN-V-001551,SYN-P-00022,SYN-E-000404,Synthetic Regional Medical Center,Pulmonology,2024-10-31 20:43:00,95,137,67,99.3,12,94,1
SYN-V-001552,SYN-P-00016,SYN-E-000405,Synthetic Regional Medical Center,Cardiology,2024-11-01 10:39:00,90,109,69,97.7,18,94,7
SYN-V-001553,SYN-P-00016,SYN-E-000405,Synthetic Regional Medical Center,Cardiology,2024-11-01 21:46:00,66,105,86,99.1,12,100,5
SYN-V-001554,SYN-P-00016,SYN-E-000405,Synthetic Regional Medical Center,Cardiology,2024-11-01 22:12:00,84,140,66,97.1,14,100,
SYN-V-001555,SYN-P-00016,SYN-E-000405,Synthetic Regional Medical Center,Cardiology,2024-11-01 23:48:00,83,160,69,98.3,21,95,2
SYN-V-001556,SYN-P-00016,SYN-E-000405,Synthetic Regional Medical Center,Cardiology,2024-11-02 06:54:00,100,150,84,97.5,19,93,5
SYN-V-001557,SYN-P-00054,SYN-E-000406,Synthetic Outpatient Center,Orthopedics,2024-11-02 13:58:00,77,124,72,99.6,20,95,
SYN-V-001558,SYN-P-00054,SYN-E-000406,Synthetic Outpatient Center,Orthopedics,2024-11-02 14:35:00,60,104,66,97.6,13,98,5
SYN-V-001559,SYN-P-00172,SYN-E-000407,Synthetic Regional Medical Center,Pulmonology,2024-11-02 20:50:00,91,157,66,97.1,16,95,3
SYN-V-001560,SYN-P-00182,SYN-E-000408,Synthetic Community Hospital West,Primary Care,2024-11-03 05:03:00,103,158,78,99.3,12,93,3
SYN-V-001561,SYN-P-00006,SYN-E-000409,Synthetic Community Hospital West,Cardiology,2024-11-04 09:17:00,64,150,85,98.3,18,96,1
SYN-V-001562,SYN-P-00064,SYN-E-000410,Synthetic Outpatient Center,Endocrinology,2024-11-04 08:14:00,76,112,61,99.3,17,97,8
SYN-V-001563,SYN-P-00064,SYN-E-000410,Synthetic Outpatient Center,Endocrinology,2024-11-04 10:11:00,55,104,86,97.7,21,92,5
SYN-V-001564,SYN-P-00128,SYN-E-000411,Synthetic Regional Medical Center,Pulmonology,2024-11-04 18:14:00,96,133,61,97.2,19,94,6
SYN-V-001565,SYN-P-00128,SYN-E-000411,Synthetic Regional Medical Center,Pulmonology,2024-11-04 18:55:00,59,145,62,97.9,18,97,7
SYN-V-001566,SYN-P-00128,SYN-E-000411,Synthetic Regional Medical Center,Pulmonology,2024-11-04 19:21:00,89,102,76,98.2,13,93,3
SYN-V-001567,SYN-P-00128,SYN-E-000411,Synthetic Regional Medical Center,Pulmonology,2024-11-05 14:44:00,63,109,93,99.5,13,100,7
SYN-V-001568,SYN-P-00128,SYN-E-000411,Synthetic Regional Medical Center,Pulmonology,2024-11-05 16:38:00,83,136,80,98.2,15,100,0
SYN-V-001569,SYN-P-00128,SYN-E-000411,Synthetic Regional Medical Center,Pulmonology,2024-11-05 17:36:00,100,151,66,98.8,14,99,3
SYN-V-001570,SYN-P-00128,SYN-E-000411,Synthetic Regional Medical Center,Pulmonology,2024-11-06 05:35:00,106,104,70,99.4,17,95,8
SYN-V-001571,SYN-P-00128,SYN-E-000411,Synthetic Regional Medical Center,Pulmonology,2024-11-06 09:11:00,94,114,68,97.5,17,94,6
SYN-V-001572,SYN-P-00128,SYN-E-000411,Synthetic Regional Medical Center,Pulmonology,2024-11-06 16:09:00,63,127,69,98.1,21,97,8
SYN-V-001573,SYN-P-00004,SYN-E-000415,Synthetic Community Hospital East,Cardiology,2024-11-06 08:17:00,89,134,91,99.5,12,100,0
SYN-V-001574,SYN-P-00004,SYN-E-000415,Synthetic Community Hospital East,Cardiology,2024-11-06 14:47:00,105,104,92,99.5,17,99,4
SYN-V-001575,SYN-P-00004,SYN-E-000415,Synthetic Community Hospital East,Cardiology,2024-11-06 18:04:00,102,111,62,97.6,19,97,4
SYN-V-001576,SYN-P-00004,SYN-E-000415,Synthetic Community Hospital East,Cardiology,2024-11-06 19:04:00,58,138,63,97.3,22,99,6
SYN-V-001577,SYN-P-00004,SYN-E-000415,Synthetic Community Hospital East,Cardiology,2024-11-07 21:00:00,105,125,60,98.5,22,96,8
SYN-V-001578,SYN-P-00004,SYN-E-000415,Synthetic Community Hospital East,Cardiology,2024-11-07 21:05:00,97,151,73,97.6,15,97,0
SYN-V-001579,SYN-P-00004,SYN-E-000415,Synthetic Community Hospital East,Cardiology,2024-11-07 22:46:00,88,138,75,98.5,22,99,6
SYN-V-001580,SYN-P-00004,SYN-E-000415,Synthetic Community Hospital East,Cardiology,2024-11-08 05:13:00,69,124,82,99.4,14,95,7
SYN-V-001581,SYN-P-00004,SYN-E-000415,Synthetic Community Hospital East,Cardiology,2024-11-08 06:33:00,87,103,86,97.1,19,99,8
SYN-V-001582,SYN-P-00153,SYN-E-000417,Synthetic Community Hospital East,Neurology,2024-11-07 10:50:00,103,118,83,97.3,17,98,3
SYN-V-001583,SYN-P-00153,SYN-E-000417,Synthetic Community Hospital East,Neurology,2024-11-07 22:57:00,106,115,63,99.4,18,93,6
SYN-V-001584,SYN-P-00153,SYN-E-000417,Synthetic Community Hospital East,Neurology,2024-11-08 02:59:00,97,140,89,97.0,19,93,
SYN-V-001585,SYN-P-00153,SYN-E-000417,Synthetic Community Hospital East,Neurology,2024-11-08 15:54:00,94,149,60,98.7,21,99,6
SYN-V-001586,SYN-P-00153,SYN-E-000417,Synthetic Community Hospital East,Neurology,2024-11-08 21:10:00,78,150,90,97.1,21,94,5
SYN-V-001587,SYN-P-00153,SYN-E-000417,Synthetic Community Hospital East,Neurology,2024-11-08 21:43:00,58,148,83,98.4,18,92,4
SYN-V-001588,SYN-P-00153,SYN-E-000417,Synthetic Community Hospital East,Neurology,2024-11-09 04:18:00,102,117,94,99.4,20,94,4
SYN-V-001589,SYN-P-00153,SYN-E-000417,Synthetic Community Hospital East,Neurology,2024-11-09 15:22:00,79,101,87,97.5,21,94,1
SYN-V-001590,SYN-P-00153,SYN-E-000417,Synthetic Community Hospital East,Neurology,2024-11-10 04:31:00,104,104,62,98.9,14,93,3
SYN-V-001591,SYN-P-00153,SYN-E-000417,Synthetic Community Hospital East,Neurology,2024-11-10 17:33:00,104,144,64,99.5,13,98,
SYN-V-001592,SYN-P-00153,SYN-E-000417,Synthetic Community Hospital East,Neurology,2024-11-11 10:29:00,98,128,79,98.7,20,100,3
SYN-V-001593,SYN-P-00153,SYN-E-000417,Synthetic Community Hospital East,Neurology,2024-11-11 18:14:00,73,104,78,98.5,13,93,1
SYN-V-001594,SYN-P-00153,SYN-E-000417,Synthetic Community Hospital East,Neurology,2024-11-11 20:44:00,98,125,61,99.3,20,96,6
SYN-V-001595,SYN-P-00153,SYN-E-000417,Synthetic Community Hospital East,Neurology,2024-11-11 22:00:00,80,116,70,99.1,14,94,0
SYN-V-001596,SYN-P-00153,SYN-E-000417,Synthetic Community Hospital East,Neurology,2024-11-11 23:33:00,93,115,62,98.9,22,98,3
SYN-V-001597,SYN-P-00153,SYN-E-000417,Synthetic Community Hospital East,Neurology,2024-11-12 04:19:00,106,106,64,98.8,12,100,4
SYN-V-001598,SYN-P-00153,SYN-E-000417,Synthetic Community Hospital East,Neurology,2024-11-12 07:54:00,108,111,83,99.6,16,99,4
SYN-V-001599,SYN-P-00153,SYN-E-000417,Synthetic Community Hospital East,Neurology,2024-11-12 10:28:00,74,142,76,97.5,15,96,2
SYN-V-001600,SYN-P-00153,SYN-E-000417,Synthetic Community Hospital East,Neurology,2024-11-12 17:59:00,110,102,62,99.4,19,92,4
SYN-V-001601,SYN-P-00153,SYN-E-000417,Synthetic Community Hospital East,Neurology,2024-11-12 20:12:00,82,121,92,97.1,21,98,4
SYN-V-001602,SYN-P-00115,SYN-E-000418,Synthetic Specialty Clinic,Orthopedics,2024-11-07 01:00:00,97,132,68,97.8,15,92,0
SYN-V-001603,SYN-P-00081,SYN-E-000419,Synthetic Community Hospital West,Cardiology,2024-11-07 09:47:00,62,135,83,97.2,19,97,0
SYN-V-001604,SYN-P-00081,SYN-E-000419,Synthetic Community Hospital West,Cardiology,2024-11-07 10:40:00,77,133,62,98.2,13,98,7
SYN-V-001605,SYN-P-00039,SYN-E-000420,Synthetic Outpatient Center,Primary Care,2024-11-07 13:22:00,93,142,94,99.0,16,98,7
SYN-V-001606,SYN-P-00117,SYN-E-000421,Synthetic Regional Medical Center,Emergency,2024-11-08 02:40:00,95,159,76,99.6,18,92,6
SYN-V-001607,SYN-P-00117,SYN-E-000421,Synthetic Regional Medical Center,Emergency,2024-11-08 03:33:00,88,117,75,99.5,14,96,0
SYN-V-001608,SYN-P-00117,SYN-E-000421,Synthetic Regional Medical Center,Emergency,2024-11-08 04:45:00,60,120,85,97.4,19,96,3
SYN-V-001609,SYN-P-00017,SYN-E-000422,Synthetic Community Hospital East,Pulmonology,2024-11-09 17:30:00,75,114,67,99.7,15,100,5
SYN-V-001610,SYN-P-00031,SYN-E-000424,Synthetic Regional Medical Center,Cardiology,2024-11-12 23:08:00,69,131,69,98.2,12,100,0
SYN-V-001611,SYN-P-00031,SYN-E-000424,Synthetic Regional Medical Center,Cardiology,2024-11-13 01:16:00,59,101,95,99.5,16,94,7
SYN-V-001612,SYN-P-00031,SYN-E-000424,Synthetic Regional Medical Center,Cardiology,2024-11-13 02:43:00,108,117,61,97.3,16,98,5
SYN-V-001613,SYN-P-00052,SYN-E-000425,Synthetic Outpatient Center,Primary Care,2024-11-13 07:10:00,94,132,92,97.2,19,98,5
SYN-V-001614,SYN-P-00158,SYN-E-000427,Synthetic Outpatient Center,Endocrinology,2024-11-13 22:02:00,64,141,63,97.3,21,95,5
SYN-V-001615,SYN-P-00158,SYN-E-000427,Synthetic Outpatient Center,Endocrinology,2024-11-14 00:15:00,100,141,80,98.7,17,97,0
SYN-V-001616,SYN-P-00175,SYN-E-000428,Synthetic Community Hospital West,Emergency,2024-11-15 01:49:00,76,129,88,99.0,19,95,7
SYN-V-001617,SYN-P-00175,SYN-E-000428,Synthetic Community Hospital West,Emergency,2024-11-15 02:03:00,89,156,67,97.7,15,97,6
SYN-V-001618,SYN-P-00137,SYN-E-000429,Synthetic Regional Medical Center,Cardiology,2024-11-17 17:52:00,99,156,77,99.5,22,95,4
SYN-V-001619,SYN-P-00137,SYN-E-000429,Synthetic Regional Medical Center,Cardiology,2024-11-17 18:08:00,92,153,92,98.9,19,92,7
SYN-V-001620,SYN-P-00121,SYN-E-000430,Synthetic Specialty Clinic,Pulmonology,2024-11-18 03:43:00,81,105,70,98.1,15,95,6
SYN-V-001621,SYN-P-00121,SYN-E-000430,Synthetic Specialty Clinic,Pulmonology,2024-11-18 03:58:00,71,111,85,97.2,16,93,8
SYN-V-001622,SYN-P-00074,SYN-E-000432,Synthetic Community Hospital East,Nephrology,2024-11-19 09:47:00,57,154,78,98.1,18,93,6
SYN-V-001623,SYN-P-00074,SYN-E-000432,Synthetic Community Hospital East,Nephrology,2024-11-19 21:57:00,73,118,63,99.3,20,92,7
SYN-V-001624,SYN-P-00074,SYN-E-000432,Synthetic Community Hospital East,Nephrology,2024-11-20 18:56:00,56,100,94,97.3,21,95,1
SYN-V-001625,SYN-P-00074,SYN-E-000432,Synthetic Community Hospital East,Nephrology,2024-11-20 23:26:00,74,105,60,97.2,15,100,6
SYN-V-001626,SYN-P-00074,SYN-E-000432,Synthetic Community Hospital East,Nephrology,2024-11-21 01:31:00,83,137,76,98.4,13,100,1
SYN-V-001627,SYN-P-00074,SYN-E-000432,Synthetic Community Hospital East,Nephrology,2024-11-21 06:37:00,74,138,68,97.8,20,93,3
SYN-V-001628,SYN-P-00074,SYN-E-000432,Synthetic Community Hospital East,Nephrology,2024-11-21 09:56:00,69,107,64,99.3,21,98,5
SYN-V-001629,SYN-P-00074,SYN-E-000432,Synthetic Community Hospital East,Nephrology,2024-11-21 11:41:00,66,120,68,97.4,21,99,6
SYN-V-001630,SYN-P-00074,SYN-E-000432,Synthetic Community Hospital East,Nephrology,2024-11-21 14:47:00,93,111,68,97.3,21,96,8
SYN-V-001631,SYN-P-00074,SYN-E-000432,Synthetic Community Hospital East,Nephrology,2024-11-21 19:52:00,100,120,78,97.9,13,96,3
SYN-V-001632,SYN-P-00074,SYN-E-000432,Synthetic Community Hospital East,Nephrology,2024-11-22 01:20:00,64,125,93,99.5,13,97,6
SYN-V-001633,SYN-P-00074,SYN-E-000432,Synthetic Community Hospital East,Nephrology,2024-11-22 03:07:00,72,153,93,98.7,16,95,5
SYN-V-001634,SYN-P-00074,SYN-E-000432,Synthetic Community Hospital East,Nephrology,2024-11-22 07:03:00,81,101,85,97.9,18,95,7
SYN-V-001635,SYN-P-00074,SYN-E-000432,Synthetic Community Hospital East,Nephrology,2024-11-22 08:11:00,55,140,74,98.3,16,100,7
SYN-V-001636,SYN-P-00074,SYN-E-000432,Synthetic Community Hospital East,Nephrology,2024-11-22 09:37:00,70,119,71,97.8,20,93,2
SYN-V-001637,SYN-P-00063,SYN-E-000434,Synthetic Community Hospital West,Endocrinology,2024-11-23 03:59:00,65,147,83,99.7,14,100,2
SYN-V-001638,SYN-P-00063,SYN-E-000434,Synthetic Community Hospital West,Endocrinology,2024-11-23 04:28:00,71,144,64,98.4,15,93,5
SYN-V-001639,SYN-P-00063,SYN-E-000434,Synthetic Community Hospital West,Endocrinology,2024-11-23 04:32:00,82,121,80,98.2,21,97,3
SYN-V-001640,SYN-P-00128,SYN-E-000435,Synthetic Regional Medical Center,Cardiology,2024-11-23 11:26:00,59,115,69,99.7,18,100,4
SYN-V-001641,SYN-P-00128,SYN-E-000435,Synthetic Regional Medical Center,Cardiology,2024-11-23 20:31:00,56,118,83,97.8,14,92,4
SYN-V-001642,SYN-P-00128,SYN-E-000435,Synthetic Regional Medical Center,Cardiology,2024-11-24 01:57:00,103,123,62,98.0,17,93,2
SYN-V-001643,SYN-P-00128,SYN-E-000435,Synthetic Regional Medical Center,Cardiology,2024-11-24 18:36:00,101,115,86,97.7,21,96,7
SYN-V-001644,SYN-P-00128,SYN-E-000435,Synthetic Regional Medical Center,Cardiology,2024-11-25 03:13:00,102,106,93,98.7,16,99,4
SYN-V-001645,SYN-P-00128,SYN-E-000435,Synthetic Regional Medical Center,Cardiology,2024-11-25 05:43:00,60,115,82,97.3,21,98,0
SYN-V-001646,SYN-P-00128,SYN-E-000435,Synthetic Regional Medical Center,Cardiology,2024-11-25 12:54:00,81,158,61,97.9,13,93,5
SYN-V-001647,SYN-P-00128,SYN-E-000435,Synthetic Regional Medical Center,Cardiology,2024-11-25 14:22:00,104,107,62,97.0,18,94,2
SYN-V-001648,SYN-P-00128,SYN-E-000435,Synthetic Regional Medical Center,Cardiology,2024-11-26 05:37:00,84,102,86,98.3,20,96,6
SYN-V-001649,SYN-P-00128,SYN-E-000435,Synthetic Regional Medical Center,Cardiology,2024-11-26 06:42:00,96,144,73,98.1,14,92,3
SYN-V-001650,SYN-P-00128,SYN-E-000435,Synthetic Regional Medical Center,Cardiology,2024-11-26 07:14:00,58,117,87,99.7,17,97,
SYN-V-001651,SYN-P-00128,SYN-E-000435,Synthetic Regional Medical Center,Cardiology,2024-11-26 09:01:00,100,106,80,97.5,17,93,5
SYN-V-001652,SYN-P-00128,SYN-E-000435,Synthetic Regional Medical Center,Cardiology,2024-11-26 15:16:00,103,158,73,98.9,20,96,7
SYN-V-001653,SYN-P-00128,SYN-E-000435,Synthetic Regional Medical Center,Cardiology,2024-11-27 06:09:00,95,104,81,97.8,14,93,4
SYN-V-001654,SYN-P-00128,SYN-E-000435,Synthetic Regional Medical Center,Cardiology,2024-11-27 14:50:00,96,156,71,97.0,21,97,4
SYN-V-001655,SYN-P-00112,SYN-E-000437,Synthetic Community Hospital West,Endocrinology,2024-11-24 00:58:00,79,110,63,99.7,18,93,8
SYN-V-001656,SYN-P-00151,SYN-E-000438,Synthetic Outpatient Center,Primary Care,2024-11-24 14:43:00,103,104,86,97.9,16,94,8
SYN-V-001657,SYN-P-00004,SYN-E-000439,Synthetic Specialty Clinic,Orthopedics,2024-11-24 18:41:00,59,140,71,99.4,15,95,7
SYN-V-001658,SYN-P-00004,SYN-E-000439,Synthetic Specialty Clinic,Orthopedics,2024-11-24 19:50:00,90,103,64,98.6,13,99,0
SYN-V-001659,SYN-P-00004,SYN-E-000439,Synthetic Specialty Clinic,Orthopedics,2024-11-24 21:35:00,110,106,77,99.6,20,95,2
SYN-V-001660,SYN-P-00036,SYN-E-000440,Synthetic Outpatient Center,Orthopedics,2024-11-25 01:34:00,62,105,93,97.9,15,93,7
SYN-V-001661,SYN-P-00008,SYN-E-000441,Synthetic Community Hospital West,Pulmonology,2024-11-25 16:42:00,69,141,71,98.6,22,94,
SYN-V-001662,SYN-P-00095,SYN-E-000442,Synthetic Community Hospital West,Cardiology,2024-11-26 18:16:00,69,139,88,98.1,19,98,8
SYN-V-001663,SYN-P-00095,SYN-E-000442,Synthetic Community Hospital West,Cardiology,2024-11-26 18:18:00,65,105,65,97.5,16,94,8
SYN-V-001664,SYN-P-00095,SYN-E-000442,Synthetic Community Hospital West,Cardiology,2024-11-26 21:24:00,74,151,75,99.3,22,94,7
SYN-V-001665,SYN-P-00095,SYN-E-000442,Synthetic Community Hospital West,Cardiology,2024-11-27 00:29:00,81,118,76,97.0,18,100,4
SYN-V-001666,SYN-P-00095,SYN-E-000442,Synthetic Community Hospital West,Cardiology,2024-11-27 05:13:00,90,111,85,99.7,21,99,7
SYN-V-001667,SYN-P-00095,SYN-E-000442,Synthetic Community Hospital West,Cardiology,2024-11-27 08:05:00,96,144,66,97.1,15,98,8
SYN-V-001668,SYN-P-00095,SYN-E-000442,Synthetic Community Hospital West,Cardiology,2024-11-27 22:07:00,76,139,78,98.1,21,92,3
SYN-V-001669,SYN-P-00095,SYN-E-000442,Synthetic Community Hospital West,Cardiology,2024-11-27 23:32:00,75,107,64,99.2,22,100,3
SYN-V-001670,SYN-P-00095,SYN-E-000442,Synthetic Community Hospital West,Cardiology,2024-11-28 02:37:00,71,157,90,98.7,14,93,4
SYN-V-001671,SYN-P-00095,SYN-E-000442,Synthetic Community Hospital West,Cardiology,2024-11-28 10:33:00,58,156,65,99.7,14,96,3
SYN-V-001672,SYN-P-00095,SYN-E-000442,Synthetic Community Hospital West,Cardiology,2024-11-28 12:50:00,87,106,89,99.3,15,97,7
SYN-V-001673,SYN-P-00095,SYN-E-000442,Synthetic Community Hospital West,Cardiology,2024-11-28 14:34:00,83,130,87,99.4,20,93,8
SYN-V-001674,SYN-P-00095,SYN-E-000442,Synthetic Community Hospital West,Cardiology,2024-11-29 12:20:00,85,101,73,99.7,19,97,1
SYN-V-001675,SYN-P-00012,SYN-E-000443,Synthetic Specialty Clinic,Cardiology,2024-11-26 19:01:00,95,148,74,97.8,21,97,3
SYN-V-001676,SYN-P-00012,SYN-E-000443,Synthetic Specialty Clinic,Cardiology,2024-11-26 21:23:00,93,146,79,98.5,13,98,6
SYN-V-001677,SYN-P-00037,SYN-E-000445,Synthetic Outpatient Center,Primary Care,2024-11-26 21:18:00,94,122,65,98.3,21,99,0
SYN-V-001678,SYN-P-00047,SYN-E-000446,Synthetic Regional Medical Center,Pulmonology,2024-11-27 03:51:00,109,149,93,99.5,15,99,0
SYN-V-001679,SYN-P-00047,SYN-E-000446,Synthetic Regional Medical Center,Pulmonology,2024-11-27 04:55:00,105,149,61,97.2,18,97,6
SYN-V-001680,SYN-P-00047,SYN-E-000446,Synthetic Regional Medical Center,Pulmonology,2024-11-27 10:22:00,107,157,80,97.6,14,100,6
SYN-V-001681,SYN-P-00047,SYN-E-000446,Synthetic Regional Medical Center,Pulmonology,2024-11-27 11:10:00,61,151,76,98.0,16,99,1
SYN-V-001682,SYN-P-00047,SYN-E-000446,Synthetic Regional Medical Center,Pulmonology,2024-11-27 13:56:00,78,116,95,98.0,18,96,
SYN-V-001683,SYN-P-00047,SYN-E-000446,Synthetic Regional Medical Center,Pulmonology,2024-11-27 15:02:00,87,106,86,99.1,12,97,0
SYN-V-001684,SYN-P-00047,SYN-E-000446,Synthetic Regional Medical Center,Pulmonology,2024-11-28 03:30:00,96,104,92,98.6,12,95,1
SYN-V-001685,SYN-P-00157,SYN-E-000447,Synthetic Specialty Clinic,Cardiology,2024-11-28 03:56:00,63,136,65,97.2,21,95,8
SYN-V-001686,SYN-P-00087,SYN-E-000448,Synthetic Regional Medical Center,Pulmonology,2024-11-29 16:19:00,63,122,69,97.9,14,99,5
SYN-V-001687,SYN-P-00087,SYN-E-000448,Synthetic Regional Medical Center,Pulmonology,2024-11-29 18:08:00,104,119,94,98.1,21,92,5
SYN-V-001688,SYN-P-00087,SYN-E-000448,Synthetic Regional Medical Center,Pulmonology,2024-11-29 20:02:00,85,103,63,98.2,15,98,6
SYN-V-001689,SYN-P-00087,SYN-E-000448,Synthetic Regional Medical Center,Pulmonology,2024-11-30 03:52:00,57,140,60,98.0,17,92,2
SYN-V-001690,SYN-P-00087,SYN-E-000448,Synthetic Regional Medical Center,Pulmonology,2024-11-30 04:03:00,90,156,89,98.2,19,96,4
SYN-V-001691,SYN-P-00087,SYN-E-000448,Synthetic Regional Medical Center,Pulmonology,2024-11-30 06:23:00,104,137,80,98.2,12,94,7
SYN-V-001692,SYN-P-00087,SYN-E-000448,Synthetic Regional Medical Center,Pulmonology,2024-11-30 14:50:00,110,111,82,98.2,20,99,5
SYN-V-001693,SYN-P-00083,SYN-E-000449,Synthetic Community Hospital West,Primary Care,2024-11-30 23:22:00,86,144,64,98.2,19,96,7
SYN-V-001694,SYN-P-00083,SYN-E-000449,Synthetic Community Hospital West,Primary Care,2024-12-01 00:56:00,99,135,95,99.0,17,97,0
SYN-V-001695,SYN-P-00067,SYN-E-000450,Synthetic Outpatient Center,Pulmonology,2024-12-02 18:26:00,88,151,71,98.3,21,96,7
SYN-V-001696,SYN-P-00067,SYN-E-000450,Synthetic Outpatient Center,Pulmonology,2024-12-02 19:09:00,60,120,94,97.7,15,97,7
SYN-V-001697,SYN-P-00030,SYN-E-000451,Synthetic Specialty Clinic,Pulmonology,2024-12-03 05:56:00,101,150,88,98.5,20,93,4
SYN-V-001698,SYN-P-00030,SYN-E-000451,Synthetic Specialty Clinic,Pulmonology,2024-12-03 06:06:00,70,113,71,99.3,16,94,6
SYN-V-001699,SYN-P-00096,SYN-E-000453,Synthetic Outpatient Center,Primary Care,2024-12-04 05:09:00,69,123,71,97.8,21,100,3
SYN-V-001700,SYN-P-00096,SYN-E-000453,Synthetic Outpatient Center,Primary Care,2024-12-04 05:46:00,55,117,85,97.8,18,95,8
SYN-V-001701,SYN-P-00096,SYN-E-000453,Synthetic Outpatient Center,Primary Care,2024-12-04 06:17:00,57,107,85,97.6,12,100,8
SYN-V-001702,SYN-P-00127,SYN-E-000454,Synthetic Outpatient Center,Primary Care,2024-12-04 23:50:00,94,154,80,99.3,19,95,0
SYN-V-001703,SYN-P-00009,SYN-E-000455,Synthetic Community Hospital West,Internal Medicine,2024-12-06 09:38:00,80,120,90,98.5,20,93,1
SYN-V-001704,SYN-P-00009,SYN-E-000455,Synthetic Community Hospital West,Internal Medicine,2024-12-06 12:08:00,59,157,61,98.3,20,96,6
SYN-V-001705,SYN-P-00009,SYN-E-000455,Synthetic Community Hospital West,Internal Medicine,2024-12-06 14:39:00,78,152,68,97.5,13,94,4
SYN-V-001706,SYN-P-00009,SYN-E-000455,Synthetic Community Hospital West,Internal Medicine,2024-12-06 19:30:00,91,136,88,97.0,16,93,4
SYN-V-001707,SYN-P-00009,SYN-E-000455,Synthetic Community Hospital West,Internal Medicine,2024-12-07 03:06:00,68,115,78,98.1,12,96,7
SYN-V-001708,SYN-P-00009,SYN-E-000455,Synthetic Community Hospital West,Internal Medicine,2024-12-07 03:38:00,81,126,94,98.5,22,94,3
SYN-V-001709,SYN-P-00009,SYN-E-000455,Synthetic Community Hospital West,Internal Medicine,2024-12-07 06:06:00,95,110,77,98.9,22,98,6
SYN-V-001710,SYN-P-00009,SYN-E-000455,Synthetic Community Hospital West,Internal Medicine,2024-12-07 12:58:00,67,154,92,97.2,21,94,2
SYN-V-001711,SYN-P-00009,SYN-E-000455,Synthetic Community Hospital West,Internal Medicine,2024-12-07 19:27:00,55,142,92,98.4,22,98,2
SYN-V-001712,SYN-P-00009,SYN-E-000455,Synthetic Community Hospital West,Internal Medicine,2024-12-08 08:16:00,74,139,93,97.8,17,92,8
SYN-V-001713,SYN-P-00009,SYN-E-000455,Synthetic Community Hospital West,Internal Medicine,2024-12-08 14:53:00,99,133,91,97.4,18,94,5
SYN-V-001714,SYN-P-00009,SYN-E-000455,Synthetic Community Hospital West,Internal Medicine,2024-12-08 17:22:00,91,109,71,98.2,15,94,1
SYN-V-001715,SYN-P-00009,SYN-E-000455,Synthetic Community Hospital West,Internal Medicine,2024-12-08 17:50:00,82,160,68,99.8,16,93,6
SYN-V-001716,SYN-P-00009,SYN-E-000455,Synthetic Community Hospital West,Internal Medicine,2024-12-08 19:42:00,75,146,68,97.8,12,96,4
SYN-V-001717,SYN-P-00009,SYN-E-000455,Synthetic Community Hospital West,Internal Medicine,2024-12-09 13:08:00,71,126,82,99.1,14,92,2
SYN-V-001718,SYN-P-00009,SYN-E-000455,Synthetic Community Hospital West,Internal Medicine,2024-12-09 19:38:00,56,114,71,97.8,15,96,5
SYN-V-001719,SYN-P-00009,SYN-E-000455,Synthetic Community Hospital West,Internal Medicine,2024-12-10 02:06:00,75,150,84,98.3,18,96,7
SYN-V-001720,SYN-P-00009,SYN-E-000455,Synthetic Community Hospital West,Internal Medicine,2024-12-10 04:12:00,89,110,92,98.6,20,99,0
SYN-V-001721,SYN-P-00009,SYN-E-000455,Synthetic Community Hospital West,Internal Medicine,2024-12-10 07:41:00,107,108,60,97.1,20,94,1
SYN-V-001722,SYN-P-00009,SYN-E-000455,Synthetic Community Hospital West,Internal Medicine,2024-12-11 01:05:00,82,134,79,99.1,21,97,4
SYN-V-001723,SYN-P-00009,SYN-E-000455,Synthetic Community Hospital West,Internal Medicine,2024-12-11 02:22:00,85,140,67,97.6,14,99,7
SYN-V-001724,SYN-P-00009,SYN-E-000455,Synthetic Community Hospital West,Internal Medicine,2024-12-11 22:20:00,73,148,79,98.8,12,97,7
SYN-V-001725,SYN-P-00009,SYN-E-000455,Synthetic Community Hospital West,Internal Medicine,2024-12-12 04:16:00,55,116,76,99.5,14,99,6
SYN-V-001726,SYN-P-00009,SYN-E-000455,Synthetic Community Hospital West,Internal Medicine,2024-12-12 05:07:00,94,110,66,98.2,13,96,4
SYN-V-001727,SYN-P-00009,SYN-E-000455,Synthetic Community Hospital West,Internal Medicine,2024-12-12 22:54:00,107,147,69,97.3,21,92,3
SYN-V-001728,SYN-P-00009,SYN-E-000455,Synthetic Community Hospital West,Internal Medicine,2024-12-13 03:06:00,98,114,66,98.1,21,99,4
SYN-V-001729,SYN-P-00009,SYN-E-000455,Synthetic Community Hospital West,Internal Medicine,2024-12-13 06:22:00,110,131,61,97.9,21,98,4
SYN-V-001730,SYN-P-00009,SYN-E-000455,Synthetic Community Hospital West,Internal Medicine,2024-12-14 02:00:00,80,153,65,99.2,17,99,3
SYN-V-001731,SYN-P-00009,SYN-E-000455,Synthetic Community Hospital West,Internal Medicine,2024-12-14 13:18:00,75,113,67,98.4,12,98,3
SYN-V-001732,SYN-P-00009,SYN-E-000455,Synthetic Community Hospital West,Internal Medicine,2024-12-14 13:52:00,88,116,80,98.6,21,100,5
SYN-V-001733,SYN-P-00009,SYN-E-000455,Synthetic Community Hospital West,Internal Medicine,2024-12-14 19:40:00,106,142,90,99.1,18,94,2
SYN-V-001734,SYN-P-00009,SYN-E-000455,Synthetic Community Hospital West,Internal Medicine,2024-12-14 23:23:00,82,147,62,97.3,20,100,7
SYN-V-001735,SYN-P-00009,SYN-E-000455,Synthetic Community Hospital West,Internal Medicine,2024-12-14 23:36:00,102,121,65,97.6,14,96,0
SYN-V-001736,SYN-P-00009,SYN-E-000455,Synthetic Community Hospital West,Internal Medicine,2024-12-15 02:29:00,95,112,67,97.5,14,92,4
SYN-V-001737,SYN-P-00009,SYN-E-000455,Synthetic Community Hospital West,Internal Medicine,2024-12-15 19:10:00,84,104,63,98.4,16,93,6
SYN-V-001738,SYN-P-00009,SYN-E-000455,Synthetic Community Hospital West,Internal Medicine,2024-12-15 20:16:00,92,137,81,97.5,13,94,1
SYN-V-001739,SYN-P-00009,SYN-E-000455,Synthetic Community Hospital West,Internal Medicine,2024-12-16 00:50:00,72,149,69,98.2,21,100,8
SYN-V-001740,SYN-P-00009,SYN-E-000455,Synthetic Community Hospital West,Internal Medicine,2024-12-16 04:28:00,63,144,70,98.8,17,96,0
SYN-V-001741,SYN-P-00009,SYN-E-000455,Synthetic Community Hospital West,Internal Medicine,2024-12-16 15:14:00,74,116,89,98.0,13,93,1
SYN-V-001742,SYN-P-00009,SYN-E-000455,Synthetic Community Hospital West,Internal Medicine,2024-12-17 06:05:00,85,152,75,99.5,20,93,
SYN-V-001743,SYN-P-00009,SYN-E-000455,Synthetic Community Hospital West,Internal Medicine,2024-12-17 15:53:00,59,109,93,99.4,16,94,8
SYN-V-001744,SYN-P-00059,SYN-E-000456,Synthetic Regional Medical Center,Emergency,2024-12-07 14:09:00,85,153,73,98.7,16,98,2
SYN-V-001745,SYN-P-00059,SYN-E-000456,Synthetic Regional Medical Center,Emergency,2024-12-07 14:11:00,70,121,64,99.1,15,94,2
SYN-V-001746,SYN-P-00079,SYN-E-000457,Synthetic Outpatient Center,Primary Care,2024-12-07 19:13:00,58,142,95,98.2,19,96,6
SYN-V-001747,SYN-P-00079,SYN-E-000457,Synthetic Outpatient Center,Primary Care,2024-12-07 21:38:00,82,151,76,99.6,17,99,5
SYN-V-001748,SYN-P-00187,SYN-E-000458,Synthetic Community Hospital East,Emergency,2024-12-07 19:46:00,99,116,78,97.1,22,92,2
SYN-V-001749,SYN-P-00154,SYN-E-000459,Synthetic Community Hospital West,Emergency,2024-12-07 22:30:00,62,134,82,97.4,17,92,3
SYN-V-001750,SYN-P-00154,SYN-E-000459,Synthetic Community Hospital West,Emergency,2024-12-07 23:30:00,62,121,76,98.5,14,99,7
SYN-V-001751,SYN-P-00154,SYN-E-000459,Synthetic Community Hospital West,Emergency,2024-12-08 00:21:00,75,143,67,97.2,16,95,
SYN-V-001752,SYN-P-00154,SYN-E-000459,Synthetic Community Hospital West,Emergency,2024-12-08 00:52:00,101,118,74,97.6,16,99,8
SYN-V-001753,SYN-P-00170,SYN-E-000460,Synthetic Community Hospital East,Emergency,2024-12-09 01:48:00,61,136,76,99.1,20,100,8
SYN-V-001754,SYN-P-00170,SYN-E-000460,Synthetic Community Hospital East,Emergency,2024-12-09 01:54:00,101,150,68,98.6,18,95,6
SYN-V-001755,SYN-P-00170,SYN-E-000460,Synthetic Community Hospital East,Emergency,2024-12-09 02:15:00,66,116,66,98.6,14,97,8
SYN-V-001756,SYN-P-00170,SYN-E-000460,Synthetic Community Hospital East,Emergency,2024-12-09 03:52:00,102,155,91,98.1,16,92,1
SYN-V-001757,SYN-P-00108,SYN-E-000461,Synthetic Community Hospital East,Emergency,2024-12-09 02:17:00,58,135,89,99.5,16,97,2
SYN-V-001758,SYN-P-00108,SYN-E-000461,Synthetic Community Hospital East,Emergency,2024-12-09 03:32:00,85,128,78,98.4,18,93,1
SYN-V-001759,SYN-P-00108,SYN-E-000461,Synthetic Community Hospital East,Emergency,2024-12-09 03:59:00,108,101,61,98.1,17,100,0
SYN-V-001760,SYN-P-00108,SYN-E-000461,Synthetic Community Hospital East,Emergency,2024-12-09 05:52:00,90,140,86,97.2,15,92,7
SYN-V-001761,SYN-P-00028,SYN-E-000462,Synthetic Specialty Clinic,Endocrinology,2024-12-09 06:20:00,76,137,69,98.1,18,92,5
SYN-V-001762,SYN-P-00055,SYN-E-000463,Synthetic Community Hospital East,Emergency,2024-12-09 12:33:00,74,155,67,98.0,13,96,6
SYN-V-001763,SYN-P-00055,SYN-E-000463,Synthetic Community Hospital East,Emergency,2024-12-09 14:01:00,66,124,90,97.3,17,97,0
SYN-V-001764,SYN-P-00085,SYN-E-000466,Synthetic Community Hospital East,Orthopedics,2024-12-10 19:28:00,109,159,94,98.6,22,98,5
SYN-V-001765,SYN-P-00085,SYN-E-000466,Synthetic Community Hospital East,Orthopedics,2024-12-11 00:13:00,57,125,77,98.7,19,96,5
SYN-V-001766,SYN-P-00085,SYN-E-000466,Synthetic Community Hospital East,Orthopedics,2024-12-11 13:30:00,102,100,80,98.9,19,97,5
SYN-V-001767,SYN-P-00085,SYN-E-000466,Synthetic Community Hospital East,Orthopedics,2024-12-13 05:35:00,63,160,73,99.5,20,94,8
SYN-V-001768,SYN-P-00085,SYN-E-000466,Synthetic Community Hospital East,Orthopedics,2024-12-13 07:33:00,72,114,63,98.9,18,94,2
SYN-V-001769,SYN-P-00085,SYN-E-000466,Synthetic Community Hospital East,Orthopedics,2024-12-13 14:38:00,80,151,89,99.3,21,99,5
SYN-V-001770,SYN-P-00085,SYN-E-000466,Synthetic Community Hospital East,Orthopedics,2024-12-13 20:58:00,110,128,78,99.7,21,97,3
SYN-V-001771,SYN-P-00085,SYN-E-000466,Synthetic Community Hospital East,Orthopedics,2024-12-14 02:12:00,101,154,84,98.3,22,98,8
SYN-V-001772,SYN-P-00085,SYN-E-000466,Synthetic Community Hospital East,Orthopedics,2024-12-14 03:36:00,78,122,91,98.1,22,98,6
SYN-V-001773,SYN-P-00085,SYN-E-000466,Synthetic Community Hospital East,Orthopedics,2024-12-14 05:32:00,63,118,85,98.4,12,95,2
SYN-V-001774,SYN-P-00085,SYN-E-000466,Synthetic Community Hospital East,Orthopedics,2024-12-15 19:40:00,71,118,71,98.3,17,97,6
SYN-V-001775,SYN-P-00085,SYN-E-000466,Synthetic Community Hospital East,Orthopedics,2024-12-15 20:36:00,102,150,94,98.5,17,92,7
SYN-V-001776,SYN-P-00085,SYN-E-000466,Synthetic Community Hospital East,Orthopedics,2024-12-16 04:58:00,77,153,68,98.9,21,100,5
SYN-V-001777,SYN-P-00085,SYN-E-000466,Synthetic Community Hospital East,Orthopedics,2024-12-16 06:09:00,59,129,89,97.2,18,95,6
SYN-V-001778,SYN-P-00085,SYN-E-000466,Synthetic Community Hospital East,Orthopedics,2024-12-16 09:20:00,110,118,95,98.3,12,92,5
SYN-V-001779,SYN-P-00085,SYN-E-000466,Synthetic Community Hospital East,Orthopedics,2024-12-16 09:32:00,108,117,83,98.9,22,98,2
SYN-V-001780,SYN-P-00185,SYN-E-000467,Synthetic Specialty Clinic,Orthopedics,2024-12-10 21:55:00,70,127,61,97.0,20,92,0
SYN-V-001781,SYN-P-00101,SYN-E-000468,Synthetic Regional Medical Center,Cardiology,2024-12-12 07:00:00,72,139,84,99.2,12,93,7
SYN-V-001782,SYN-P-00101,SYN-E-000468,Synthetic Regional Medical Center,Cardiology,2024-12-12 12:29:00,101,143,71,98.4,21,95,3
SYN-V-001783,SYN-P-00101,SYN-E-000468,Synthetic Regional Medical Center,Cardiology,2024-12-12 18:38:00,72,103,68,97.3,22,92,8
SYN-V-001784,SYN-P-00101,SYN-E-000468,Synthetic Regional Medical Center,Cardiology,2024-12-12 22:05:00,106,155,84,97.0,15,93,0
SYN-V-001785,SYN-P-00101,SYN-E-000468,Synthetic Regional Medical Center,Cardiology,2024-12-13 03:28:00,102,124,88,98.9,14,93,1
SYN-V-001786,SYN-P-00101,SYN-E-000468,Synthetic Regional Medical Center,Cardiology,2024-12-13 20:50:00,59,138,75,97.6,14,98,2
SYN-V-001787,SYN-P-00101,SYN-E-000468,Synthetic Regional Medical Center,Cardiology,2024-12-14 06:20:00,58,101,72,98.6,12,100,1
SYN-V-001788,SYN-P-00101,SYN-E-000468,Synthetic Regional Medical Center,Cardiology,2024-12-14 15:11:00,62,138,70,98.0,22,97,5
SYN-V-001789,SYN-P-00101,SYN-E-000468,Synthetic Regional Medical Center,Cardiology,2024-12-14 16:33:00,55,103,85,98.1,12,100,7
SYN-V-001790,SYN-P-00101,SYN-E-000468,Synthetic Regional Medical Center,Cardiology,2024-12-15 06:13:00,104,110,70,99.3,19,95,1
SYN-V-001791,SYN-P-00101,SYN-E-000468,Synthetic Regional Medical Center,Cardiology,2024-12-15 10:40:00,94,135,77,97.8,18,93,2
SYN-V-001792,SYN-P-00101,SYN-E-000468,Synthetic Regional Medical Center,Cardiology,2024-12-15 20:14:00,99,118,70,98.6,17,98,2
SYN-V-001793,SYN-P-00101,SYN-E-000468,Synthetic Regional Medical Center,Cardiology,2024-12-15 23:47:00,96,146,74,97.9,17,96,4
SYN-V-001794,SYN-P-00101,SYN-E-000468,Synthetic Regional Medical Center,Cardiology,2024-12-16 09:07:00,65,125,67,97.9,17,100,
SYN-V-001795,SYN-P-00101,SYN-E-000468,Synthetic Regional Medical Center,Cardiology,2024-12-16 18:05:00,74,102,80,97.3,21,98,5
SYN-V-001796,SYN-P-00101,SYN-E-000468,Synthetic Regional Medical Center,Cardiology,2024-12-17 05:55:00,95,142,94,98.0,18,94,3
SYN-V-001797,SYN-P-00101,SYN-E-000468,Synthetic Regional Medical Center,Cardiology,2024-12-17 06:16:00,90,114,70,98.8,12,95,2
SYN-V-001798,SYN-P-00101,SYN-E-000468,Synthetic Regional Medical Center,Cardiology,2024-12-18 04:50:00,98,131,66,98.8,19,99,8
SYN-V-001799,SYN-P-00101,SYN-E-000468,Synthetic Regional Medical Center,Cardiology,2024-12-18 05:55:00,94,139,60,98.2,17,94,5
SYN-V-001800,SYN-P-00101,SYN-E-000468,Synthetic Regional Medical Center,Cardiology,2024-12-18 08:54:00,57,140,79,99.0,15,93,7
SYN-V-001801,SYN-P-00101,SYN-E-000468,Synthetic Regional Medical Center,Cardiology,2024-12-18 21:18:00,107,101,75,99.3,22,98,3
SYN-V-001802,SYN-P-00101,SYN-E-000468,Synthetic Regional Medical Center,Cardiology,2024-12-18 22:21:00,69,107,82,99.3,13,93,1
SYN-V-001803,SYN-P-00101,SYN-E-000468,Synthetic Regional Medical Center,Cardiology,2024-12-19 07:15:00,79,113,81,99.2,15,92,2
SYN-V-001804,SYN-P-00101,SYN-E-000468,Synthetic Regional Medical Center,Cardiology,2024-12-19 16:26:00,75,138,81,99.5,15,96,0
SYN-V-001805,SYN-P-00101,SYN-E-000468,Synthetic Regional Medical Center,Cardiology,2024-12-19 16:50:00,82,147,68,97.1,12,100,8
SYN-V-001806,SYN-P-00101,SYN-E-000468,Synthetic Regional Medical Center,Cardiology,2024-12-19 23:30:00,100,108,72,97.3,20,93,8
SYN-V-001807,SYN-P-00101,SYN-E-000468,Synthetic Regional Medical Center,Cardiology,2024-12-20 11:33:00,73,118,85,98.9,20,99,1
SYN-V-001808,SYN-P-00101,SYN-E-000468,Synthetic Regional Medical Center,Cardiology,2024-12-20 23:31:00,58,154,67,98.2,22,97,7
SYN-V-001809,SYN-P-00148,SYN-E-000469,Synthetic Community Hospital East,Pulmonology,2024-12-12 14:19:00,95,124,70,98.2,18,95,8
SYN-V-001810,SYN-P-00148,SYN-E-000469,Synthetic Community Hospital East,Pulmonology,2024-12-12 18:59:00,99,117,81,99.2,16,97,2
SYN-V-001811,SYN-P-00148,SYN-E-000469,Synthetic Community Hospital East,Pulmonology,2024-12-12 23:12:00,88,139,92,98.3,13,92,5
SYN-V-001812,SYN-P-00148,SYN-E-000469,Synthetic Community Hospital East,Pulmonology,2024-12-13 05:12:00,60,127,63,99.6,22,95,0
SYN-V-001813,SYN-P-00148,SYN-E-000469,Synthetic Community Hospital East,Pulmonology,2024-12-13 11:20:00,109,105,63,97.9,19,92,7
SYN-V-001814,SYN-P-00148,SYN-E-000469,Synthetic Community Hospital East,Pulmonology,2024-12-13 15:00:00,78,159,83,99.6,16,100,3
SYN-V-001815,SYN-P-00148,SYN-E-000469,Synthetic Community Hospital East,Pulmonology,2024-12-13 16:21:00,107,139,62,98.0,17,98,1
SYN-V-001816,SYN-P-00148,SYN-E-000469,Synthetic Community Hospital East,Pulmonology,2024-12-14 01:24:00,93,123,93,98.4,21,98,8
SYN-V-001817,SYN-P-00148,SYN-E-000469,Synthetic Community Hospital East,Pulmonology,2024-12-14 02:02:00,106,118,90,98.7,22,97,5
SYN-V-001818,SYN-P-00136,SYN-E-000470,Synthetic Regional Medical Center,Internal Medicine,2024-12-13 03:17:00,82,142,76,98.4,12,92,0
SYN-V-001819,SYN-P-00136,SYN-E-000470,Synthetic Regional Medical Center,Internal Medicine,2024-12-13 09:24:00,70,106,85,97.3,21,92,8
SYN-V-001820,SYN-P-00136,SYN-E-000470,Synthetic Regional Medical Center,Internal Medicine,2024-12-13 11:10:00,93,124,95,99.2,19,97,7
SYN-V-001821,SYN-P-00136,SYN-E-000470,Synthetic Regional Medical Center,Internal Medicine,2024-12-13 20:53:00,101,113,75,99.4,22,95,3
SYN-V-001822,SYN-P-00102,SYN-E-000471,Synthetic Community Hospital East,Neurology,2024-12-13 07:02:00,109,135,95,98.1,13,98,5
SYN-V-001823,SYN-P-00102,SYN-E-000471,Synthetic Community Hospital East,Neurology,2024-12-13 08:59:00,102,158,86,97.5,13,94,4
SYN-V-001824,SYN-P-00102,SYN-E-000471,Synthetic Community Hospital East,Neurology,2024-12-13 18:43:00,66,101,93,98.4,20,97,7
SYN-V-001825,SYN-P-00102,SYN-E-000471,Synthetic Community Hospital East,Neurology,2024-12-14 00:09:00,89,140,80,97.4,17,94,3
SYN-V-001826,SYN-P-00102,SYN-E-000471,Synthetic Community Hospital East,Neurology,2024-12-14 04:13:00,82,138,86,99.4,20,99,8
SYN-V-001827,SYN-P-00102,SYN-E-000471,Synthetic Community Hospital East,Neurology,2024-12-14 09:19:00,88,118,68,99.4,13,97,5
SYN-V-001828,SYN-P-00102,SYN-E-000471,Synthetic Community Hospital East,Neurology,2024-12-14 16:35:00,68,130,63,98.0,19,97,6
SYN-V-001829,SYN-P-00005,SYN-E-000473,Synthetic Outpatient Center,Primary Care,2024-12-13 18:13:00,59,100,81,97.8,20,99,5
SYN-V-001830,SYN-P-00192,SYN-E-000474,Synthetic Community Hospital West,Pulmonology,2024-12-14 04:25:00,86,106,87,99.6,16,97,7
SYN-V-001831,SYN-P-00192,SYN-E-000474,Synthetic Community Hospital West,Pulmonology,2024-12-14 22:02:00,71,100,62,97.6,17,99,4
SYN-V-001832,SYN-P-00192,SYN-E-000474,Synthetic Community Hospital West,Pulmonology,2024-12-15 04:19:00,101,119,66,98.1,13,93,1
SYN-V-001833,SYN-P-00192,SYN-E-000474,Synthetic Community Hospital West,Pulmonology,2024-12-15 07:10:00,106,129,73,98.5,21,92,5
SYN-V-001834,SYN-P-00192,SYN-E-000474,Synthetic Community Hospital West,Pulmonology,2024-12-15 18:23:00,73,105,87,99.7,20,92,
SYN-V-001835,SYN-P-00192,SYN-E-000474,Synthetic Community Hospital West,Pulmonology,2024-12-15 19:13:00,61,160,83,99.0,14,93,1
SYN-V-001836,SYN-P-00192,SYN-E-000474,Synthetic Community Hospital West,Pulmonology,2024-12-15 19:59:00,60,137,75,97.1,14,96,7
SYN-V-001837,SYN-P-00192,SYN-E-000474,Synthetic Community Hospital West,Pulmonology,2024-12-16 01:20:00,60,157,61,98.0,13,93,7
SYN-V-001838,SYN-P-00192,SYN-E-000474,Synthetic Community Hospital West,Pulmonology,2024-12-16 06:45:00,94,147,78,97.3,22,99,4
SYN-V-001839,SYN-P-00192,SYN-E-000474,Synthetic Community Hospital West,Pulmonology,2024-12-16 08:32:00,66,145,65,98.6,22,99,2
SYN-V-001840,SYN-P-00192,SYN-E-000474,Synthetic Community Hospital West,Pulmonology,2024-12-16 15:23:00,57,136,63,98.6,16,96,6
SYN-V-001841,SYN-P-00192,SYN-E-000474,Synthetic Community Hospital West,Pulmonology,2024-12-16 18:10:00,56,127,63,97.7,19,98,
SYN-V-001842,SYN-P-00034,SYN-E-000475,Synthetic Specialty Clinic,Pulmonology,2024-12-14 02:37:00,100,118,86,99.2,18,99,5
SYN-V-001843,SYN-P-00070,SYN-E-000476,Synthetic Community Hospital East,Emergency,2024-12-14 10:12:00,55,123,85,98.9,20,92,4
SYN-V-001844,SYN-P-00076,SYN-E-000477,Synthetic Regional Medical Center,Primary Care,2024-12-14 11:18:00,101,129,64,99.4,15,97,4
SYN-V-001845,SYN-P-00076,SYN-E-000477,Synthetic Regional Medical Center,Primary Care,2024-12-14 12:13:00,59,118,65,99.8,14,93,
SYN-V-001846,SYN-P-00076,SYN-E-000477,Synthetic Regional Medical Center,Primary Care,2024-12-14 12:43:00,81,153,62,97.1,17,96,2
SYN-V-001847,SYN-P-00076,SYN-E-000477,Synthetic Regional Medical Center,Primary Care,2024-12-14 13:14:00,69,135,90,97.4,14,92,7
SYN-V-001848,SYN-P-00076,SYN-E-000477,Synthetic Regional Medical Center,Primary Care,2024-12-14 13:56:00,76,122,75,97.8,14,96,4
SYN-V-001849,SYN-P-00019,SYN-E-000478,Synthetic Community Hospital West,Primary Care,2024-12-14 18:21:00,105,126,72,99.0,15,96,5
SYN-V-001850,SYN-P-00197,SYN-E-000479,Synthetic Community Hospital West,Primary Care,2024-12-14 23:08:00,69,112,77,99.8,18,99,6
SYN-V-001851,SYN-P-00197,SYN-E-000479,Synthetic Community Hospital West,Primary Care,2024-12-15 00:52:00,109,132,88,98.7,15,95,8
SYN-V-001852,SYN-P-00173,SYN-E-000480,Synthetic Community Hospital East,Pulmonology,2024-12-16 14:07:00,95,108,76,97.3,14,93,7
SYN-V-001853,SYN-P-00173,SYN-E-000480,Synthetic Community Hospital East,Pulmonology,2024-12-16 15:11:00,87,155,84,97.6,15,99,3
SYN-V-001854,SYN-P-00173,SYN-E-000480,Synthetic Community Hospital East,Pulmonology,2024-12-17 09:16:00,109,142,75,99.4,16,93,0
SYN-V-001855,SYN-P-00173,SYN-E-000480,Synthetic Community Hospital East,Pulmonology,2024-12-17 12:41:00,99,141,72,98.5,17,97,7
SYN-V-001856,SYN-P-00173,SYN-E-000480,Synthetic Community Hospital East,Pulmonology,2024-12-18 01:53:00,69,108,77,97.8,18,98,8
SYN-V-001857,SYN-P-00173,SYN-E-000480,Synthetic Community Hospital East,Pulmonology,2024-12-18 07:46:00,74,117,80,98.2,14,93,2
SYN-V-001858,SYN-P-00173,SYN-E-000480,Synthetic Community Hospital East,Pulmonology,2024-12-18 09:11:00,66,144,94,98.4,21,98,5
SYN-V-001859,SYN-P-00173,SYN-E-000480,Synthetic Community Hospital East,Pulmonology,2024-12-18 13:04:00,82,152,91,99.6,16,92,3
SYN-V-001860,SYN-P-00173,SYN-E-000480,Synthetic Community Hospital East,Pulmonology,2024-12-18 18:01:00,96,139,67,97.5,21,96,3
SYN-V-001861,SYN-P-00173,SYN-E-000480,Synthetic Community Hospital East,Pulmonology,2024-12-19 08:04:00,86,106,71,97.6,14,94,0
SYN-V-001862,SYN-P-00173,SYN-E-000480,Synthetic Community Hospital East,Pulmonology,2024-12-19 11:14:00,108,126,88,98.3,16,100,3
SYN-V-001863,SYN-P-00173,SYN-E-000480,Synthetic Community Hospital East,Pulmonology,2024-12-19 21:52:00,75,152,81,97.1,21,96,6
SYN-V-001864,SYN-P-00173,SYN-E-000480,Synthetic Community Hospital East,Pulmonology,2024-12-19 22:17:00,61,120,60,98.3,21,99,6
SYN-V-001865,SYN-P-00173,SYN-E-000480,Synthetic Community Hospital East,Pulmonology,2024-12-20 04:58:00,69,109,77,98.4,16,100,5
SYN-V-001866,SYN-P-00173,SYN-E-000480,Synthetic Community Hospital East,Pulmonology,2024-12-20 08:45:00,109,135,84,99.1,22,94,5
SYN-V-001867,SYN-P-00040,SYN-E-000481,Synthetic Regional Medical Center,Neurology,2024-12-16 17:32:00,102,132,66,98.4,18,95,3
SYN-V-001868,SYN-P-00040,SYN-E-000481,Synthetic Regional Medical Center,Neurology,2024-12-17 06:24:00,56,150,68,97.1,20,98,0
SYN-V-001869,SYN-P-00040,SYN-E-000481,Synthetic Regional Medical Center,Neurology,2024-12-17 08:49:00,74,114,83,97.1,19,93,6
SYN-V-001870,SYN-P-00040,SYN-E-000481,Synthetic Regional Medical Center,Neurology,2024-12-17 17:14:00,102,129,62,99.8,14,95,8
SYN-V-001871,SYN-P-00040,SYN-E-000481,Synthetic Regional Medical Center,Neurology,2024-12-17 18:27:00,91,133,65,97.9,19,96,3
SYN-V-001872,SYN-P-00040,SYN-E-000481,Synthetic Regional Medical Center,Neurology,2024-12-18 10:01:00,106,124,93,99.6,19,94,6
SYN-V-001873,SYN-P-00040,SYN-E-000481,Synthetic Regional Medical Center,Neurology,2024-12-19 12:31:00,101,107,95,99.7,15,99,5
SYN-V-001874,SYN-P-00040,SYN-E-000481,Synthetic Regional Medical Center,Neurology,2024-12-19 17:18:00,60,105,84,97.6,17,96,4
SYN-V-001875,SYN-P-00040,SYN-E-000481,Synthetic Regional Medical Center,Neurology,2024-12-19 22:50:00,75,140,82,99.0,12,100,0
SYN-V-001876,SYN-P-00040,SYN-E-000481,Synthetic Regional Medical Center,Neurology,2024-12-20 13:01:00,107,141,92,97.9,19,95,2
SYN-V-001877,SYN-P-00040,SYN-E-000481,Synthetic Regional Medical Center,Neurology,2024-12-20 13:56:00,77,121,71,98.2,12,94,0
SYN-V-001878,SYN-P-00040,SYN-E-000481,Synthetic Regional Medical Center,Neurology,2024-12-20 15:25:00,68,111,78,99.5,22,92,1
SYN-V-001879,SYN-P-00040,SYN-E-000481,Synthetic Regional Medical Center,Neurology,2024-12-20 17:38:00,78,117,94,97.1,19,96,7
SYN-V-001880,SYN-P-00111,SYN-E-000482,Synthetic Specialty Clinic,Pulmonology,2024-12-17 13:12:00,94,141,78,97.2,13,99,1
SYN-V-001881,SYN-P-00111,SYN-E-000482,Synthetic Specialty Clinic,Pulmonology,2024-12-17 15:14:00,69,105,77,99.8,21,92,3
SYN-V-001882,SYN-P-00095,SYN-E-000483,Synthetic Outpatient Center,Endocrinology,2024-12-18 16:55:00,110,124,68,97.4,20,96,1
SYN-V-001883,SYN-P-00043,SYN-E-000486,Synthetic Community Hospital West,Neurology,2024-12-21 06:42:00,84,115,78,99.0,15,97,1
SYN-V-001884,SYN-P-00043,SYN-E-000486,Synthetic Community Hospital West,Neurology,2024-12-21 11:55:00,92,148,79,97.2,20,98,7
SYN-V-001885,SYN-P-00043,SYN-E-000486,Synthetic Community Hospital West,Neurology,2024-12-21 16:03:00,72,119,87,97.7,17,100,4
SYN-V-001886,SYN-P-00043,SYN-E-000486,Synthetic Community Hospital West,Neurology,2024-12-22 18:18:00,67,157,86,97.6,15,100,4
SYN-V-001887,SYN-P-00043,SYN-E-000486,Synthetic Community Hospital West,Neurology,2024-12-22 22:48:00,82,119,83,97.0,20,98,8
SYN-V-001888,SYN-P-00043,SYN-E-000486,Synthetic Community Hospital West,Neurology,2024-12-23 13:50:00,99,145,83,98.7,21,99,1
SYN-V-001889,SYN-P-00043,SYN-E-000486,Synthetic Community Hospital West,Neurology,2024-12-23 20:40:00,63,100,94,97.6,19,93,1
SYN-V-001890,SYN-P-00043,SYN-E-000486,Synthetic Community Hospital West,Neurology,2024-12-24 03:21:00,91,136,73,98.9,15,93,1
SYN-V-001891,SYN-P-00043,SYN-E-000486,Synthetic Community Hospital West,Neurology,2024-12-25 02:23:00,84,151,68,98.7,13,94,
SYN-V-001892,SYN-P-00043,SYN-E-000486,Synthetic Community Hospital West,Neurology,2024-12-25 11:51:00,104,142,91,97.4,13,97,3
SYN-V-001893,SYN-P-00043,SYN-E-000486,Synthetic Community Hospital West,Neurology,2024-12-26 15:01:00,94,111,67,98.1,13,98,8
SYN-V-001894,SYN-P-00043,SYN-E-000486,Synthetic Community Hospital West,Neurology,2024-12-26 17:31:00,63,135,67,99.4,22,97,2
SYN-V-001895,SYN-P-00043,SYN-E-000486,Synthetic Community Hospital West,Neurology,2024-12-27 14:23:00,106,156,68,99.0,20,97,5
SYN-V-001896,SYN-P-00043,SYN-E-000486,Synthetic Community Hospital West,Neurology,2024-12-27 17:01:00,79,108,74,97.7,12,95,5
SYN-V-001897,SYN-P-00043,SYN-E-000486,Synthetic Community Hospital West,Neurology,2024-12-27 17:22:00,58,151,66,98.5,13,100,8
SYN-V-001898,SYN-P-00002,SYN-E-000487,Synthetic Community Hospital West,Pulmonology,2024-12-21 09:13:00,61,113,85,99.2,20,93,5
SYN-V-001899,SYN-P-00002,SYN-E-000487,Synthetic Community Hospital West,Pulmonology,2024-12-21 17:45:00,100,108,60,98.3,13,98,2
SYN-V-001900,SYN-P-00002,SYN-E-000487,Synthetic Community Hospital West,Pulmonology,2024-12-21 19:48:00,109,150,67,99.8,16,95,0
SYN-V-001901,SYN-P-00002,SYN-E-000487,Synthetic Community Hospital West,Pulmonology,2024-12-21 21:34:00,56,154,90,98.1,21,98,2
SYN-V-001902,SYN-P-00029,SYN-E-000489,Synthetic Regional Medical Center,Cardiology,2024-12-21 08:42:00,65,105,87,99.1,19,93,1
SYN-V-001903,SYN-P-00029,SYN-E-000489,Synthetic Regional Medical Center,Cardiology,2024-12-21 10:13:00,86,152,75,98.2,16,100,0
SYN-V-001904,SYN-P-00029,SYN-E-000489,Synthetic Regional Medical Center,Cardiology,2024-12-21 11:16:00,67,143,93,97.3,20,95,2
SYN-V-001905,SYN-P-00029,SYN-E-000489,Synthetic Regional Medical Center,Cardiology,2024-12-21 14:34:00,75,116,73,99.2,12,96,8
SYN-V-001906,SYN-P-00029,SYN-E-000489,Synthetic Regional Medical Center,Cardiology,2024-12-21 19:12:00,58,133,91,99.0,15,97,4
SYN-V-001907,SYN-P-00029,SYN-E-000489,Synthetic Regional Medical Center,Cardiology,2024-12-21 20:13:00,75,111,93,99.0,22,98,1
SYN-V-001908,SYN-P-00029,SYN-E-000489,Synthetic Regional Medical Center,Cardiology,2024-12-22 00:17:00,106,100,78,97.1,20,95,0
SYN-V-001909,SYN-P-00029,SYN-E-000489,Synthetic Regional Medical Center,Cardiology,2024-12-22 05:16:00,95,131,75,98.6,13,99,1
SYN-V-001910,SYN-P-00029,SYN-E-000489,Synthetic Regional Medical Center,Cardiology,2024-12-22 08:09:00,102,131,87,98.0,14,100,2
SYN-V-001911,SYN-P-00029,SYN-E-000489,Synthetic Regional Medical Center,Cardiology,2024-12-22 10:43:00,103,119,65,97.9,14,96,0
SYN-V-001912,SYN-P-00134,SYN-E-000490,Synthetic Community Hospital West,Emergency,2024-12-21 09:17:00,85,147,71,98.9,12,93,1
SYN-V-001913,SYN-P-00134,SYN-E-000490,Synthetic Community Hospital West,Emergency,2024-12-21 12:07:00,99,115,90,99.5,13,92,1
SYN-V-001914,SYN-P-00139,SYN-E-000491,Synthetic Regional Medical Center,Pulmonology,2024-12-23 19:24:00,102,149,94,97.5,13,99,
SYN-V-001915,SYN-P-00139,SYN-E-000491,Synthetic Regional Medical Center,Pulmonology,2024-12-23 22:23:00,57,109,77,98.5,14,96,6
SYN-V-001916,SYN-P-00139,SYN-E-000491,Synthetic Regional Medical Center,Pulmonology,2024-12-24 04:58:00,66,110,60,98.5,19,98,6
SYN-V-001917,SYN-P-00139,SYN-E-000491,Synthetic Regional Medical Center,Pulmonology,2024-12-24 07:21:00,104,137,73,97.8,18,100,3
SYN-V-001918,SYN-P-00107,SYN-E-000492,Synthetic Specialty Clinic,Pulmonology,2024-12-22 05:41:00,88,100,71,97.0,20,97,7
SYN-V-001919,SYN-P-00170,SYN-E-000493,Synthetic Community Hospital East,Orthopedics,2024-12-23 03:36:00,62,101,79,99.7,20,94,1
SYN-V-001920,SYN-P-00114,SYN-E-000494,Synthetic Regional Medical Center,Emergency,2024-12-23 18:20:00,72,108,83,98.5,15,97,0
SYN-V-001921,SYN-P-00114,SYN-E-000494,Synthetic Regional Medical Center,Emergency,2024-12-23 19:05:00,101,134,63,97.9,15,93,6
SYN-V-001922,SYN-P-00114,SYN-E-000494,Synthetic Regional Medical Center,Emergency,2024-12-23 19:41:00,89,107,69,99.6,19,97,5
SYN-V-001923,SYN-P-00114,SYN-E-000494,Synthetic Regional Medical Center,Emergency,2024-12-23 20:44:00,90,136,80,99.5,15,94,3
SYN-V-001924,SYN-P-00145,SYN-E-000495,Synthetic Specialty Clinic,Primary Care,2024-12-23 22:56:00,79,101,76,99.2,22,96,7
SYN-V-001925,SYN-P-00145,SYN-E-000495,Synthetic Specialty Clinic,Primary Care,2024-12-23 23:20:00,90,144,83,97.6,14,92,0
SYN-V-001926,SYN-P-00073,SYN-E-000496,Synthetic Community Hospital East,Emergency,2024-12-24 20:31:00,80,135,92,99.4,17,97,2
SYN-V-001927,SYN-P-00073,SYN-E-000496,Synthetic Community Hospital East,Emergency,2024-12-24 21:27:00,70,121,66,98.4,22,99,4
SYN-V-001928,SYN-P-00073,SYN-E-000496,Synthetic Community Hospital East,Emergency,2024-12-24 21:48:00,70,136,62,98.5,14,95,5
SYN-V-001929,SYN-P-00073,SYN-E-000496,Synthetic Community Hospital East,Emergency,2024-12-24 22:12:00,108,132,88,99.2,15,93,8
SYN-V-001930,SYN-P-00073,SYN-E-000496,Synthetic Community Hospital East,Emergency,2024-12-24 23:27:00,70,116,65,97.3,22,99,2
SYN-V-001931,SYN-P-00073,SYN-E-000496,Synthetic Community Hospital East,Emergency,2024-12-24 23:40:00,62,141,83,99.1,12,94,6
SYN-V-001932,SYN-P-00073,SYN-E-000496,Synthetic Community Hospital East,Emergency,2024-12-24 23:52:00,98,117,66,99.7,13,99,3
SYN-V-001933,SYN-P-00130,SYN-E-000498,Synthetic Community Hospital East,Emergency,2024-12-25 14:54:00,59,115,79,99.0,17,93,4
SYN-V-001934,SYN-P-00130,SYN-E-000498,Synthetic Community Hospital East,Emergency,2024-12-25 15:09:00,58,148,85,97.2,14,100,0
SYN-V-001935,SYN-P-00130,SYN-E-000498,Synthetic Community Hospital East,Emergency,2024-12-25 15:35:00,102,157,67,99.4,13,100,4
SYN-V-001936,SYN-P-00130,SYN-E-000498,Synthetic Community Hospital East,Emergency,2024-12-25 16:41:00,82,101,78,99.7,13,97,4
SYN-V-001937,SYN-P-00130,SYN-E-000498,Synthetic Community Hospital East,Emergency,2024-12-25 17:09:00,75,136,85,98.3,18,98,0
SYN-V-001938,SYN-P-00081,SYN-E-000499,Synthetic Outpatient Center,Primary Care,2024-12-26 05:08:00,61,107,75,99.6,12,97,0
SYN-V-001939,SYN-P-00081,SYN-E-000499,Synthetic Outpatient Center,Primary Care,2024-12-26 06:01:00,89,150,61,98.4,21,97,
SYN-V-001940,SYN-P-00081,SYN-E-000499,Synthetic Outpatient Center,Primary Care,2024-12-26 06:07:00,100,132,67,97.3,20,97,0
SYN-V-001941,SYN-P-00189,SYN-E-000500,Synthetic Regional Medical Center,Pulmonology,2024-12-27 11:51:00,81,110,65,97.3,12,96,2
SYN-V-001942,SYN-P-00189,SYN-E-000500,Synthetic Regional Medical Center,Pulmonology,2024-12-28 07:07:00,71,133,70,97.2,14,98,
SYN-V-001943,SYN-P-00189,SYN-E-000500,Synthetic Regional Medical Center,Pulmonology,2024-12-28 08:41:00,83,158,88,97.3,18,100,3
SYN-V-001944,SYN-P-00189,SYN-E-000500,Synthetic Regional Medical Center,Pulmonology,2024-12-28 11:21:00,104,110,87,98.6,12,95,2
SYN-V-001945,SYN-P-00189,SYN-E-000500,Synthetic Regional Medical Center,Pulmonology,2024-12-28 13:49:00,57,148,63,97.6,21,98,0
SYN-V-001946,SYN-P-00189,SYN-E-000500,Synthetic Regional Medical Center,Pulmonology,2024-12-28 16:16:00,100,105,70,99.1,17,100,2
SYN-V-001947,SYN-P-00189,SYN-E-000500,Synthetic Regional Medical Center,Pulmonology,2024-12-28 19:36:00,68,132,72,98.9,12,99,3
SYN-V-001948,SYN-P-00189,SYN-E-000500,Synthetic Regional Medical Center,Pulmonology,2024-12-29 04:04:00,60,146,78,99.8,20,98,1
SYN-V-001949,SYN-P-00189,SYN-E-000500,Synthetic Regional Medical Center,Pulmonology,2024-12-29 05:38:00,57,108,76,98.6,21,100,
SYN-V-001950,SYN-P-00189,SYN-E-000500,Synthetic Regional Medical Center,Pulmonology,2024-12-29 11:01:00,110,139,68,99.3,21,98,1
SYN-V-001951,SYN-P-00189,SYN-E-000500,Synthetic Regional Medical Center,Pulmonology,2024-12-29 12:10:00,95,107,80,97.8,19,94,4
SYN-V-001952,SYN-P-00189,SYN-E-000500,Synthetic Regional Medical Center,Pulmonology,2024-12-29 14:33:00,63,111,65,97.2,21,95,1
SYN-V-001953,SYN-P-00189,SYN-E-000500,Synthetic Regional Medical Center,Pulmonology,2024-12-29 16:31:00,85,114,70,97.9,16,92,6
SYN-V-001954,SYN-P-00105,SYN-E-000501,Synthetic Regional Medical Center,Cardiology,2024-12-27 12:03:00,60,107,84,99.5,18,97,2
SYN-V-001955,SYN-P-00105,SYN-E-000501,Synthetic Regional Medical Center,Cardiology,2024-12-27 20:03:00,83,125,61,98.4,22,93,7
SYN-V-001956,SYN-P-00105,SYN-E-000501,Synthetic Regional Medical Center,Cardiology,2024-12-27 20:58:00,100,135,64,99.3,21,97,2
SYN-V-001957,SYN-P-00105,SYN-E-000501,Synthetic Regional Medical Center,Cardiology,2024-12-28 02:23:00,103,113,86,99.2,17,94,1
SYN-V-001958,SYN-P-00105,SYN-E-000501,Synthetic Regional Medical Center,Cardiology,2024-12-28 07:37:00,56,152,92,97.9,15,95,4
SYN-V-001959,SYN-P-00106,SYN-E-000502,Synthetic Regional Medical Center,Emergency,2024-12-27 16:31:00,99,101,82,97.5,14,96,3
SYN-V-001960,SYN-P-00106,SYN-E-000502,Synthetic Regional Medical Center,Emergency,2024-12-27 16:36:00,106,133,76,98.5,21,93,5
SYN-V-001961,SYN-P-00123,SYN-E-000503,Synthetic Community Hospital West,Emergency,2024-12-29 04:38:00,55,108,91,97.3,22,93,6
SYN-V-001962,SYN-P-00123,SYN-E-000503,Synthetic Community Hospital West,Emergency,2024-12-29 05:35:00,69,124,93,98.0,20,94,5
SYN-V-001963,SYN-P-00123,SYN-E-000503,Synthetic Community Hospital West,Emergency,2024-12-29 06:13:00,68,138,77,98.2,19,92,2
SYN-V-001964,SYN-P-00123,SYN-E-000503,Synthetic Community Hospital West,Emergency,2024-12-29 06:14:00,107,119,86,98.1,21,96,0
SYN-V-001965,SYN-P-00132,SYN-E-000504,Synthetic Outpatient Center,Orthopedics,2024-12-29 14:52:00,102,146,68,98.8,14,95,8
SYN-V-001966,SYN-P-00132,SYN-E-000504,Synthetic Outpatient Center,Orthopedics,2024-12-29 16:54:00,102,113,64,97.9,12,92,0
SYN-V-001967,SYN-P-00038,SYN-E-000505,Synthetic Regional Medical Center,Internal Medicine,2024-12-29 21:45:00,91,116,83,98.5,19,94,1
SYN-V-001968,SYN-P-00038,SYN-E-000505,Synthetic Regional Medical Center,Internal Medicine,2024-12-30 04:14:00,95,110,87,98.1,14,96,2
SYN-V-001969,SYN-P-00038,SYN-E-000505,Synthetic Regional Medical Center,Internal Medicine,2024-12-30 10:02:00,78,131,87,99.1,16,99,2
SYN-V-001970,SYN-P-00038,SYN-E-000505,Synthetic Regional Medical Center,Internal Medicine,2024-12-30 16:05:00,98,101,85,97.8,17,96,2
SYN-V-001971,SYN-P-00160,SYN-E-000507,Synthetic Regional Medical Center,Emergency,2024-12-31 10:00:00,56,102,65,99.2,18,92,6
SYN-V-001972,SYN-P-00160,SYN-E-000507,Synthetic Regional Medical Center,Emergency,2024-12-31 10:56:00,69,127,76,99.6,14,99,5
SYN-V-001973,SYN-P-00160,SYN-E-000507,Synthetic Regional Medical Center,Emergency,2024-12-31 11:05:00,96,138,90,98.2,18,94,8
SYN-V-001974,SYN-P-00160,SYN-E-000507,Synthetic Regional Medical Center,Emergency,2024-12-31 11:27:00,87,141,67,97.2,15,99,7
SYN-V-001975,SYN-P-00160,SYN-E-000507,Synthetic Regional Medical Center,Emergency,2024-12-31 12:06:00,94,136,79,98.9,17,95,7
SYN-V-001976,SYN-P-00059,SYN-E-000508,Synthetic Outpatient Center,Orthopedics,2024-12-31 15:51:00,76,103,83,98.8,14,97,2
SYN-V-001977,SYN-P-00059,SYN-E-000508,Synthetic Outpatient Center,Orthopedics,2024-12-31 16:51:00,97,143,61,97.8,19,96,2
SYN-V-001978,SYN-P-00148,SYN-E-000510,Synthetic Outpatient Center,Orthopedics,2025-01-01 07:38:00,74,159,83,98.1,12,100,2
SYN-V-001979,SYN-P-00147,SYN-E-000511,Synthetic Regional Medical Center,Pulmonology,2025-01-02 09:25:00,72,120,80,98.7,14,94,3
SYN-V-001980,SYN-P-00147,SYN-E-000511,Synthetic Regional Medical Center,Pulmonology,2025-01-02 10:09:00,55,146,62,97.5,19,96,3
SYN-V-001981,SYN-P-00147,SYN-E-000511,Synthetic Regional Medical Center,Pulmonology,2025-01-02 12:25:00,88,142,76,97.6,14,94,3
SYN-V-001982,SYN-P-00147,SYN-E-000511,Synthetic Regional Medical Center,Pulmonology,2025-01-02 15:11:00,57,143,60,98.8,15,96,8
SYN-V-001983,SYN-P-00147,SYN-E-000511,Synthetic Regional Medical Center,Pulmonology,2025-01-03 02:47:00,55,131,75,99.2,19,97,5
SYN-V-001984,SYN-P-00147,SYN-E-000511,Synthetic Regional Medical Center,Pulmonology,2025-01-03 10:33:00,95,158,81,97.8,15,98,3
SYN-V-001985,SYN-P-00147,SYN-E-000511,Synthetic Regional Medical Center,Pulmonology,2025-01-03 13:13:00,76,133,89,98.7,13,96,6
SYN-V-001986,SYN-P-00147,SYN-E-000511,Synthetic Regional Medical Center,Pulmonology,2025-01-03 23:42:00,78,108,83,99.2,21,95,2
SYN-V-001987,SYN-P-00147,SYN-E-000511,Synthetic Regional Medical Center,Pulmonology,2025-01-04 02:05:00,104,132,65,98.9,18,94,0
SYN-V-001988,SYN-P-00147,SYN-E-000511,Synthetic Regional Medical Center,Pulmonology,2025-01-04 08:48:00,56,113,81,99.4,13,97,3
SYN-V-001989,SYN-P-00147,SYN-E-000511,Synthetic Regional Medical Center,Pulmonology,2025-01-04 12:34:00,79,160,60,99.0,13,96,5
SYN-V-001990,SYN-P-00147,SYN-E-000511,Synthetic Regional Medical Center,Pulmonology,2025-01-04 20:29:00,68,130,94,99.2,18,96,
SYN-V-001991,SYN-P-00147,SYN-E-000511,Synthetic Regional Medical Center,Pulmonology,2025-01-04 22:23:00,64,116,66,98.0,16,95,7
SYN-V-001992,SYN-P-00147,SYN-E-000511,Synthetic Regional Medical Center,Pulmonology,2025-01-05 00:57:00,89,152,60,97.4,21,99,8
SYN-V-001993,SYN-P-00147,SYN-E-000511,Synthetic Regional Medical Center,Pulmonology,2025-01-05 02:27:00,94,108,93,97.8,20,98,4
SYN-V-001994,SYN-P-00063,SYN-E-000512,Synthetic Community Hospital West,Primary Care,2025-01-02 02:25:00,108,134,62,97.4,13,93,2
SYN-V-001995,SYN-P-00093,SYN-E-000513,Synthetic Specialty Clinic,Pulmonology,2025-01-02 20:05:00,91,121,67,99.1,17,94,8
SYN-V-001996,SYN-P-00093,SYN-E-000513,Synthetic Specialty Clinic,Pulmonology,2025-01-02 20:48:00,102,139,78,99.4,21,99,0
SYN-V-001997,SYN-P-00131,SYN-E-000514,Synthetic Outpatient Center,Endocrinology,2025-01-03 04:32:00,102,134,94,98.8,13,96,4
SYN-V-001998,SYN-P-00131,SYN-E-000514,Synthetic Outpatient Center,Endocrinology,2025-01-03 07:16:00,99,152,74,97.7,14,96,2
SYN-V-001999,SYN-P-00043,SYN-E-000516,Synthetic Community Hospital West,Nephrology,2025-01-04 11:43:00,96,107,64,97.6,19,100,8
SYN-V-002000,SYN-P-00043,SYN-E-000516,Synthetic Community Hospital West,Nephrology,2025-01-04 11:50:00,56,138,69,98.2,14,93,5
SYN-V-002001,SYN-P-00043,SYN-E-000516,Synthetic Community Hospital West,Nephrology,2025-01-05 04:14:00,109,147,81,99.0,20,94,2
SYN-V-002002,SYN-P-00043,SYN-E-000516,Synthetic Community Hospital West,Nephrology,2025-01-05 18:59:00,72,102,63,98.6,15,92,
SYN-V-002003,SYN-P-00043,SYN-E-000516,Synthetic Community Hospital West,Nephrology,2025-01-05 22:24:00,69,114,88,99.2,15,92,4
SYN-V-002004,SYN-P-00043,SYN-E-000516,Synthetic Community Hospital West,Nephrology,2025-01-06 09:57:00,81,103,83,98.0,12,98,6
SYN-V-002005,SYN-P-00043,SYN-E-000516,Synthetic Community Hospital West,Nephrology,2025-01-06 16:25:00,68,134,74,97.9,14,93,0
SYN-V-002006,SYN-P-00043,SYN-E-000516,Synthetic Community Hospital West,Nephrology,2025-01-06 20:27:00,59,109,84,98.4,15,100,7
SYN-V-002007,SYN-P-00043,SYN-E-000516,Synthetic Community Hospital West,Nephrology,2025-01-06 21:50:00,81,147,83,98.4,12,92,8
SYN-V-002008,SYN-P-00043,SYN-E-000516,Synthetic Community Hospital West,Nephrology,2025-01-06 22:42:00,97,121,90,99.6,14,92,8
SYN-V-002009,SYN-P-00043,SYN-E-000516,Synthetic Community Hospital West,Nephrology,2025-01-07 09:35:00,59,147,85,98.8,14,100,
SYN-V-002010,SYN-P-00043,SYN-E-000516,Synthetic Community Hospital West,Nephrology,2025-01-07 10:46:00,89,135,90,97.5,22,97,5
SYN-V-002011,SYN-P-00016,SYN-E-000517,Synthetic Regional Medical Center,Neurology,2025-01-05 00:18:00,60,124,90,99.0,19,95,4
SYN-V-002012,SYN-P-00016,SYN-E-000517,Synthetic Regional Medical Center,Neurology,2025-01-05 06:36:00,94,152,69,97.1,20,97,
SYN-V-002013,SYN-P-00016,SYN-E-000517,Synthetic Regional Medical Center,Neurology,2025-01-05 11:58:00,104,141,62,99.2,14,95,6
SYN-V-002014,SYN-P-00016,SYN-E-000517,Synthetic Regional Medical Center,Neurology,2025-01-05 23:31:00,67,150,83,97.8,19,93,2
SYN-V-002015,SYN-P-00016,SYN-E-000517,Synthetic Regional Medical Center,Neurology,2025-01-06 23:06:00,78,125,62,99.5,18,94,3
SYN-V-002016,SYN-P-00016,SYN-E-000517,Synthetic Regional Medical Center,Neurology,2025-01-07 20:06:00,58,158,67,99.6,14,96,2
SYN-V-002017,SYN-P-00016,SYN-E-000517,Synthetic Regional Medical Center,Neurology,2025-01-07 20:54:00,56,124,70,97.4,13,99,1
SYN-V-002018,SYN-P-00016,SYN-E-000517,Synthetic Regional Medical Center,Neurology,2025-01-08 02:01:00,109,107,62,98.7,14,96,7
SYN-V-002019,SYN-P-00016,SYN-E-000517,Synthetic Regional Medical Center,Neurology,2025-01-08 11:06:00,92,160,61,97.3,15,96,1
SYN-V-002020,SYN-P-00016,SYN-E-000517,Synthetic Regional Medical Center,Neurology,2025-01-08 16:23:00,90,146,84,98.1,15,94,1
SYN-V-002021,SYN-P-00016,SYN-E-000517,Synthetic Regional Medical Center,Neurology,2025-01-08 19:22:00,82,148,77,98.8,20,100,5
SYN-V-002022,SYN-P-00057,SYN-E-000518,Synthetic Regional Medical Center,Emergency,2025-01-05 16:42:00,76,124,71,97.3,16,98,1
SYN-V-002023,SYN-P-00057,SYN-E-000518,Synthetic Regional Medical Center,Emergency,2025-01-05 17:35:00,78,122,80,99.7,16,95,1
SYN-V-002024,SYN-P-00057,SYN-E-000518,Synthetic Regional Medical Center,Emergency,2025-01-05 18:49:00,84,159,67,98.6,13,96,8
SYN-V-002025,SYN-P-00057,SYN-E-000518,Synthetic Regional Medical Center,Emergency,2025-01-05 19:21:00,73,100,91,99.2,17,99,8
SYN-V-002026,SYN-P-00094,SYN-E-000519,Synthetic Outpatient Center,Pulmonology,2025-01-06 23:46:00,105,102,84,97.2,20,99,2
SYN-V-002027,SYN-P-00094,SYN-E-000519,Synthetic Outpatient Center,Pulmonology,2025-01-07 01:34:00,95,152,71,99.5,20,100,
SYN-V-002028,SYN-P-00188,SYN-E-000520,Synthetic Outpatient Center,Primary Care,2025-01-07 08:49:00,55,153,79,97.8,13,95,1
SYN-V-002029,SYN-P-00188,SYN-E-000520,Synthetic Outpatient Center,Primary Care,2025-01-07 11:28:00,91,144,84,98.6,18,92,2
SYN-V-002030,SYN-P-00143,SYN-E-000521,Synthetic Specialty Clinic,Primary Care,2025-01-07 12:52:00,79,120,67,98.0,12,99,8
SYN-V-002031,SYN-P-00082,SYN-E-000523,Synthetic Regional Medical Center,Pulmonology,2025-01-10 20:59:00,82,130,88,97.2,13,95,
SYN-V-002032,SYN-P-00082,SYN-E-000523,Synthetic Regional Medical Center,Pulmonology,2025-01-11 16:27:00,86,157,83,98.0,16,97,4
SYN-V-002033,SYN-P-00082,SYN-E-000523,Synthetic Regional Medical Center,Pulmonology,2025-01-11 18:12:00,98,125,90,97.3,18,94,0
SYN-V-002034,SYN-P-00082,SYN-E-000523,Synthetic Regional Medical Center,Pulmonology,2025-01-11 21:31:00,102,149,76,99.8,17,94,6
SYN-V-002035,SYN-P-00082,SYN-E-000523,Synthetic Regional Medical Center,Pulmonology,2025-01-12 00:55:00,108,152,84,97.3,21,93,2
SYN-V-002036,SYN-P-00082,SYN-E-000523,Synthetic Regional Medical Center,Pulmonology,2025-01-12 05:34:00,91,109,60,99.7,17,96,4
SYN-V-002037,SYN-P-00082,SYN-E-000523,Synthetic Regional Medical Center,Pulmonology,2025-01-12 10:16:00,104,158,65,99.6,12,92,5
SYN-V-002038,SYN-P-00082,SYN-E-000523,Synthetic Regional Medical Center,Pulmonology,2025-01-12 21:47:00,102,100,94,98.6,18,94,4
SYN-V-002039,SYN-P-00082,SYN-E-000523,Synthetic Regional Medical Center,Pulmonology,2025-01-13 11:05:00,92,121,74,99.3,14,97,3
SYN-V-002040,SYN-P-00082,SYN-E-000523,Synthetic Regional Medical Center,Pulmonology,2025-01-13 23:57:00,99,154,92,99.7,12,94,5
SYN-V-002041,SYN-P-00082,SYN-E-000523,Synthetic Regional Medical Center,Pulmonology,2025-01-14 08:48:00,109,141,76,99.8,16,94,0
SYN-V-002042,SYN-P-00082,SYN-E-000523,Synthetic Regional Medical Center,Pulmonology,2025-01-14 15:47:00,89,154,63,97.6,13,94,8
SYN-V-002043,SYN-P-00082,SYN-E-000523,Synthetic Regional Medical Center,Pulmonology,2025-01-14 18:09:00,64,116,89,97.9,14,94,3
SYN-V-002044,SYN-P-00082,SYN-E-000523,Synthetic Regional Medical Center,Pulmonology,2025-01-14 18:32:00,90,119,84,99.6,22,99,2
SYN-V-002045,SYN-P-00082,SYN-E-000523,Synthetic Regional Medical Center,Pulmonology,2025-01-15 09:43:00,89,127,79,98.7,19,94,5
SYN-V-002046,SYN-P-00082,SYN-E-000523,Synthetic Regional Medical Center,Pulmonology,2025-01-15 17:39:00,81,149,93,99.3,14,94,
SYN-V-002047,SYN-P-00082,SYN-E-000523,Synthetic Regional Medical Center,Pulmonology,2025-01-15 17:49:00,93,135,90,98.3,16,96,8
SYN-V-002048,SYN-P-00082,SYN-E-000523,Synthetic Regional Medical Center,Pulmonology,2025-01-16 11:39:00,83,107,61,97.2,12,99,6
SYN-V-002049,SYN-P-00082,SYN-E-000523,Synthetic Regional Medical Center,Pulmonology,2025-01-16 23:22:00,108,104,82,99.1,15,94,5
SYN-V-002050,SYN-P-00052,SYN-E-000524,Synthetic Specialty Clinic,Pulmonology,2025-01-10 10:12:00,74,144,94,98.8,75,98,2
SYN-V-002051,SYN-P-00052,SYN-E-000524,Synthetic Specialty Clinic,Pulmonology,2025-01-10 10:26:00,82,100,79,98.9,20,97,1
SYN-V-002052,SYN-P-00092,SYN-E-000525,Synthetic Community Hospital East,Emergency,2025-01-10 07:39:00,69,116,74,99.2,18,97,4
SYN-V-002053,SYN-P-00092,SYN-E-000525,Synthetic Community Hospital East,Emergency,2025-01-10 09:33:00,65,138,70,97.4,14,97,7
SYN-V-002054,SYN-P-00092,SYN-E-000525,Synthetic Community Hospital East,Emergency,2025-01-10 09:52:00,91,159,82,97.6,12,99,8
SYN-V-002055,SYN-P-00092,SYN-E-000525,Synthetic Community Hospital East,Emergency,2025-01-10 10:34:00,107,123,95,99.3,20,92,1
SYN-V-002056,SYN-P-00046,SYN-E-000526,Synthetic Outpatient Center,Orthopedics,2025-01-10 10:30:00,108,124,73,97.6,12,100,6
SYN-V-002057,SYN-P-00046,SYN-E-000526,Synthetic Outpatient Center,Orthopedics,2025-01-10 12:33:00,82,148,67,98.4,19,92,2
SYN-V-002058,SYN-P-00046,SYN-E-000526,Synthetic Outpatient Center,Orthopedics,2025-01-10 12:43:00,55,158,66,99.3,17,98,4
SYN-V-002059,SYN-P-00097,SYN-E-000527,Synthetic Community Hospital West,Emergency,2025-01-11 02:39:00,98,154,80,99.7,12,96,8
SYN-V-002060,SYN-P-00097,SYN-E-000527,Synthetic Community Hospital West,Emergency,2025-01-11 03:03:00,55,132,87,99.6,22,93,7
SYN-V-002061,SYN-P-00097,SYN-E-000527,Synthetic Community Hospital West,Emergency,2025-01-11 03:13:00,76,114,88,97.7,15,98,6
SYN-V-002062,SYN-P-00102,SYN-E-000528,Synthetic Community Hospital East,Emergency,2025-01-11 12:31:00,93,120,95,99.8,16,100,2
SYN-V-002063,SYN-P-00102,SYN-E-000528,Synthetic Community Hospital East,Emergency,2025-01-11 12:46:00,66,126,90,98.0,16,99,5
SYN-V-002064,SYN-P-00102,SYN-E-000528,Synthetic Community Hospital East,Emergency,2025-01-11 14:30:00,65,113,62,98.1,17,97,
SYN-V-002065,SYN-P-00102,SYN-E-000528,Synthetic Community Hospital East,Emergency,2025-01-11 14:53:00,78,134,68,99.1,22,92,7
SYN-V-002066,SYN-P-00102,SYN-E-000528,Synthetic Community Hospital East,Emergency,2025-01-11 15:28:00,80,109,78,98.0,13,99,1
SYN-V-002067,SYN-P-00178,SYN-E-000529,Synthetic Regional Medical Center,Emergency,2025-01-12 12:11:00,70,100,67,99.7,22,97,4
SYN-V-002068,SYN-P-00178,SYN-E-000529,Synthetic Regional Medical Center,Emergency,2025-01-12 12:32:00,80,140,92,97.2,13,98,5
SYN-V-002069,SYN-P-00178,SYN-E-000529,Synthetic Regional Medical Center,Emergency,2025-01-12 13:28:00,69,148,84,98.5,16,95,6
SYN-V-002070,SYN-P-00178,SYN-E-000529,Synthetic Regional Medical Center,Emergency,2025-01-12 14:03:00,94,131,67,98.8,13,95,3
SYN-V-002071,SYN-P-00178,SYN-E-000529,Synthetic Regional Medical Center,Emergency,2025-01-12 14:33:00,75,106,72,97.3,20,95,2
SYN-V-002072,SYN-P-00178,SYN-E-000529,Synthetic Regional Medical Center,Emergency,2025-01-12 15:22:00,91,146,86,98.1,12,100,2
SYN-V-002073,SYN-P-00178,SYN-E-000529,Synthetic Regional Medical Center,Emergency,2025-01-12 15:24:00,79,128,76,98.8,21,100,7
SYN-V-002074,SYN-P-00178,SYN-E-000529,Synthetic Regional Medical Center,Emergency,2025-01-12 15:47:00,75,117,62,98.4,15,93,3
SYN-V-002075,SYN-P-00126,SYN-E-000531,Synthetic Outpatient Center,Pulmonology,2025-01-12 21:55:00,75,137,80,97.5,20,100,4
SYN-V-002076,SYN-P-00126,SYN-E-000531,Synthetic Outpatient Center,Pulmonology,2025-01-13 01:08:00,65,157,63,97.7,22,92,2
SYN-V-002077,SYN-P-00034,SYN-E-000532,Synthetic Regional Medical Center,Emergency,2025-01-13 06:15:00,75,136,85,98.7,16,93,2
SYN-V-002078,SYN-P-00034,SYN-E-000532,Synthetic Regional Medical Center,Emergency,2025-01-13 06:27:00,98,150,76,98.3,22,99,1
SYN-V-002079,SYN-P-00034,SYN-E-000532,Synthetic Regional Medical Center,Emergency,2025-01-13 06:57:00,64,141,86,98.3,19,94,2
SYN-V-002080,SYN-P-00196,SYN-E-000533,Synthetic Outpatient Center,Orthopedics,2025-01-13 16:21:00,58,141,69,98.9,13,92,2
SYN-V-002081,SYN-P-00196,SYN-E-000533,Synthetic Outpatient Center,Orthopedics,2025-01-13 18:39:00,100,148,94,99.2,22,93,2
SYN-V-002082,SYN-P-00196,SYN-E-000533,Synthetic Outpatient Center,Orthopedics,2025-01-13 18:40:00,97,153,63,99.7,18,100,2
SYN-V-002083,SYN-P-00029,SYN-E-000534,Synthetic Specialty Clinic,Orthopedics,2025-01-14 09:20:00,92,121,75,98.3,12,93,2
SYN-V-002084,SYN-P-00054,SYN-E-000535,Synthetic Regional Medical Center,Internal Medicine,2025-01-16 09:26:00,79,121,89,98.7,22,96,1
SYN-V-002085,SYN-P-00054,SYN-E-000535,Synthetic Regional Medical Center,Internal Medicine,2025-01-16 10:47:00,104,124,83,99.6,22,94,3
SYN-V-002086,SYN-P-00054,SYN-E-000535,Synthetic Regional Medical Center,Internal Medicine,2025-01-16 17:39:00,98,131,67,97.7,16,96,8
SYN-V-002087,SYN-P-00054,SYN-E-000535,Synthetic Regional Medical Center,Internal Medicine,2025-01-17 01:01:00,102,137,84,98.0,22,93,3
SYN-V-002088,SYN-P-00054,SYN-E-000535,Synthetic Regional Medical Center,Internal Medicine,2025-01-17 08:47:00,108,139,74,98.3,20,96,7
SYN-V-002089,SYN-P-00054,SYN-E-000535,Synthetic Regional Medical Center,Internal Medicine,2025-01-17 14:38:00,68,101,89,97.4,20,96,3
SYN-V-002090,SYN-P-00149,SYN-E-000536,Synthetic Outpatient Center,Pulmonology,2025-01-15 07:34:00,75,119,84,99.4,21,97,7
SYN-V-002091,SYN-P-00042,SYN-E-000537,Synthetic Outpatient Center,Endocrinology,2025-01-15 16:16:00,108,158,74,98.3,16,97,1
SYN-V-002092,SYN-P-00139,SYN-E-000538,Synthetic Regional Medical Center,Emergency,2025-01-15 21:26:00,59,141,64,98.7,16,99,4
SYN-V-002093,SYN-P-00139,SYN-E-000538,Synthetic Regional Medical Center,Emergency,2025-01-15 21:28:00,94,106,73,97.6,16,99,2
SYN-V-002094,SYN-P-00139,SYN-E-000538,Synthetic Regional Medical Center,Emergency,2025-01-15 21:42:00,77,113,70,97.9,12,93,4
SYN-V-002095,SYN-P-00139,SYN-E-000538,Synthetic Regional Medical Center,Emergency,2025-01-15 22:52:00,77,111,64,98.6,18,97,4
SYN-V-002096,SYN-P-00033,SYN-E-000539,Synthetic Specialty Clinic,Pulmonology,2025-01-16 02:03:00,59,154,94,97.4,12,99,0
SYN-V-002097,SYN-P-00158,SYN-E-000541,Synthetic Specialty Clinic,Pulmonology,2025-01-16 08:23:00,99,115,86,99.0,14,99,2
SYN-V-002098,SYN-P-00158,SYN-E-000541,Synthetic Specialty Clinic,Pulmonology,2025-01-16 09:53:00,109,111,85,99.2,15,98,3
SYN-V-002099,SYN-P-00176,SYN-E-000542,Synthetic Specialty Clinic,Pulmonology,2025-01-16 16:01:00,97,126,72,97.6,13,97,2
SYN-V-002100,SYN-P-00192,SYN-E-000543,Synthetic Outpatient Center,Primary Care,2025-01-17 10:14:00,87,144,95,98.6,20,99,1
SYN-V-002101,SYN-P-00114,SYN-E-000544,Synthetic Outpatient Center,Pulmonology,2025-01-17 12:56:00,95,117,79,99.1,21,92,1
SYN-V-002102,SYN-P-00114,SYN-E-000544,Synthetic Outpatient Center,Pulmonology,2025-01-17 14:52:00,83,114,70,98.6,21,93,8
SYN-V-002103,SYN-P-00114,SYN-E-000544,Synthetic Outpatient Center,Pulmonology,2025-01-17 15:15:00,100,136,94,97.1,16,99,
SYN-V-002104,SYN-P-00068,SYN-E-000545,Synthetic Outpatient Center,Primary Care,2025-01-18 07:19:00,64,130,92,99.2,22,96,1
SYN-V-002105,SYN-P-00004,SYN-E-000546,Synthetic Specialty Clinic,Orthopedics,2025-01-18 16:37:00,71,115,80,97.5,14,92,7
SYN-V-002106,SYN-P-00191,SYN-E-000547,Synthetic Community Hospital East,Cardiology,2025-01-18 23:39:00,81,128,60,97.7,12,100,8
SYN-V-002107,SYN-P-00191,SYN-E-000547,Synthetic Community Hospital East,Cardiology,2025-01-18 23:43:00,89,115,95,99.3,13,92,8
SYN-V-002108,SYN-P-00191,SYN-E-000547,Synthetic Community Hospital East,Cardiology,2025-01-19 02:14:00,90,134,74,98.2,12,97,4
SYN-V-002109,SYN-P-00191,SYN-E-000547,Synthetic Community Hospital East,Cardiology,2025-01-19 02:18:00,67,120,67,98.8,21,97,1
SYN-V-002110,SYN-P-00191,SYN-E-000547,Synthetic Community Hospital East,Cardiology,2025-01-19 02:30:00,67,142,63,97.3,12,100,6
SYN-V-002111,SYN-P-00197,SYN-E-000548,Synthetic Community Hospital West,Primary Care,2025-01-19 10:02:00,64,111,63,97.2,16,99,0
SYN-V-002112,SYN-P-00138,SYN-E-000550,Synthetic Outpatient Center,Pulmonology,2025-01-20 16:45:00,71,147,60,98.7,12,98,3
SYN-V-002113,SYN-P-00138,SYN-E-000550,Synthetic Outpatient Center,Pulmonology,2025-01-20 17:00:00,93,100,90,97.8,15,93,3
SYN-V-002114,SYN-P-00138,SYN-E-000550,Synthetic Outpatient Center,Pulmonology,2025-01-20 17:22:00,88,129,72,98.1,20,96,6
SYN-V-002115,SYN-P-00164,SYN-E-000551,Synthetic Regional Medical Center,Emergency,2025-01-20 18:27:00,90,160,85,98.7,20,99,6
SYN-V-002116,SYN-P-00164,SYN-E-000551,Synthetic Regional Medical Center,Emergency,2025-01-20 19:20:00,57,130,92,97.5,17,98,0
SYN-V-002117,SYN-P-00021,SYN-E-000552,Synthetic Outpatient Center,Primary Care,2025-01-21 01:20:00,55,120,69,98.3,21,100,0
SYN-V-002118,SYN-P-00106,SYN-E-000553,Synthetic Regional Medical Center,Internal Medicine,2025-01-21 13:07:00,92,135,67,99.5,21,94,7
SYN-V-002119,SYN-P-00106,SYN-E-000553,Synthetic Regional Medical Center,Internal Medicine,2025-01-21 23:36:00,102,110,71,98.2,13,93,2
SYN-V-002120,SYN-P-00106,SYN-E-000553,Synthetic Regional Medical Center,Internal Medicine,2025-01-22 08:22:00,106,108,61,97.3,15,98,7
SYN-V-002121,SYN-P-00106,SYN-E-000553,Synthetic Regional Medical Center,Internal Medicine,2025-01-22 10:14:00,86,139,81,97.7,22,94,6
SYN-V-002122,SYN-P-00147,SYN-E-000554,Synthetic Regional Medical Center,Cardiology,2025-01-24 14:41:00,81,114,76,97.1,16,95,6
SYN-V-002123,SYN-P-00147,SYN-E-000554,Synthetic Regional Medical Center,Cardiology,2025-01-25 02:55:00,98,132,86,99.2,20,100,0
SYN-V-002124,SYN-P-00147,SYN-E-000554,Synthetic Regional Medical Center,Cardiology,2025-01-25 07:06:00,99,157,76,97.8,22,96,6
SYN-V-002125,SYN-P-00156,SYN-E-000555,Synthetic Outpatient Center,Endocrinology,2025-01-23 00:01:00,73,121,92,97.2,16,95,2
SYN-V-002126,SYN-P-00156,SYN-E-000555,Synthetic Outpatient Center,Endocrinology,2025-01-23 01:30:00,60,117,88,98.0,14,95,4
SYN-V-002127,SYN-P-00103,SYN-E-000556,Synthetic Specialty Clinic,Endocrinology,2025-01-23 03:37:00,91,138,73,99.7,17,97,7
SYN-V-002128,SYN-P-00103,SYN-E-000556,Synthetic Specialty Clinic,Endocrinology,2025-01-23 04:57:00,97,137,66,99.7,12,95,1
SYN-V-002129,SYN-P-00037,SYN-E-000559,Synthetic Regional Medical Center,Internal Medicine,2025-01-25 00:06:00,89,112,95,98.3,16,95,8
SYN-V-002130,SYN-P-00037,SYN-E-000559,Synthetic Regional Medical Center,Internal Medicine,2025-01-25 01:54:00,90,113,87,99.3,16,96,3
SYN-V-002131,SYN-P-00037,SYN-E-000559,Synthetic Regional Medical Center,Internal Medicine,2025-01-25 08:08:00,99,147,72,98.9,15,99,7
SYN-V-002132,SYN-P-00037,SYN-E-000559,Synthetic Regional Medical Center,Internal Medicine,2025-01-25 16:49:00,56,110,76,98.5,22,94,1
SYN-V-002133,SYN-P-00037,SYN-E-000559,Synthetic Regional Medical Center,Internal Medicine,2025-01-25 20:49:00,93,136,86,98.4,22,96,6
SYN-V-002134,SYN-P-00037,SYN-E-000559,Synthetic Regional Medical Center,Internal Medicine,2025-01-25 21:59:00,60,116,92,98.8,18,93,5
SYN-V-002135,SYN-P-00037,SYN-E-000559,Synthetic Regional Medical Center,Internal Medicine,2025-01-26 05:52:00,99,125,85,98.5,14,98,
SYN-V-002136,SYN-P-00037,SYN-E-000559,Synthetic Regional Medical Center,Internal Medicine,2025-01-27 01:13:00,76,121,90,99.5,12,97,
SYN-V-002137,SYN-P-00037,SYN-E-000559,Synthetic Regional Medical Center,Internal Medicine,2025-01-27 01:53:00,57,114,62,98.0,21,96,5
SYN-V-002138,SYN-P-00100,SYN-E-000560,Synthetic Community Hospital West,Cardiology,2025-01-25 08:40:00,103,155,67,97.7,16,98,6
SYN-V-002139,SYN-P-00100,SYN-E-000560,Synthetic Community Hospital West,Cardiology,2025-01-25 13:09:00,62,131,62,99.1,14,94,6
SYN-V-002140,SYN-P-00100,SYN-E-000560,Synthetic Community Hospital West,Cardiology,2025-01-25 13:31:00,58,106,83,97.3,20,92,1
SYN-V-002141,SYN-P-00100,SYN-E-000560,Synthetic Community Hospital West,Cardiology,2025-01-26 01:52:00,105,103,65,99.7,12,94,2
SYN-V-002142,SYN-P-00100,SYN-E-000560,Synthetic Community Hospital West,Cardiology,2025-01-26 11:45:00,93,103,67,97.1,16,99,0
SYN-V-002143,SYN-P-00100,SYN-E-000560,Synthetic Community Hospital West,Cardiology,2025-01-26 12:43:00,109,132,63,99.5,13,95,3
SYN-V-002144,SYN-P-00035,SYN-E-000561,Synthetic Community Hospital East,Internal Medicine,2025-01-25 02:12:00,97,123,92,98.8,17,99,6
SYN-V-002145,SYN-P-00035,SYN-E-000561,Synthetic Community Hospital East,Internal Medicine,2025-01-25 03:53:00,69,132,72,99.0,13,93,5
SYN-V-002146,SYN-P-00035,SYN-E-000561,Synthetic Community Hospital East,Internal Medicine,2025-01-25 12:27:00,83,121,70,97.5,15,96,6
SYN-V-002147,SYN-P-00035,SYN-E-000561,Synthetic Community Hospital East,Internal Medicine,2025-01-25 20:23:00,82,108,91,99.5,13,93,0
SYN-V-002148,SYN-P-00035,SYN-E-000561,Synthetic Community Hospital East,Internal Medicine,2025-01-25 20:52:00,85,110,82,97.6,22,98,4
SYN-V-002149,SYN-P-00035,SYN-E-000561,Synthetic Community Hospital East,Internal Medicine,2025-01-26 01:15:00,105,149,89,97.9,22,96,7
SYN-V-002150,SYN-P-00035,SYN-E-000561,Synthetic Community Hospital East,Internal Medicine,2025-01-26 13:58:00,73,125,82,97.7,20,93,7
SYN-V-002151,SYN-P-00035,SYN-E-000561,Synthetic Community Hospital East,Internal Medicine,2025-01-26 23:21:00,84,159,85,98.4,12,100,3
SYN-V-002152,SYN-P-00035,SYN-E-000561,Synthetic Community Hospital East,Internal Medicine,2025-01-26 23:45:00,66,139,78,97.7,15,98,4
SYN-V-002153,SYN-P-00035,SYN-E-000561,Synthetic Community Hospital East,Internal Medicine,2025-01-27 04:59:00,91,131,69,97.8,18,100,6
SYN-V-002154,SYN-P-00035,SYN-E-000561,Synthetic Community Hospital East,Internal Medicine,2025-01-27 19:33:00,95,144,85,97.5,16,99,2
SYN-V-002155,SYN-P-00035,SYN-E-000561,Synthetic Community Hospital East,Internal Medicine,2025-01-28 11:36:00,98,155,85,97.2,16,93,6
SYN-V-002156,SYN-P-00035,SYN-E-000561,Synthetic Community Hospital East,Internal Medicine,2025-01-28 18:51:00,75,149,95,97.4,13,93,1
SYN-V-002157,SYN-P-00035,SYN-E-000561,Synthetic Community Hospital East,Internal Medicine,2025-01-29 01:15:00,95,115,63,97.1,19,99,6
SYN-V-002158,SYN-P-00148,SYN-E-000563,Synthetic Community Hospital East,Emergency,2025-01-25 12:51:00,75,103,81,98.7,18,99,4
SYN-V-002159,SYN-P-00173,SYN-E-000566,Synthetic Community Hospital East,Nephrology,2025-01-26 13:02:00,71,125,64,99.5,13,97,3
SYN-V-002160,SYN-P-00173,SYN-E-000566,Synthetic Community Hospital East,Nephrology,2025-01-27 03:21:00,79,107,91,98.0,20,95,6
SYN-V-002161,SYN-P-00173,SYN-E-000566,Synthetic Community Hospital East,Nephrology,2025-01-27 09:23:00,90,101,65,99.5,18,92,2
SYN-V-002162,SYN-P-00173,SYN-E-000566,Synthetic Community Hospital East,Nephrology,2025-01-27 11:52:00,57,112,88,98.7,21,95,5
SYN-V-002163,SYN-P-00173,SYN-E-000566,Synthetic Community Hospital East,Nephrology,2025-01-27 14:24:00,55,139,85,97.8,19,95,2
SYN-V-002164,SYN-P-00173,SYN-E-000566,Synthetic Community Hospital East,Nephrology,2025-01-27 17:10:00,70,141,94,97.1,18,96,6
SYN-V-002165,SYN-P-00173,SYN-E-000566,Synthetic Community Hospital East,Nephrology,2025-01-27 19:01:00,89,124,87,97.4,21,94,3
SYN-V-002166,SYN-P-00173,SYN-E-000566,Synthetic Community Hospital East,Nephrology,2025-01-28 05:18:00,95,132,71,97.4,15,93,7
SYN-V-002167,SYN-P-00173,SYN-E-000566,Synthetic Community Hospital East,Nephrology,2025-01-28 09:06:00,89,144,90,97.9,20,100,7
SYN-V-002168,SYN-P-00173,SYN-E-000566,Synthetic Community Hospital East,Nephrology,2025-01-28 10:42:00,97,123,72,99.5,17,94,
SYN-V-002169,SYN-P-00099,SYN-E-000568,Synthetic Community Hospital West,Neurology,2025-01-26 16:36:00,84,114,70,98.9,21,100,4
SYN-V-002170,SYN-P-00099,SYN-E-000568,Synthetic Community Hospital West,Neurology,2025-01-27 00:11:00,84,142,85,98.2,17,97,6
SYN-V-002171,SYN-P-00099,SYN-E-000568,Synthetic Community Hospital West,Neurology,2025-01-27 09:07:00,70,121,78,98.4,19,97,8
SYN-V-002172,SYN-P-00099,SYN-E-000568,Synthetic Community Hospital West,Neurology,2025-01-27 12:08:00,83,149,87,98.0,16,98,5
SYN-V-002173,SYN-P-00099,SYN-E-000568,Synthetic Community Hospital West,Neurology,2025-01-27 14:51:00,98,136,82,97.2,21,97,3
SYN-V-002174,SYN-P-00099,SYN-E-000568,Synthetic Community Hospital West,Neurology,2025-01-27 16:37:00,60,121,69,97.7,12,92,7
SYN-V-002175,SYN-P-00099,SYN-E-000568,Synthetic Community Hospital West,Neurology,2025-01-27 18:40:00,75,156,93,98.7,15,92,6
SYN-V-002176,SYN-P-00099,SYN-E-000568,Synthetic Community Hospital West,Neurology,2025-01-27 21:08:00,105,101,82,97.5,12,100,6
SYN-V-002177,SYN-P-00099,SYN-E-000568,Synthetic Community Hospital West,Neurology,2025-01-27 22:56:00,81,138,78,97.5,20,97,7
SYN-V-002178,SYN-P-00099,SYN-E-000568,Synthetic Community Hospital West,Neurology,2025-01-28 03:53:00,78,152,73,98.7,17,99,3
SYN-V-002179,SYN-P-00099,SYN-E-000568,Synthetic Community Hospital West,Neurology,2025-01-28 12:07:00,109,110,85,99.0,16,94,5
SYN-V-002180,SYN-P-00162,SYN-E-000569,Synthetic Outpatient Center,Primary Care,2025-01-26 15:48:00,68,116,92,97.4,16,97,
SYN-V-002181,SYN-P-00162,SYN-E-000569,Synthetic Outpatient Center,Primary Care,2025-01-26 16:40:00,93,118,79,97.6,14,93,0
SYN-V-002182,SYN-P-00162,SYN-E-000569,Synthetic Outpatient Center,Primary Care,2025-01-26 17:54:00,90,123,90,97.3,16,98,3
SYN-V-002183,SYN-P-00162,SYN-E-000569,Synthetic Outpatient Center,Primary Care,2025-01-26 19:44:00,89,143,79,99.8,19,97,5
SYN-V-002184,SYN-P-00189,SYN-E-000570,Synthetic Regional Medical Center,Nephrology,2025-01-27 22:34:00,71,138,94,99.0,16,98,1
SYN-V-002185,SYN-P-00189,SYN-E-000570,Synthetic Regional Medical Center,Nephrology,2025-01-28 07:16:00,82,120,85,97.5,14,96,5
SYN-V-002186,SYN-P-00189,SYN-E-000570,Synthetic Regional Medical Center,Nephrology,2025-01-29 06:27:00,79,128,70,97.4,22,93,8
SYN-V-002187,SYN-P-00189,SYN-E-000570,Synthetic Regional Medical Center,Nephrology,2025-01-29 07:24:00,56,151,85,99.2,15,96,8
SYN-V-002188,SYN-P-00189,SYN-E-000570,Synthetic Regional Medical Center,Nephrology,2025-01-29 13:43:00,94,128,88,99.1,14,95,2
SYN-V-002189,SYN-P-00189,SYN-E-000570,Synthetic Regional Medical Center,Nephrology,2025-01-29 23:39:00,94,135,74,99.6,12,95,4
SYN-V-002190,SYN-P-00189,SYN-E-000570,Synthetic Regional Medical Center,Nephrology,2025-01-30 09:30:00,103,157,81,97.9,17,100,0
SYN-V-002191,SYN-P-00189,SYN-E-000570,Synthetic Regional Medical Center,Nephrology,2025-01-31 14:06:00,66,139,71,99.4,12,98,6
SYN-V-002192,SYN-P-00174,SYN-E-000571,Synthetic Outpatient Center,Pulmonology,2025-01-27 19:34:00,61,103,95,98.2,15,96,1
SYN-V-002193,SYN-P-00115,SYN-E-000572,Synthetic Community Hospital East,Internal Medicine,2025-01-28 12:39:00,101,134,89,98.9,12,100,6
SYN-V-002194,SYN-P-00115,SYN-E-000572,Synthetic Community Hospital East,Internal Medicine,2025-01-28 13:19:00,91,155,65,98.2,15,100,1
SYN-V-002195,SYN-P-00115,SYN-E-000572,Synthetic Community Hospital East,Internal Medicine,2025-01-28 20:41:00,87,120,92,97.2,14,93,7
SYN-V-002196,SYN-P-00115,SYN-E-000572,Synthetic Community Hospital East,Internal Medicine,2025-01-29 08:56:00,106,156,88,99.4,17,96,1
SYN-V-002197,SYN-P-00115,SYN-E-000572,Synthetic Community Hospital East,Internal Medicine,2025-01-29 09:16:00,74,112,81,97.3,17,92,6
SYN-V-002198,SYN-P-00115,SYN-E-000572,Synthetic Community Hospital East,Internal Medicine,2025-01-29 12:30:00,93,144,85,97.4,22,95,6
SYN-V-002199,SYN-P-00115,SYN-E-000572,Synthetic Community Hospital East,Internal Medicine,2025-01-29 13:28:00,62,109,87,98.5,13,92,1
SYN-V-002200,SYN-P-00165,SYN-E-000573,Synthetic Regional Medical Center,Internal Medicine,2025-01-28 13:38:00,105,142,80,97.2,13,96,6
SYN-V-002201,SYN-P-00165,SYN-E-000573,Synthetic Regional Medical Center,Internal Medicine,2025-01-28 17:44:00,57,142,93,99.4,15,94,2
SYN-V-002202,SYN-P-00165,SYN-E-000573,Synthetic Regional Medical Center,Internal Medicine,2025-01-30 02:27:00,69,119,63,99.7,20,100,8
SYN-V-002203,SYN-P-00165,SYN-E-000573,Synthetic Regional Medical Center,Internal Medicine,2025-01-30 04:11:00,86,105,63,98.0,18,97,6
SYN-V-002204,SYN-P-00184,SYN-E-000574,Synthetic Regional Medical Center,Cardiology,2025-01-28 22:15:00,72,109,85,98.9,16,96,
SYN-V-002205,SYN-P-00184,SYN-E-000574,Synthetic Regional Medical Center,Cardiology,2025-01-29 04:12:00,70,130,79,99.1,14,99,2
SYN-V-002206,SYN-P-00184,SYN-E-000574,Synthetic Regional Medical Center,Cardiology,2025-01-29 22:43:00,79,103,92,98.2,13,92,7
SYN-V-002207,SYN-P-00184,SYN-E-000574,Synthetic Regional Medical Center,Cardiology,2025-01-30 00:09:00,83,153,77,97.5,12,97,1
SYN-V-002208,SYN-P-00184,SYN-E-000574,Synthetic Regional Medical Center,Cardiology,2025-01-30 11:02:00,73,127,95,99.2,12,100,1
SYN-V-002209,SYN-P-00184,SYN-E-000574,Synthetic Regional Medical Center,Cardiology,2025-01-30 13:39:00,72,113,83,97.5,21,95,2
SYN-V-002210,SYN-P-00184,SYN-E-000574,Synthetic Regional Medical Center,Cardiology,2025-01-30 14:35:00,94,151,69,97.9,15,100,7
SYN-V-002211,SYN-P-00184,SYN-E-000574,Synthetic Regional Medical Center,Cardiology,2025-01-30 17:59:00,57,132,87,97.8,20,97,8
SYN-V-002212,SYN-P-00184,SYN-E-000574,Synthetic Regional Medical Center,Cardiology,2025-01-30 18:37:00,93,104,63,99.2,16,95,5
SYN-V-002213,SYN-P-00184,SYN-E-000574,Synthetic Regional Medical Center,Cardiology,2025-01-31 04:27:00,69,104,76,97.3,22,100,7
SYN-V-002214,SYN-P-00184,SYN-E-000574,Synthetic Regional Medical Center,Cardiology,2025-01-31 22:43:00,83,146,84,99.6,18,93,5
SYN-V-002215,SYN-P-00184,SYN-E-000574,Synthetic Regional Medical Center,Cardiology,2025-01-31 23:48:00,62,151,85,97.7,12,92,0
SYN-V-002216,SYN-P-00184,SYN-E-000574,Synthetic Regional Medical Center,Cardiology,2025-02-01 06:52:00,84,120,88,99.2,14,97,2
SYN-V-002217,SYN-P-00184,SYN-E-000574,Synthetic Regional Medical Center,Cardiology,2025-02-01 11:29:00,97,157,66,97.5,20,93,0
SYN-V-002218,SYN-P-00170,SYN-E-000575,Synthetic Community Hospital East,Orthopedics,2025-01-29 12:53:00,72,101,75,98.7,16,96,1
SYN-V-002219,SYN-P-00134,SYN-E-000576,Synthetic Community Hospital West,Endocrinology,2025-01-30 15:48:00,79,145,72,99.4,13,97,8
SYN-V-002220,SYN-P-00015,SYN-E-000577,Synthetic Regional Medical Center,Internal Medicine,2025-01-31 17:30:00,57,132,92,97.9,18,96,7
SYN-V-002221,SYN-P-00015,SYN-E-000577,Synthetic Regional Medical Center,Internal Medicine,2025-01-31 18:37:00,103,144,73,98.7,17,99,6
SYN-V-002222,SYN-P-00015,SYN-E-000577,Synthetic Regional Medical Center,Internal Medicine,2025-01-31 22:07:00,90,143,95,98.2,14,96,1
SYN-V-002223,SYN-P-00015,SYN-E-000577,Synthetic Regional Medical Center,Internal Medicine,2025-02-01 15:19:00,71,119,65,98.1,17,94,7
SYN-V-002224,SYN-P-00104,SYN-E-000578,Synthetic Regional Medical Center,Emergency,2025-01-31 18:41:00,103,148,73,97.3,17,97,1
SYN-V-002225,SYN-P-00140,SYN-E-000580,Synthetic Specialty Clinic,Pulmonology,2025-02-01 07:57:00,94,155,73,98.2,19,96,3
SYN-V-002226,SYN-P-00032,SYN-E-000581,Synthetic Regional Medical Center,Cardiology,2025-02-02 02:07:00,110,138,85,97.7,17,99,6
SYN-V-002227,SYN-P-00032,SYN-E-000581,Synthetic Regional Medical Center,Cardiology,2025-02-02 10:31:00,56,116,75,99.3,12,95,8
SYN-V-002228,SYN-P-00032,SYN-E-000581,Synthetic Regional Medical Center,Cardiology,2025-02-02 12:14:00,100,152,72,99.4,21,95,4
SYN-V-002229,SYN-P-00032,SYN-E-000581,Synthetic Regional Medical Center,Cardiology,2025-02-02 19:41:00,79,144,83,97.5,16,92,
SYN-V-002230,SYN-P-00032,SYN-E-000581,Synthetic Regional Medical Center,Cardiology,2025-02-02 19:41:00,62,104,88,98.9,16,93,4
SYN-V-002231,SYN-P-00032,SYN-E-000581,Synthetic Regional Medical Center,Cardiology,2025-02-03 08:03:00,82,121,71,98.3,14,92,5
SYN-V-002232,SYN-P-00032,SYN-E-000581,Synthetic Regional Medical Center,Cardiology,2025-02-03 13:02:00,90,139,73,99.4,18,92,6
SYN-V-002233,SYN-P-00032,SYN-E-000581,Synthetic Regional Medical Center,Cardiology,2025-02-04 11:05:00,72,125,84,99.8,19,95,4
SYN-V-002234,SYN-P-00032,SYN-E-000581,Synthetic Regional Medical Center,Cardiology,2025-02-05 00:14:00,88,121,70,99.2,21,100,7
SYN-V-002235,SYN-P-00032,SYN-E-000581,Synthetic Regional Medical Center,Cardiology,2025-02-05 00:48:00,74,152,87,98.5,14,96,0
SYN-V-002236,SYN-P-00032,SYN-E-000581,Synthetic Regional Medical Center,Cardiology,2025-02-05 03:48:00,81,138,64,98.9,21,92,3
SYN-V-002237,SYN-P-00032,SYN-E-000581,Synthetic Regional Medical Center,Cardiology,2025-02-05 12:48:00,67,114,71,98.0,13,98,6
SYN-V-002238,SYN-P-00032,SYN-E-000581,Synthetic Regional Medical Center,Cardiology,2025-02-05 16:46:00,93,101,86,99.1,21,97,
SYN-V-002239,SYN-P-00032,SYN-E-000581,Synthetic Regional Medical Center,Cardiology,2025-02-05 17:04:00,62,134,82,97.8,20,99,
SYN-V-002240,SYN-P-00032,SYN-E-000581,Synthetic Regional Medical Center,Cardiology,2025-02-05 19:11:00,91,137,62,99.6,21,94,3
SYN-V-002241,SYN-P-00032,SYN-E-000581,Synthetic Regional Medical Center,Cardiology,2025-02-05 22:00:00,63,114,75,99.8,14,94,2
SYN-V-002242,SYN-P-00032,SYN-E-000581,Synthetic Regional Medical Center,Cardiology,2025-02-06 12:40:00,62,117,66,97.2,14,98,2
SYN-V-002243,SYN-P-00032,SYN-E-000581,Synthetic Regional Medical Center,Cardiology,2025-02-07 14:28:00,77,126,75,98.7,20,99,3
SYN-V-002244,SYN-P-00032,SYN-E-000581,Synthetic Regional Medical Center,Cardiology,2025-02-07 22:28:00,89,126,84,98.7,22,96,1
SYN-V-002245,SYN-P-00032,SYN-E-000581,Synthetic Regional Medical Center,Cardiology,2025-02-08 16:30:00,109,102,74,98.3,13,94,1
SYN-V-002246,SYN-P-00032,SYN-E-000581,Synthetic Regional Medical Center,Cardiology,2025-02-09 02:44:00,83,136,86,97.2,16,95,0
SYN-V-002247,SYN-P-00032,SYN-E-000581,Synthetic Regional Medical Center,Cardiology,2025-02-09 15:10:00,61,148,88,99.0,16,98,2
SYN-V-002248,SYN-P-00032,SYN-E-000581,Synthetic Regional Medical Center,Cardiology,2025-02-10 04:37:00,65,118,81,97.4,21,99,8
SYN-V-002249,SYN-P-00032,SYN-E-000581,Synthetic Regional Medical Center,Cardiology,2025-02-10 11:14:00,80,140,90,97.1,19,100,3
SYN-V-002250,SYN-P-00032,SYN-E-000581,Synthetic Regional Medical Center,Cardiology,2025-02-10 11:35:00,78,118,75,98.2,18,97,7
SYN-V-002251,SYN-P-00032,SYN-E-000581,Synthetic Regional Medical Center,Cardiology,2025-02-10 16:19:00,106,120,94,97.4,13,99,4
SYN-V-002252,SYN-P-00083,SYN-E-000583,Synthetic Community Hospital West,Endocrinology,2025-02-02 17:09:00,99,104,89,98.0,20,93,1
SYN-V-002253,SYN-P-00083,SYN-E-000583,Synthetic Community Hospital West,Endocrinology,2025-02-02 17:57:00,81,129,72,97.9,16,92,1
SYN-V-002254,SYN-P-00122,SYN-E-000584,Synthetic Community Hospital West,Cardiology,2025-02-03 20:49:00,78,130,90,97.8,18,100,7
SYN-V-002255,SYN-P-00122,SYN-E-000584,Synthetic Community Hospital West,Cardiology,2025-02-03 22:09:00,84,103,69,97.5,20,96,3
SYN-V-002256,SYN-P-00122,SYN-E-000584,Synthetic Community Hospital West,Cardiology,2025-02-03 23:11:00,105,119,87,97.1,22,99,7
SYN-V-002257,SYN-P-00122,SYN-E-000584,Synthetic Community Hospital West,Cardiology,2025-02-03 23:56:00,102,148,86,99.0,13,95,4
SYN-V-002258,SYN-P-00180,SYN-E-000585,Synthetic Regional Medical Center,Emergency,2025-02-04 21:28:00,104,137,80,99.6,22,96,8
SYN-V-002259,SYN-P-00060,SYN-E-000586,Synthetic Regional Medical Center,Internal Medicine,2025-02-04 21:39:00,101,132,70,99.3,20,98,3
SYN-V-002260,SYN-P-00060,SYN-E-000586,Synthetic Regional Medical Center,Internal Medicine,2025-02-05 00:10:00,102,134,60,97.1,19,95,8
SYN-V-002261,SYN-P-00060,SYN-E-000586,Synthetic Regional Medical Center,Internal Medicine,2025-02-05 15:00:00,104,147,67,97.7,20,99,1
SYN-V-002262,SYN-P-00060,SYN-E-000586,Synthetic Regional Medical Center,Internal Medicine,2025-02-05 17:26:00,103,149,89,99.7,18,97,7
SYN-V-002263,SYN-P-00060,SYN-E-000586,Synthetic Regional Medical Center,Internal Medicine,2025-02-05 19:27:00,87,138,73,99.4,17,95,6
SYN-V-002264,SYN-P-00060,SYN-E-000586,Synthetic Regional Medical Center,Internal Medicine,2025-02-06 08:33:00,76,150,63,99.8,17,95,8
SYN-V-002265,SYN-P-00060,SYN-E-000586,Synthetic Regional Medical Center,Internal Medicine,2025-02-06 17:54:00,55,109,69,97.3,21,92,6
SYN-V-002266,SYN-P-00060,SYN-E-000586,Synthetic Regional Medical Center,Internal Medicine,2025-02-07 02:17:00,73,102,69,99.1,16,95,1
SYN-V-002267,SYN-P-00060,SYN-E-000586,Synthetic Regional Medical Center,Internal Medicine,2025-02-07 22:40:00,110,129,64,97.1,17,97,4
SYN-V-002268,SYN-P-00060,SYN-E-000586,Synthetic Regional Medical Center,Internal Medicine,2025-02-08 03:41:00,84,138,64,98.0,22,95,7
SYN-V-002269,SYN-P-00060,SYN-E-000586,Synthetic Regional Medical Center,Internal Medicine,2025-02-08 09:35:00,64,109,78,97.8,20,98,5
SYN-V-002270,SYN-P-00060,SYN-E-000586,Synthetic Regional Medical Center,Internal Medicine,2025-02-08 09:42:00,109,129,69,99.7,21,100,1
SYN-V-002271,SYN-P-00060,SYN-E-000586,Synthetic Regional Medical Center,Internal Medicine,2025-02-08 10:08:00,97,114,60,99.7,22,95,4
SYN-V-002272,SYN-P-00060,SYN-E-000586,Synthetic Regional Medical Center,Internal Medicine,2025-02-09 14:06:00,84,151,71,98.1,20,97,0
SYN-V-002273,SYN-P-00060,SYN-E-000586,Synthetic Regional Medical Center,Internal Medicine,2025-02-09 23:09:00,72,156,74,97.6,13,98,8
SYN-V-002274,SYN-P-00060,SYN-E-000586,Synthetic Regional Medical Center,Internal Medicine,2025-02-10 07:42:00,104,125,88,98.5,21,97,7
SYN-V-002275,SYN-P-00189,SYN-E-000587,Synthetic Regional Medical Center,Cardiology,2025-02-04 23:14:00,70,145,70,98.3,21,98,2
SYN-V-002276,SYN-P-00189,SYN-E-000587,Synthetic Regional Medical Center,Cardiology,2025-02-05 02:47:00,76,155,61,98.0,15,99,6
SYN-V-002277,SYN-P-00189,SYN-E-000587,Synthetic Regional Medical Center,Cardiology,2025-02-05 08:19:00,93,125,88,98.9,15,98,1
SYN-V-002278,SYN-P-00189,SYN-E-000587,Synthetic Regional Medical Center,Cardiology,2025-02-07 04:21:00,57,123,90,99.6,17,96,8
SYN-V-002279,SYN-P-00189,SYN-E-000587,Synthetic Regional Medical Center,Cardiology,2025-02-07 05:47:00,65,148,93,98.3,20,95,5
SYN-V-002280,SYN-P-00189,SYN-E-000587,Synthetic Regional Medical Center,Cardiology,2025-02-07 12:15:00,104,148,66,99.0,22,96,8
SYN-V-002281,SYN-P-00075,SYN-E-000588,Synthetic Regional Medical Center,Emergency,2025-02-04 20:39:00,74,145,90,99.5,15,94,8
SYN-V-002282,SYN-P-00075,SYN-E-000588,Synthetic Regional Medical Center,Emergency,2025-02-04 20:52:00,99,140,76,99.2,15,92,1
SYN-V-002283,SYN-P-00075,SYN-E-000588,Synthetic Regional Medical Center,Emergency,2025-02-04 22:14:00,101,132,85,98.5,22,95,0
SYN-V-002284,SYN-P-00075,SYN-E-000588,Synthetic Regional Medical Center,Emergency,2025-02-04 23:43:00,79,140,93,99.4,18,100,8
SYN-V-002285,SYN-P-00193,SYN-E-000590,Synthetic Specialty Clinic,Primary Care,2025-02-06 11:40:00,55,101,93,99.1,20,96,1
SYN-V-002286,SYN-P-00193,SYN-E-000590,Synthetic Specialty Clinic,Primary Care,2025-02-06 13:58:00,61,120,69,99.5,16,97,1
SYN-V-002287,SYN-P-00064,SYN-E-000591,Synthetic Outpatient Center,Pulmonology,2025-02-06 20:39:00,69,145,61,98.5,18,100,3
SYN-V-002288,SYN-P-00064,SYN-E-000591,Synthetic Outpatient Center,Pulmonology,2025-02-06 21:28:00,65,149,87,99.0,18,92,1
SYN-V-002289,SYN-P-00064,SYN-E-000591,Synthetic Outpatient Center,Pulmonology,2025-02-06 21:52:00,81,156,80,97.6,13,98,7
SYN-V-002290,SYN-P-00076,SYN-E-000592,Synthetic Outpatient Center,Pulmonology,2025-02-07 05:13:00,95,148,90,98.7,21,93,6
SYN-V-002291,SYN-P-00076,SYN-E-000592,Synthetic Outpatient Center,Pulmonology,2025-02-07 06:45:00,99,159,83,98.1,16,98,7
SYN-V-002292,SYN-P-00153,SYN-E-000593,Synthetic Community Hospital East,Nephrology,2025-02-07 19:42:00,95,101,84,99.6,20,94,7
SYN-V-002293,SYN-P-00153,SYN-E-000593,Synthetic Community Hospital East,Nephrology,2025-02-07 19:49:00,76,118,86,99.7,13,99,5
SYN-V-002294,SYN-P-00153,SYN-E-000593,Synthetic Community Hospital East,Nephrology,2025-02-07 20:15:00,67,107,90,98.3,12,98,1
SYN-V-002295,SYN-P-00153,SYN-E-000593,Synthetic Community Hospital East,Nephrology,2025-02-07 21:48:00,107,149,63,97.9,20,98,2
SYN-V-002296,SYN-P-00153,SYN-E-000593,Synthetic Community Hospital East,Nephrology,2025-02-08 02:05:00,86,119,60,97.8,18,93,7
SYN-V-002297,SYN-P-00153,SYN-E-000593,Synthetic Community Hospital East,Nephrology,2025-02-08 04:06:00,61,104,85,98.1,19,97,7
SYN-V-002298,SYN-P-00153,SYN-E-000593,Synthetic Community Hospital East,Nephrology,2025-02-08 07:27:00,95,122,95,98.5,19,99,8
SYN-V-002299,SYN-P-00153,SYN-E-000593,Synthetic Community Hospital East,Nephrology,2025-02-08 19:54:00,91,110,64,98.7,14,97,3
SYN-V-002300,SYN-P-00153,SYN-E-000593,Synthetic Community Hospital East,Nephrology,2025-02-09 05:58:00,92,145,75,98.8,12,100,6
SYN-V-002301,SYN-P-00153,SYN-E-000593,Synthetic Community Hospital East,Nephrology,2025-02-09 07:04:00,57,114,65,97.4,14,97,0
SYN-V-002302,SYN-P-00153,SYN-E-000593,Synthetic Community Hospital East,Nephrology,2025-02-10 03:30:00,101,125,86,97.3,18,94,7
SYN-V-002303,SYN-P-00153,SYN-E-000593,Synthetic Community Hospital East,Nephrology,2025-02-10 08:15:00,88,106,61,99.8,20,94,2
SYN-V-002304,SYN-P-00153,SYN-E-000593,Synthetic Community Hospital East,Nephrology,2025-02-10 12:37:00,80,115,71,98.0,17,92,5
SYN-V-002305,SYN-P-00153,SYN-E-000593,Synthetic Community Hospital East,Nephrology,2025-02-10 19:56:00,104,129,63,98.7,22,98,1
SYN-V-002306,SYN-P-00153,SYN-E-000593,Synthetic Community Hospital East,Nephrology,2025-02-11 16:05:00,61,127,70,98.2,16,100,0
SYN-V-002307,SYN-P-00153,SYN-E-000593,Synthetic Community Hospital East,Nephrology,2025-02-11 16:38:00,58,110,77,99.4,21,96,2
SYN-V-002308,SYN-P-00153,SYN-E-000593,Synthetic Community Hospital East,Nephrology,2025-02-12 11:17:00,76,139,94,99.1,22,92,2
SYN-V-002309,SYN-P-00153,SYN-E-000593,Synthetic Community Hospital East,Nephrology,2025-02-12 13:00:00,56,130,91,98.8,22,95,7
SYN-V-002310,SYN-P-00153,SYN-E-000593,Synthetic Community Hospital East,Nephrology,2025-02-13 13:03:00,87,138,84,97.6,22,96,7
SYN-V-002311,SYN-P-00153,SYN-E-000593,Synthetic Community Hospital East,Nephrology,2025-02-13 19:51:00,79,114,95,97.5,15,94,3
SYN-V-002312,SYN-P-00153,SYN-E-000593,Synthetic Community Hospital East,Nephrology,2025-02-14 01:32:00,87,142,77,99.2,21,96,7
SYN-V-002313,SYN-P-00108,SYN-E-000595,Synthetic Community Hospital East,Internal Medicine,2025-02-08 15:01:00,92,105,63,99.6,14,94,6
SYN-V-002314,SYN-P-00108,SYN-E-000595,Synthetic Community Hospital East,Internal Medicine,2025-02-08 15:58:00,58,142,78,98.2,15,97,6
SYN-V-002315,SYN-P-00108,SYN-E-000595,Synthetic Community Hospital East,Internal Medicine,2025-02-08 16:47:00,83,131,67,97.7,19,94,7
SYN-V-002316,SYN-P-00166,SYN-E-000597,Synthetic Community Hospital East,Emergency,2025-02-09 19:00:00,90,132,92,98.7,12,93,0
SYN-V-002317,SYN-P-00166,SYN-E-000597,Synthetic Community Hospital East,Emergency,2025-02-09 20:31:00,64,137,88,98.6,16,96,8
SYN-V-002318,SYN-P-00118,SYN-E-000598,Synthetic Community Hospital East,Emergency,2025-02-11 20:45:00,86,123,69,99.8,15,99,
SYN-V-002319,SYN-P-00118,SYN-E-000598,Synthetic Community Hospital East,Emergency,2025-02-11 21:27:00,84,108,84,99.2,12,97,8
SYN-V-002320,SYN-P-00118,SYN-E-000598,Synthetic Community Hospital East,Emergency,2025-02-11 22:31:00,59,126,81,98.8,15,96,2
SYN-V-002321,SYN-P-00118,SYN-E-000598,Synthetic Community Hospital East,Emergency,2025-02-11 23:45:00,102,130,93,98.9,21,97,2
SYN-V-002322,SYN-P-00200,SYN-E-000599,Synthetic Outpatient Center,Cardiology,2025-02-14 01:35:00,103,148,70,99.3,17,100,4
SYN-V-002323,SYN-P-00200,SYN-E-000599,Synthetic Outpatient Center,Cardiology,2025-02-14 04:03:00,84,138,91,98.9,22,98,0
SYN-V-002324,SYN-P-00172,SYN-E-000600,Synthetic Regional Medical Center,Emergency,2025-02-14 09:34:00,96,154,74,98.2,17,92,7
SYN-V-002325,SYN-P-00172,SYN-E-000600,Synthetic Regional Medical Center,Emergency,2025-02-14 11:16:00,81,136,82,97.9,18,93,8
SYN-V-002326,SYN-P-00007,SYN-E-000602,Synthetic Regional Medical Center,Emergency,2025-02-16 13:01:00,102,101,70,97.3,20,98,
SYN-V-002327,SYN-P-00007,SYN-E-000602,Synthetic Regional Medical Center,Emergency,2025-02-16 16:34:00,64,117,87,99.3,15,99,1
SYN-V-002328,SYN-P-00007,SYN-E-000602,Synthetic Regional Medical Center,Emergency,2025-02-16 16:48:00,74,112,61,97.2,14,95,1
SYN-V-002329,SYN-P-00109,SYN-E-000603,Synthetic Community Hospital East,Internal Medicine,2025-02-18 05:36:00,83,127,91,98.7,13,92,8
SYN-V-002330,SYN-P-00109,SYN-E-000603,Synthetic Community Hospital East,Internal Medicine,2025-02-18 15:50:00,82,121,63,98.4,14,98,8
SYN-V-002331,SYN-P-00109,SYN-E-000603,Synthetic Community Hospital East,Internal Medicine,2025-02-19 06:56:00,68,133,70,99.3,19,99,2
SYN-V-002332,SYN-P-00109,SYN-E-000603,Synthetic Community Hospital East,Internal Medicine,2025-02-19 07:01:00,62,113,83,97.1,15,99,5
SYN-V-002333,SYN-P-00109,SYN-E-000603,Synthetic Community Hospital East,Internal Medicine,2025-02-19 11:07:00,81,128,68,97.1,19,97,7
SYN-V-002334,SYN-P-00109,SYN-E-000603,Synthetic Community Hospital East,Internal Medicine,2025-02-19 15:23:00,80,108,85,97.9,14,97,3
SYN-V-002335,SYN-P-00087,SYN-E-000604,Synthetic Specialty Clinic,Pulmonology,2025-02-18 19:59:00,96,160,70,97.9,14,100,7
SYN-V-002336,SYN-P-00087,SYN-E-000604,Synthetic Specialty Clinic,Pulmonology,2025-02-18 20:42:00,67,159,69,97.1,13,95,0
SYN-V-002337,SYN-P-00176,SYN-E-000605,Synthetic Regional Medical Center,Pulmonology,2025-02-21 22:37:00,108,140,87,99.8,13,95,0
SYN-V-002338,SYN-P-00176,SYN-E-000605,Synthetic Regional Medical Center,Pulmonology,2025-02-21 23:10:00,80,129,76,99.0,22,100,6
SYN-V-002339,SYN-P-00176,SYN-E-000605,Synthetic Regional Medical Center,Pulmonology,2025-02-22 00:31:00,61,105,84,97.4,12,92,
SYN-V-002340,SYN-P-00176,SYN-E-000605,Synthetic Regional Medical Center,Pulmonology,2025-02-22 00:51:00,109,155,89,98.2,17,92,1
SYN-V-002341,SYN-P-00058,SYN-E-000606,Synthetic Community Hospital East,Internal Medicine,2025-02-23 21:24:00,78,150,61,97.4,20,96,0
SYN-V-002342,SYN-P-00058,SYN-E-000606,Synthetic Community Hospital East,Internal Medicine,2025-02-24 17:10:00,58,143,93,98.7,17,94,7
SYN-V-002343,SYN-P-00058,SYN-E-000606,Synthetic Community Hospital East,Internal Medicine,2025-02-25 05:45:00,85,134,74,97.3,22,93,6
SYN-V-002344,SYN-P-00058,SYN-E-000606,Synthetic Community Hospital East,Internal Medicine,2025-02-25 17:14:00,77,150,73,99.4,13,94,3
SYN-V-002345,SYN-P-00058,SYN-E-000606,Synthetic Community Hospital East,Internal Medicine,2025-02-25 20:22:00,61,103,88,98.9,16,92,1
SYN-V-002346,SYN-P-00058,SYN-E-000606,Synthetic Community Hospital East,Internal Medicine,2025-02-25 22:19:00,64,147,77,97.2,20,97,6
SYN-V-002347,SYN-P-00024,SYN-E-000608,Synthetic Community Hospital West,Nephrology,2025-02-26 04:39:00,89,130,61,98.7,12,95,6
SYN-V-002348,SYN-P-00024,SYN-E-000608,Synthetic Community Hospital West,Nephrology,2025-02-26 05:58:00,69,131,60,99.6,17,92,7
SYN-V-002349,SYN-P-00024,SYN-E-000608,Synthetic Community Hospital West,Nephrology,2025-02-26 06:04:00,107,139,85,98.1,14,96,8
SYN-V-002350,SYN-P-00024,SYN-E-000608,Synthetic Community Hospital West,Nephrology,2025-02-26 11:06:00,73,133,72,97.0,12,93,7
SYN-V-002351,SYN-P-00024,SYN-E-000608,Synthetic Community Hospital West,Nephrology,2025-02-27 00:19:00,55,157,66,97.7,12,92,7
SYN-V-002352,SYN-P-00024,SYN-E-000608,Synthetic Community Hospital West,Nephrology,2025-02-27 01:21:00,61,125,83,97.1,12,94,3
SYN-V-002353,SYN-P-00024,SYN-E-000608,Synthetic Community Hospital West,Nephrology,2025-02-27 07:57:00,100,107,77,97.1,21,95,0
SYN-V-002354,SYN-P-00024,SYN-E-000608,Synthetic Community Hospital West,Nephrology,2025-02-27 16:33:00,110,123,89,98.0,16,99,2
SYN-V-002355,SYN-P-00024,SYN-E-000608,Synthetic Community Hospital West,Nephrology,2025-02-27 20:34:00,69,137,79,98.6,15,98,7
SYN-V-002356,SYN-P-00024,SYN-E-000608,Synthetic Community Hospital West,Nephrology,2025-02-28 03:43:00,92,151,68,97.0,15,94,1
SYN-V-002357,SYN-P-00024,SYN-E-000608,Synthetic Community Hospital West,Nephrology,2025-02-28 08:32:00,63,105,60,97.7,17,93,8
SYN-V-002358,SYN-P-00024,SYN-E-000608,Synthetic Community Hospital West,Nephrology,2025-02-28 09:49:00,88,105,74,97.6,13,95,5
SYN-V-002359,SYN-P-00024,SYN-E-000608,Synthetic Community Hospital West,Nephrology,2025-03-01 00:56:00,85,153,61,99.7,19,93,
SYN-V-002360,SYN-P-00024,SYN-E-000608,Synthetic Community Hospital West,Nephrology,2025-03-01 20:21:00,83,142,65,97.6,21,93,3
SYN-V-002361,SYN-P-00024,SYN-E-000608,Synthetic Community Hospital West,Nephrology,2025-03-02 01:23:00,67,114,68,99.7,21,97,7
SYN-V-002362,SYN-P-00024,SYN-E-000608,Synthetic Community Hospital West,Nephrology,2025-03-02 16:50:00,105,123,94,98.8,19,98,4
SYN-V-002363,SYN-P-00024,SYN-E-000608,Synthetic Community Hospital West,Nephrology,2025-03-03 14:29:00,57,148,85,97.9,15,92,7
SYN-V-002364,SYN-P-00019,SYN-E-000609,Synthetic Community Hospital West,Cardiology,2025-02-26 18:44:00,99,151,72,97.3,16,93,0
SYN-V-002365,SYN-P-00019,SYN-E-000609,Synthetic Community Hospital West,Cardiology,2025-02-27 02:02:00,110,140,75,97.9,19,94,6
SYN-V-002366,SYN-P-00019,SYN-E-000609,Synthetic Community Hospital West,Cardiology,2025-02-27 10:01:00,59,146,68,99.2,18,93,4
SYN-V-002367,SYN-P-00019,SYN-E-000609,Synthetic Community Hospital West,Cardiology,2025-02-27 17:45:00,73,104,65,98.1,13,93,1
SYN-V-002368,SYN-P-00019,SYN-E-000609,Synthetic Community Hospital West,Cardiology,2025-02-28 11:12:00,69,104,90,98.0,17,97,5
SYN-V-002369,SYN-P-00165,SYN-E-000610,Synthetic Community Hospital East,Internal Medicine,2025-02-27 13:27:00,75,102,64,98.4,21,93,
SYN-V-002370,SYN-P-00165,SYN-E-000610,Synthetic Community Hospital East,Internal Medicine,2025-02-27 15:22:00,74,122,94,97.7,14,94,2
SYN-V-002371,SYN-P-00165,SYN-E-000610,Synthetic Community Hospital East,Internal Medicine,2025-02-27 17:53:00,107,153,89,99.7,20,100,3
SYN-V-002372,SYN-P-00165,SYN-E-000610,Synthetic Community Hospital East,Internal Medicine,2025-02-27 22:58:00,68,101,64,98.0,13,94,2
SYN-V-002373,SYN-P-00165,SYN-E-000610,Synthetic Community Hospital East,Internal Medicine,2025-02-28 07:20:00,62,107,83,97.8,20,96,2
SYN-V-002374,SYN-P-00165,SYN-E-000610,Synthetic Community Hospital East,Internal Medicine,2025-02-28 16:45:00,102,125,89,97.4,12,96,2
SYN-V-002375,SYN-P-00165,SYN-E-000610,Synthetic Community Hospital East,Internal Medicine,2025-02-28 18:08:00,57,129,80,97.7,12,99,5
SYN-V-002376,SYN-P-00165,SYN-E-000610,Synthetic Community Hospital East,Internal Medicine,2025-03-01 02:52:00,95,100,63,97.1,15,95,3
SYN-V-002377,SYN-P-00165,SYN-E-000610,Synthetic Community Hospital East,Internal Medicine,2025-03-01 06:36:00,86,132,76,97.0,18,92,8
SYN-V-002378,SYN-P-00165,SYN-E-000610,Synthetic Community Hospital East,Internal Medicine,2025-03-01 08:02:00,101,118,88,97.9,16,98,2
SYN-V-002379,SYN-P-00165,SYN-E-000610,Synthetic Community Hospital East,Internal Medicine,2025-03-02 00:48:00,59,112,69,98.7,22,93,3
SYN-V-002380,SYN-P-00165,SYN-E-000610,Synthetic Community Hospital East,Internal Medicine,2025-03-02 01:06:00,68,101,91,98.3,18,93,5
SYN-V-002381,SYN-P-00165,SYN-E-000610,Synthetic Community Hospital East,Internal Medicine,2025-03-02 13:52:00,95,143,61,98.1,22,95,7
SYN-V-002382,SYN-P-00129,SYN-E-000611,Synthetic Regional Medical Center,Endocrinology,2025-02-27 15:16:00,77,142,93,98.4,14,93,8
SYN-V-002383,SYN-P-00091,SYN-E-000612,Synthetic Community Hospital West,Internal Medicine,2025-02-28 07:52:00,58,121,60,97.7,20,95,2
SYN-V-002384,SYN-P-00091,SYN-E-000612,Synthetic Community Hospital West,Internal Medicine,2025-02-28 11:28:00,94,158,77,97.4,22,97,1
SYN-V-002385,SYN-P-00091,SYN-E-000612,Synthetic Community Hospital West,Internal Medicine,2025-02-28 13:34:00,95,118,67,97.2,21,97,0
SYN-V-002386,SYN-P-00091,SYN-E-000612,Synthetic Community Hospital West,Internal Medicine,2025-02-28 14:35:00,61,136,87,98.3,14,92,8
SYN-V-002387,SYN-P-00091,SYN-E-000612,Synthetic Community Hospital West,Internal Medicine,2025-02-28 14:44:00,92,123,73,99.1,15,94,7
SYN-V-002388,SYN-P-00091,SYN-E-000612,Synthetic Community Hospital West,Internal Medicine,2025-02-28 18:54:00,60,131,60,98.7,14,100,5
SYN-V-002389,SYN-P-00091,SYN-E-000612,Synthetic Community Hospital West,Internal Medicine,2025-03-01 06:44:00,68,156,80,97.7,13,98,0
SYN-V-002390,SYN-P-00031,SYN-E-000614,Synthetic Community Hospital East,Emergency,2025-03-02 07:16:00,103,102,65,97.8,21,98,8
SYN-V-002391,SYN-P-00031,SYN-E-000614,Synthetic Community Hospital East,Emergency,2025-03-02 08:02:00,59,158,65,97.7,21,94,6
SYN-V-002392,SYN-P-00010,SYN-E-000615,Synthetic Community Hospital East,Cardiology,2025-03-02 19:34:00,104,121,84,97.5,15,96,0
SYN-V-002393,SYN-P-00010,SYN-E-000615,Synthetic Community Hospital East,Cardiology,2025-03-02 19:54:00,101,113,73,97.4,15,100,6
SYN-V-002394,SYN-P-00010,SYN-E-000615,Synthetic Community Hospital East,Cardiology,2025-03-02 21:57:00,90,154,86,99.1,21,94,7
SYN-V-002395,SYN-P-00010,SYN-E-000615,Synthetic Community Hospital East,Cardiology,2025-03-02 22:26:00,91,125,69,98.8,20,94,3
SYN-V-002396,SYN-P-00010,SYN-E-000615,Synthetic Community Hospital East,Cardiology,2025-03-02 22:42:00,103,148,87,97.3,16,92,1
SYN-V-002397,SYN-P-00125,SYN-E-000616,Synthetic Community Hospital West,Pulmonology,2025-03-04 12:54:00,94,102,67,98.1,13,98,8
SYN-V-002398,SYN-P-00125,SYN-E-000616,Synthetic Community Hospital West,Pulmonology,2025-03-04 18:48:00,60,152,90,97.6,15,100,3
SYN-V-002399,SYN-P-00125,SYN-E-000616,Synthetic Community Hospital West,Pulmonology,2025-03-05 01:10:00,87,106,62,98.8,15,98,8
SYN-V-002400,SYN-P-00125,SYN-E-000616,Synthetic Community Hospital West,Pulmonology,2025-03-05 06:54:00,87,142,75,98.6,15,94,5
SYN-V-002401,SYN-P-00125,SYN-E-000616,Synthetic Community Hospital West,Pulmonology,2025-03-05 12:18:00,86,134,91,99.4,19,99,2
SYN-V-002402,SYN-P-00125,SYN-E-000616,Synthetic Community Hospital West,Pulmonology,2025-03-05 15:46:00,99,134,90,99.2,19,98,6
SYN-V-002403,SYN-P-00155,SYN-E-000618,Synthetic Outpatient Center,Primary Care,2025-03-05 12:19:00,96,139,64,98.6,12,99,5
SYN-V-002404,SYN-P-00155,SYN-E-000618,Synthetic Outpatient Center,Primary Care,2025-03-05 12:39:00,101,130,74,98.3,14,97,3
SYN-V-002405,SYN-P-00155,SYN-E-000618,Synthetic Outpatient Center,Primary Care,2025-03-05 12:57:00,79,113,83,97.4,16,96,7
SYN-V-002406,SYN-P-00155,SYN-E-000618,Synthetic Outpatient Center,Primary Care,2025-03-05 13:13:00,99,108,79,99.7,14,96,2
SYN-V-002407,SYN-P-00025,SYN-E-000619,Synthetic Community Hospital West,Cardiology,2025-03-05 12:52:00,57,128,81,99.0,21,92,2
SYN-V-002408,SYN-P-00025,SYN-E-000619,Synthetic Community Hospital West,Cardiology,2025-03-06 07:59:00,70,103,73,97.2,18,94,2
SYN-V-002409,SYN-P-00025,SYN-E-000619,Synthetic Community Hospital West,Cardiology,2025-03-06 17:46:00,78,126,88,98.2,22,96,
SYN-V-002410,SYN-P-00025,SYN-E-000619,Synthetic Community Hospital West,Cardiology,2025-03-06 23:23:00,89,118,62,99.2,16,97,7
SYN-V-002411,SYN-P-00025,SYN-E-000619,Synthetic Community Hospital West,Cardiology,2025-03-07 09:26:00,62,145,77,97.8,19,96,6
SYN-V-002412,SYN-P-00025,SYN-E-000619,Synthetic Community Hospital West,Cardiology,2025-03-07 12:07:00,103,115,67,98.3,21,97,0
SYN-V-002413,SYN-P-00025,SYN-E-000619,Synthetic Community Hospital West,Cardiology,2025-03-07 22:16:00,102,156,80,99.4,13,98,7
SYN-V-002414,SYN-P-00025,SYN-E-000619,Synthetic Community Hospital West,Cardiology,2025-03-08 03:52:00,66,114,76,98.6,12,99,1
SYN-V-002415,SYN-P-00025,SYN-E-000619,Synthetic Community Hospital West,Cardiology,2025-03-08 23:33:00,69,123,83,97.2,18,95,5
SYN-V-002416,SYN-P-00025,SYN-E-000619,Synthetic Community Hospital West,Cardiology,2025-03-09 14:12:00,99,126,81,99.2,20,98,3
SYN-V-002417,SYN-P-00025,SYN-E-000619,Synthetic Community Hospital West,Cardiology,2025-03-09 20:54:00,87,143,60,98.0,13,95,0
SYN-V-002418,SYN-P-00025,SYN-E-000619,Synthetic Community Hospital West,Cardiology,2025-03-09 23:29:00,100,140,68,99.5,17,97,7
SYN-V-002419,SYN-P-00025,SYN-E-000619,Synthetic Community Hospital West,Cardiology,2025-03-10 07:41:00,81,146,85,97.4,18,99,3
SYN-V-002420,SYN-P-00025,SYN-E-000619,Synthetic Community Hospital West,Cardiology,2025-03-11 06:12:00,109,156,74,97.3,16,93,1
SYN-V-002421,SYN-P-00025,SYN-E-000619,Synthetic Community Hospital West,Cardiology,2025-03-11 10:27:00,62,152,90,98.4,15,99,5
SYN-V-002422,SYN-P-00089,SYN-E-000620,Synthetic Outpatient Center,Pulmonology,2025-03-05 18:05:00,97,133,93,97.0,14,98,4
SYN-V-002423,SYN-P-00140,SYN-E-000622,Synthetic Community Hospital East,Emergency,2025-03-05 18:10:00,68,160,79,98.9,12,92,2
SYN-V-002424,SYN-P-00165,SYN-E-000623,Synthetic Community Hospital West,Internal Medicine,2025-03-07 13:11:00,57,110,69,98.1,22,93,0
SYN-V-002425,SYN-P-00165,SYN-E-000623,Synthetic Community Hospital West,Internal Medicine,2025-03-08 08:01:00,73,142,87,98.9,13,93,6
SYN-V-002426,SYN-P-00165,SYN-E-000623,Synthetic Community Hospital West,Internal Medicine,2025-03-08 21:33:00,67,104,92,97.3,12,94,7
SYN-V-002427,SYN-P-00165,SYN-E-000623,Synthetic Community Hospital West,Internal Medicine,2025-03-09 03:19:00,109,119,60,98.4,17,100,6
SYN-V-002428,SYN-P-00165,SYN-E-000623,Synthetic Community Hospital West,Internal Medicine,2025-03-09 04:31:00,104,152,91,99.3,13,95,2
SYN-V-002429,SYN-P-00165,SYN-E-000623,Synthetic Community Hospital West,Internal Medicine,2025-03-09 05:24:00,98,138,94,99.6,15,97,0
SYN-V-002430,SYN-P-00165,SYN-E-000623,Synthetic Community Hospital West,Internal Medicine,2025-03-09 05:50:00,105,145,73,99.4,22,94,6
SYN-V-002431,SYN-P-00165,SYN-E-000623,Synthetic Community Hospital West,Internal Medicine,2025-03-09 23:28:00,87,113,78,98.3,13,93,1
SYN-V-002432,SYN-P-00165,SYN-E-000623,Synthetic Community Hospital West,Internal Medicine,2025-03-10 02:50:00,70,148,84,97.9,14,98,3
SYN-V-002433,SYN-P-00165,SYN-E-000623,Synthetic Community Hospital West,Internal Medicine,2025-03-10 03:34:00,96,146,77,97.3,19,95,5
SYN-V-002434,SYN-P-00165,SYN-E-000623,Synthetic Community Hospital West,Internal Medicine,2025-03-10 04:41:00,68,154,64,97.8,13,97,0
SYN-V-002435,SYN-P-00165,SYN-E-000623,Synthetic Community Hospital West,Internal Medicine,2025-03-10 14:15:00,71,137,77,97.8,22,96,2
SYN-V-002436,SYN-P-00165,SYN-E-000623,Synthetic Community Hospital West,Internal Medicine,2025-03-11 11:59:00,85,126,64,97.8,16,98,8
SYN-V-002437,SYN-P-00165,SYN-E-000623,Synthetic Community Hospital West,Internal Medicine,2025-03-11 18:36:00,55,160,68,99.2,20,96,0
SYN-V-002438,SYN-P-00165,SYN-E-000623,Synthetic Community Hospital West,Internal Medicine,2025-03-11 23:49:00,92,114,92,99.4,21,98,7
SYN-V-002439,SYN-P-00165,SYN-E-000623,Synthetic Community Hospital West,Internal Medicine,2025-03-12 00:42:00,88,107,85,98.2,20,93,1
SYN-V-002440,SYN-P-00165,SYN-E-000623,Synthetic Community Hospital West,Internal Medicine,2025-03-12 13:41:00,94,129,61,99.7,18,95,2
SYN-V-002441,SYN-P-00165,SYN-E-000623,Synthetic Community Hospital West,Internal Medicine,2025-03-12 16:47:00,97,134,73,99.8,15,96,6
SYN-V-002442,SYN-P-00165,SYN-E-000623,Synthetic Community Hospital West,Internal Medicine,2025-03-12 18:10:00,92,148,71,99.4,19,100,
SYN-V-002443,SYN-P-00001,SYN-E-000624,Synthetic Community Hospital West,Emergency,2025-03-07 04:03:00,97,154,81,98.0,14,95,5
SYN-V-002444,SYN-P-00001,SYN-E-000624,Synthetic Community Hospital West,Emergency,2025-03-07 05:37:00,109,116,81,99.6,21,99,1
SYN-V-002445,SYN-P-00170,SYN-E-000625,Synthetic Outpatient Center,Orthopedics,2025-03-07 08:51:00,82,132,70,99.3,21,93,5
SYN-V-002446,SYN-P-00170,SYN-E-000625,Synthetic Outpatient Center,Orthopedics,2025-03-07 09:24:00,107,113,77,97.8,16,99,0
SYN-V-002447,SYN-P-00090,SYN-E-000628,Synthetic Regional Medical Center,Internal Medicine,2025-03-09 04:12:00,89,153,76,99.0,17,96,2
SYN-V-002448,SYN-P-00090,SYN-E-000628,Synthetic Regional Medical Center,Internal Medicine,2025-03-09 13:34:00,65,149,60,99.8,15,100,2
SYN-V-002449,SYN-P-00090,SYN-E-000628,Synthetic Regional Medical Center,Internal Medicine,2025-03-10 00:40:00,102,114,83,98.9,15,93,6
SYN-V-002450,SYN-P-00090,SYN-E-000628,Synthetic Regional Medical Center,Internal Medicine,2025-03-10 10:32:00,62,159,82,97.6,22,95,4
SYN-V-002451,SYN-P-00090,SYN-E-000628,Synthetic Regional Medical Center,Internal Medicine,2025-03-10 17:05:00,86,138,80,97.7,12,93,8
SYN-V-002452,SYN-P-00090,SYN-E-000628,Synthetic Regional Medical Center,Internal Medicine,2025-03-11 07:14:00,84,148,86,98.7,15,100,3
SYN-V-002453,SYN-P-00090,SYN-E-000628,Synthetic Regional Medical Center,Internal Medicine,2025-03-11 08:09:00,92,130,87,99.4,13,94,4
SYN-V-002454,SYN-P-00090,SYN-E-000628,Synthetic Regional Medical Center,Internal Medicine,2025-03-11 11:49:00,97,154,93,98.5,14,94,4
SYN-V-002455,SYN-P-00090,SYN-E-000628,Synthetic Regional Medical Center,Internal Medicine,2025-03-11 16:59:00,104,145,86,97.6,20,92,2
SYN-V-002456,SYN-P-00090,SYN-E-000628,Synthetic Regional Medical Center,Internal Medicine,2025-03-11 18:14:00,92,134,60,97.1,15,96,6
SYN-V-002457,SYN-P-00090,SYN-E-000628,Synthetic Regional Medical Center,Internal Medicine,2025-03-12 10:35:00,75,116,90,98.3,17,96,6
SYN-V-002458,SYN-P-00090,SYN-E-000628,Synthetic Regional Medical Center,Internal Medicine,2025-03-12 17:32:00,81,119,66,99.3,13,98,4
SYN-V-002459,SYN-P-00090,SYN-E-000628,Synthetic Regional Medical Center,Internal Medicine,2025-03-13 02:15:00,108,135,95,97.8,14,94,6
SYN-V-002460,SYN-P-00090,SYN-E-000628,Synthetic Regional Medical Center,Internal Medicine,2025-03-13 15:28:00,97,144,64,97.9,12,97,2
SYN-V-002461,SYN-P-00090,SYN-E-000628,Synthetic Regional Medical Center,Internal Medicine,2025-03-14 07:20:00,83,112,89,97.7,22,99,2
SYN-V-002462,SYN-P-00090,SYN-E-000628,Synthetic Regional Medical Center,Internal Medicine,2025-03-14 14:54:00,61,158,60,99.7,12,100,4
SYN-V-002463,SYN-P-00152,SYN-E-000630,Synthetic Community Hospital West,Orthopedics,2025-03-10 00:19:00,67,125,92,98.5,21,93,6
SYN-V-002464,SYN-P-00152,SYN-E-000630,Synthetic Community Hospital West,Orthopedics,2025-03-10 01:04:00,97,160,66,97.7,19,92,5
SYN-V-002465,SYN-P-00152,SYN-E-000630,Synthetic Community Hospital West,Orthopedics,2025-03-10 07:14:00,58,145,69,97.5,21,94,8
SYN-V-002466,SYN-P-00152,SYN-E-000630,Synthetic Community Hospital West,Orthopedics,2025-03-10 23:44:00,75,136,63,98.4,20,94,0
SYN-V-002467,SYN-P-00152,SYN-E-000630,Synthetic Community Hospital West,Orthopedics,2025-03-11 15:52:00,72,139,79,97.6,14,93,3
SYN-V-002468,SYN-P-00152,SYN-E-000630,Synthetic Community Hospital West,Orthopedics,2025-03-11 19:57:00,89,151,72,98.8,21,99,2
SYN-V-002469,SYN-P-00152,SYN-E-000630,Synthetic Community Hospital West,Orthopedics,2025-03-12 16:12:00,93,101,88,98.5,18,94,1
SYN-V-002470,SYN-P-00152,SYN-E-000630,Synthetic Community Hospital West,Orthopedics,2025-03-13 01:01:00,75,126,75,99.4,14,93,5
SYN-V-002471,SYN-P-00152,SYN-E-000630,Synthetic Community Hospital West,Orthopedics,2025-03-13 11:23:00,65,118,62,99.6,18,99,6
SYN-V-002472,SYN-P-00152,SYN-E-000630,Synthetic Community Hospital West,Orthopedics,2025-03-13 12:15:00,76,111,91,98.9,17,94,0
SYN-V-002473,SYN-P-00152,SYN-E-000630,Synthetic Community Hospital West,Orthopedics,2025-03-13 21:34:00,99,151,78,99.4,18,99,0
SYN-V-002474,SYN-P-00152,SYN-E-000630,Synthetic Community Hospital West,Orthopedics,2025-03-14 02:39:00,57,106,87,99.3,15,93,7
SYN-V-002475,SYN-P-00152,SYN-E-000630,Synthetic Community Hospital West,Orthopedics,2025-03-14 19:02:00,95,101,82,98.8,20,93,2
SYN-V-002476,SYN-P-00152,SYN-E-000630,Synthetic Community Hospital West,Orthopedics,2025-03-16 00:59:00,62,152,93,98.1,20,96,4
SYN-V-002477,SYN-P-00152,SYN-E-000630,Synthetic Community Hospital West,Orthopedics,2025-03-16 04:58:00,68,124,63,99.2,13,93,6
SYN-V-002478,SYN-P-00152,SYN-E-000630,Synthetic Community Hospital West,Orthopedics,2025-03-16 07:11:00,76,134,84,99.5,18,93,4
SYN-V-002479,SYN-P-00152,SYN-E-000630,Synthetic Community Hospital West,Orthopedics,2025-03-16 10:09:00,69,158,73,99.5,16,92,6
SYN-V-002480,SYN-P-00152,SYN-E-000630,Synthetic Community Hospital West,Orthopedics,2025-03-16 11:04:00,101,112,82,97.8,12,94,4
SYN-V-002481,SYN-P-00152,SYN-E-000630,Synthetic Community Hospital West,Orthopedics,2025-03-16 14:54:00,63,121,90,99.3,16,96,
SYN-V-002482,SYN-P-00152,SYN-E-000630,Synthetic Community Hospital West,Orthopedics,2025-03-16 16:47:00,68,152,79,98.3,22,99,8
SYN-V-002483,SYN-P-00152,SYN-E-000630,Synthetic Community Hospital West,Orthopedics,2025-03-17 09:57:00,79,105,61,98.8,14,96,
SYN-V-002484,SYN-P-00152,SYN-E-000630,Synthetic Community Hospital West,Orthopedics,2025-03-17 13:43:00,96,153,91,98.0,16,93,7
SYN-V-002485,SYN-P-00152,SYN-E-000630,Synthetic Community Hospital West,Orthopedics,2025-03-17 16:58:00,99,154,66,98.1,15,94,2
SYN-V-002486,SYN-P-00152,SYN-E-000630,Synthetic Community Hospital West,Orthopedics,2025-03-17 17:44:00,106,111,84,97.3,18,100,6
SYN-V-002487,SYN-P-00152,SYN-E-000630,Synthetic Community Hospital West,Orthopedics,2025-03-18 14:59:00,90,154,94,98.5,19,100,5
SYN-V-002488,SYN-P-00152,SYN-E-000630,Synthetic Community Hospital West,Orthopedics,2025-03-18 21:50:00,73,139,74,98.1,19,97,2
SYN-V-002489,SYN-P-00152,SYN-E-000630,Synthetic Community Hospital West,Orthopedics,2025-03-19 01:45:00,55,140,92,98.6,20,92,1
SYN-V-002490,SYN-P-00152,SYN-E-000630,Synthetic Community Hospital West,Orthopedics,2025-03-19 05:56:00,110,143,67,98.7,16,93,2
SYN-V-002491,SYN-P-00152,SYN-E-000630,Synthetic Community Hospital West,Orthopedics,2025-03-19 07:20:00,95,101,93,99.2,19,95,7
SYN-V-002492,SYN-P-00152,SYN-E-000630,Synthetic Community Hospital West,Orthopedics,2025-03-19 08:26:00,103,122,90,97.7,17,98,4
SYN-V-002493,SYN-P-00152,SYN-E-000630,Synthetic Community Hospital West,Orthopedics,2025-03-19 12:52:00,109,129,86,97.3,15,97,1
SYN-V-002494,SYN-P-00152,SYN-E-000630,Synthetic Community Hospital West,Orthopedics,2025-03-19 16:13:00,96,140,63,98.2,17,96,0
SYN-V-002495,SYN-P-00152,SYN-E-000630,Synthetic Community Hospital West,Orthopedics,2025-03-19 20:10:00,104,115,76,97.1,17,99,2
SYN-V-002496,SYN-P-00152,SYN-E-000630,Synthetic Community Hospital West,Orthopedics,2025-03-19 21:34:00,72,144,82,98.2,17,92,4
SYN-V-002497,SYN-P-00152,SYN-E-000630,Synthetic Community Hospital West,Orthopedics,2025-03-20 03:22:00,85,112,95,99.5,15,98,3
SYN-V-002498,SYN-P-00152,SYN-E-000630,Synthetic Community Hospital West,Orthopedics,2025-03-20 06:24:00,74,142,85,98.3,12,94,0
SYN-V-002499,SYN-P-00152,SYN-E-000630,Synthetic Community Hospital West,Orthopedics,2025-03-20 15:44:00,70,105,89,98.2,14,93,3
SYN-V-002500,SYN-P-00152,SYN-E-000630,Synthetic Community Hospital West,Orthopedics,2025-03-20 23:52:00,103,132,82,98.1,22,94,7
SYN-V-002501,SYN-P-00152,SYN-E-000630,Synthetic Community Hospital West,Orthopedics,2025-03-21 06:51:00,95,147,72,98.9,12,100,5
SYN-V-002502,SYN-P-00152,SYN-E-000630,Synthetic Community Hospital West,Orthopedics,2025-03-21 12:04:00,65,147,61,98.8,14,95,0
SYN-V-002503,SYN-P-00152,SYN-E-000630,Synthetic Community Hospital West,Orthopedics,2025-03-21 19:45:00,81,129,73,98.6,20,98,4
SYN-V-002504,SYN-P-00152,SYN-E-000630,Synthetic Community Hospital West,Orthopedics,2025-03-22 00:50:00,94,103,70,98.4,22,93,6
SYN-V-002505,SYN-P-00056,SYN-E-000632,Synthetic Regional Medical Center,Internal Medicine,2025-03-10 11:47:00,80,127,74,99.2,13,97,1
SYN-V-002506,SYN-P-00056,SYN-E-000632,Synthetic Regional Medical Center,Internal Medicine,2025-03-10 12:47:00,62,132,94,98.5,17,92,1
SYN-V-002507,SYN-P-00056,SYN-E-000632,Synthetic Regional Medical Center,Internal Medicine,2025-03-10 13:12:00,60,138,73,98.5,14,95,6
SYN-V-002508,SYN-P-00056,SYN-E-000632,Synthetic Regional Medical Center,Internal Medicine,2025-03-12 07:39:00,75,142,88,98.6,19,94,
SYN-V-002509,SYN-P-00176,SYN-E-000634,Synthetic Regional Medical Center,Emergency,2025-03-10 12:16:00,85,160,73,99.6,13,96,1
SYN-V-002510,SYN-P-00176,SYN-E-000634,Synthetic Regional Medical Center,Emergency,2025-03-10 13:35:00,68,130,93,97.3,18,94,3
SYN-V-002511,SYN-P-00176,SYN-E-000634,Synthetic Regional Medical Center,Emergency,2025-03-10 13:50:00,61,100,70,97.9,16,98,8
SYN-V-002512,SYN-P-00176,SYN-E-000634,Synthetic Regional Medical Center,Emergency,2025-03-10 14:08:00,101,143,71,97.4,21,92,8
SYN-V-002513,SYN-P-00176,SYN-E-000634,Synthetic Regional Medical Center,Emergency,2025-03-10 14:34:00,93,150,86,97.1,21,97,4
SYN-V-002514,SYN-P-00176,SYN-E-000634,Synthetic Regional Medical Center,Emergency,2025-03-10 15:00:00,70,108,71,99.6,14,94,6
SYN-V-002515,SYN-P-00176,SYN-E-000634,Synthetic Regional Medical Center,Emergency,2025-03-10 15:28:00,103,124,95,99.4,16,94,0
SYN-V-002516,SYN-P-00134,SYN-E-000635,Synthetic Outpatient Center,Orthopedics,2025-03-10 18:35:00,84,121,74,99.4,19,97,8
SYN-V-002517,SYN-P-00013,SYN-E-000636,Synthetic Specialty Clinic,Orthopedics,2025-03-12 23:57:00,74,101,69,97.8,19,96,1
SYN-V-002518,SYN-P-00013,SYN-E-000636,Synthetic Specialty Clinic,Orthopedics,2025-03-13 03:12:00,65,115,93,98.6,21,99,7
SYN-V-002519,SYN-P-00013,SYN-E-000636,Synthetic Specialty Clinic,Orthopedics,2025-03-13 03:36:00,68,134,92,97.7,22,100,8
SYN-V-002520,SYN-P-00026,SYN-E-000637,Synthetic Specialty Clinic,Primary Care,2025-03-14 07:02:00,67,153,81,97.4,13,99,4
SYN-V-002521,SYN-P-00012,SYN-E-000638,Synthetic Community Hospital West,Internal Medicine,2025-03-14 10:13:00,60,136,80,99.5,17,94,5
SYN-V-002522,SYN-P-00012,SYN-E-000638,Synthetic Community Hospital West,Internal Medicine,2025-03-14 16:44:00,84,156,60,97.2,15,95,1
SYN-V-002523,SYN-P-00012,SYN-E-000638,Synthetic Community Hospital West,Internal Medicine,2025-03-14 19:09:00,73,107,95,99.1,21,93,1
SYN-V-002524,SYN-P-00191,SYN-E-000639,Synthetic Specialty Clinic,Orthopedics,2025-03-14 10:15:00,93,103,81,99.7,13,96,7
SYN-V-002525,SYN-P-00191,SYN-E-000639,Synthetic Specialty Clinic,Orthopedics,2025-03-14 11:35:00,81,108,69,97.1,20,92,5
SYN-V-002526,SYN-P-00058,SYN-E-000640,Synthetic Community Hospital East,Cardiology,2025-03-15 01:00:00,74,113,61,99.2,20,95,3
SYN-V-002527,SYN-P-00058,SYN-E-000640,Synthetic Community Hospital East,Cardiology,2025-03-15 13:03:00,77,155,65,98.4,20,93,1
SYN-V-002528,SYN-P-00058,SYN-E-000640,Synthetic Community Hospital East,Cardiology,2025-03-17 01:04:00,87,156,67,99.0,15,92,1
SYN-V-002529,SYN-P-00058,SYN-E-000640,Synthetic Community Hospital East,Cardiology,2025-03-17 16:49:00,89,135,80,99.5,21,96,6
SYN-V-002530,SYN-P-00058,SYN-E-000640,Synthetic Community Hospital East,Cardiology,2025-03-17 19:13:00,77,110,65,99.4,16,92,8
SYN-V-002531,SYN-P-00058,SYN-E-000640,Synthetic Community Hospital East,Cardiology,2025-03-17 19:15:00,80,152,87,97.9,15,98,6
SYN-V-002532,SYN-P-00058,SYN-E-000640,Synthetic Community Hospital East,Cardiology,2025-03-17 19:41:00,107,102,77,99.0,16,96,0
SYN-V-002533,SYN-P-00058,SYN-E-000640,Synthetic Community Hospital East,Cardiology,2025-03-17 20:26:00,69,145,94,97.5,19,92,4
SYN-V-002534,SYN-P-00058,SYN-E-000640,Synthetic Community Hospital East,Cardiology,2025-03-17 21:11:00,73,127,69,97.9,22,95,7
SYN-V-002535,SYN-P-00058,SYN-E-000640,Synthetic Community Hospital East,Cardiology,2025-03-18 10:09:00,74,149,80,97.1,12,97,5
SYN-V-002536,SYN-P-00058,SYN-E-000640,Synthetic Community Hospital East,Cardiology,2025-03-18 14:34:00,108,148,94,99.1,21,99,7
SYN-V-002537,SYN-P-00058,SYN-E-000640,Synthetic Community Hospital East,Cardiology,2025-03-18 20:00:00,97,125,93,97.1,14,97,4
SYN-V-002538,SYN-P-00058,SYN-E-000640,Synthetic Community Hospital East,Cardiology,2025-03-18 21:52:00,97,120,88,97.0,12,93,7
SYN-V-002539,SYN-P-00058,SYN-E-000640,Synthetic Community Hospital East,Cardiology,2025-03-18 23:51:00,81,131,74,99.5,19,92,2
SYN-V-002540,SYN-P-00058,SYN-E-000640,Synthetic Community Hospital East,Cardiology,2025-03-19 04:57:00,72,126,91,98.1,14,94,1
SYN-V-002541,SYN-P-00058,SYN-E-000640,Synthetic Community Hospital East,Cardiology,2025-03-19 15:52:00,108,145,70,98.0,14,94,2
SYN-V-002542,SYN-P-00037,SYN-E-000641,Synthetic Outpatient Center,Cardiology,2025-03-15 16:34:00,108,160,78,98.6,20,95,3
SYN-V-002543,SYN-P-00069,SYN-E-000642,Synthetic Community Hospital East,Internal Medicine,2025-03-18 07:01:00,76,141,61,98.5,20,97,3
SYN-V-002544,SYN-P-00069,SYN-E-000642,Synthetic Community Hospital East,Internal Medicine,2025-03-18 15:09:00,61,139,77,98.5,16,93,7
SYN-V-002545,SYN-P-00069,SYN-E-000642,Synthetic Community Hospital East,Internal Medicine,2025-03-18 15:18:00,105,112,83,97.5,18,92,1
SYN-V-002546,SYN-P-00069,SYN-E-000642,Synthetic Community Hospital East,Internal Medicine,2025-03-18 15:26:00,89,138,93,98.9,14,97,7
SYN-V-002547,SYN-P-00069,SYN-E-000642,Synthetic Community Hospital East,Internal Medicine,2025-03-18 17:34:00,110,101,73,99.2,22,93,2
SYN-V-002548,SYN-P-00069,SYN-E-000642,Synthetic Community Hospital East,Internal Medicine,2025-03-18 18:35:00,90,108,65,99.0,15,92,6
SYN-V-002549,SYN-P-00069,SYN-E-000642,Synthetic Community Hospital East,Internal Medicine,2025-03-19 02:47:00,70,160,75,99.0,19,93,
SYN-V-002550,SYN-P-00069,SYN-E-000642,Synthetic Community Hospital East,Internal Medicine,2025-03-19 03:01:00,77,101,82,99.8,22,99,1
SYN-V-002551,SYN-P-00025,SYN-E-000643,Synthetic Community Hospital West,Neurology,2025-03-18 11:50:00,68,125,75,99.7,19,95,5
SYN-V-002552,SYN-P-00025,SYN-E-000643,Synthetic Community Hospital West,Neurology,2025-03-18 23:49:00,75,132,62,98.3,22,93,1
SYN-V-002553,SYN-P-00025,SYN-E-000643,Synthetic Community Hospital West,Neurology,2025-03-19 02:25:00,64,106,92,99.2,16,100,4
SYN-V-002554,SYN-P-00025,SYN-E-000643,Synthetic Community Hospital West,Neurology,2025-03-19 08:42:00,103,110,72,98.4,17,95,3
SYN-V-002555,SYN-P-00070,SYN-E-000644,Synthetic Outpatient Center,Orthopedics,2025-03-18 23:04:00,63,137,90,97.1,17,96,1
SYN-V-002556,SYN-P-00070,SYN-E-000644,Synthetic Outpatient Center,Orthopedics,2025-03-18 23:12:00,101,110,85,98.3,14,95,1
SYN-V-002557,SYN-P-00070,SYN-E-000644,Synthetic Outpatient Center,Orthopedics,2025-03-19 00:06:00,62,112,66,98.0,22,93,4
SYN-V-002558,SYN-P-00097,SYN-E-000645,Synthetic Community Hospital West,Pulmonology,2025-03-19 23:23:00,70,160,93,98.1,22,100,6
SYN-V-002559,SYN-P-00097,SYN-E-000645,Synthetic Community Hospital West,Pulmonology,2025-03-20 12:29:00,93,121,84,98.7,17,97,
SYN-V-002560,SYN-P-00097,SYN-E-000645,Synthetic Community Hospital West,Pulmonology,2025-03-21 08:32:00,63,126,94,99.5,14,100,2
SYN-V-002561,SYN-P-00097,SYN-E-000645,Synthetic Community Hospital West,Pulmonology,2025-03-22 16:14:00,87,133,76,99.5,17,96,0
SYN-V-002562,SYN-P-00097,SYN-E-000645,Synthetic Community Hospital West,Pulmonology,2025-03-22 17:05:00,88,121,76,99.7,17,97,4
SYN-V-002563,SYN-P-00097,SYN-E-000645,Synthetic Community Hospital West,Pulmonology,2025-03-23 01:50:00,66,120,93,99.3,22,99,7
SYN-V-002564,SYN-P-00017,SYN-E-000646,Synthetic Community Hospital East,Emergency,2025-03-20 20:09:00,57,153,88,98.7,17,98,2
SYN-V-002565,SYN-P-00004,SYN-E-000647,Synthetic Community Hospital East,Pulmonology,2025-03-22 06:30:00,77,113,88,98.6,15,97,
SYN-V-002566,SYN-P-00004,SYN-E-000647,Synthetic Community Hospital East,Pulmonology,2025-03-22 08:13:00,58,156,73,97.9,22,96,3
SYN-V-002567,SYN-P-00004,SYN-E-000647,Synthetic Community Hospital East,Pulmonology,2025-03-22 12:37:00,107,150,90,97.5,18,93,4
SYN-V-002568,SYN-P-00004,SYN-E-000647,Synthetic Community Hospital East,Pulmonology,2025-03-22 12:52:00,91,119,89,98.1,13,100,6
SYN-V-002569,SYN-P-00004,SYN-E-000647,Synthetic Community Hospital East,Pulmonology,2025-03-22 19:28:00,63,148,82,99.2,15,98,0
SYN-V-002570,SYN-P-00004,SYN-E-000647,Synthetic Community Hospital East,Pulmonology,2025-03-23 22:56:00,73,158,73,99.3,16,93,6
SYN-V-002571,SYN-P-00004,SYN-E-000647,Synthetic Community Hospital East,Pulmonology,2025-03-24 20:07:00,103,141,85,99.5,18,96,4
SYN-V-002572,SYN-P-00004,SYN-E-000647,Synthetic Community Hospital East,Pulmonology,2025-03-25 00:40:00,60,159,77,98.5,15,98,3
SYN-V-002573,SYN-P-00004,SYN-E-000647,Synthetic Community Hospital East,Pulmonology,2025-03-25 02:46:00,105,116,71,99.1,13,94,2
SYN-V-002574,SYN-P-00004,SYN-E-000647,Synthetic Community Hospital East,Pulmonology,2025-03-25 07:06:00,64,104,95,99.2,20,100,7
SYN-V-002575,SYN-P-00004,SYN-E-000647,Synthetic Community Hospital East,Pulmonology,2025-03-25 07:22:00,69,146,95,99.8,15,92,4
SYN-V-002576,SYN-P-00180,SYN-E-000648,Synthetic Regional Medical Center,Cardiology,2025-03-21 18:01:00,74,144,80,97.4,12,95,4
SYN-V-002577,SYN-P-00180,SYN-E-000648,Synthetic Regional Medical Center,Cardiology,2025-03-21 18:34:00,67,117,69,98.9,22,95,6
SYN-V-002578,SYN-P-00180,SYN-E-000648,Synthetic Regional Medical Center,Cardiology,2025-03-21 18:45:00,101,124,93,98.4,22,98,5
SYN-V-002579,SYN-P-00180,SYN-E-000648,Synthetic Regional Medical Center,Cardiology,2025-03-21 20:20:00,94,110,87,97.2,18,95,
SYN-V-002580,SYN-P-00180,SYN-E-000648,Synthetic Regional Medical Center,Cardiology,2025-03-21 20:41:00,86,107,74,97.1,22,99,8
SYN-V-002581,SYN-P-00186,SYN-E-000649,Synthetic Outpatient Center,Primary Care,2025-03-22 01:09:00,72,107,79,99.1,14,94,0
SYN-V-002582,SYN-P-00186,SYN-E-000649,Synthetic Outpatient Center,Primary Care,2025-03-22 02:39:00,94,108,65,99.0,17,94,7
SYN-V-002583,SYN-P-00035,SYN-E-000650,Synthetic Community Hospital East,Emergency,2025-03-22 10:16:00,63,127,95,99.0,15,96,6
SYN-V-002584,SYN-P-00137,SYN-E-000651,Synthetic Regional Medical Center,Pulmonology,2025-03-24 04:54:00,86,120,74,98.7,20,100,2
SYN-V-002585,SYN-P-00182,SYN-E-000652,Synthetic Specialty Clinic,Pulmonology,2025-03-24 03:16:00,86,146,64,97.3,15,96,0
SYN-V-002586,SYN-P-00059,SYN-E-000653,Synthetic Regional Medical Center,Endocrinology,2025-03-24 14:48:00,89,102,70,97.7,13,97,7
SYN-V-002587,SYN-P-00059,SYN-E-000653,Synthetic Regional Medical Center,Endocrinology,2025-03-24 17:06:00,87,108,64,99.6,22,98,4
SYN-V-002588,SYN-P-00059,SYN-E-000653,Synthetic Regional Medical Center,Endocrinology,2025-03-24 17:17:00,78,157,80,99.3,13,95,2
SYN-V-002589,SYN-P-00059,SYN-E-000653,Synthetic Regional Medical Center,Endocrinology,2025-03-24 17:27:00,82,110,81,98.2,15,93,4
SYN-V-002590,SYN-P-00149,SYN-E-000654,Synthetic Specialty Clinic,Pulmonology,2025-03-24 23:50:00,98,143,91,97.9,14,96,3
SYN-V-002591,SYN-P-00071,SYN-E-000655,Synthetic Regional Medical Center,Emergency,2025-03-25 20:26:00,92,105,77,97.1,21,93,7
SYN-V-002592,SYN-P-00071,SYN-E-000655,Synthetic Regional Medical Center,Emergency,2025-03-25 21:09:00,107,140,81,98.5,16,98,5
SYN-V-002593,SYN-P-00071,SYN-E-000655,Synthetic Regional Medical Center,Emergency,2025-03-25 22:48:00,93,158,78,99.5,22,93,6
SYN-V-002594,SYN-P-00071,SYN-E-000655,Synthetic Regional Medical Center,Emergency,2025-03-25 23:02:00,110,111,77,99.7,19,94,3
SYN-V-002595,SYN-P-00071,SYN-E-000655,Synthetic Regional Medical Center,Emergency,2025-03-25 23:30:00,105,148,89,97.1,15,98,1
SYN-V-002596,SYN-P-00005,SYN-E-000656,Synthetic Regional Medical Center,Cardiology,2025-03-27 01:38:00,98,132,63,97.2,15,98,2
SYN-V-002597,SYN-P-00005,SYN-E-000656,Synthetic Regional Medical Center,Cardiology,2025-03-28 07:20:00,57,110,89,98.7,17,97,6
SYN-V-002598,SYN-P-00005,SYN-E-000656,Synthetic Regional Medical Center,Cardiology,2025-03-28 11:19:00,87,157,82,98.5,15,93,7
SYN-V-002599,SYN-P-00005,SYN-E-000656,Synthetic Regional Medical Center,Cardiology,2025-03-28 11:52:00,75,155,95,99.5,18,96,5
SYN-V-002600,SYN-P-00005,SYN-E-000656,Synthetic Regional Medical Center,Cardiology,2025-03-28 17:21:00,77,123,90,98.7,12,98,8
SYN-V-002601,SYN-P-00005,SYN-E-000656,Synthetic Regional Medical Center,Cardiology,2025-03-28 21:31:00,97,117,82,98.9,17,99,1
SYN-V-002602,SYN-P-00005,SYN-E-000656,Synthetic Regional Medical Center,Cardiology,2025-03-29 20:31:00,58,159,88,97.3,19,97,2
SYN-V-002603,SYN-P-00005,SYN-E-000656,Synthetic Regional Medical Center,Cardiology,2025-03-29 22:56:00,81,108,89,97.8,15,98,8
SYN-V-002604,SYN-P-00005,SYN-E-000656,Synthetic Regional Medical Center,Cardiology,2025-03-30 03:49:00,63,100,90,98.0,21,99,
SYN-V-002605,SYN-P-00005,SYN-E-000656,Synthetic Regional Medical Center,Cardiology,2025-03-30 06:42:00,71,103,91,97.2,17,94,1
SYN-V-002606,SYN-P-00005,SYN-E-000656,Synthetic Regional Medical Center,Cardiology,2025-03-30 10:44:00,100,109,74,97.1,15,97,2
SYN-V-002607,SYN-P-00005,SYN-E-000656,Synthetic Regional Medical Center,Cardiology,2025-03-30 17:47:00,58,136,82,99.2,22,95,4
SYN-V-002608,SYN-P-00005,SYN-E-000656,Synthetic Regional Medical Center,Cardiology,2025-03-31 04:14:00,81,133,78,99.0,19,96,0
SYN-V-002609,SYN-P-00007,SYN-E-000658,Synthetic Outpatient Center,Pulmonology,2025-03-27 17:00:00,73,131,68,99.3,12,92,4
SYN-V-002610,SYN-P-00007,SYN-E-000658,Synthetic Outpatient Center,Pulmonology,2025-03-27 17:15:00,107,106,75,97.7,15,94,7
SYN-V-002611,SYN-P-00124,SYN-E-000659,Synthetic Community Hospital East,Orthopedics,2025-03-28 11:18:00,78,146,61,99.7,13,96,
SYN-V-002612,SYN-P-00124,SYN-E-000659,Synthetic Community Hospital East,Orthopedics,2025-03-28 12:55:00,99,142,78,98.0,22,100,0
SYN-V-002613,SYN-P-00124,SYN-E-000659,Synthetic Community Hospital East,Orthopedics,2025-03-29 00:47:00,85,141,90,97.8,21,94,
SYN-V-002614,SYN-P-00124,SYN-E-000659,Synthetic Community Hospital East,Orthopedics,2025-03-29 06:50:00,82,135,92,97.2,16,95,0
SYN-V-002615,SYN-P-00124,SYN-E-000659,Synthetic Community Hospital East,Orthopedics,2025-03-29 09:29:00,106,151,94,97.5,15,93,8
SYN-V-002616,SYN-P-00124,SYN-E-000659,Synthetic Community Hospital East,Orthopedics,2025-03-29 16:14:00,90,109,85,99.7,18,94,7
SYN-V-002617,SYN-P-00124,SYN-E-000659,Synthetic Community Hospital East,Orthopedics,2025-03-30 05:12:00,77,103,74,97.7,19,97,0
SYN-V-002618,SYN-P-00124,SYN-E-000659,Synthetic Community Hospital East,Orthopedics,2025-03-30 06:26:00,72,122,89,97.9,18,99,2
SYN-V-002619,SYN-P-00124,SYN-E-000659,Synthetic Community Hospital East,Orthopedics,2025-03-30 07:20:00,83,116,61,98.2,16,93,3
SYN-V-002620,SYN-P-00124,SYN-E-000659,Synthetic Community Hospital East,Orthopedics,2025-03-30 07:42:00,101,109,89,98.7,16,92,8
SYN-V-002621,SYN-P-00124,SYN-E-000659,Synthetic Community Hospital East,Orthopedics,2025-03-30 09:02:00,105,139,85,97.5,15,96,8
SYN-V-002622,SYN-P-00124,SYN-E-000659,Synthetic Community Hospital East,Orthopedics,2025-03-30 09:46:00,78,135,91,98.7,20,100,0
SYN-V-002623,SYN-P-00124,SYN-E-000659,Synthetic Community Hospital East,Orthopedics,2025-03-30 10:48:00,101,149,68,97.8,19,96,7
SYN-V-002624,SYN-P-00124,SYN-E-000659,Synthetic Community Hospital East,Orthopedics,2025-03-30 15:13:00,71,149,82,99.0,16,99,3
SYN-V-002625,SYN-P-00124,SYN-E-000659,Synthetic Community Hospital East,Orthopedics,2025-03-30 21:52:00,107,157,68,98.3,22,95,2
SYN-V-002626,SYN-P-00124,SYN-E-000659,Synthetic Community Hospital East,Orthopedics,2025-04-01 00:33:00,57,137,95,97.8,16,97,7
SYN-V-002627,SYN-P-00124,SYN-E-000659,Synthetic Community Hospital East,Orthopedics,2025-04-01 05:40:00,99,140,65,98.9,16,99,3
SYN-V-002628,SYN-P-00124,SYN-E-000659,Synthetic Community Hospital East,Orthopedics,2025-04-01 13:13:00,90,153,84,98.7,21,98,3
SYN-V-002629,SYN-P-00124,SYN-E-000659,Synthetic Community Hospital East,Orthopedics,2025-04-01 16:49:00,87,108,61,98.5,17,97,6
SYN-V-002630,SYN-P-00124,SYN-E-000659,Synthetic Community Hospital East,Orthopedics,2025-04-01 21:14:00,84,100,83,98.9,18,95,6
SYN-V-002631,SYN-P-00124,SYN-E-000659,Synthetic Community Hospital East,Orthopedics,2025-04-02 00:48:00,84,131,64,98.8,19,99,2
SYN-V-002632,SYN-P-00124,SYN-E-000659,Synthetic Community Hospital East,Orthopedics,2025-04-02 08:20:00,99,147,84,99.6,14,95,8
SYN-V-002633,SYN-P-00124,SYN-E-000659,Synthetic Community Hospital East,Orthopedics,2025-04-02 10:03:00,72,126,82,98.1,19,93,0
SYN-V-002634,SYN-P-00124,SYN-E-000659,Synthetic Community Hospital East,Orthopedics,2025-04-02 16:41:00,74,122,73,99.1,16,100,4
SYN-V-002635,SYN-P-00175,SYN-E-000660,Synthetic Community Hospital West,Emergency,2025-03-30 05:33:00,57,104,66,98.3,18,95,1
SYN-V-002636,SYN-P-00175,SYN-E-000660,Synthetic Community Hospital West,Emergency,2025-03-30 06:53:00,91,145,87,99.5,17,95,1
SYN-V-002637,SYN-P-00175,SYN-E-000660,Synthetic Community Hospital West,Emergency,2025-03-30 07:30:00,64,112,74,98.5,15,98,7
SYN-V-002638,SYN-P-00175,SYN-E-000660,Synthetic Community Hospital West,Emergency,2025-03-30 08:30:00,100,150,65,97.1,19,99,5
SYN-V-002639,SYN-P-00055,SYN-E-000661,Synthetic Regional Medical Center,Cardiology,2025-03-30 12:00:00,95,130,66,97.6,16,92,6
SYN-V-002640,SYN-P-00055,SYN-E-000661,Synthetic Regional Medical Center,Cardiology,2025-03-30 18:37:00,107,134,67,97.2,12,95,3
SYN-V-002641,SYN-P-00055,SYN-E-000661,Synthetic Regional Medical Center,Cardiology,2025-03-31 01:52:00,69,138,83,97.8,15,99,5
SYN-V-002642,SYN-P-00055,SYN-E-000661,Synthetic Regional Medical Center,Cardiology,2025-03-31 07:21:00,105,155,67,97.2,20,96,2
SYN-V-002643,SYN-P-00055,SYN-E-000661,Synthetic Regional Medical Center,Cardiology,2025-03-31 13:00:00,108,154,88,98.3,21,96,1
SYN-V-002644,SYN-P-00055,SYN-E-000661,Synthetic Regional Medical Center,Cardiology,2025-03-31 20:51:00,69,135,77,99.4,14,96,7
SYN-V-002645,SYN-P-00109,SYN-E-000662,Synthetic Community Hospital East,Internal Medicine,2025-03-31 01:10:00,108,142,71,99.5,14,95,6
SYN-V-002646,SYN-P-00109,SYN-E-000662,Synthetic Community Hospital East,Internal Medicine,2025-03-31 02:14:00,66,134,81,99.7,20,93,4
SYN-V-002647,SYN-P-00109,SYN-E-000662,Synthetic Community Hospital East,Internal Medicine,2025-03-31 13:57:00,76,112,93,98.1,16,100,3
SYN-V-002648,SYN-P-00109,SYN-E-000662,Synthetic Community Hospital East,Internal Medicine,2025-03-31 18:10:00,63,150,61,98.5,16,94,2
SYN-V-002649,SYN-P-00108,SYN-E-000663,Synthetic Specialty Clinic,Primary Care,2025-03-31 02:43:00,60,136,61,99.6,21,100,
SYN-V-002650,SYN-P-00006,SYN-E-000664,Synthetic Outpatient Center,Pulmonology,2025-03-31 18:38:00,98,155,90,97.9,16,97,4
SYN-V-002651,SYN-P-00162,SYN-E-000665,Synthetic Community Hospital East,Emergency,2025-03-31 22:52:00,100,144,73,97.5,14,96,2
SYN-V-002652,SYN-P-00134,SYN-E-000666,Synthetic Community Hospital West,Pulmonology,2025-04-01 16:24:00,107,132,78,98.1,19,93,4
SYN-V-002653,SYN-P-00134,SYN-E-000666,Synthetic Community Hospital West,Pulmonology,2025-04-01 23:25:00,94,145,61,99.3,18,94,1
SYN-V-002654,SYN-P-00134,SYN-E-000666,Synthetic Community Hospital West,Pulmonology,2025-04-02 01:51:00,66,127,94,99.4,22,95,6
SYN-V-002655,SYN-P-00134,SYN-E-000666,Synthetic Community Hospital West,Pulmonology,2025-04-02 04:23:00,102,123,82,99.3,16,100,2
SYN-V-002656,SYN-P-00134,SYN-E-000666,Synthetic Community Hospital West,Pulmonology,2025-04-02 18:45:00,80,102,94,99.3,21,92,0
SYN-V-002657,SYN-P-00134,SYN-E-000666,Synthetic Community Hospital West,Pulmonology,2025-04-03 08:56:00,106,140,61,97.4,18,96,8
SYN-V-002658,SYN-P-00134,SYN-E-000666,Synthetic Community Hospital West,Pulmonology,2025-04-03 23:16:00,64,132,90,98.8,14,92,4
SYN-V-002659,SYN-P-00134,SYN-E-000666,Synthetic Community Hospital West,Pulmonology,2025-04-04 09:22:00,72,107,68,97.3,15,94,6
SYN-V-002660,SYN-P-00134,SYN-E-000666,Synthetic Community Hospital West,Pulmonology,2025-04-04 11:17:00,79,141,82,99.5,12,95,7
SYN-V-002661,SYN-P-00134,SYN-E-000666,Synthetic Community Hospital West,Pulmonology,2025-04-04 13:48:00,67,100,71,97.8,12,100,2
SYN-V-002662,SYN-P-00134,SYN-E-000666,Synthetic Community Hospital West,Pulmonology,2025-04-04 22:43:00,67,124,68,98.4,12,100,4
SYN-V-002663,SYN-P-00134,SYN-E-000666,Synthetic Community Hospital West,Pulmonology,2025-04-05 02:53:00,100,101,92,99.6,18,93,1
SYN-V-002664,SYN-P-00134,SYN-E-000666,Synthetic Community Hospital West,Pulmonology,2025-04-05 10:20:00,72,112,82,97.5,21,100,4
SYN-V-002665,SYN-P-00134,SYN-E-000666,Synthetic Community Hospital West,Pulmonology,2025-04-05 22:42:00,96,142,61,97.2,14,92,7
SYN-V-002666,SYN-P-00134,SYN-E-000666,Synthetic Community Hospital West,Pulmonology,2025-04-06 06:24:00,109,154,64,97.4,19,98,2
SYN-V-002667,SYN-P-00134,SYN-E-000666,Synthetic Community Hospital West,Pulmonology,2025-04-06 17:40:00,94,153,64,98.7,14,94,2
SYN-V-002668,SYN-P-00134,SYN-E-000666,Synthetic Community Hospital West,Pulmonology,2025-04-06 23:05:00,105,100,78,97.5,13,95,0
SYN-V-002669,SYN-P-00134,SYN-E-000666,Synthetic Community Hospital West,Pulmonology,2025-04-07 00:35:00,63,141,84,97.2,16,97,2
SYN-V-002670,SYN-P-00134,SYN-E-000666,Synthetic Community Hospital West,Pulmonology,2025-04-07 04:27:00,68,118,61,97.1,15,93,5
SYN-V-002671,SYN-P-00134,SYN-E-000666,Synthetic Community Hospital West,Pulmonology,2025-04-07 05:34:00,65,103,89,97.0,12,92,5
SYN-V-002672,SYN-P-00134,SYN-E-000666,Synthetic Community Hospital West,Pulmonology,2025-04-07 06:48:00,67,143,93,97.5,18,94,8
SYN-V-002673,SYN-P-00134,SYN-E-000666,Synthetic Community Hospital West,Pulmonology,2025-04-07 11:41:00,83,128,68,97.6,22,99,3
SYN-V-002674,SYN-P-00134,SYN-E-000666,Synthetic Community Hospital West,Pulmonology,2025-04-07 17:57:00,106,107,68,98.5,21,92,2
SYN-V-002675,SYN-P-00194,SYN-E-000667,Synthetic Community Hospital East,Emergency,2025-04-02 13:57:00,74,154,90,98.1,17,97,7
SYN-V-002676,SYN-P-00194,SYN-E-000667,Synthetic Community Hospital East,Emergency,2025-04-02 16:30:00,72,146,60,99.8,17,92,0
SYN-V-002677,SYN-P-00194,SYN-E-000667,Synthetic Community Hospital East,Emergency,2025-04-02 16:33:00,96,117,73,99.1,15,96,0
SYN-V-002678,SYN-P-00194,SYN-E-000667,Synthetic Community Hospital East,Emergency,2025-04-02 17:35:00,102,144,84,98.4,20,97,8
SYN-V-002679,SYN-P-00177,SYN-E-000668,Synthetic Regional Medical Center,Emergency,2025-04-02 23:42:00,76,123,74,97.8,16,95,2
SYN-V-002680,SYN-P-00177,SYN-E-000668,Synthetic Regional Medical Center,Emergency,2025-04-03 00:17:00,92,100,91,99.8,18,96,4
SYN-V-002681,SYN-P-00177,SYN-E-000668,Synthetic Regional Medical Center,Emergency,2025-04-03 01:12:00,76,128,81,98.9,18,97,8
SYN-V-002682,SYN-P-00177,SYN-E-000668,Synthetic Regional Medical Center,Emergency,2025-04-03 01:51:00,91,141,85,97.6,16,95,0
SYN-V-002683,SYN-P-00177,SYN-E-000668,Synthetic Regional Medical Center,Emergency,2025-04-03 02:55:00,81,120,81,98.7,12,94,6
SYN-V-002684,SYN-P-00177,SYN-E-000668,Synthetic Regional Medical Center,Emergency,2025-04-03 03:00:00,72,107,83,99.0,22,95,4
SYN-V-002685,SYN-P-00130,SYN-E-000672,Synthetic Community Hospital East,Emergency,2025-04-05 06:57:00,58,125,95,99.4,14,96,8
SYN-V-002686,SYN-P-00130,SYN-E-000672,Synthetic Community Hospital East,Emergency,2025-04-05 09:13:00,76,155,94,99.1,15,94,2
SYN-V-002687,SYN-P-00130,SYN-E-000672,Synthetic Community Hospital East,Emergency,2025-04-05 09:55:00,108,122,87,98.8,17,93,4
SYN-V-002688,SYN-P-00130,SYN-E-000672,Synthetic Community Hospital East,Emergency,2025-04-05 10:09:00,57,127,81,99.0,17,92,6
SYN-V-002689,SYN-P-00130,SYN-E-000672,Synthetic Community Hospital East,Emergency,2025-04-05 10:24:00,88,149,80,98.5,12,96,5
SYN-V-002690,SYN-P-00044,SYN-E-000673,Synthetic Community Hospital West,Pulmonology,2025-04-06 02:07:00,87,142,76,97.4,15,97,7
SYN-V-002691,SYN-P-00044,SYN-E-000673,Synthetic Community Hospital West,Pulmonology,2025-04-06 06:50:00,98,144,82,99.6,17,92,6
SYN-V-002692,SYN-P-00044,SYN-E-000673,Synthetic Community Hospital West,Pulmonology,2025-04-06 11:02:00,78,137,60,98.3,21,93,7
SYN-V-002693,SYN-P-00044,SYN-E-000673,Synthetic Community Hospital West,Pulmonology,2025-04-06 11:57:00,72,100,80,99.2,17,92,7
SYN-V-002694,SYN-P-00044,SYN-E-000673,Synthetic Community Hospital West,Pulmonology,2025-04-07 01:26:00,59,139,95,99.0,14,96,2
SYN-V-002695,SYN-P-00028,SYN-E-000676,Synthetic Specialty Clinic,Cardiology,2025-04-08 09:23:00,96,143,66,98.6,12,94,2
SYN-V-002696,SYN-P-00025,SYN-E-000678,Synthetic Community Hospital West,Cardiology,2025-04-08 15:36:00,96,153,85,98.1,17,99,1
SYN-V-002697,SYN-P-00025,SYN-E-000678,Synthetic Community Hospital West,Cardiology,2025-04-09 11:34:00,69,131,93,98.8,21,92,5
SYN-V-002698,SYN-P-00025,SYN-E-000678,Synthetic Community Hospital West,Cardiology,2025-04-09 14:16:00,57,109,93,98.9,20,93,0
SYN-V-002699,SYN-P-00025,SYN-E-000678,Synthetic Community Hospital West,Cardiology,2025-04-09 14:44:00,100,135,88,98.2,16,99,
SYN-V-002700,SYN-P-00025,SYN-E-000678,Synthetic Community Hospital West,Cardiology,2025-04-09 16:30:00,95,116,66,98.2,19,94,6
SYN-V-002701,SYN-P-00025,SYN-E-000678,Synthetic Community Hospital West,Cardiology,2025-04-10 15:45:00,69,153,72,99.6,20,100,3
SYN-V-002702,SYN-P-00025,SYN-E-000678,Synthetic Community Hospital West,Cardiology,2025-04-10 18:16:00,78,101,80,99.7,13,98,8
SYN-V-002703,SYN-P-00025,SYN-E-000678,Synthetic Community Hospital West,Cardiology,2025-04-11 01:44:00,93,105,85,98.5,15,99,8
SYN-V-002704,SYN-P-00025,SYN-E-000678,Synthetic Community Hospital West,Cardiology,2025-04-11 04:27:00,67,100,94,98.0,18,99,7
SYN-V-002705,SYN-P-00025,SYN-E-000678,Synthetic Community Hospital West,Cardiology,2025-04-11 04:57:00,101,130,86,99.2,12,96,3
SYN-V-002706,SYN-P-00025,SYN-E-000678,Synthetic Community Hospital West,Cardiology,2025-04-11 08:47:00,96,132,66,99.4,13,98,0
SYN-V-002707,SYN-P-00025,SYN-E-000678,Synthetic Community Hospital West,Cardiology,2025-04-11 17:27:00,57,152,95,99.0,19,98,6
SYN-V-002708,SYN-P-00025,SYN-E-000678,Synthetic Community Hospital West,Cardiology,2025-04-12 07:11:00,96,126,88,98.7,17,98,6
SYN-V-002709,SYN-P-00025,SYN-E-000678,Synthetic Community Hospital West,Cardiology,2025-04-12 09:56:00,68,103,72,98.8,20,99,2
SYN-V-002710,SYN-P-00095,SYN-E-000679,Synthetic Community Hospital West,Cardiology,2025-04-08 20:26:00,88,111,75,98.0,12,97,8
SYN-V-002711,SYN-P-00095,SYN-E-000679,Synthetic Community Hospital West,Cardiology,2025-04-08 22:29:00,68,101,82,97.8,12,97,5
SYN-V-002712,SYN-P-00095,SYN-E-000679,Synthetic Community Hospital West,Cardiology,2025-04-08 22:36:00,83,125,95,97.6,20,96,1
SYN-V-002713,SYN-P-00095,SYN-E-000679,Synthetic Community Hospital West,Cardiology,2025-04-08 22:55:00,91,141,83,98.4,14,98,5
SYN-V-002714,SYN-P-00095,SYN-E-000679,Synthetic Community Hospital West,Cardiology,2025-04-09 00:26:00,82,112,78,99.0,22,96,4
SYN-V-002715,SYN-P-00095,SYN-E-000679,Synthetic Community Hospital West,Cardiology,2025-04-09 05:40:00,77,120,84,99.5,15,97,6
SYN-V-002716,SYN-P-00095,SYN-E-000679,Synthetic Community Hospital West,Cardiology,2025-04-09 13:06:00,69,128,89,98.8,15,97,4
SYN-V-002717,SYN-P-00095,SYN-E-000679,Synthetic Community Hospital West,Cardiology,2025-04-09 14:19:00,67,151,60,97.5,15,98,7
SYN-V-002718,SYN-P-00095,SYN-E-000679,Synthetic Community Hospital West,Cardiology,2025-04-09 17:59:00,70,158,85,97.8,17,99,4
SYN-V-002719,SYN-P-00095,SYN-E-000679,Synthetic Community Hospital West,Cardiology,2025-04-09 23:53:00,57,107,71,99.5,21,100,4
SYN-V-002720,SYN-P-00095,SYN-E-000679,Synthetic Community Hospital West,Cardiology,2025-04-10 20:49:00,110,130,69,99.7,17,92,4
SYN-V-002721,SYN-P-00095,SYN-E-000679,Synthetic Community Hospital West,Cardiology,2025-04-11 15:14:00,70,137,88,99.5,12,95,3
SYN-V-002722,SYN-P-00095,SYN-E-000679,Synthetic Community Hospital West,Cardiology,2025-04-11 15:16:00,77,138,66,97.0,16,97,2
SYN-V-002723,SYN-P-00095,SYN-E-000679,Synthetic Community Hospital West,Cardiology,2025-04-11 15:33:00,85,156,71,97.6,18,92,3
SYN-V-002724,SYN-P-00095,SYN-E-000679,Synthetic Community Hospital West,Cardiology,2025-04-11 17:12:00,69,104,73,98.5,17,93,7
SYN-V-002725,SYN-P-00095,SYN-E-000679,Synthetic Community Hospital West,Cardiology,2025-04-12 14:27:00,102,149,73,97.9,12,94,7
SYN-V-002726,SYN-P-00095,SYN-E-000679,Synthetic Community Hospital West,Cardiology,2025-04-12 19:51:00,67,104,91,98.1,19,97,0
SYN-V-002727,SYN-P-00078,SYN-E-000681,Synthetic Community Hospital East,Emergency,2025-04-09 02:25:00,65,142,94,99.7,14,94,6
SYN-V-002728,SYN-P-00078,SYN-E-000681,Synthetic Community Hospital East,Emergency,2025-04-09 03:23:00,72,142,62,98.8,22,99,1
SYN-V-002729,SYN-P-00106,SYN-E-000682,Synthetic Regional Medical Center,Cardiology,2025-04-09 13:20:00,99,109,84,97.7,18,93,2
SYN-V-002730,SYN-P-00106,SYN-E-000682,Synthetic Regional Medical Center,Cardiology,2025-04-09 18:34:00,73,100,81,97.1,22,96,1
SYN-V-002731,SYN-P-00106,SYN-E-000682,Synthetic Regional Medical Center,Cardiology,2025-04-09 20:14:00,98,133,88,99.1,20,97,7
SYN-V-002732,SYN-P-00106,SYN-E-000682,Synthetic Regional Medical Center,Cardiology,2025-04-09 20:20:00,105,105,78,99.5,21,98,0
SYN-V-002733,SYN-P-00106,SYN-E-000682,Synthetic Regional Medical Center,Cardiology,2025-04-09 21:16:00,80,102,80,98.1,13,100,7
SYN-V-002734,SYN-P-00106,SYN-E-000682,Synthetic Regional Medical Center,Cardiology,2025-04-10 02:15:00,90,160,70,98.6,18,97,1
SYN-V-002735,SYN-P-00106,SYN-E-000682,Synthetic Regional Medical Center,Cardiology,2025-04-10 10:37:00,76,132,94,97.3,14,100,7
SYN-V-002736,SYN-P-00106,SYN-E-000682,Synthetic Regional Medical Center,Cardiology,2025-04-10 12:08:00,63,120,70,99.5,16,97,8
SYN-V-002737,SYN-P-00165,SYN-E-000683,Synthetic Community Hospital West,Internal Medicine,2025-04-10 03:25:00,110,149,90,98.7,15,100,1
SYN-V-002738,SYN-P-00165,SYN-E-000683,Synthetic Community Hospital West,Internal Medicine,2025-04-10 08:30:00,109,110,62,97.6,12,100,0
SYN-V-002739,SYN-P-00165,SYN-E-000683,Synthetic Community Hospital West,Internal Medicine,2025-04-12 01:04:00,80,128,83,99.8,15,92,
SYN-V-002740,SYN-P-00165,SYN-E-000683,Synthetic Community Hospital West,Internal Medicine,2025-04-12 20:16:00,60,151,64,99.2,16,96,1
SYN-V-002741,SYN-P-00165,SYN-E-000683,Synthetic Community Hospital West,Internal Medicine,2025-04-12 20:25:00,60,158,79,97.7,22,97,2
SYN-V-002742,SYN-P-00165,SYN-E-000683,Synthetic Community Hospital West,Internal Medicine,2025-04-12 23:51:00,103,158,84,98.6,16,95,1
SYN-V-002743,SYN-P-00165,SYN-E-000683,Synthetic Community Hospital West,Internal Medicine,2025-04-13 03:51:00,60,107,68,98.5,22,93,8
SYN-V-002744,SYN-P-00112,SYN-E-000684,Synthetic Community Hospital West,Emergency,2025-04-10 12:12:00,59,147,69,97.7,17,97,5
SYN-V-002745,SYN-P-00107,SYN-E-000686,Synthetic Community Hospital West,Emergency,2025-04-14 00:24:00,93,104,70,97.3,22,94,3
SYN-V-002746,SYN-P-00107,SYN-E-000686,Synthetic Community Hospital West,Emergency,2025-04-14 00:46:00,86,139,72,98.1,17,94,7
SYN-V-002747,SYN-P-00107,SYN-E-000686,Synthetic Community Hospital West,Emergency,2025-04-14 00:51:00,64,146,81,99.6,18,92,3
SYN-V-002748,SYN-P-00107,SYN-E-000686,Synthetic Community Hospital West,Emergency,2025-04-14 01:14:00,105,133,78,98.0,17,92,5
SYN-V-002749,SYN-P-00157,SYN-E-000687,Synthetic Specialty Clinic,Cardiology,2025-04-14 02:04:00,95,142,64,99.7,12,96,1
SYN-V-002750,SYN-P-00157,SYN-E-000687,Synthetic Specialty Clinic,Cardiology,2025-04-14 05:33:00,110,159,66,98.1,21,94,2
SYN-V-002751,SYN-P-00009,SYN-E-000689,Synthetic Community Hospital West,Emergency,2025-04-14 18:43:00,107,151,66,97.3,18,94,2
SYN-V-002752,SYN-P-00009,SYN-E-000689,Synthetic Community Hospital West,Emergency,2025-04-14 19:09:00,60,122,77,97.5,15,92,3
SYN-V-002753,SYN-P-00105,SYN-E-000690,Synthetic Outpatient Center,Cardiology,2025-04-15 05:26:00,102,128,65,97.3,17,95,2
SYN-V-002754,SYN-P-00085,SYN-E-000691,Synthetic Community Hospital East,Emergency,2025-04-15 22:10:00,77,158,83,98.2,14,96,
SYN-V-002755,SYN-P-00085,SYN-E-000691,Synthetic Community Hospital East,Emergency,2025-04-15 22:24:00,98,149,70,99.3,18,95,3
SYN-V-002756,SYN-P-00131,SYN-E-000692,Synthetic Outpatient Center,Endocrinology,2025-04-16 16:41:00,80,119,78,97.9,22,100,8
SYN-V-002757,SYN-P-00152,SYN-E-000693,Synthetic Specialty Clinic,Pulmonology,2025-04-17 00:00:00,88,118,65,99.2,15,98,5
SYN-V-002758,SYN-P-00036,SYN-E-000694,Synthetic Community Hospital East,Emergency,2025-04-17 05:25:00,63,156,72,97.2,15,100,
SYN-V-002759,SYN-P-00036,SYN-E-000694,Synthetic Community Hospital East,Emergency,2025-04-17 05:41:00,78,127,88,99.3,20,94,8
SYN-V-002760,SYN-P-00036,SYN-E-000694,Synthetic Community Hospital East,Emergency,2025-04-17 06:29:00,62,156,93,98.9,18,94,3
SYN-V-002761,SYN-P-00036,SYN-E-000694,Synthetic Community Hospital East,Emergency,2025-04-17 07:00:00,98,155,79,98.5,18,99,5
SYN-V-002762,SYN-P-00047,SYN-E-000697,Synthetic Specialty Clinic,Primary Care,2025-04-17 21:49:00,67,140,78,99.3,19,92,
SYN-V-002763,SYN-P-00047,SYN-E-000697,Synthetic Specialty Clinic,Primary Care,2025-04-17 22:54:00,84,100,64,97.8,13,93,4
SYN-V-002764,SYN-P-00047,SYN-E-000697,Synthetic Specialty Clinic,Primary Care,2025-04-18 00:56:00,67,124,66,98.6,17,94,3
SYN-V-002765,SYN-P-00062,SYN-E-000698,Synthetic Outpatient Center,Orthopedics,2025-04-18 12:37:00,81,159,90,99.7,14,97,8
SYN-V-002766,SYN-P-00154,SYN-E-000699,Synthetic Regional Medical Center,Cardiology,2025-04-19 06:09:00,95,129,95,97.7,15,98,5
SYN-V-002767,SYN-P-00154,SYN-E-000699,Synthetic Regional Medical Center,Cardiology,2025-04-19 08:36:00,78,141,78,98.0,18,97,8
SYN-V-002768,SYN-P-00154,SYN-E-000699,Synthetic Regional Medical Center,Cardiology,2025-04-19 10:03:00,80,111,88,98.8,21,98,
SYN-V-002769,SYN-P-00154,SYN-E-000699,Synthetic Regional Medical Center,Cardiology,2025-04-19 15:11:00,91,123,89,99.6,18,98,1
SYN-V-002770,SYN-P-00154,SYN-E-000699,Synthetic Regional Medical Center,Cardiology,2025-04-19 23:45:00,90,112,78,99.6,13,93,3
SYN-V-002771,SYN-P-00154,SYN-E-000699,Synthetic Regional Medical Center,Cardiology,2025-04-20 00:29:00,66,109,93,97.3,12,100,
SYN-V-002772,SYN-P-00154,SYN-E-000699,Synthetic Regional Medical Center,Cardiology,2025-04-20 00:52:00,84,126,64,99.5,19,96,
SYN-V-002773,SYN-P-00154,SYN-E-000699,Synthetic Regional Medical Center,Cardiology,2025-04-20 07:07:00,66,125,88,98.9,21,94,5
SYN-V-002774,SYN-P-00154,SYN-E-000699,Synthetic Regional Medical Center,Cardiology,2025-04-20 15:16:00,89,108,76,99.3,16,100,0
SYN-V-002775,SYN-P-00154,SYN-E-000699,Synthetic Regional Medical Center,Cardiology,2025-04-21 06:57:00,108,158,80,99.3,12,98,2
SYN-V-002776,SYN-P-00025,SYN-E-000700,Synthetic Community Hospital West,Neurology,2025-04-19 21:42:00,102,120,81,99.3,13,100,7
SYN-V-002777,SYN-P-00025,SYN-E-000700,Synthetic Community Hospital West,Neurology,2025-04-20 02:20:00,75,122,60,99.2,18,96,2
SYN-V-002778,SYN-P-00025,SYN-E-000700,Synthetic Community Hospital West,Neurology,2025-04-20 03:46:00,90,131,73,98.8,21,99,7
SYN-V-002779,SYN-P-00025,SYN-E-000700,Synthetic Community Hospital West,Neurology,2025-04-20 16:30:00,62,135,91,99.2,12,95,5
SYN-V-002780,SYN-P-00025,SYN-E-000700,Synthetic Community Hospital West,Neurology,2025-04-20 18:26:00,82,132,71,98.5,21,95,1
SYN-V-002781,SYN-P-00025,SYN-E-000700,Synthetic Community Hospital West,Neurology,2025-04-20 18:41:00,58,149,68,98.1,12,97,7
SYN-V-002782,SYN-P-00025,SYN-E-000700,Synthetic Community Hospital West,Neurology,2025-04-21 10:51:00,78,123,78,98.5,21,92,2
SYN-V-002783,SYN-P-00025,SYN-E-000700,Synthetic Community Hospital West,Neurology,2025-04-21 19:30:00,73,140,93,99.0,19,95,4
SYN-V-002784,SYN-P-00025,SYN-E-000700,Synthetic Community Hospital West,Neurology,2025-04-21 22:59:00,90,119,87,99.4,16,93,5
SYN-V-002785,SYN-P-00025,SYN-E-000700,Synthetic Community Hospital West,Neurology,2025-04-22 22:55:00,91,154,89,98.0,15,99,2
SYN-V-002786,SYN-P-00025,SYN-E-000700,Synthetic Community Hospital West,Neurology,2025-04-23 22:09:00,93,116,79,97.5,14,99,0
SYN-V-002787,SYN-P-00025,SYN-E-000700,Synthetic Community Hospital West,Neurology,2025-04-24 08:53:00,64,118,76,99.4,16,100,8
SYN-V-002788,SYN-P-00119,SYN-E-000701,Synthetic Regional Medical Center,Cardiology,2025-04-19 15:57:00,95,103,77,99.6,18,98,8
SYN-V-002789,SYN-P-00119,SYN-E-000701,Synthetic Regional Medical Center,Cardiology,2025-04-19 16:25:00,58,118,64,97.2,19,96,2
SYN-V-002790,SYN-P-00005,SYN-E-000702,Synthetic Outpatient Center,Endocrinology,2025-04-20 09:36:00,74,132,66,98.6,18,92,5
SYN-V-002791,SYN-P-00005,SYN-E-000702,Synthetic Outpatient Center,Endocrinology,2025-04-20 12:41:00,63,117,76,99.0,20,97,8
SYN-V-002792,SYN-P-00004,SYN-E-000703,Synthetic Community Hospital East,Pulmonology,2025-04-21 11:19:00,93,126,93,98.6,12,100,2
SYN-V-002793,SYN-P-00004,SYN-E-000703,Synthetic Community Hospital East,Pulmonology,2025-04-21 15:13:00,92,136,84,98.5,12,100,4
SYN-V-002794,SYN-P-00004,SYN-E-000703,Synthetic Community Hospital East,Pulmonology,2025-04-22 02:27:00,68,143,83,98.7,21,97,6
SYN-V-002795,SYN-P-00004,SYN-E-000703,Synthetic Community Hospital East,Pulmonology,2025-04-22 06:44:00,110,107,61,98.1,14,94,0
SYN-V-002796,SYN-P-00004,SYN-E-000703,Synthetic Community Hospital East,Pulmonology,2025-04-22 07:31:00,61,113,75,99.0,15,92,1
SYN-V-002797,SYN-P-00004,SYN-E-000703,Synthetic Community Hospital East,Pulmonology,2025-04-22 10:11:00,81,101,89,98.2,16,92,3
SYN-V-002798,SYN-P-00004,SYN-E-000703,Synthetic Community Hospital East,Pulmonology,2025-04-22 13:52:00,73,143,74,98.7,20,98,3
SYN-V-002799,SYN-P-00004,SYN-E-000703,Synthetic Community Hospital East,Pulmonology,2025-04-22 15:06:00,78,151,81,99.3,13,92,1
SYN-V-002800,SYN-P-00004,SYN-E-000703,Synthetic Community Hospital East,Pulmonology,2025-04-22 23:25:00,69,120,66,97.8,13,96,7
SYN-V-002801,SYN-P-00004,SYN-E-000703,Synthetic Community Hospital East,Pulmonology,2025-04-23 07:21:00,98,143,92,99.2,21,96,0
SYN-V-002802,SYN-P-00077,SYN-E-000704,Synthetic Outpatient Center,Primary Care,2025-04-21 21:33:00,61,134,60,97.5,20,96,8
SYN-V-002803,SYN-P-00106,SYN-E-000705,Synthetic Regional Medical Center,Cardiology,2025-04-22 06:53:00,93,102,74,98.8,12,96,7
SYN-V-002804,SYN-P-00106,SYN-E-000705,Synthetic Regional Medical Center,Cardiology,2025-04-22 08:44:00,97,136,70,99.6,19,96,8
SYN-V-002805,SYN-P-00106,SYN-E-000705,Synthetic Regional Medical Center,Cardiology,2025-04-22 12:56:00,96,128,89,98.2,20,92,8
SYN-V-002806,SYN-P-00106,SYN-E-000705,Synthetic Regional Medical Center,Cardiology,2025-04-22 13:50:00,74,106,81,98.6,19,99,6
SYN-V-002807,SYN-P-00106,SYN-E-000705,Synthetic Regional Medical Center,Cardiology,2025-04-22 16:49:00,73,146,68,99.5,21,93,3
SYN-V-002808,SYN-P-00106,SYN-E-000705,Synthetic Regional Medical Center,Cardiology,2025-04-23 00:48:00,59,126,61,99.0,18,92,2
SYN-V-002809,SYN-P-00106,SYN-E-000705,Synthetic Regional Medical Center,Cardiology,2025-04-23 02:28:00,55,138,62,97.3,15,100,1
SYN-V-002810,SYN-P-00106,SYN-E-000705,Synthetic Regional Medical Center,Cardiology,2025-04-23 02:33:00,87,104,60,98.1,21,94,5
SYN-V-002811,SYN-P-00106,SYN-E-000705,Synthetic Regional Medical Center,Cardiology,2025-04-23 03:33:00,90,109,60,98.9,12,100,4
SYN-V-002812,SYN-P-00007,SYN-E-000706,Synthetic Regional Medical Center,Emergency,2025-04-22 08:05:00,67,157,95,97.8,12,99,6
SYN-V-002813,SYN-P-00007,SYN-E-000706,Synthetic Regional Medical Center,Emergency,2025-04-22 10:39:00,101,132,88,98.2,22,96,5
SYN-V-002814,SYN-P-00007,SYN-E-000706,Synthetic Regional Medical Center,Emergency,2025-04-22 10:58:00,74,124,61,99.5,16,92,0
SYN-V-002815,SYN-P-00002,SYN-E-000707,Synthetic Community Hospital West,Emergency,2025-04-22 13:03:00,106,131,75,97.5,20,96,8
SYN-V-002816,SYN-P-00002,SYN-E-000707,Synthetic Community Hospital West,Emergency,2025-04-22 14:01:00,95,142,91,98.4,12,96,8
SYN-V-002817,SYN-P-00002,SYN-E-000707,Synthetic Community Hospital West,Emergency,2025-04-22 14:05:00,107,155,77,99.3,19,95,2
SYN-V-002818,SYN-P-00002,SYN-E-000707,Synthetic Community Hospital West,Emergency,2025-04-22 14:09:00,104,153,84,98.9,22,92,5
SYN-V-002819,SYN-P-00002,SYN-E-000707,Synthetic Community Hospital West,Emergency,2025-04-22 14:33:00,100,104,90,99.3,21,92,4
SYN-V-002820,SYN-P-00002,SYN-E-000707,Synthetic Community Hospital West,Emergency,2025-04-22 15:13:00,70,150,72,97.2,22,98,5
SYN-V-002821,SYN-P-00070,SYN-E-000708,Synthetic Community Hospital East,Emergency,2025-04-23 20:46:00,101,105,68,97.1,19,94,6
SYN-V-002822,SYN-P-00070,SYN-E-000708,Synthetic Community Hospital East,Emergency,2025-04-23 21:01:00,68,126,80,98.9,20,94,0
SYN-V-002823,SYN-P-00070,SYN-E-000708,Synthetic Community Hospital East,Emergency,2025-04-23 22:22:00,106,101,94,99.4,18,100,3
SYN-V-002824,SYN-P-00070,SYN-E-000708,Synthetic Community Hospital East,Emergency,2025-04-23 22:48:00,76,126,61,98.2,19,96,7
SYN-V-002825,SYN-P-00127,SYN-E-000710,Synthetic Regional Medical Center,Emergency,2025-04-26 15:22:00,100,135,84,98.9,20,92,7
SYN-V-002826,SYN-P-00127,SYN-E-000710,Synthetic Regional Medical Center,Emergency,2025-04-26 16:14:00,109,112,67,97.3,17,92,7
SYN-V-002827,SYN-P-00054,SYN-E-000711,Synthetic Outpatient Center,Endocrinology,2025-04-27 14:54:00,66,103,63,98.0,14,99,8
SYN-V-002828,SYN-P-00094,SYN-E-000712,Synthetic Regional Medical Center,Orthopedics,2025-04-28 08:47:00,93,149,65,97.9,16,92,4
SYN-V-002829,SYN-P-00094,SYN-E-000712,Synthetic Regional Medical Center,Orthopedics,2025-04-28 13:51:00,86,128,84,97.1,13,100,1
SYN-V-002830,SYN-P-00094,SYN-E-000712,Synthetic Regional Medical Center,Orthopedics,2025-04-28 18:33:00,110,112,81,97.5,16,93,8
SYN-V-002831,SYN-P-00094,SYN-E-000712,Synthetic Regional Medical Center,Orthopedics,2025-04-29 00:39:00,98,154,81,97.4,18,97,7
SYN-V-002832,SYN-P-00094,SYN-E-000712,Synthetic Regional Medical Center,Orthopedics,2025-04-29 08:31:00,67,127,84,98.1,15,96,6
SYN-V-002833,SYN-P-00094,SYN-E-000712,Synthetic Regional Medical Center,Orthopedics,2025-04-29 09:40:00,87,136,76,98.6,20,98,7
SYN-V-002834,SYN-P-00094,SYN-E-000712,Synthetic Regional Medical Center,Orthopedics,2025-04-29 09:55:00,82,158,80,99.2,18,96,0
SYN-V-002835,SYN-P-00173,SYN-E-000713,Synthetic Outpatient Center,Pulmonology,2025-04-28 18:37:00,107,158,69,99.4,18,92,4
SYN-V-002836,SYN-P-00173,SYN-E-000713,Synthetic Outpatient Center,Pulmonology,2025-04-28 19:57:00,96,158,82,97.7,18,92,4
SYN-V-002837,SYN-P-00010,SYN-E-000714,Synthetic Community Hospital East,Emergency,2025-04-28 20:23:00,110,127,94,97.7,17,93,1
SYN-V-002838,SYN-P-00024,SYN-E-000715,Synthetic Community Hospital West,Cardiology,2025-04-29 13:07:00,62,120,73,98.1,16,94,7
SYN-V-002839,SYN-P-00024,SYN-E-000715,Synthetic Community Hospital West,Cardiology,2025-04-30 13:42:00,77,152,93,99.6,16,98,1
SYN-V-002840,SYN-P-00024,SYN-E-000715,Synthetic Community Hospital West,Cardiology,2025-05-01 11:13:00,107,134,85,99.4,14,95,8
SYN-V-002841,SYN-P-00024,SYN-E-000715,Synthetic Community Hospital West,Cardiology,2025-05-02 03:09:00,86,107,86,98.5,22,95,1
SYN-V-002842,SYN-P-00024,SYN-E-000715,Synthetic Community Hospital West,Cardiology,2025-05-02 05:18:00,105,118,60,99.2,16,99,1
SYN-V-002843,SYN-P-00024,SYN-E-000715,Synthetic Community Hospital West,Cardiology,2025-05-02 08:24:00,63,117,93,98.6,20,99,8
SYN-V-002844,SYN-P-00024,SYN-E-000715,Synthetic Community Hospital West,Cardiology,2025-05-02 15:15:00,71,107,84,97.7,13,99,0
SYN-V-002845,SYN-P-00024,SYN-E-000715,Synthetic Community Hospital West,Cardiology,2025-05-02 16:34:00,83,159,90,99.7,15,97,5
SYN-V-002846,SYN-P-00024,SYN-E-000715,Synthetic Community Hospital West,Cardiology,2025-05-02 16:35:00,64,125,61,99.4,16,94,4
SYN-V-002847,SYN-P-00024,SYN-E-000715,Synthetic Community Hospital West,Cardiology,2025-05-03 01:51:00,67,103,88,97.3,20,92,4
SYN-V-002848,SYN-P-00024,SYN-E-000715,Synthetic Community Hospital West,Cardiology,2025-05-03 02:07:00,79,149,93,98.9,14,92,4
SYN-V-002849,SYN-P-00024,SYN-E-000715,Synthetic Community Hospital West,Cardiology,2025-05-03 07:00:00,67,132,60,98.1,15,95,3
SYN-V-002850,SYN-P-00024,SYN-E-000715,Synthetic Community Hospital West,Cardiology,2025-05-03 15:16:00,62,111,68,98.9,14,97,3
SYN-V-002851,SYN-P-00024,SYN-E-000715,Synthetic Community Hospital West,Cardiology,2025-05-04 06:49:00,108,145,64,98.2,19,96,6
SYN-V-002852,SYN-P-00024,SYN-E-000715,Synthetic Community Hospital West,Cardiology,2025-05-04 08:21:00,73,151,72,98.8,21,100,6
SYN-V-002853,SYN-P-00024,SYN-E-000715,Synthetic Community Hospital West,Cardiology,2025-05-04 19:08:00,71,153,94,97.7,18,93,4
SYN-V-002854,SYN-P-00024,SYN-E-000715,Synthetic Community Hospital West,Cardiology,2025-05-05 13:13:00,73,122,68,98.8,17,96,1
SYN-V-002855,SYN-P-00024,SYN-E-000715,Synthetic Community Hospital West,Cardiology,2025-05-05 21:25:00,77,119,91,97.1,17,92,2
SYN-V-002856,SYN-P-00024,SYN-E-000715,Synthetic Community Hospital West,Cardiology,2025-05-05 22:10:00,74,105,69,98.4,13,97,5
SYN-V-002857,SYN-P-00024,SYN-E-000715,Synthetic Community Hospital West,Cardiology,2025-05-06 01:51:00,81,150,87,97.9,13,100,3
SYN-V-002858,SYN-P-00024,SYN-E-000715,Synthetic Community Hospital West,Cardiology,2025-05-06 04:19:00,109,120,95,97.8,12,99,0
SYN-V-002859,SYN-P-00024,SYN-E-000715,Synthetic Community Hospital West,Cardiology,2025-05-06 09:13:00,110,152,64,99.5,21,98,8
SYN-V-002860,SYN-P-00024,SYN-E-000715,Synthetic Community Hospital West,Cardiology,2025-05-06 12:53:00,103,151,85,98.0,21,99,7
SYN-V-002861,SYN-P-00024,SYN-E-000715,Synthetic Community Hospital West,Cardiology,2025-05-07 12:17:00,92,125,64,98.7,21,98,
SYN-V-002862,SYN-P-00024,SYN-E-000715,Synthetic Community Hospital West,Cardiology,2025-05-08 20:40:00,99,141,75,99.0,17,100,5
SYN-V-002863,SYN-P-00024,SYN-E-000715,Synthetic Community Hospital West,Cardiology,2025-05-08 23:34:00,108,122,68,98.6,13,94,3
SYN-V-002864,SYN-P-00024,SYN-E-000715,Synthetic Community Hospital West,Cardiology,2025-05-09 12:21:00,64,115,64,98.8,15,98,5
SYN-V-002865,SYN-P-00024,SYN-E-000715,Synthetic Community Hospital West,Cardiology,2025-05-10 00:33:00,87,112,71,97.1,16,97,4
SYN-V-002866,SYN-P-00024,SYN-E-000715,Synthetic Community Hospital West,Cardiology,2025-05-10 01:17:00,72,144,64,97.1,14,99,5
SYN-V-002867,SYN-P-00024,SYN-E-000715,Synthetic Community Hospital West,Cardiology,2025-05-10 03:09:00,70,130,78,99.6,13,97,3
SYN-V-002868,SYN-P-00024,SYN-E-000715,Synthetic Community Hospital West,Cardiology,2025-05-10 06:36:00,79,145,67,97.4,12,92,0
SYN-V-002869,SYN-P-00024,SYN-E-000715,Synthetic Community Hospital West,Cardiology,2025-05-10 12:34:00,103,143,91,97.7,21,97,8
SYN-V-002870,SYN-P-00024,SYN-E-000715,Synthetic Community Hospital West,Cardiology,2025-05-10 22:54:00,86,110,93,99.2,18,95,7
SYN-V-002871,SYN-P-00024,SYN-E-000715,Synthetic Community Hospital West,Cardiology,2025-05-11 11:03:00,110,106,62,97.3,18,96,2
SYN-V-002872,SYN-P-00024,SYN-E-000715,Synthetic Community Hospital West,Cardiology,2025-05-11 14:29:00,79,103,70,99.4,19,99,8
SYN-V-002873,SYN-P-00058,SYN-E-000716,Synthetic Community Hospital East,Internal Medicine,2025-05-01 13:35:00,101,126,76,98.2,21,96,7
SYN-V-002874,SYN-P-00058,SYN-E-000716,Synthetic Community Hospital East,Internal Medicine,2025-05-01 20:22:00,75,150,79,99.4,14,94,2
SYN-V-002875,SYN-P-00058,SYN-E-000716,Synthetic Community Hospital East,Internal Medicine,2025-05-01 23:39:00,97,112,71,99.8,19,94,0
SYN-V-002876,SYN-P-00058,SYN-E-000716,Synthetic Community Hospital East,Internal Medicine,2025-05-02 01:20:00,91,131,69,99.3,13,98,7
SYN-V-002877,SYN-P-00151,SYN-E-000718,Synthetic Regional Medical Center,Pulmonology,2025-05-01 01:56:00,85,106,66,97.9,21,94,8
SYN-V-002878,SYN-P-00151,SYN-E-000718,Synthetic Regional Medical Center,Pulmonology,2025-05-02 01:27:00,55,116,62,97.8,21,100,5
SYN-V-002879,SYN-P-00151,SYN-E-000718,Synthetic Regional Medical Center,Pulmonology,2025-05-02 06:08:00,61,139,79,97.0,14,100,4
SYN-V-002880,SYN-P-00151,SYN-E-000718,Synthetic Regional Medical Center,Pulmonology,2025-05-02 16:40:00,62,101,82,97.2,16,95,5
SYN-V-002881,SYN-P-00151,SYN-E-000718,Synthetic Regional Medical Center,Pulmonology,2025-05-03 03:38:00,72,102,92,99.6,12,99,5
SYN-V-002882,SYN-P-00151,SYN-E-000718,Synthetic Regional Medical Center,Pulmonology,2025-05-03 06:35:00,97,137,83,99.0,22,99,7
SYN-V-002883,SYN-P-00151,SYN-E-000718,Synthetic Regional Medical Center,Pulmonology,2025-05-03 12:32:00,89,149,91,97.4,15,95,5
SYN-V-002884,SYN-P-00151,SYN-E-000718,Synthetic Regional Medical Center,Pulmonology,2025-05-04 03:06:00,80,152,86,99.2,12,100,2
SYN-V-002885,SYN-P-00151,SYN-E-000718,Synthetic Regional Medical Center,Pulmonology,2025-05-04 06:51:00,85,100,82,97.2,12,99,6
SYN-V-002886,SYN-P-00151,SYN-E-000718,Synthetic Regional Medical Center,Pulmonology,2025-05-04 21:40:00,66,151,86,99.5,19,98,5
SYN-V-002887,SYN-P-00151,SYN-E-000718,Synthetic Regional Medical Center,Pulmonology,2025-05-05 03:31:00,82,155,76,99.3,21,96,7
SYN-V-002888,SYN-P-00151,SYN-E-000718,Synthetic Regional Medical Center,Pulmonology,2025-05-06 04:20:00,99,157,92,98.3,22,92,7
SYN-V-002889,SYN-P-00151,SYN-E-000718,Synthetic Regional Medical Center,Pulmonology,2025-05-06 12:44:00,80,103,87,98.8,16,98,6
SYN-V-002890,SYN-P-00151,SYN-E-000718,Synthetic Regional Medical Center,Pulmonology,2025-05-07 17:47:00,81,157,84,99.0,19,96,0
SYN-V-002891,SYN-P-00151,SYN-E-000718,Synthetic Regional Medical Center,Pulmonology,2025-05-08 05:58:00,104,125,63,99.3,14,96,3
SYN-V-002892,SYN-P-00151,SYN-E-000718,Synthetic Regional Medical Center,Pulmonology,2025-05-08 08:12:00,98,112,73,97.5,13,98,1
SYN-V-002893,SYN-P-00151,SYN-E-000718,Synthetic Regional Medical Center,Pulmonology,2025-05-08 17:23:00,98,126,79,97.2,15,99,6
SYN-V-002894,SYN-P-00026,SYN-E-000719,Synthetic Community Hospital East,Emergency,2025-05-01 02:25:00,58,105,78,97.3,19,96,5
SYN-V-002895,SYN-P-00026,SYN-E-000719,Synthetic Community Hospital East,Emergency,2025-05-01 03:17:00,64,122,88,97.0,22,100,1
SYN-V-002896,SYN-P-00026,SYN-E-000719,Synthetic Community Hospital East,Emergency,2025-05-01 05:11:00,74,129,62,99.1,13,96,
SYN-V-002897,SYN-P-00026,SYN-E-000719,Synthetic Community Hospital East,Emergency,2025-05-01 05:26:00,106,156,65,97.3,15,93,5
SYN-V-002898,SYN-P-00040,SYN-E-000720,Synthetic Specialty Clinic,Orthopedics,2025-05-01 03:16:00,87,160,77,99.5,16,95,6
SYN-V-002899,SYN-P-00104,SYN-E-000721,Synthetic Community Hospital East,Internal Medicine,2025-05-04 11:48:00,87,154,72,99.2,15,97,3
SYN-V-002900,SYN-P-00174,SYN-E-000722,Synthetic Regional Medical Center,Internal Medicine,2025-05-03 11:29:00,87,109,78,97.2,14,97,8
SYN-V-002901,SYN-P-00174,SYN-E-000722,Synthetic Regional Medical Center,Internal Medicine,2025-05-03 11:37:00,101,138,60,98.0,19,99,8
SYN-V-002902,SYN-P-00174,SYN-E-000722,Synthetic Regional Medical Center,Internal Medicine,2025-05-03 21:11:00,94,158,86,98.9,20,92,5
SYN-V-002903,SYN-P-00174,SYN-E-000722,Synthetic Regional Medical Center,Internal Medicine,2025-05-04 08:01:00,64,129,89,98.0,16,97,2
SYN-V-002904,SYN-P-00174,SYN-E-000722,Synthetic Regional Medical Center,Internal Medicine,2025-05-04 10:09:00,88,126,69,98.1,22,97,3
SYN-V-002905,SYN-P-00174,SYN-E-000722,Synthetic Regional Medical Center,Internal Medicine,2025-05-04 10:47:00,108,146,82,97.8,16,98,5
SYN-V-002906,SYN-P-00174,SYN-E-000722,Synthetic Regional Medical Center,Internal Medicine,2025-05-04 12:08:00,91,151,60,98.9,13,98,0
SYN-V-002907,SYN-P-00174,SYN-E-000722,Synthetic Regional Medical Center,Internal Medicine,2025-05-04 20:27:00,70,121,62,98.8,22,94,7
SYN-V-002908,SYN-P-00174,SYN-E-000722,Synthetic Regional Medical Center,Internal Medicine,2025-05-05 07:03:00,84,118,78,98.7,16,96,0
SYN-V-002909,SYN-P-00174,SYN-E-000722,Synthetic Regional Medical Center,Internal Medicine,2025-05-05 13:37:00,84,151,78,97.4,14,100,6
SYN-V-002910,SYN-P-00174,SYN-E-000722,Synthetic Regional Medical Center,Internal Medicine,2025-05-06 03:55:00,59,140,75,97.1,17,93,6
SYN-V-002911,SYN-P-00083,SYN-E-000723,Synthetic Community Hospital West,Emergency,2025-05-04 02:42:00,98,143,78,97.2,20,96,1
SYN-V-002912,SYN-P-00083,SYN-E-000723,Synthetic Community Hospital West,Emergency,2025-05-04 02:47:00,56,126,63,99.6,13,100,5
SYN-V-002913,SYN-P-00083,SYN-E-000723,Synthetic Community Hospital West,Emergency,2025-05-04 02:55:00,99,138,65,98.5,17,100,5
SYN-V-002914,SYN-P-00083,SYN-E-000723,Synthetic Community Hospital West,Emergency,2025-05-04 04:01:00,88,118,77,99.2,22,98,3
SYN-V-002915,SYN-P-00083,SYN-E-000723,Synthetic Community Hospital West,Emergency,2025-05-04 05:15:00,75,158,81,97.9,18,93,3
SYN-V-002916,SYN-P-00189,SYN-E-000724,Synthetic Outpatient Center,Cardiology,2025-05-04 09:36:00,82,156,77,98.8,22,97,1
SYN-V-002917,SYN-P-00200,SYN-E-000725,Synthetic Community Hospital West,Cardiology,2025-05-04 08:35:00,62,143,68,97.7,21,100,7
SYN-V-002918,SYN-P-00200,SYN-E-000725,Synthetic Community Hospital West,Cardiology,2025-05-04 09:35:00,72,124,66,98.7,13,96,1
SYN-V-002919,SYN-P-00200,SYN-E-000725,Synthetic Community Hospital West,Cardiology,2025-05-05 01:55:00,84,105,93,97.3,19,93,5
SYN-V-002920,SYN-P-00200,SYN-E-000725,Synthetic Community Hospital West,Cardiology,2025-05-05 11:01:00,99,104,60,98.4,22,96,6
SYN-V-002921,SYN-P-00077,SYN-E-000726,Synthetic Community Hospital West,Emergency,2025-05-05 05:49:00,74,130,79,97.3,13,92,1
SYN-V-002922,SYN-P-00077,SYN-E-000726,Synthetic Community Hospital West,Emergency,2025-05-05 07:16:00,85,108,83,98.8,17,94,3
SYN-V-002923,SYN-P-00077,SYN-E-000726,Synthetic Community Hospital West,Emergency,2025-05-05 08:06:00,77,125,68,99.8,19,96,2
SYN-V-002924,SYN-P-00077,SYN-E-000726,Synthetic Community Hospital West,Emergency,2025-05-05 08:43:00,73,114,68,98.2,18,92,4
SYN-V-002925,SYN-P-00067,SYN-E-000727,Synthetic Community Hospital East,Nephrology,2025-05-06 03:32:00,80,123,74,99.6,15,93,0
SYN-V-002926,SYN-P-00067,SYN-E-000727,Synthetic Community Hospital East,Nephrology,2025-05-06 04:11:00,69,113,94,97.0,21,92,5
SYN-V-002927,SYN-P-00067,SYN-E-000727,Synthetic Community Hospital East,Nephrology,2025-05-06 04:20:00,103,155,72,98.2,17,96,7
SYN-V-002928,SYN-P-00067,SYN-E-000727,Synthetic Community Hospital East,Nephrology,2025-05-06 08:01:00,69,106,72,97.3,22,100,3
SYN-V-002929,SYN-P-00067,SYN-E-000727,Synthetic Community Hospital East,Nephrology,2025-05-06 09:42:00,64,150,92,97.7,12,96,
SYN-V-002930,SYN-P-00067,SYN-E-000727,Synthetic Community Hospital East,Nephrology,2025-05-06 10:08:00,97,130,76,99.8,14,100,5
SYN-V-002931,SYN-P-00067,SYN-E-000727,Synthetic Community Hospital East,Nephrology,2025-05-06 14:02:00,85,112,91,98.6,20,95,6
SYN-V-002932,SYN-P-00067,SYN-E-000727,Synthetic Community Hospital East,Nephrology,2025-05-06 15:58:00,66,118,62,98.9,22,98,8
SYN-V-002933,SYN-P-00067,SYN-E-000727,Synthetic Community Hospital East,Nephrology,2025-05-06 17:44:00,73,109,78,97.6,20,92,1
SYN-V-002934,SYN-P-00067,SYN-E-000727,Synthetic Community Hospital East,Nephrology,2025-05-07 08:24:00,64,153,89,98.8,15,100,6
SYN-V-002935,SYN-P-00067,SYN-E-000727,Synthetic Community Hospital East,Nephrology,2025-05-08 15:35:00,92,160,82,97.1,20,95,3
SYN-V-002936,SYN-P-00067,SYN-E-000727,Synthetic Community Hospital East,Nephrology,2025-05-08 21:17:00,55,131,61,97.4,21,92,0
SYN-V-002937,SYN-P-00067,SYN-E-000727,Synthetic Community Hospital East,Nephrology,2025-05-08 22:40:00,110,106,73,98.6,19,100,7
SYN-V-002938,SYN-P-00055,SYN-E-000728,Synthetic Specialty Clinic,Orthopedics,2025-05-06 11:45:00,88,151,60,98.2,21,99,8
SYN-V-002939,SYN-P-00091,SYN-E-000729,Synthetic Community Hospital West,Orthopedics,2025-05-07 07:51:00,64,137,69,98.1,17,95,1
SYN-V-002940,SYN-P-00091,SYN-E-000729,Synthetic Community Hospital West,Orthopedics,2025-05-07 09:41:00,61,136,91,97.5,16,92,1
SYN-V-002941,SYN-P-00091,SYN-E-000729,Synthetic Community Hospital West,Orthopedics,2025-05-07 13:24:00,89,133,94,97.5,20,97,5
SYN-V-002942,SYN-P-00091,SYN-E-000729,Synthetic Community Hospital West,Orthopedics,2025-05-08 00:40:00,63,107,67,99.8,13,100,0
SYN-V-002943,SYN-P-00091,SYN-E-000729,Synthetic Community Hospital West,Orthopedics,2025-05-09 03:33:00,82,156,75,97.9,15,96,5
SYN-V-002944,SYN-P-00091,SYN-E-000729,Synthetic Community Hospital West,Orthopedics,2025-05-09 04:04:00,101,116,75,97.8,14,96,5
SYN-V-002945,SYN-P-00094,SYN-E-000730,Synthetic Regional Medical Center,Neurology,2025-05-07 13:25:00,107,138,90,99.1,17,93,0
SYN-V-002946,SYN-P-00094,SYN-E-000730,Synthetic Regional Medical Center,Neurology,2025-05-08 16:12:00,106,101,70,99.7,20,98,0
SYN-V-002947,SYN-P-00094,SYN-E-000730,Synthetic Regional Medical Center,Neurology,2025-05-08 20:05:00,81,120,80,97.7,16,99,3
SYN-V-002948,SYN-P-00094,SYN-E-000730,Synthetic Regional Medical Center,Neurology,2025-05-08 20:44:00,106,107,78,99.0,17,100,1
SYN-V-002949,SYN-P-00094,SYN-E-000730,Synthetic Regional Medical Center,Neurology,2025-05-08 23:51:00,78,142,78,97.5,14,95,2
SYN-V-002950,SYN-P-00094,SYN-E-000730,Synthetic Regional Medical Center,Neurology,2025-05-09 07:26:00,102,122,74,99.1,16,94,4
SYN-V-002951,SYN-P-00094,SYN-E-000730,Synthetic Regional Medical Center,Neurology,2025-05-09 22:42:00,65,108,66,99.2,19,93,4
SYN-V-002952,SYN-P-00094,SYN-E-000730,Synthetic Regional Medical Center,Neurology,2025-05-11 06:32:00,60,117,61,97.2,19,93,3
SYN-V-002953,SYN-P-00094,SYN-E-000730,Synthetic Regional Medical Center,Neurology,2025-05-11 13:04:00,55,116,84,97.3,16,99,3
SYN-V-002954,SYN-P-00126,SYN-E-000732,Synthetic Community Hospital East,Emergency,2025-05-09 20:35:00,58,115,60,97.0,17,99,4
SYN-V-002955,SYN-P-00126,SYN-E-000732,Synthetic Community Hospital East,Emergency,2025-05-09 21:13:00,104,152,79,99.8,22,95,8
SYN-V-002956,SYN-P-00126,SYN-E-000732,Synthetic Community Hospital East,Emergency,2025-05-09 21:18:00,60,145,66,97.5,16,93,0
SYN-V-002957,SYN-P-00126,SYN-E-000732,Synthetic Community Hospital East,Emergency,2025-05-09 23:28:00,80,117,78,98.5,13,93,7
SYN-V-002958,SYN-P-00075,SYN-E-000733,Synthetic Community Hospital West,Internal Medicine,2025-05-10 14:25:00,87,145,72,98.3,17,98,6
SYN-V-002959,SYN-P-00075,SYN-E-000733,Synthetic Community Hospital West,Internal Medicine,2025-05-10 21:29:00,63,110,72,98.2,22,95,6
SYN-V-002960,SYN-P-00075,SYN-E-000733,Synthetic Community Hospital West,Internal Medicine,2025-05-11 01:27:00,100,148,73,99.2,14,99,7
SYN-V-002961,SYN-P-00075,SYN-E-000733,Synthetic Community Hospital West,Internal Medicine,2025-05-11 05:29:00,110,139,88,99.6,18,100,5
SYN-V-002962,SYN-P-00075,SYN-E-000733,Synthetic Community Hospital West,Internal Medicine,2025-05-11 16:43:00,109,150,79,99.1,14,94,0
SYN-V-002963,SYN-P-00149,SYN-E-000735,Synthetic Regional Medical Center,Emergency,2025-05-10 22:10:00,107,160,89,97.1,17,100,6
SYN-V-002964,SYN-P-00149,SYN-E-000735,Synthetic Regional Medical Center,Emergency,2025-05-10 23:35:00,107,134,61,97.1,13,98,5
SYN-V-002965,SYN-P-00149,SYN-E-000735,Synthetic Regional Medical Center,Emergency,2025-05-11 00:41:00,75,151,87,98.0,16,93,6
SYN-V-002966,SYN-P-00149,SYN-E-000735,Synthetic Regional Medical Center,Emergency,2025-05-11 01:09:00,81,144,76,98.8,12,97,5
SYN-V-002967,SYN-P-00192,SYN-E-000736,Synthetic Regional Medical Center,Cardiology,2025-05-11 02:14:00,86,122,80,98.5,16,92,3
SYN-V-002968,SYN-P-00192,SYN-E-000736,Synthetic Regional Medical Center,Cardiology,2025-05-11 02:28:00,96,107,70,98.4,13,100,7
SYN-V-002969,SYN-P-00192,SYN-E-000736,Synthetic Regional Medical Center,Cardiology,2025-05-11 02:33:00,77,121,84,99.7,13,98,8
SYN-V-002970,SYN-P-00192,SYN-E-000736,Synthetic Regional Medical Center,Cardiology,2025-05-11 02:41:00,57,157,77,99.3,14,94,8
SYN-V-002971,SYN-P-00192,SYN-E-000736,Synthetic Regional Medical Center,Cardiology,2025-05-11 03:54:00,93,142,93,98.6,21,100,0
SYN-V-002972,SYN-P-00192,SYN-E-000736,Synthetic Regional Medical Center,Cardiology,2025-05-11 04:12:00,62,116,65,97.9,14,95,3
SYN-V-002973,SYN-P-00192,SYN-E-000736,Synthetic Regional Medical Center,Cardiology,2025-05-11 04:20:00,101,105,91,97.1,21,93,2
SYN-V-002974,SYN-P-00192,SYN-E-000736,Synthetic Regional Medical Center,Cardiology,2025-05-11 04:51:00,95,119,69,98.7,16,95,8
SYN-V-002975,SYN-P-00192,SYN-E-000736,Synthetic Regional Medical Center,Cardiology,2025-05-11 05:17:00,88,130,86,99.4,20,95,0
SYN-V-002976,SYN-P-00192,SYN-E-000736,Synthetic Regional Medical Center,Cardiology,2025-05-11 05:23:00,107,152,78,98.9,17,96,3
SYN-V-002977,SYN-P-00192,SYN-E-000736,Synthetic Regional Medical Center,Cardiology,2025-05-11 05:46:00,109,104,62,97.3,22,98,1
SYN-V-002978,SYN-P-00017,SYN-E-000737,Synthetic Community Hospital East,Emergency,2025-05-11 05:40:00,87,141,93,98.0,17,95,5
SYN-V-002979,SYN-P-00017,SYN-E-000737,Synthetic Community Hospital East,Emergency,2025-05-11 06:59:00,57,109,70,99.8,22,94,6
SYN-V-002980,SYN-P-00017,SYN-E-000737,Synthetic Community Hospital East,Emergency,2025-05-11 07:36:00,87,124,84,97.3,12,100,4
SYN-V-002981,SYN-P-00042,SYN-E-000738,Synthetic Community Hospital West,Cardiology,2025-05-13 20:16:00,63,155,64,98.6,21,97,1
SYN-V-002982,SYN-P-00042,SYN-E-000738,Synthetic Community Hospital West,Cardiology,2025-05-13 22:24:00,97,151,75,98.1,18,96,6
SYN-V-002983,SYN-P-00042,SYN-E-000738,Synthetic Community Hospital West,Cardiology,2025-05-13 22:33:00,108,107,61,98.3,12,92,4
SYN-V-002984,SYN-P-00042,SYN-E-000738,Synthetic Community Hospital West,Cardiology,2025-05-15 04:35:00,84,149,63,97.4,15,97,1
SYN-V-002985,SYN-P-00042,SYN-E-000738,Synthetic Community Hospital West,Cardiology,2025-05-15 08:15:00,65,128,79,99.3,20,98,
SYN-V-002986,SYN-P-00042,SYN-E-000738,Synthetic Community Hospital West,Cardiology,2025-05-15 12:32:00,78,108,90,97.3,22,99,8
SYN-V-002987,SYN-P-00042,SYN-E-000738,Synthetic Community Hospital West,Cardiology,2025-05-15 16:24:00,55,121,77,98.3,18,100,0
SYN-V-002988,SYN-P-00042,SYN-E-000738,Synthetic Community Hospital West,Cardiology,2025-05-15 22:03:00,73,116,76,97.8,14,97,2
SYN-V-002989,SYN-P-00042,SYN-E-000738,Synthetic Community Hospital West,Cardiology,2025-05-16 00:19:00,58,125,86,97.5,13,95,5
SYN-V-002990,SYN-P-00042,SYN-E-000738,Synthetic Community Hospital West,Cardiology,2025-05-16 03:31:00,77,110,61,98.8,17,99,4
SYN-V-002991,SYN-P-00042,SYN-E-000738,Synthetic Community Hospital West,Cardiology,2025-05-16 08:30:00,104,126,78,97.3,15,94,8
SYN-V-002992,SYN-P-00042,SYN-E-000738,Synthetic Community Hospital West,Cardiology,2025-05-16 14:36:00,80,106,90,97.4,21,98,6
SYN-V-002993,SYN-P-00042,SYN-E-000738,Synthetic Community Hospital West,Cardiology,2025-05-17 04:35:00,59,126,89,99.8,12,92,4
SYN-V-002994,SYN-P-00042,SYN-E-000738,Synthetic Community Hospital West,Cardiology,2025-05-17 07:04:00,80,120,73,98.9,21,93,6
SYN-V-002995,SYN-P-00042,SYN-E-000738,Synthetic Community Hospital West,Cardiology,2025-05-17 23:38:00,79,119,74,98.1,12,100,2
SYN-V-002996,SYN-P-00042,SYN-E-000738,Synthetic Community Hospital West,Cardiology,2025-05-18 10:50:00,75,154,91,98.8,22,97,5
SYN-V-002997,SYN-P-00042,SYN-E-000738,Synthetic Community Hospital West,Cardiology,2025-05-18 13:23:00,90,127,62,99.5,19,96,
SYN-V-002998,SYN-P-00042,SYN-E-000738,Synthetic Community Hospital West,Cardiology,2025-05-18 17:06:00,107,155,72,99.1,21,92,8
SYN-V-002999,SYN-P-00042,SYN-E-000738,Synthetic Community Hospital West,Cardiology,2025-05-18 19:42:00,103,148,95,97.9,12,92,2
SYN-V-003000,SYN-P-00042,SYN-E-000738,Synthetic Community Hospital West,Cardiology,2025-05-18 19:56:00,93,155,62,97.5,21,97,8
SYN-V-003001,SYN-P-00042,SYN-E-000738,Synthetic Community Hospital West,Cardiology,2025-05-19 03:09:00,88,100,88,97.0,18,94,7
SYN-V-003002,SYN-P-00163,SYN-E-000739,Synthetic Regional Medical Center,Emergency,2025-05-14 08:36:00,82,144,78,98.2,17,98,7
SYN-V-003003,SYN-P-00163,SYN-E-000739,Synthetic Regional Medical Center,Emergency,2025-05-14 08:54:00,96,136,73,97.1,14,94,5
SYN-V-003004,SYN-P-00163,SYN-E-000739,Synthetic Regional Medical Center,Emergency,2025-05-14 09:15:00,64,130,65,97.8,15,96,1
SYN-V-003005,SYN-P-00052,SYN-E-000740,Synthetic Outpatient Center,Cardiology,2025-05-14 23:38:00,109,133,66,98.8,13,94,4
SYN-V-003006,SYN-P-00052,SYN-E-000740,Synthetic Outpatient Center,Cardiology,2025-05-15 02:22:00,58,141,60,97.9,12,93,2
SYN-V-003007,SYN-P-00136,SYN-E-000741,Synthetic Regional Medical Center,Orthopedics,2025-05-17 05:04:00,66,110,75,97.2,15,98,4
SYN-V-003008,SYN-P-00136,SYN-E-000741,Synthetic Regional Medical Center,Orthopedics,2025-05-17 06:26:00,95,109,77,97.1,13,97,4
SYN-V-003009,SYN-P-00063,SYN-E-000742,Synthetic Outpatient Center,Primary Care,2025-05-17 17:01:00,92,144,63,97.9,16,95,6
SYN-V-003010,SYN-P-00063,SYN-E-000742,Synthetic Outpatient Center,Primary Care,2025-05-17 17:39:00,87,139,64,97.1,13,99,0
SYN-V-003011,SYN-P-00109,SYN-E-000743,Synthetic Community Hospital East,Orthopedics,2025-05-20 02:01:00,87,149,74,98.9,16,98,3
SYN-V-003012,SYN-P-00109,SYN-E-000743,Synthetic Community Hospital East,Orthopedics,2025-05-20 04:06:00,78,156,62,98.7,22,97,5
SYN-V-003013,SYN-P-00109,SYN-E-000743,Synthetic Community Hospital East,Orthopedics,2025-05-20 15:13:00,68,102,76,97.2,17,99,8
SYN-V-003014,SYN-P-00109,SYN-E-000743,Synthetic Community Hospital East,Orthopedics,2025-05-21 09:24:00,83,147,69,98.0,12,93,4
SYN-V-003015,SYN-P-00109,SYN-E-000743,Synthetic Community Hospital East,Orthopedics,2025-05-21 16:43:00,101,142,92,98.0,12,93,6
SYN-V-003016,SYN-P-00109,SYN-E-000743,Synthetic Community Hospital East,Orthopedics,2025-05-21 21:27:00,92,132,70,98.1,12,98,4
SYN-V-003017,SYN-P-00109,SYN-E-000743,Synthetic Community Hospital East,Orthopedics,2025-05-21 23:52:00,55,107,66,97.9,16,97,3
SYN-V-003018,SYN-P-00109,SYN-E-000743,Synthetic Community Hospital East,Orthopedics,2025-05-22 05:17:00,90,139,75,98.1,22,93,2
SYN-V-003019,SYN-P-00197,SYN-E-000745,Synthetic Community Hospital West,Emergency,2025-05-20 21:43:00,78,155,95,98.8,14,98,2
SYN-V-003020,SYN-P-00197,SYN-E-000745,Synthetic Community Hospital West,Emergency,2025-05-20 21:46:00,75,102,94,98.1,16,96,2
SYN-V-003021,SYN-P-00197,SYN-E-000745,Synthetic Community Hospital West,Emergency,2025-05-20 21:47:00,92,113,85,98.7,22,94,8
SYN-V-003022,SYN-P-00197,SYN-E-000745,Synthetic Community Hospital West,Emergency,2025-05-20 22:31:00,110,108,78,99.4,13,93,3
SYN-V-003023,SYN-P-00197,SYN-E-000745,Synthetic Community Hospital West,Emergency,2025-05-20 23:22:00,87,120,74,97.2,19,96,3
SYN-V-003024,SYN-P-00197,SYN-E-000745,Synthetic Community Hospital West,Emergency,2025-05-20 23:37:00,100,103,83,97.6,14,99,8
SYN-V-003025,SYN-P-00197,SYN-E-000745,Synthetic Community Hospital West,Emergency,2025-05-21 00:19:00,74,124,73,98.6,16,97,1
SYN-V-003026,SYN-P-00188,SYN-E-000746,Synthetic Community Hospital West,Cardiology,2025-05-21 03:33:00,98,132,62,97.2,13,93,6
SYN-V-003027,SYN-P-00188,SYN-E-000746,Synthetic Community Hospital West,Cardiology,2025-05-21 03:35:00,72,135,89,99.5,22,97,4
SYN-V-003028,SYN-P-00188,SYN-E-000746,Synthetic Community Hospital West,Cardiology,2025-05-21 05:06:00,64,153,95,97.9,21,93,7
SYN-V-003029,SYN-P-00188,SYN-E-000746,Synthetic Community Hospital West,Cardiology,2025-05-21 05:08:00,78,124,79,99.6,15,98,2
SYN-V-003030,SYN-P-00188,SYN-E-000746,Synthetic Community Hospital West,Cardiology,2025-05-21 06:06:00,69,110,60,99.3,15,92,7
SYN-V-003031,SYN-P-00188,SYN-E-000746,Synthetic Community Hospital West,Cardiology,2025-05-21 06:18:00,62,117,79,99.2,19,92,4
SYN-V-003032,SYN-P-00057,SYN-E-000747,Synthetic Outpatient Center,Pulmonology,2025-05-21 08:47:00,70,144,78,99.5,21,93,1
SYN-V-003033,SYN-P-00132,SYN-E-000748,Synthetic Outpatient Center,Orthopedics,2025-05-21 11:04:00,67,152,83,99.2,17,99,7
SYN-V-003034,SYN-P-00064,SYN-E-000750,Synthetic Community Hospital East,Internal Medicine,2025-05-22 08:19:00,95,110,75,99.4,22,94,6
SYN-V-003035,SYN-P-00064,SYN-E-000750,Synthetic Community Hospital East,Internal Medicine,2025-05-22 09:30:00,109,107,70,97.1,14,100,
SYN-V-003036,SYN-P-00064,SYN-E-000750,Synthetic Community Hospital East,Internal Medicine,2025-05-22 10:19:00,99,121,86,99.6,20,97,2
SYN-V-003037,SYN-P-00064,SYN-E-000750,Synthetic Community Hospital East,Internal Medicine,2025-05-22 16:59:00,73,148,70,99.5,19,98,3
SYN-V-003038,SYN-P-00064,SYN-E-000750,Synthetic Community Hospital East,Internal Medicine,2025-05-22 19:04:00,72,108,75,98.8,20,95,7
SYN-V-003039,SYN-P-00064,SYN-E-000750,Synthetic Community Hospital East,Internal Medicine,2025-05-22 21:22:00,85,144,75,98.7,20,94,5
SYN-V-003040,SYN-P-00064,SYN-E-000750,Synthetic Community Hospital East,Internal Medicine,2025-05-23 05:33:00,65,116,71,97.1,15,92,4
SYN-V-003041,SYN-P-00064,SYN-E-000750,Synthetic Community Hospital East,Internal Medicine,2025-05-23 07:34:00,94,129,93,98.7,21,95,5
SYN-V-003042,SYN-P-00064,SYN-E-000750,Synthetic Community Hospital East,Internal Medicine,2025-05-23 13:48:00,56,111,77,97.6,16,93,4
SYN-V-003043,SYN-P-00064,SYN-E-000750,Synthetic Community Hospital East,Internal Medicine,2025-05-23 15:31:00,97,110,67,99.4,14,100,1
SYN-V-003044,SYN-P-00064,SYN-E-000750,Synthetic Community Hospital East,Internal Medicine,2025-05-24 06:45:00,63,121,85,98.3,18,98,1
SYN-V-003045,SYN-P-00064,SYN-E-000750,Synthetic Community Hospital East,Internal Medicine,2025-05-24 17:18:00,76,100,76,97.5,22,100,6
SYN-V-003046,SYN-P-00064,SYN-E-000750,Synthetic Community Hospital East,Internal Medicine,2025-05-24 18:44:00,73,105,85,98.2,22,96,0
SYN-V-003047,SYN-P-00004,SYN-E-000751,Synthetic Community Hospital East,Cardiology,2025-05-22 11:07:00,91,112,85,97.7,13,97,8
SYN-V-003048,SYN-P-00004,SYN-E-000751,Synthetic Community Hospital East,Cardiology,2025-05-22 15:37:00,107,138,76,99.6,20,94,1
SYN-V-003049,SYN-P-00004,SYN-E-000751,Synthetic Community Hospital East,Cardiology,2025-05-23 07:21:00,68,131,92,98.9,12,96,4
SYN-V-003050,SYN-P-00004,SYN-E-000751,Synthetic Community Hospital East,Cardiology,2025-05-23 18:10:00,93,140,62,97.7,12,94,0
SYN-V-003051,SYN-P-00004,SYN-E-000751,Synthetic Community Hospital East,Cardiology,2025-05-23 19:54:00,84,101,73,99.8,18,98,0
SYN-V-003052,SYN-P-00004,SYN-E-000751,Synthetic Community Hospital East,Cardiology,2025-05-23 22:39:00,107,141,88,99.2,17,97,3
SYN-V-003053,SYN-P-00004,SYN-E-000751,Synthetic Community Hospital East,Cardiology,2025-05-23 23:09:00,99,148,80,99.5,14,92,8
SYN-V-003054,SYN-P-00004,SYN-E-000751,Synthetic Community Hospital East,Cardiology,2025-05-24 01:05:00,88,140,67,99.2,15,96,8
SYN-V-003055,SYN-P-00004,SYN-E-000751,Synthetic Community Hospital East,Cardiology,2025-05-24 08:58:00,60,142,94,99.2,18,94,0
SYN-V-003056,SYN-P-00122,SYN-E-000752,Synthetic Community Hospital West,Cardiology,2025-05-22 11:24:00,103,113,78,98.8,17,93,8
SYN-V-003057,SYN-P-00122,SYN-E-000752,Synthetic Community Hospital West,Cardiology,2025-05-22 16:16:00,85,156,64,98.9,20,94,3
SYN-V-003058,SYN-P-00122,SYN-E-000752,Synthetic Community Hospital West,Cardiology,2025-05-22 20:05:00,93,109,61,99.3,16,95,3
SYN-V-003059,SYN-P-00122,SYN-E-000752,Synthetic Community Hospital West,Cardiology,2025-05-23 01:11:00,91,147,62,97.6,13,97,1
SYN-V-003060,SYN-P-00122,SYN-E-000752,Synthetic Community Hospital West,Cardiology,2025-05-23 02:31:00,107,149,64,98.1,21,94,8
SYN-V-003061,SYN-P-00122,SYN-E-000752,Synthetic Community Hospital West,Cardiology,2025-05-23 16:05:00,66,145,66,97.3,22,96,2
SYN-V-003062,SYN-P-00122,SYN-E-000752,Synthetic Community Hospital West,Cardiology,2025-05-23 16:08:00,76,135,86,98.1,13,93,6
SYN-V-003063,SYN-P-00122,SYN-E-000752,Synthetic Community Hospital West,Cardiology,2025-05-24 01:32:00,95,107,92,98.4,22,98,1
SYN-V-003064,SYN-P-00122,SYN-E-000752,Synthetic Community Hospital West,Cardiology,2025-05-24 12:36:00,109,121,95,99.5,20,100,4
SYN-V-003065,SYN-P-00055,SYN-E-000755,Synthetic Regional Medical Center,Pulmonology,2025-05-24 13:50:00,94,109,95,97.5,17,97,2
SYN-V-003066,SYN-P-00055,SYN-E-000755,Synthetic Regional Medical Center,Pulmonology,2025-05-24 21:05:00,79,160,62,99.8,18,97,4
SYN-V-003067,SYN-P-00055,SYN-E-000755,Synthetic Regional Medical Center,Pulmonology,2025-05-24 21:34:00,90,133,67,98.9,15,97,8
SYN-V-003068,SYN-P-00055,SYN-E-000755,Synthetic Regional Medical Center,Pulmonology,2025-05-25 12:41:00,108,123,61,98.2,12,100,5
SYN-V-003069,SYN-P-00055,SYN-E-000755,Synthetic Regional Medical Center,Pulmonology,2025-05-26 08:13:00,80,118,62,98.2,21,96,1
SYN-V-003070,SYN-P-00055,SYN-E-000755,Synthetic Regional Medical Center,Pulmonology,2025-05-27 10:33:00,55,143,94,97.0,19,97,7
SYN-V-003071,SYN-P-00055,SYN-E-000755,Synthetic Regional Medical Center,Pulmonology,2025-05-27 13:16:00,77,105,92,97.8,22,92,6
SYN-V-003072,SYN-P-00055,SYN-E-000755,Synthetic Regional Medical Center,Pulmonology,2025-05-27 16:56:00,85,127,64,97.4,19,99,3
SYN-V-003073,SYN-P-00055,SYN-E-000755,Synthetic Regional Medical Center,Pulmonology,2025-05-28 02:56:00,87,111,93,98.9,12,99,3
SYN-V-003074,SYN-P-00055,SYN-E-000755,Synthetic Regional Medical Center,Pulmonology,2025-05-28 05:02:00,99,121,75,97.9,17,99,0
SYN-V-003075,SYN-P-00055,SYN-E-000755,Synthetic Regional Medical Center,Pulmonology,2025-05-29 00:06:00,83,149,72,99.6,22,94,7
SYN-V-003076,SYN-P-00055,SYN-E-000755,Synthetic Regional Medical Center,Pulmonology,2025-05-29 01:11:00,57,117,68,97.9,16,92,5
SYN-V-003077,SYN-P-00055,SYN-E-000755,Synthetic Regional Medical Center,Pulmonology,2025-05-29 01:18:00,55,128,76,99.0,18,98,6
SYN-V-003078,SYN-P-00055,SYN-E-000755,Synthetic Regional Medical Center,Pulmonology,2025-05-29 05:25:00,83,123,65,97.1,15,96,6
SYN-V-003079,SYN-P-00055,SYN-E-000755,Synthetic Regional Medical Center,Pulmonology,2025-05-29 09:56:00,94,104,93,97.7,21,93,6
SYN-V-003080,SYN-P-00055,SYN-E-000755,Synthetic Regional Medical Center,Pulmonology,2025-05-29 11:54:00,94,106,70,97.3,21,98,2
SYN-V-003081,SYN-P-00055,SYN-E-000755,Synthetic Regional Medical Center,Pulmonology,2025-05-29 21:11:00,99,114,90,99.3,18,92,2
SYN-V-003082,SYN-P-00055,SYN-E-000755,Synthetic Regional Medical Center,Pulmonology,2025-05-30 04:35:00,74,118,63,99.1,20,96,1
SYN-V-003083,SYN-P-00055,SYN-E-000755,Synthetic Regional Medical Center,Pulmonology,2025-05-30 04:39:00,105,143,87,97.9,14,95,8
SYN-V-003084,SYN-P-00055,SYN-E-000755,Synthetic Regional Medical Center,Pulmonology,2025-05-30 08:34:00,84,127,77,97.9,19,93,3
SYN-V-003085,SYN-P-00055,SYN-E-000755,Synthetic Regional Medical Center,Pulmonology,2025-05-30 14:00:00,63,142,66,99.0,16,97,4
SYN-V-003086,SYN-P-00028,SYN-E-000756,Synthetic Outpatient Center,Cardiology,2025-05-25 09:00:00,107,109,61,99.3,18,96,2
SYN-V-003087,SYN-P-00023,SYN-E-000757,Synthetic Community Hospital East,Primary Care,2025-05-25 08:57:00,62,129,67,99.2,22,96,2
SYN-V-003088,SYN-P-00147,SYN-E-000758,Synthetic Regional Medical Center,Cardiology,2025-05-25 16:40:00,78,157,62,98.8,15,96,7
SYN-V-003089,SYN-P-00147,SYN-E-000758,Synthetic Regional Medical Center,Cardiology,2025-05-25 20:46:00,83,131,63,98.4,15,98,7
SYN-V-003090,SYN-P-00147,SYN-E-000758,Synthetic Regional Medical Center,Cardiology,2025-05-25 21:56:00,61,149,78,99.7,22,100,2
SYN-V-003091,SYN-P-00147,SYN-E-000758,Synthetic Regional Medical Center,Cardiology,2025-05-25 23:41:00,75,140,76,97.9,17,99,0
SYN-V-003092,SYN-P-00147,SYN-E-000758,Synthetic Regional Medical Center,Cardiology,2025-05-26 04:27:00,95,133,79,99.2,15,95,
SYN-V-003093,SYN-P-00147,SYN-E-000758,Synthetic Regional Medical Center,Cardiology,2025-05-26 07:42:00,57,141,69,99.3,22,96,3
SYN-V-003094,SYN-P-00147,SYN-E-000758,Synthetic Regional Medical Center,Cardiology,2025-05-26 16:35:00,55,115,67,97.4,14,96,6
SYN-V-003095,SYN-P-00147,SYN-E-000758,Synthetic Regional Medical Center,Cardiology,2025-05-26 19:07:00,84,117,76,98.8,22,95,7
SYN-V-003096,SYN-P-00147,SYN-E-000758,Synthetic Regional Medical Center,Cardiology,2025-05-26 19:59:00,97,102,95,97.7,14,92,7
SYN-V-003097,SYN-P-00147,SYN-E-000758,Synthetic Regional Medical Center,Cardiology,2025-05-26 21:59:00,92,117,65,99.4,15,96,7
SYN-V-003098,SYN-P-00147,SYN-E-000758,Synthetic Regional Medical Center,Cardiology,2025-05-27 02:12:00,85,110,91,98.7,17,95,8
SYN-V-003099,SYN-P-00147,SYN-E-000758,Synthetic Regional Medical Center,Cardiology,2025-05-27 03:44:00,99,144,62,98.4,18,99,7
SYN-V-003100,SYN-P-00147,SYN-E-000758,Synthetic Regional Medical Center,Cardiology,2025-05-27 15:51:00,57,118,74,98.6,15,98,6
SYN-V-003101,SYN-P-00147,SYN-E-000758,Synthetic Regional Medical Center,Cardiology,2025-05-27 16:12:00,87,114,78,98.0,19,99,6
SYN-V-003102,SYN-P-00164,SYN-E-000759,Synthetic Outpatient Center,Primary Care,2025-05-27 06:37:00,74,145,67,99.4,15,96,4
SYN-V-003103,SYN-P-00164,SYN-E-000759,Synthetic Outpatient Center,Primary Care,2025-05-27 09:44:00,73,126,62,97.4,19,96,6
SYN-V-003104,SYN-P-00193,SYN-E-000760,Synthetic Outpatient Center,Pulmonology,2025-05-27 08:44:00,93,123,68,97.1,20,93,8
SYN-V-003105,SYN-P-00027,SYN-E-000761,Synthetic Specialty Clinic,Primary Care,2025-05-27 14:14:00,55,140,75,99.6,18,96,1
SYN-V-003106,SYN-P-00027,SYN-E-000761,Synthetic Specialty Clinic,Primary Care,2025-05-27 14:19:00,71,123,69,98.3,18,95,5
SYN-V-003107,SYN-P-00059,SYN-E-000762,Synthetic Regional Medical Center,Emergency,2025-05-27 21:49:00,85,100,79,99.6,17,99,3
SYN-V-003108,SYN-P-00059,SYN-E-000762,Synthetic Regional Medical Center,Emergency,2025-05-27 22:08:00,63,148,83,98.6,18,100,
SYN-V-003109,SYN-P-00059,SYN-E-000762,Synthetic Regional Medical Center,Emergency,2025-05-27 22:55:00,103,120,82,99.0,15,94,7
SYN-V-003110,SYN-P-00021,SYN-E-000763,Synthetic Regional Medical Center,Neurology,2025-05-28 12:39:00,85,128,89,99.7,18,93,4
SYN-V-003111,SYN-P-00021,SYN-E-000763,Synthetic Regional Medical Center,Neurology,2025-05-28 21:52:00,68,119,83,99.7,12,94,2
SYN-V-003112,SYN-P-00021,SYN-E-000763,Synthetic Regional Medical Center,Neurology,2025-05-28 22:20:00,73,147,67,97.6,20,92,7
SYN-V-003113,SYN-P-00021,SYN-E-000763,Synthetic Regional Medical Center,Neurology,2025-05-29 04:31:00,95,128,61,97.5,22,94,7
SYN-V-003114,SYN-P-00021,SYN-E-000763,Synthetic Regional Medical Center,Neurology,2025-05-29 14:06:00,83,142,79,97.2,20,97,6
SYN-V-003115,SYN-P-00021,SYN-E-000763,Synthetic Regional Medical Center,Neurology,2025-05-29 16:56:00,61,158,83,98.0,13,95,3
SYN-V-003116,SYN-P-00021,SYN-E-000763,Synthetic Regional Medical Center,Neurology,2025-05-29 23:28:00,88,151,90,99.2,12,94,
SYN-V-003117,SYN-P-00021,SYN-E-000763,Synthetic Regional Medical Center,Neurology,2025-05-30 07:20:00,71,123,77,97.8,13,95,0
SYN-V-003118,SYN-P-00021,SYN-E-000763,Synthetic Regional Medical Center,Neurology,2025-05-31 11:12:00,65,126,67,99.8,17,100,7
SYN-V-003119,SYN-P-00021,SYN-E-000763,Synthetic Regional Medical Center,Neurology,2025-05-31 16:38:00,104,128,83,98.9,19,92,6
SYN-V-003120,SYN-P-00113,SYN-E-000764,Synthetic Outpatient Center,Orthopedics,2025-05-28 23:53:00,68,141,82,97.7,19,98,3
SYN-V-003121,SYN-P-00077,SYN-E-000765,Synthetic Outpatient Center,Primary Care,2025-05-29 09:46:00,82,127,87,97.4,16,95,2
SYN-V-003122,SYN-P-00024,SYN-E-000766,Synthetic Community Hospital West,Neurology,2025-05-29 20:30:00,72,137,64,97.3,17,98,3
SYN-V-003123,SYN-P-00024,SYN-E-000766,Synthetic Community Hospital West,Neurology,2025-05-30 12:12:00,70,112,94,98.2,22,100,1
SYN-V-003124,SYN-P-00024,SYN-E-000766,Synthetic Community Hospital West,Neurology,2025-05-30 17:26:00,72,130,75,98.4,22,94,2
SYN-V-003125,SYN-P-00024,SYN-E-000766,Synthetic Community Hospital West,Neurology,2025-05-30 20:37:00,109,102,67,98.9,18,93,4
SYN-V-003126,SYN-P-00024,SYN-E-000766,Synthetic Community Hospital West,Neurology,2025-05-30 20:54:00,106,106,93,98.8,19,99,5
SYN-V-003127,SYN-P-00024,SYN-E-000766,Synthetic Community Hospital West,Neurology,2025-06-01 07:47:00,103,132,84,98.1,20,95,6
SYN-V-003128,SYN-P-00024,SYN-E-000766,Synthetic Community Hospital West,Neurology,2025-06-01 14:07:00,62,110,87,97.7,16,93,0
SYN-V-003129,SYN-P-00024,SYN-E-000766,Synthetic Community Hospital West,Neurology,2025-06-01 20:23:00,95,153,76,97.7,20,95,1
SYN-V-003130,SYN-P-00024,SYN-E-000766,Synthetic Community Hospital West,Neurology,2025-06-01 22:03:00,89,102,66,99.5,15,99,1
SYN-V-003131,SYN-P-00024,SYN-E-000766,Synthetic Community Hospital West,Neurology,2025-06-02 17:09:00,76,104,74,97.3,12,92,3
SYN-V-003132,SYN-P-00024,SYN-E-000766,Synthetic Community Hospital West,Neurology,2025-06-02 18:38:00,105,132,91,99.6,20,96,0
SYN-V-003133,SYN-P-00024,SYN-E-000766,Synthetic Community Hospital West,Neurology,2025-06-02 22:43:00,82,104,85,98.5,13,94,5
SYN-V-003134,SYN-P-00024,SYN-E-000766,Synthetic Community Hospital West,Neurology,2025-06-02 23:26:00,92,106,87,98.6,18,100,1
SYN-V-003135,SYN-P-00024,SYN-E-000766,Synthetic Community Hospital West,Neurology,2025-06-03 01:11:00,95,114,94,97.1,22,93,5
SYN-V-003136,SYN-P-00024,SYN-E-000766,Synthetic Community Hospital West,Neurology,2025-06-03 03:29:00,89,110,61,98.2,15,97,0
SYN-V-003137,SYN-P-00024,SYN-E-000766,Synthetic Community Hospital West,Neurology,2025-06-03 07:07:00,64,121,66,98.6,17,98,4
SYN-V-003138,SYN-P-00024,SYN-E-000766,Synthetic Community Hospital West,Neurology,2025-06-03 11:08:00,70,109,74,99.4,17,94,1
SYN-V-003139,SYN-P-00024,SYN-E-000766,Synthetic Community Hospital West,Neurology,2025-06-04 10:10:00,73,142,61,98.3,14,99,0
SYN-V-003140,SYN-P-00024,SYN-E-000766,Synthetic Community Hospital West,Neurology,2025-06-04 10:43:00,64,125,78,99.0,22,100,0
SYN-V-003141,SYN-P-00024,SYN-E-000766,Synthetic Community Hospital West,Neurology,2025-06-04 14:54:00,82,149,73,99.1,20,98,4
SYN-V-003142,SYN-P-00041,SYN-E-000767,Synthetic Regional Medical Center,Emergency,2025-05-30 10:01:00,90,131,67,99.2,22,96,0
SYN-V-003143,SYN-P-00041,SYN-E-000767,Synthetic Regional Medical Center,Emergency,2025-05-30 12:34:00,102,137,83,97.5,22,95,7
SYN-V-003144,SYN-P-00041,SYN-E-000767,Synthetic Regional Medical Center,Emergency,2025-05-30 12:45:00,94,121,75,99.0,14,99,2
SYN-V-003145,SYN-P-00041,SYN-E-000767,Synthetic Regional Medical Center,Emergency,2025-05-30 12:47:00,73,121,95,98.1,15,93,0
SYN-V-003146,SYN-P-00041,SYN-E-000767,Synthetic Regional Medical Center,Emergency,2025-05-30 12:58:00,109,142,71,99.8,21,99,3
SYN-V-003147,SYN-P-00041,SYN-E-000767,Synthetic Regional Medical Center,Emergency,2025-05-30 13:05:00,64,158,83,99.5,13,95,7
SYN-V-003148,SYN-P-00011,SYN-E-000768,Synthetic Community Hospital East,Primary Care,2025-05-31 02:06:00,86,117,80,98.3,14,96,0
SYN-V-003149,SYN-P-00109,SYN-E-000769,Synthetic Community Hospital East,Nephrology,2025-06-01 02:17:00,84,144,90,99.5,21,100,5
SYN-V-003150,SYN-P-00109,SYN-E-000769,Synthetic Community Hospital East,Nephrology,2025-06-01 04:33:00,97,146,82,99.1,20,94,6
SYN-V-003151,SYN-P-00109,SYN-E-000769,Synthetic Community Hospital East,Nephrology,2025-06-02 20:04:00,76,115,93,99.6,22,98,8
SYN-V-003152,SYN-P-00109,SYN-E-000769,Synthetic Community Hospital East,Nephrology,2025-06-03 19:07:00,64,118,93,98.9,15,100,1
SYN-V-003153,SYN-P-00109,SYN-E-000769,Synthetic Community Hospital East,Nephrology,2025-06-03 19:20:00,63,102,76,97.3,20,99,0
SYN-V-003154,SYN-P-00109,SYN-E-000769,Synthetic Community Hospital East,Nephrology,2025-06-03 23:23:00,73,116,64,99.7,14,98,5
SYN-V-003155,SYN-P-00109,SYN-E-000769,Synthetic Community Hospital East,Nephrology,2025-06-04 07:05:00,72,124,89,97.6,14,95,0
SYN-V-003156,SYN-P-00109,SYN-E-000769,Synthetic Community Hospital East,Nephrology,2025-06-04 09:59:00,99,124,70,99.7,15,96,7
SYN-V-003157,SYN-P-00109,SYN-E-000769,Synthetic Community Hospital East,Nephrology,2025-06-04 19:14:00,73,158,92,97.4,13,92,3
SYN-V-003158,SYN-P-00109,SYN-E-000769,Synthetic Community Hospital East,Nephrology,2025-06-05 01:55:00,81,126,91,99.4,15,99,5
SYN-V-003159,SYN-P-00109,SYN-E-000769,Synthetic Community Hospital East,Nephrology,2025-06-05 01:57:00,86,140,80,98.4,16,93,8
SYN-V-003160,SYN-P-00109,SYN-E-000769,Synthetic Community Hospital East,Nephrology,2025-06-05 17:06:00,107,113,60,98.5,15,100,0
SYN-V-003161,SYN-P-00109,SYN-E-000769,Synthetic Community Hospital East,Nephrology,2025-06-06 06:26:00,99,159,95,98.1,16,92,8
SYN-V-003162,SYN-P-00109,SYN-E-000769,Synthetic Community Hospital East,Nephrology,2025-06-06 08:42:00,104,145,79,97.2,19,97,6
SYN-V-003163,SYN-P-00109,SYN-E-000769,Synthetic Community Hospital East,Nephrology,2025-06-06 10:18:00,84,114,91,98.5,18,95,6
SYN-V-003164,SYN-P-00190,SYN-E-000770,Synthetic Specialty Clinic,Orthopedics,2025-06-01 01:53:00,87,127,81,99.1,21,96,0
SYN-V-003165,SYN-P-00176,SYN-E-000771,Synthetic Regional Medical Center,Emergency,2025-06-02 21:23:00,61,146,95,99.7,19,99,4
SYN-V-003166,SYN-P-00176,SYN-E-000771,Synthetic Regional Medical Center,Emergency,2025-06-02 21:25:00,70,145,80,97.1,15,95,1
SYN-V-003167,SYN-P-00176,SYN-E-000771,Synthetic Regional Medical Center,Emergency,2025-06-02 21:49:00,97,144,83,99.7,15,95,0
SYN-V-003168,SYN-P-00176,SYN-E-000771,Synthetic Regional Medical Center,Emergency,2025-06-02 23:48:00,73,136,81,99.7,14,98,0
SYN-V-003169,SYN-P-00047,SYN-E-000772,Synthetic Regional Medical Center,Orthopedics,2025-06-03 14:35:00,107,156,74,99.0,22,94,7
SYN-V-003170,SYN-P-00047,SYN-E-000772,Synthetic Regional Medical Center,Orthopedics,2025-06-03 15:03:00,73,103,61,99.5,22,97,8
SYN-V-003171,SYN-P-00135,SYN-E-000773,Synthetic Community Hospital East,Emergency,2025-06-03 19:00:00,105,108,74,97.9,12,94,5
SYN-V-003172,SYN-P-00135,SYN-E-000773,Synthetic Community Hospital East,Emergency,2025-06-03 20:03:00,94,146,74,99.4,15,98,3
SYN-V-003173,SYN-P-00135,SYN-E-000773,Synthetic Community Hospital East,Emergency,2025-06-03 22:10:00,69,149,65,97.9,22,97,3
SYN-V-003174,SYN-P-00148,SYN-E-000775,Synthetic Community Hospital East,Neurology,2025-06-05 20:10:00,95,112,85,97.4,16,92,2
SYN-V-003175,SYN-P-00148,SYN-E-000775,Synthetic Community Hospital East,Neurology,2025-06-06 05:36:00,57,107,75,97.4,17,96,3
SYN-V-003176,SYN-P-00148,SYN-E-000775,Synthetic Community Hospital East,Neurology,2025-06-06 09:30:00,84,143,83,99.6,19,95,5
SYN-V-003177,SYN-P-00148,SYN-E-000775,Synthetic Community Hospital East,Neurology,2025-06-06 21:37:00,80,120,85,99.2,12,92,0
SYN-V-003178,SYN-P-00148,SYN-E-000775,Synthetic Community Hospital East,Neurology,2025-06-07 01:48:00,89,107,70,98.0,15,100,7
SYN-V-003179,SYN-P-00148,SYN-E-000775,Synthetic Community Hospital East,Neurology,2025-06-07 04:49:00,96,136,82,97.7,19,92,7
SYN-V-003180,SYN-P-00148,SYN-E-000775,Synthetic Community Hospital East,Neurology,2025-06-07 05:28:00,102,142,71,98.9,12,99,6
SYN-V-003181,SYN-P-00148,SYN-E-000775,Synthetic Community Hospital East,Neurology,2025-06-07 06:50:00,108,122,60,97.6,14,98,7
SYN-V-003182,SYN-P-00148,SYN-E-000775,Synthetic Community Hospital East,Neurology,2025-06-07 10:16:00,108,103,92,99.1,21,100,2
SYN-V-003183,SYN-P-00148,SYN-E-000775,Synthetic Community Hospital East,Neurology,2025-06-07 14:54:00,104,149,90,97.7,15,98,1
SYN-V-003184,SYN-P-00148,SYN-E-000775,Synthetic Community Hospital East,Neurology,2025-06-07 18:52:00,72,112,69,98.8,15,97,7
SYN-V-003185,SYN-P-00148,SYN-E-000775,Synthetic Community Hospital East,Neurology,2025-06-08 02:53:00,80,153,90,99.5,12,98,4
SYN-V-003186,SYN-P-00148,SYN-E-000775,Synthetic Community Hospital East,Neurology,2025-06-08 14:17:00,83,126,84,99.5,17,98,4
SYN-V-003187,SYN-P-00148,SYN-E-000775,Synthetic Community Hospital East,Neurology,2025-06-09 04:14:00,82,132,74,97.3,15,97,3
SYN-V-003188,SYN-P-00148,SYN-E-000775,Synthetic Community Hospital East,Neurology,2025-06-09 08:39:00,110,121,63,97.4,21,96,3
SYN-V-003189,SYN-P-00148,SYN-E-000775,Synthetic Community Hospital East,Neurology,2025-06-09 09:17:00,64,130,71,99.4,21,94,1
SYN-V-003190,SYN-P-00148,SYN-E-000775,Synthetic Community Hospital East,Neurology,2025-06-09 17:29:00,86,114,87,97.6,22,93,2
SYN-V-003191,SYN-P-00163,SYN-E-000776,Synthetic Regional Medical Center,Internal Medicine,2025-06-07 11:25:00,65,112,76,99.6,21,94,4
SYN-V-003192,SYN-P-00163,SYN-E-000776,Synthetic Regional Medical Center,Internal Medicine,2025-06-07 14:27:00,57,127,83,99.6,20,95,5
SYN-V-003193,SYN-P-00163,SYN-E-000776,Synthetic Regional Medical Center,Internal Medicine,2025-06-08 10:23:00,109,160,83,97.9,15,97,7
SYN-V-003194,SYN-P-00163,SYN-E-000776,Synthetic Regional Medical Center,Internal Medicine,2025-06-08 18:07:00,106,134,68,98.1,17,92,
SYN-V-003195,SYN-P-00163,SYN-E-000776,Synthetic Regional Medical Center,Internal Medicine,2025-06-09 10:01:00,62,112,93,97.4,18,92,7
SYN-V-003196,SYN-P-00163,SYN-E-000776,Synthetic Regional Medical Center,Internal Medicine,2025-06-09 19:15:00,55,129,95,98.6,17,99,4
SYN-V-003197,SYN-P-00163,SYN-E-000776,Synthetic Regional Medical Center,Internal Medicine,2025-06-10 05:31:00,57,135,81,97.6,18,93,2
SYN-V-003198,SYN-P-00163,SYN-E-000776,Synthetic Regional Medical Center,Internal Medicine,2025-06-10 08:35:00,82,147,77,99.1,18,98,6
SYN-V-003199,SYN-P-00163,SYN-E-000776,Synthetic Regional Medical Center,Internal Medicine,2025-06-10 10:27:00,103,116,69,99.3,22,92,3
SYN-V-003200,SYN-P-00163,SYN-E-000776,Synthetic Regional Medical Center,Internal Medicine,2025-06-10 16:36:00,87,144,63,98.0,13,94,3
SYN-V-003201,SYN-P-00163,SYN-E-000776,Synthetic Regional Medical Center,Internal Medicine,2025-06-10 23:27:00,79,113,71,98.8,14,100,7
SYN-V-003202,SYN-P-00067,SYN-E-000777,Synthetic Regional Medical Center,Neurology,2025-06-07 18:25:00,71,103,69,98.3,12,94,5
SYN-V-003203,SYN-P-00067,SYN-E-000777,Synthetic Regional Medical Center,Neurology,2025-06-08 02:26:00,83,145,75,98.6,21,95,4
SYN-V-003204,SYN-P-00067,SYN-E-000777,Synthetic Regional Medical Center,Neurology,2025-06-08 16:41:00,57,119,72,98.6,22,92,0
SYN-V-003205,SYN-P-00067,SYN-E-000777,Synthetic Regional Medical Center,Neurology,2025-06-08 19:40:00,72,107,76,97.9,22,93,5
SYN-V-003206,SYN-P-00067,SYN-E-000777,Synthetic Regional Medical Center,Neurology,2025-06-09 00:44:00,79,148,83,98.8,19,93,6
SYN-V-003207,SYN-P-00067,SYN-E-000777,Synthetic Regional Medical Center,Neurology,2025-06-09 04:48:00,107,156,75,99.3,12,93,0
SYN-V-003208,SYN-P-00067,SYN-E-000777,Synthetic Regional Medical Center,Neurology,2025-06-09 05:53:00,105,124,91,98.4,15,93,8
SYN-V-003209,SYN-P-00067,SYN-E-000777,Synthetic Regional Medical Center,Neurology,2025-06-09 11:50:00,97,157,89,98.8,20,92,3
SYN-V-003210,SYN-P-00067,SYN-E-000777,Synthetic Regional Medical Center,Neurology,2025-06-10 01:41:00,86,154,92,97.7,20,96,4
SYN-V-003211,SYN-P-00067,SYN-E-000777,Synthetic Regional Medical Center,Neurology,2025-06-10 03:57:00,64,131,85,98.9,17,95,6
SYN-V-003212,SYN-P-00067,SYN-E-000777,Synthetic Regional Medical Center,Neurology,2025-06-10 09:57:00,57,113,62,98.1,14,99,1
SYN-V-003213,SYN-P-00189,SYN-E-000778,Synthetic Regional Medical Center,Emergency,2025-06-07 14:50:00,60,141,83,99.6,17,98,0
SYN-V-003214,SYN-P-00182,SYN-E-000779,Synthetic Community Hospital West,Emergency,2025-06-07 19:02:00,90,157,93,99.6,22,96,1
SYN-V-003215,SYN-P-00037,SYN-E-000780,Synthetic Regional Medical Center,Internal Medicine,2025-06-09 03:56:00,66,134,72,99.2,18,100,0
SYN-V-003216,SYN-P-00037,SYN-E-000780,Synthetic Regional Medical Center,Internal Medicine,2025-06-09 06:49:00,99,125,67,97.9,18,97,8
SYN-V-003217,SYN-P-00037,SYN-E-000780,Synthetic Regional Medical Center,Internal Medicine,2025-06-09 14:46:00,102,105,90,97.0,21,98,6
SYN-V-003218,SYN-P-00037,SYN-E-000780,Synthetic Regional Medical Center,Internal Medicine,2025-06-09 15:39:00,96,109,69,99.8,22,99,1
SYN-V-003219,SYN-P-00129,SYN-E-000781,Synthetic Outpatient Center,Primary Care,2025-06-08 19:23:00,57,159,95,98.8,20,95,6
SYN-V-003220,SYN-P-00129,SYN-E-000781,Synthetic Outpatient Center,Primary Care,2025-06-08 19:50:00,62,133,66,99.4,22,94,0
SYN-V-003221,SYN-P-00068,SYN-E-000782,Synthetic Community Hospital East,Internal Medicine,2025-06-08 21:39:00,70,118,69,99.4,14,98,2
SYN-V-003222,SYN-P-00068,SYN-E-000782,Synthetic Community Hospital East,Internal Medicine,2025-06-08 22:16:00,101,146,82,97.5,22,97,8
SYN-V-003223,SYN-P-00068,SYN-E-000782,Synthetic Community Hospital East,Internal Medicine,2025-06-08 22:44:00,99,136,72,97.6,20,92,0
SYN-V-003224,SYN-P-00068,SYN-E-000782,Synthetic Community Hospital East,Internal Medicine,2025-06-08 22:59:00,62,101,75,99.0,16,97,2
SYN-V-003225,SYN-P-00068,SYN-E-000782,Synthetic Community Hospital East,Internal Medicine,2025-06-08 23:01:00,109,114,67,99.5,22,97,3
SYN-V-003226,SYN-P-00068,SYN-E-000782,Synthetic Community Hospital East,Internal Medicine,2025-06-08 23:06:00,56,114,79,99.0,13,92,5
SYN-V-003227,SYN-P-00068,SYN-E-000782,Synthetic Community Hospital East,Internal Medicine,2025-06-09 00:23:00,62,158,92,99.1,19,97,7
SYN-V-003228,SYN-P-00068,SYN-E-000782,Synthetic Community Hospital East,Internal Medicine,2025-06-09 00:53:00,99,117,90,97.5,16,93,1
SYN-V-003229,SYN-P-00068,SYN-E-000782,Synthetic Community Hospital East,Internal Medicine,2025-06-09 01:30:00,77,157,79,99.4,12,92,1
SYN-V-003230,SYN-P-00025,SYN-E-000784,Synthetic Community Hospital West,Endocrinology,2025-06-09 02:54:00,64,159,65,98.9,18,100,3
SYN-V-003231,SYN-P-00025,SYN-E-000784,Synthetic Community Hospital West,Endocrinology,2025-06-09 06:21:00,105,139,63,97.1,14,96,8
SYN-V-003232,SYN-P-00165,SYN-E-000785,Synthetic Community Hospital East,Cardiology,2025-06-10 09:58:00,81,154,67,98.4,17,98,3
SYN-V-003233,SYN-P-00165,SYN-E-000785,Synthetic Community Hospital East,Cardiology,2025-06-10 13:05:00,91,152,88,97.0,13,95,7
SYN-V-003234,SYN-P-00165,SYN-E-000785,Synthetic Community Hospital East,Cardiology,2025-06-10 21:32:00,61,148,65,99.7,12,97,2
SYN-V-003235,SYN-P-00165,SYN-E-000785,Synthetic Community Hospital East,Cardiology,2025-06-11 01:02:00,105,101,63,98.9,19,100,1
SYN-V-003236,SYN-P-00165,SYN-E-000785,Synthetic Community Hospital East,Cardiology,2025-06-11 05:41:00,61,107,86,98.9,16,95,1
SYN-V-003237,SYN-P-00165,SYN-E-000785,Synthetic Community Hospital East,Cardiology,2025-06-11 06:37:00,69,101,88,97.1,16,98,1
SYN-V-003238,SYN-P-00165,SYN-E-000785,Synthetic Community Hospital East,Cardiology,2025-06-12 06:53:00,85,139,90,98.2,12,100,2
SYN-V-003239,SYN-P-00165,SYN-E-000785,Synthetic Community Hospital East,Cardiology,2025-06-12 09:34:00,70,112,90,98.7,17,100,4
SYN-V-003240,SYN-P-00165,SYN-E-000785,Synthetic Community Hospital East,Cardiology,2025-06-12 14:44:00,99,119,73,99.5,12,100,5
SYN-V-003241,SYN-P-00019,SYN-E-000788,Synthetic Community Hospital West,Emergency,2025-06-12 01:33:00,93,156,74,97.7,13,92,6
SYN-V-003242,SYN-P-00164,SYN-E-000789,Synthetic Specialty Clinic,Primary Care,2025-06-12 10:49:00,79,116,91,98.1,17,92,5
SYN-V-003243,SYN-P-00043,SYN-E-000791,Synthetic Community Hospital West,Cardiology,2025-06-14 04:12:00,59,154,75,97.2,16,99,8
SYN-V-003244,SYN-P-00043,SYN-E-000791,Synthetic Community Hospital West,Cardiology,2025-06-14 09:50:00,80,125,82,99.8,14,96,0
SYN-V-003245,SYN-P-00043,SYN-E-000791,Synthetic Community Hospital West,Cardiology,2025-06-14 14:53:00,99,101,89,98.9,14,93,5
SYN-V-003246,SYN-P-00043,SYN-E-000791,Synthetic Community Hospital West,Cardiology,2025-06-14 18:16:00,108,148,89,99.8,20,100,7
SYN-V-003247,SYN-P-00043,SYN-E-000791,Synthetic Community Hospital West,Cardiology,2025-06-15 05:52:00,63,152,68,97.8,15,99,1
SYN-V-003248,SYN-P-00043,SYN-E-000791,Synthetic Community Hospital West,Cardiology,2025-06-15 11:36:00,99,108,87,98.6,15,99,
SYN-V-003249,SYN-P-00043,SYN-E-000791,Synthetic Community Hospital West,Cardiology,2025-06-15 13:12:00,65,101,73,98.1,19,99,1
SYN-V-003250,SYN-P-00112,SYN-E-000793,Synthetic Community Hospital West,Cardiology,2025-06-15 15:07:00,56,143,69,99.2,20,92,6
SYN-V-003251,SYN-P-00076,SYN-E-000794,Synthetic Outpatient Center,Primary Care,2025-06-17 06:17:00,57,130,87,99.6,17,98,3
SYN-V-003252,SYN-P-00022,SYN-E-000795,Synthetic Outpatient Center,Endocrinology,2025-06-17 10:12:00,65,137,83,98.8,13,92,3
SYN-V-003253,SYN-P-00022,SYN-E-000795,Synthetic Outpatient Center,Endocrinology,2025-06-17 10:40:00,106,119,76,97.1,19,96,2
SYN-V-003254,SYN-P-00102,SYN-E-000796,Synthetic Specialty Clinic,Pulmonology,2025-06-17 08:16:00,109,112,63,99.4,19,93,1
SYN-V-003255,SYN-P-00102,SYN-E-000796,Synthetic Specialty Clinic,Pulmonology,2025-06-17 08:47:00,68,107,90,97.6,17,95,5
SYN-V-003256,SYN-P-00063,SYN-E-000797,Synthetic Specialty Clinic,Orthopedics,2025-06-18 02:03:00,84,135,89,98.6,20,100,6
SYN-V-003257,SYN-P-00063,SYN-E-000797,Synthetic Specialty Clinic,Orthopedics,2025-06-18 03:45:00,98,125,89,97.1,17,99,5
SYN-V-003258,SYN-P-00178,SYN-E-000799,Synthetic Community Hospital West,Emergency,2025-06-20 12:13:00,76,124,66,97.8,20,98,6
SYN-V-003259,SYN-P-00178,SYN-E-000799,Synthetic Community Hospital West,Emergency,2025-06-20 12:30:00,97,121,69,97.8,13,93,8
SYN-V-003260,SYN-P-00178,SYN-E-000799,Synthetic Community Hospital West,Emergency,2025-06-20 14:35:00,82,150,76,97.7,16,97,
SYN-V-003261,SYN-P-00178,SYN-E-000799,Synthetic Community Hospital West,Emergency,2025-06-20 14:38:00,103,113,92,97.1,21,94,6
SYN-V-003262,SYN-P-00178,SYN-E-000799,Synthetic Community Hospital West,Emergency,2025-06-20 15:27:00,84,145,90,98.8,14,99,3
SYN-V-003263,SYN-P-00128,SYN-E-000800,Synthetic Specialty Clinic,Primary Care,2025-06-20 19:26:00,91,148,69,97.8,15,97,8
SYN-V-003264,SYN-P-00128,SYN-E-000800,Synthetic Specialty Clinic,Primary Care,2025-06-20 20:15:00,61,113,72,98.1,22,96,5
SYN-V-003265,SYN-P-00070,SYN-E-000801,Synthetic Outpatient Center,Primary Care,2025-06-21 18:14:00,102,159,66,98.1,18,100,0
SYN-V-003266,SYN-P-00152,SYN-E-000802,Synthetic Community Hospital West,Emergency,2025-06-22 01:56:00,110,142,81,99.7,17,95,8
SYN-V-003267,SYN-P-00152,SYN-E-000802,Synthetic Community Hospital West,Emergency,2025-06-22 02:34:00,94,120,92,99.8,15,92,5
SYN-V-003268,SYN-P-00152,SYN-E-000802,Synthetic Community Hospital West,Emergency,2025-06-22 04:14:00,84,151,66,98.3,18,97,6
SYN-V-003269,SYN-P-00152,SYN-E-000802,Synthetic Community Hospital West,Emergency,2025-06-22 04:20:00,106,151,86,98.3,19,98,8
SYN-V-003270,SYN-P-00152,SYN-E-000802,Synthetic Community Hospital West,Emergency,2025-06-22 04:41:00,58,160,61,97.0,21,92,2
SYN-V-003271,SYN-P-00121,SYN-E-000803,Synthetic Specialty Clinic,Endocrinology,2025-06-22 10:38:00,94,122,68,99.6,19,99,5
SYN-V-003272,SYN-P-00044,SYN-E-000804,Synthetic Community Hospital West,Emergency,2025-06-22 16:28:00,65,116,62,98.7,15,92,8
SYN-V-003273,SYN-P-00044,SYN-E-000804,Synthetic Community Hospital West,Emergency,2025-06-22 16:52:00,98,155,92,98.9,12,94,8
SYN-V-003274,SYN-P-00044,SYN-E-000804,Synthetic Community Hospital West,Emergency,2025-06-22 17:37:00,97,103,64,97.5,17,94,7
SYN-V-003275,SYN-P-00044,SYN-E-000804,Synthetic Community Hospital West,Emergency,2025-06-22 17:43:00,102,132,65,97.7,22,98,2
SYN-V-003276,SYN-P-00044,SYN-E-000804,Synthetic Community Hospital West,Emergency,2025-06-22 17:59:00,56,103,66,97.5,13,93,6
SYN-V-003277,SYN-P-00044,SYN-E-000804,Synthetic Community Hospital West,Emergency,2025-06-22 18:52:00,70,149,88,98.7,16,99,8
SYN-V-003278,SYN-P-00098,SYN-E-000805,Synthetic Outpatient Center,Endocrinology,2025-06-22 19:39:00,106,157,67,99.1,22,95,2
SYN-V-003279,SYN-P-00098,SYN-E-000805,Synthetic Outpatient Center,Endocrinology,2025-06-22 19:46:00,86,140,88,97.2,16,95,4
SYN-V-003280,SYN-P-00098,SYN-E-000805,Synthetic Outpatient Center,Endocrinology,2025-06-22 20:28:00,96,157,67,98.3,17,93,5
SYN-V-003281,SYN-P-00098,SYN-E-000805,Synthetic Outpatient Center,Endocrinology,2025-06-22 23:02:00,103,125,72,98.2,18,94,8
SYN-V-003282,SYN-P-00138,SYN-E-000806,Synthetic Community Hospital East,Emergency,2025-06-23 04:47:00,55,140,70,97.0,13,97,7
SYN-V-003283,SYN-P-00138,SYN-E-000806,Synthetic Community Hospital East,Emergency,2025-06-23 06:30:00,82,110,78,99.0,22,97,5
SYN-V-003284,SYN-P-00033,SYN-E-000807,Synthetic Regional Medical Center,Internal Medicine,2025-06-23 08:09:00,78,149,94,99.4,20,98,
SYN-V-003285,SYN-P-00033,SYN-E-000807,Synthetic Regional Medical Center,Internal Medicine,2025-06-23 08:09:00,96,151,74,98.2,20,93,5
SYN-V-003286,SYN-P-00033,SYN-E-000807,Synthetic Regional Medical Center,Internal Medicine,2025-06-23 09:33:00,57,141,65,97.4,18,93,7
SYN-V-003287,SYN-P-00033,SYN-E-000807,Synthetic Regional Medical Center,Internal Medicine,2025-06-23 10:00:00,69,118,89,97.2,19,92,8
SYN-V-003288,SYN-P-00033,SYN-E-000807,Synthetic Regional Medical Center,Internal Medicine,2025-06-23 11:27:00,85,148,86,97.6,13,98,3
SYN-V-003289,SYN-P-00033,SYN-E-000807,Synthetic Regional Medical Center,Internal Medicine,2025-06-23 11:43:00,87,123,87,98.3,12,98,7
SYN-V-003290,SYN-P-00103,SYN-E-000808,Synthetic Regional Medical Center,Pulmonology,2025-06-24 01:59:00,61,122,86,99.2,14,97,8
SYN-V-003291,SYN-P-00104,SYN-E-000809,Synthetic Specialty Clinic,Endocrinology,2025-06-24 03:38:00,78,156,93,97.4,12,93,8
SYN-V-003292,SYN-P-00078,SYN-E-000810,Synthetic Community Hospital West,Emergency,2025-06-24 07:37:00,87,150,65,98.9,18,92,6
SYN-V-003293,SYN-P-00065,SYN-E-000811,Synthetic Community Hospital West,Emergency,2025-06-24 18:39:00,93,147,67,99.6,15,98,6
SYN-V-003294,SYN-P-00065,SYN-E-000811,Synthetic Community Hospital West,Emergency,2025-06-24 20:29:00,74,157,95,98.2,12,95,6
SYN-V-003295,SYN-P-00065,SYN-E-000811,Synthetic Community Hospital West,Emergency,2025-06-24 20:42:00,95,129,86,99.5,14,94,2
SYN-V-003296,SYN-P-00065,SYN-E-000811,Synthetic Community Hospital West,Emergency,2025-06-24 21:50:00,83,141,88,99.6,17,92,3
SYN-V-003297,SYN-P-00065,SYN-E-000811,Synthetic Community Hospital West,Emergency,2025-06-24 22:01:00,72,118,94,97.4,22,99,7
SYN-V-003298,SYN-P-00060,SYN-E-000812,Synthetic Community Hospital East,Emergency,2025-06-24 19:01:00,83,158,85,97.1,19,99,5
SYN-V-003299,SYN-P-00060,SYN-E-000812,Synthetic Community Hospital East,Emergency,2025-06-24 21:44:00,106,127,77,97.1,14,93,1
SYN-V-003300,SYN-P-00060,SYN-E-000812,Synthetic Community Hospital East,Emergency,2025-06-24 21:44:00,80,149,78,98.5,12,93,5
SYN-V-003301,SYN-P-00060,SYN-E-000812,Synthetic Community Hospital East,Emergency,2025-06-24 21:46:00,75,146,84,98.6,14,97,6
SYN-V-003302,SYN-P-00180,SYN-E-000813,Synthetic Regional Medical Center,Emergency,2025-06-25 00:12:00,107,157,76,97.8,12,97,2
SYN-V-003303,SYN-P-00180,SYN-E-000813,Synthetic Regional Medical Center,Emergency,2025-06-25 00:26:00,69,110,95,97.7,22,93,1
SYN-V-003304,SYN-P-00180,SYN-E-000813,Synthetic Regional Medical Center,Emergency,2025-06-25 01:09:00,75,152,89,97.4,19,100,1
SYN-V-003305,SYN-P-00180,SYN-E-000813,Synthetic Regional Medical Center,Emergency,2025-06-25 02:32:00,57,128,93,98.1,16,98,8
SYN-V-003306,SYN-P-00180,SYN-E-000813,Synthetic Regional Medical Center,Emergency,2025-06-25 02:35:00,104,103,71,98.4,14,98,1
SYN-V-003307,SYN-P-00180,SYN-E-000813,Synthetic Regional Medical Center,Emergency,2025-06-25 03:03:00,98,151,82,97.1,21,93,5
SYN-V-003308,SYN-P-00094,SYN-E-000814,Synthetic Regional Medical Center,Orthopedics,2025-06-25 21:03:00,71,112,91,98.5,17,100,8
SYN-V-003309,SYN-P-00099,SYN-E-000815,Synthetic Community Hospital West,Cardiology,2025-06-27 07:42:00,64,160,84,98.8,19,92,
SYN-V-003310,SYN-P-00099,SYN-E-000815,Synthetic Community Hospital West,Cardiology,2025-06-27 11:25:00,72,130,81,97.3,13,95,1
SYN-V-003311,SYN-P-00099,SYN-E-000815,Synthetic Community Hospital West,Cardiology,2025-06-27 21:21:00,67,109,65,97.0,17,94,4
SYN-V-003312,SYN-P-00099,SYN-E-000815,Synthetic Community Hospital West,Cardiology,2025-06-28 06:05:00,58,147,94,97.5,22,99,3
SYN-V-003313,SYN-P-00099,SYN-E-000815,Synthetic Community Hospital West,Cardiology,2025-06-28 09:09:00,75,149,77,99.0,15,95,4
SYN-V-003314,SYN-P-00099,SYN-E-000815,Synthetic Community Hospital West,Cardiology,2025-06-28 09:50:00,73,105,65,98.9,18,95,3
SYN-V-003315,SYN-P-00099,SYN-E-000815,Synthetic Community Hospital West,Cardiology,2025-06-28 10:38:00,58,135,84,98.2,17,95,8
SYN-V-003316,SYN-P-00099,SYN-E-000815,Synthetic Community Hospital West,Cardiology,2025-06-28 21:07:00,95,147,77,98.7,18,99,5
SYN-V-003317,SYN-P-00099,SYN-E-000815,Synthetic Community Hospital West,Cardiology,2025-06-29 00:44:00,89,152,85,99.0,22,96,6
SYN-V-003318,SYN-P-00099,SYN-E-000815,Synthetic Community Hospital West,Cardiology,2025-06-29 04:45:00,85,120,90,99.1,12,99,5
SYN-V-003319,SYN-P-00099,SYN-E-000815,Synthetic Community Hospital West,Cardiology,2025-06-29 06:24:00,72,148,88,98.3,22,99,8
SYN-V-003320,SYN-P-00099,SYN-E-000815,Synthetic Community Hospital West,Cardiology,2025-06-29 19:49:00,110,103,70,98.4,20,95,6
SYN-V-003321,SYN-P-00099,SYN-E-000815,Synthetic Community Hospital West,Cardiology,2025-06-29 21:31:00,73,151,86,98.5,14,95,4
SYN-V-003322,SYN-P-00099,SYN-E-000815,Synthetic Community Hospital West,Cardiology,2025-06-30 03:29:00,106,157,90,97.5,14,98,
SYN-V-003323,SYN-P-00099,SYN-E-000815,Synthetic Community Hospital West,Cardiology,2025-06-30 04:06:00,110,148,65,97.8,19,97,6
SYN-V-003324,SYN-P-00099,SYN-E-000815,Synthetic Community Hospital West,Cardiology,2025-06-30 04:26:00,72,124,77,98.2,22,99,3
SYN-V-003325,SYN-P-00099,SYN-E-000815,Synthetic Community Hospital West,Cardiology,2025-06-30 04:33:00,62,146,76,98.2,17,93,1
SYN-V-003326,SYN-P-00064,SYN-E-000816,Synthetic Community Hospital West,Pulmonology,2025-06-28 15:08:00,88,136,90,98.4,16,92,2
SYN-V-003327,SYN-P-00064,SYN-E-000816,Synthetic Community Hospital West,Pulmonology,2025-06-28 17:14:00,77,128,88,97.8,21,92,4
SYN-V-003328,SYN-P-00064,SYN-E-000816,Synthetic Community Hospital West,Pulmonology,2025-06-29 05:08:00,58,111,66,98.8,15,96,1
SYN-V-003329,SYN-P-00064,SYN-E-000816,Synthetic Community Hospital West,Pulmonology,2025-06-29 09:29:00,73,128,82,98.7,12,98,0
SYN-V-003330,SYN-P-00064,SYN-E-000816,Synthetic Community Hospital West,Pulmonology,2025-06-30 06:24:00,75,134,81,98.6,13,93,3
SYN-V-003331,SYN-P-00093,SYN-E-000817,Synthetic Regional Medical Center,Emergency,2025-06-28 18:22:00,96,155,71,98.2,13,99,0
SYN-V-003332,SYN-P-00093,SYN-E-000817,Synthetic Regional Medical Center,Emergency,2025-06-28 19:35:00,55,144,69,98.9,21,94,1
SYN-V-003333,SYN-P-00093,SYN-E-000817,Synthetic Regional Medical Center,Emergency,2025-06-28 19:41:00,72,145,67,98.4,17,96,6
SYN-V-003334,SYN-P-00093,SYN-E-000817,Synthetic Regional Medical Center,Emergency,2025-06-28 20:07:00,86,157,86,97.7,18,96,7
SYN-V-003335,SYN-P-00188,SYN-E-000818,Synthetic Outpatient Center,Orthopedics,2025-06-30 14:48:00,93,133,72,98.5,14,97,2
SYN-V-003336,SYN-P-00043,SYN-E-000820,Synthetic Community Hospital West,Primary Care,2025-06-30 18:52:00,67,128,94,99.4,18,93,8
SYN-V-003337,SYN-P-00009,SYN-E-000821,Synthetic Community Hospital West,Orthopedics,2025-07-01 06:07:00,56,146,62,98.8,15,96,3
SYN-V-003338,SYN-P-00009,SYN-E-000821,Synthetic Community Hospital West,Orthopedics,2025-07-01 06:44:00,72,128,62,97.6,16,93,3
SYN-V-003339,SYN-P-00009,SYN-E-000821,Synthetic Community Hospital West,Orthopedics,2025-07-01 19:43:00,87,104,71,97.1,22,97,5
SYN-V-003340,SYN-P-00009,SYN-E-000821,Synthetic Community Hospital West,Orthopedics,2025-07-01 19:52:00,108,148,76,99.4,16,95,3
SYN-V-003341,SYN-P-00009,SYN-E-000821,Synthetic Community Hospital West,Orthopedics,2025-07-01 20:57:00,61,111,91,99.7,21,96,4
SYN-V-003342,SYN-P-00009,SYN-E-000821,Synthetic Community Hospital West,Orthopedics,2025-07-02 08:16:00,84,160,69,97.5,12,98,5
SYN-V-003343,SYN-P-00009,SYN-E-000821,Synthetic Community Hospital West,Orthopedics,2025-07-02 14:42:00,89,157,82,98.1,17,96,4
SYN-V-003344,SYN-P-00009,SYN-E-000821,Synthetic Community Hospital West,Orthopedics,2025-07-02 23:20:00,93,100,75,97.9,12,94,2
SYN-V-003345,SYN-P-00009,SYN-E-000821,Synthetic Community Hospital West,Orthopedics,2025-07-03 12:26:00,68,138,81,98.3,22,100,5
SYN-V-003346,SYN-P-00009,SYN-E-000821,Synthetic Community Hospital West,Orthopedics,2025-07-04 03:46:00,55,108,72,99.4,13,95,
SYN-V-003347,SYN-P-00001,SYN-E-000822,Synthetic Specialty Clinic,Primary Care,2025-07-01 09:47:00,73,100,92,97.2,17,95,8
SYN-V-003348,SYN-P-00001,SYN-E-000822,Synthetic Specialty Clinic,Primary Care,2025-07-01 12:58:00,109,152,76,98.2,14,98,8
SYN-V-003349,SYN-P-00105,SYN-E-000823,Synthetic Specialty Clinic,Orthopedics,2025-07-02 08:00:00,93,105,95,97.3,17,99,7
SYN-V-003350,SYN-P-00105,SYN-E-000823,Synthetic Specialty Clinic,Orthopedics,2025-07-02 10:21:00,67,117,67,98.1,19,96,6
SYN-V-003351,SYN-P-00105,SYN-E-000823,Synthetic Specialty Clinic,Orthopedics,2025-07-02 11:33:00,63,123,87,97.1,21,92,2
SYN-V-003352,SYN-P-00061,SYN-E-000824,Synthetic Specialty Clinic,Orthopedics,2025-07-03 16:08:00,80,109,84,97.4,20,99,8
SYN-V-003353,SYN-P-00061,SYN-E-000824,Synthetic Specialty Clinic,Orthopedics,2025-07-03 16:44:00,56,150,92,97.2,17,98,1
SYN-V-003354,SYN-P-00057,SYN-E-000825,Synthetic Regional Medical Center,Cardiology,2025-07-04 01:34:00,106,159,65,99.1,15,92,2
SYN-V-003355,SYN-P-00057,SYN-E-000825,Synthetic Regional Medical Center,Cardiology,2025-07-04 04:14:00,62,151,89,97.9,15,99,1
SYN-V-003356,SYN-P-00057,SYN-E-000825,Synthetic Regional Medical Center,Cardiology,2025-07-04 06:14:00,76,117,67,98.0,21,100,
SYN-V-003357,SYN-P-00057,SYN-E-000825,Synthetic Regional Medical Center,Cardiology,2025-07-04 10:27:00,61,114,61,98.4,18,97,2
SYN-V-003358,SYN-P-00057,SYN-E-000825,Synthetic Regional Medical Center,Cardiology,2025-07-05 12:53:00,93,112,71,98.0,14,93,4
SYN-V-003359,SYN-P-00057,SYN-E-000825,Synthetic Regional Medical Center,Cardiology,2025-07-05 16:05:00,98,109,91,99.3,15,92,5
SYN-V-003360,SYN-P-00057,SYN-E-000825,Synthetic Regional Medical Center,Cardiology,2025-07-05 19:23:00,88,100,90,99.5,16,100,
SYN-V-003361,SYN-P-00057,SYN-E-000825,Synthetic Regional Medical Center,Cardiology,2025-07-07 02:38:00,75,112,90,98.3,18,96,1
SYN-V-003362,SYN-P-00057,SYN-E-000825,Synthetic Regional Medical Center,Cardiology,2025-07-07 09:37:00,65,106,62,99.7,15,97,6
SYN-V-003363,SYN-P-00057,SYN-E-000825,Synthetic Regional Medical Center,Cardiology,2025-07-07 15:33:00,102,122,67,97.7,15,92,4
SYN-V-003364,SYN-P-00057,SYN-E-000825,Synthetic Regional Medical Center,Cardiology,2025-07-07 17:59:00,77,110,80,97.1,22,93,8
SYN-V-003365,SYN-P-00057,SYN-E-000825,Synthetic Regional Medical Center,Cardiology,2025-07-08 03:25:00,110,133,88,98.2,21,92,8
SYN-V-003366,SYN-P-00057,SYN-E-000825,Synthetic Regional Medical Center,Cardiology,2025-07-09 11:42:00,110,101,72,97.7,21,94,7
SYN-V-003367,SYN-P-00057,SYN-E-000825,Synthetic Regional Medical Center,Cardiology,2025-07-09 11:52:00,84,110,73,99.1,15,94,5
SYN-V-003368,SYN-P-00057,SYN-E-000825,Synthetic Regional Medical Center,Cardiology,2025-07-09 12:16:00,71,148,69,97.1,20,99,3
SYN-V-003369,SYN-P-00057,SYN-E-000825,Synthetic Regional Medical Center,Cardiology,2025-07-09 13:12:00,92,116,62,98.6,19,94,8
SYN-V-003370,SYN-P-00057,SYN-E-000825,Synthetic Regional Medical Center,Cardiology,2025-07-09 14:12:00,81,120,89,97.4,17,94,2
SYN-V-003371,SYN-P-00057,SYN-E-000825,Synthetic Regional Medical Center,Cardiology,2025-07-09 23:46:00,92,150,66,99.1,14,93,2
SYN-V-003372,SYN-P-00057,SYN-E-000825,Synthetic Regional Medical Center,Cardiology,2025-07-10 00:26:00,88,148,83,98.9,14,93,8
SYN-V-003373,SYN-P-00057,SYN-E-000825,Synthetic Regional Medical Center,Cardiology,2025-07-10 02:57:00,75,108,68,98.9,22,100,0
SYN-V-003374,SYN-P-00089,SYN-E-000826,Synthetic Community Hospital West,Cardiology,2025-07-05 13:50:00,99,126,84,97.7,22,94,3
SYN-V-003375,SYN-P-00089,SYN-E-000826,Synthetic Community Hospital West,Cardiology,2025-07-05 15:23:00,81,152,95,99.5,20,99,1
SYN-V-003376,SYN-P-00089,SYN-E-000826,Synthetic Community Hospital West,Cardiology,2025-07-06 05:00:00,103,131,76,99.1,19,97,2
SYN-V-003377,SYN-P-00089,SYN-E-000826,Synthetic Community Hospital West,Cardiology,2025-07-06 07:28:00,104,127,73,98.8,18,99,3
SYN-V-003378,SYN-P-00089,SYN-E-000826,Synthetic Community Hospital West,Cardiology,2025-07-06 16:19:00,63,112,68,98.5,13,93,3
SYN-V-003379,SYN-P-00089,SYN-E-000826,Synthetic Community Hospital West,Cardiology,2025-07-07 00:08:00,55,153,61,99.6,20,92,7
SYN-V-003380,SYN-P-00089,SYN-E-000826,Synthetic Community Hospital West,Cardiology,2025-07-07 02:03:00,66,115,81,98.0,20,97,1
SYN-V-003381,SYN-P-00089,SYN-E-000826,Synthetic Community Hospital West,Cardiology,2025-07-07 04:34:00,84,126,82,98.0,20,94,2
SYN-V-003382,SYN-P-00089,SYN-E-000826,Synthetic Community Hospital West,Cardiology,2025-07-07 13:15:00,88,104,77,98.9,20,100,5
SYN-V-003383,SYN-P-00089,SYN-E-000826,Synthetic Community Hospital West,Cardiology,2025-07-07 14:12:00,92,131,78,98.2,13,94,7
SYN-V-003384,SYN-P-00089,SYN-E-000826,Synthetic Community Hospital West,Cardiology,2025-07-07 21:57:00,85,142,92,97.9,13,95,4
SYN-V-003385,SYN-P-00089,SYN-E-000826,Synthetic Community Hospital West,Cardiology,2025-07-08 01:07:00,70,126,93,97.2,12,95,1
SYN-V-003386,SYN-P-00089,SYN-E-000826,Synthetic Community Hospital West,Cardiology,2025-07-08 17:40:00,86,111,86,99.4,13,100,7
SYN-V-003387,SYN-P-00089,SYN-E-000826,Synthetic Community Hospital West,Cardiology,2025-07-09 01:04:00,70,159,66,97.7,20,97,0
SYN-V-003388,SYN-P-00089,SYN-E-000826,Synthetic Community Hospital West,Cardiology,2025-07-09 03:35:00,73,144,64,98.6,14,100,6
SYN-V-003389,SYN-P-00089,SYN-E-000826,Synthetic Community Hospital West,Cardiology,2025-07-09 08:07:00,97,117,88,99.2,13,99,1
SYN-V-003390,SYN-P-00089,SYN-E-000826,Synthetic Community Hospital West,Cardiology,2025-07-09 11:09:00,72,142,92,99.7,19,95,2
SYN-V-003391,SYN-P-00089,SYN-E-000826,Synthetic Community Hospital West,Cardiology,2025-07-09 16:16:00,66,101,64,98.2,19,94,1
SYN-V-003392,SYN-P-00089,SYN-E-000826,Synthetic Community Hospital West,Cardiology,2025-07-10 04:51:00,58,159,83,98.2,19,95,8
SYN-V-003393,SYN-P-00089,SYN-E-000826,Synthetic Community Hospital West,Cardiology,2025-07-10 14:56:00,83,100,94,98.7,13,94,4
SYN-V-003394,SYN-P-00089,SYN-E-000826,Synthetic Community Hospital West,Cardiology,2025-07-10 15:34:00,92,154,87,99.1,18,94,1
SYN-V-003395,SYN-P-00089,SYN-E-000826,Synthetic Community Hospital West,Cardiology,2025-07-10 21:34:00,66,120,67,98.6,17,95,6
SYN-V-003396,SYN-P-00089,SYN-E-000826,Synthetic Community Hospital West,Cardiology,2025-07-11 08:52:00,107,128,69,98.4,16,99,8
SYN-V-003397,SYN-P-00011,SYN-E-000827,Synthetic Community Hospital East,Emergency,2025-07-06 10:04:00,98,149,76,99.6,17,97,8
SYN-V-003398,SYN-P-00011,SYN-E-000827,Synthetic Community Hospital East,Emergency,2025-07-06 10:58:00,75,134,61,99.0,18,94,8
SYN-V-003399,SYN-P-00011,SYN-E-000827,Synthetic Community Hospital East,Emergency,2025-07-06 11:02:00,82,106,86,99.4,14,95,1
SYN-V-003400,SYN-P-00011,SYN-E-000827,Synthetic Community Hospital East,Emergency,2025-07-06 11:15:00,74,131,81,97.4,18,100,0
SYN-V-003401,SYN-P-00173,SYN-E-000828,Synthetic Community Hospital East,Pulmonology,2025-07-07 12:12:00,77,109,74,98.7,20,99,3
SYN-V-003402,SYN-P-00173,SYN-E-000828,Synthetic Community Hospital East,Pulmonology,2025-07-07 12:35:00,68,149,90,98.9,20,98,4
SYN-V-003403,SYN-P-00056,SYN-E-000829,Synthetic Community Hospital West,Orthopedics,2025-07-09 14:34:00,81,144,71,99.4,19,93,4
SYN-V-003404,SYN-P-00056,SYN-E-000829,Synthetic Community Hospital West,Orthopedics,2025-07-09 16:45:00,82,147,90,99.2,18,99,6
SYN-V-003405,SYN-P-00056,SYN-E-000829,Synthetic Community Hospital West,Orthopedics,2025-07-09 20:22:00,68,122,62,99.4,16,94,0
SYN-V-003406,SYN-P-00056,SYN-E-000829,Synthetic Community Hospital West,Orthopedics,2025-07-09 22:08:00,80,122,90,99.2,19,98,0
SYN-V-003407,SYN-P-00056,SYN-E-000829,Synthetic Community Hospital West,Orthopedics,2025-07-10 15:08:00,96,109,90,98.2,22,97,1
SYN-V-003408,SYN-P-00056,SYN-E-000829,Synthetic Community Hospital West,Orthopedics,2025-07-10 16:38:00,95,124,83,97.1,19,92,7
SYN-V-003409,SYN-P-00056,SYN-E-000829,Synthetic Community Hospital West,Orthopedics,2025-07-10 17:28:00,81,128,62,99.8,12,100,3
SYN-V-003410,SYN-P-00056,SYN-E-000829,Synthetic Community Hospital West,Orthopedics,2025-07-10 17:36:00,96,120,63,98.5,15,99,8
SYN-V-003411,SYN-P-00056,SYN-E-000829,Synthetic Community Hospital West,Orthopedics,2025-07-10 18:33:00,83,105,91,99.4,20,92,7
SYN-V-003412,SYN-P-00056,SYN-E-000829,Synthetic Community Hospital West,Orthopedics,2025-07-11 16:08:00,83,153,82,99.5,19,92,6
SYN-V-003413,SYN-P-00056,SYN-E-000829,Synthetic Community Hospital West,Orthopedics,2025-07-11 16:41:00,105,114,66,97.1,17,94,7
SYN-V-003414,SYN-P-00056,SYN-E-000829,Synthetic Community Hospital West,Orthopedics,2025-07-11 20:08:00,108,125,67,98.0,22,100,3
SYN-V-003415,SYN-P-00056,SYN-E-000829,Synthetic Community Hospital West,Orthopedics,2025-07-11 22:40:00,88,154,77,97.9,22,96,1
SYN-V-003416,SYN-P-00056,SYN-E-000829,Synthetic Community Hospital West,Orthopedics,2025-07-12 03:27:00,75,127,67,99.0,14,96,3
SYN-V-003417,SYN-P-00056,SYN-E-000829,Synthetic Community Hospital West,Orthopedics,2025-07-12 12:27:00,61,110,79,97.3,20,97,5
SYN-V-003418,SYN-P-00056,SYN-E-000829,Synthetic Community Hospital West,Orthopedics,2025-07-13 00:00:00,70,149,63,99.4,16,93,8
SYN-V-003419,SYN-P-00056,SYN-E-000829,Synthetic Community Hospital West,Orthopedics,2025-07-13 06:12:00,71,152,83,98.3,16,92,6
SYN-V-003420,SYN-P-00056,SYN-E-000829,Synthetic Community Hospital West,Orthopedics,2025-07-13 12:04:00,107,136,68,99.6,16,100,8
SYN-V-003421,SYN-P-00056,SYN-E-000829,Synthetic Community Hospital West,Orthopedics,2025-07-13 13:17:00,68,138,83,99.6,15,96,6
SYN-V-003422,SYN-P-00056,SYN-E-000829,Synthetic Community Hospital West,Orthopedics,2025-07-13 15:38:00,81,143,75,98.1,16,97,7
SYN-V-003423,SYN-P-00056,SYN-E-000829,Synthetic Community Hospital West,Orthopedics,2025-07-13 19:30:00,66,151,71,97.9,22,97,3
SYN-V-003424,SYN-P-00158,SYN-E-000830,Synthetic Specialty Clinic,Pulmonology,2025-07-09 18:27:00,83,101,69,97.2,14,94,3
SYN-V-003425,SYN-P-00158,SYN-E-000830,Synthetic Specialty Clinic,Pulmonology,2025-07-09 19:33:00,103,143,67,99.3,17,97,4
SYN-V-003426,SYN-P-00015,SYN-E-000831,Synthetic Regional Medical Center,Emergency,2025-07-11 00:09:00,64,113,74,99.8,17,99,4
SYN-V-003427,SYN-P-00041,SYN-E-000832,Synthetic Specialty Clinic,Pulmonology,2025-07-11 16:54:00,94,150,91,99.5,13,95,1
SYN-V-003428,SYN-P-00041,SYN-E-000832,Synthetic Specialty Clinic,Pulmonology,2025-07-11 18:09:00,81,117,89,99.6,15,100,0
SYN-V-003429,SYN-P-00154,SYN-E-000833,Synthetic Outpatient Center,Pulmonology,2025-07-11 16:55:00,65,106,86,97.3,18,95,8
SYN-V-003430,SYN-P-00154,SYN-E-000833,Synthetic Outpatient Center,Pulmonology,2025-07-11 18:35:00,89,138,94,98.0,15,94,0
SYN-V-003431,SYN-P-00109,SYN-E-000835,Synthetic Community Hospital East,Cardiology,2025-07-13 13:28:00,69,101,90,99.2,17,94,8
SYN-V-003432,SYN-P-00109,SYN-E-000835,Synthetic Community Hospital East,Cardiology,2025-07-13 19:06:00,108,159,89,99.2,17,99,1
SYN-V-003433,SYN-P-00109,SYN-E-000835,Synthetic Community Hospital East,Cardiology,2025-07-14 00:05:00,81,141,60,97.8,12,97,6
SYN-V-003434,SYN-P-00109,SYN-E-000835,Synthetic Community Hospital East,Cardiology,2025-07-14 09:08:00,101,124,78,98.9,13,95,0
SYN-V-003435,SYN-P-00109,SYN-E-000835,Synthetic Community Hospital East,Cardiology,2025-07-14 14:52:00,60,153,90,99.5,12,98,4
SYN-V-003436,SYN-P-00109,SYN-E-000835,Synthetic Community Hospital East,Cardiology,2025-07-14 17:25:00,79,115,87,98.4,22,99,1
SYN-V-003437,SYN-P-00109,SYN-E-000835,Synthetic Community Hospital East,Cardiology,2025-07-14 22:12:00,64,156,75,98.4,18,95,3
SYN-V-003438,SYN-P-00032,SYN-E-000836,Synthetic Regional Medical Center,Emergency,2025-07-13 11:41:00,62,144,69,99.3,20,95,7
SYN-V-003439,SYN-P-00032,SYN-E-000836,Synthetic Regional Medical Center,Emergency,2025-07-13 12:04:00,99,131,91,97.9,13,93,1
SYN-V-003440,SYN-P-00032,SYN-E-000836,Synthetic Regional Medical Center,Emergency,2025-07-13 12:30:00,100,142,64,99.1,12,95,
SYN-V-003441,SYN-P-00032,SYN-E-000836,Synthetic Regional Medical Center,Emergency,2025-07-13 12:49:00,55,148,82,99.0,18,95,7
SYN-V-003442,SYN-P-00149,SYN-E-000837,Synthetic Specialty Clinic,Pulmonology,2025-07-13 12:54:00,86,151,70,97.8,17,93,6
SYN-V-003443,SYN-P-00149,SYN-E-000837,Synthetic Specialty Clinic,Pulmonology,2025-07-13 14:08:00,91,110,72,97.4,13,97,3
SYN-V-003444,SYN-P-00031,SYN-E-000838,Synthetic Community Hospital West,Emergency,2025-07-13 14:12:00,77,156,70,99.2,13,93,6
SYN-V-003445,SYN-P-00093,SYN-E-000839,Synthetic Regional Medical Center,Cardiology,2025-07-13 16:37:00,110,108,64,97.3,13,100,1
SYN-V-003446,SYN-P-00093,SYN-E-000839,Synthetic Regional Medical Center,Cardiology,2025-07-13 18:23:00,64,153,89,97.9,21,93,7
SYN-V-003447,SYN-P-00093,SYN-E-000839,Synthetic Regional Medical Center,Cardiology,2025-07-13 22:08:00,99,160,63,97.5,21,100,
SYN-V-003448,SYN-P-00122,SYN-E-000840,Synthetic Outpatient Center,Primary Care,2025-07-13 17:31:00,101,126,72,97.9,18,93,
SYN-V-003449,SYN-P-00122,SYN-E-000840,Synthetic Outpatient Center,Primary Care,2025-07-13 19:06:00,108,135,62,97.6,21,93,1
SYN-V-003450,SYN-P-00062,SYN-E-000841,Synthetic Community Hospital East,Emergency,2025-07-14 12:03:00,110,138,85,98.8,13,92,0
SYN-V-003451,SYN-P-00184,SYN-E-000843,Synthetic Outpatient Center,Primary Care,2025-07-17 07:38:00,72,113,65,99.7,20,94,8
SYN-V-003452,SYN-P-00184,SYN-E-000843,Synthetic Outpatient Center,Primary Care,2025-07-17 08:42:00,97,111,71,97.5,16,96,5
SYN-V-003453,SYN-P-00106,SYN-E-000844,Synthetic Regional Medical Center,Primary Care,2025-07-18 19:06:00,63,125,72,99.6,18,98,1
SYN-V-003454,SYN-P-00106,SYN-E-000844,Synthetic Regional Medical Center,Primary Care,2025-07-18 21:24:00,69,115,88,97.7,12,92,0
SYN-V-003455,SYN-P-00051,SYN-E-000846,Synthetic Outpatient Center,Primary Care,2025-07-19 19:08:00,68,115,83,99.1,17,92,7
SYN-V-003456,SYN-P-00162,SYN-E-000847,Synthetic Specialty Clinic,Orthopedics,2025-07-19 22:47:00,69,104,84,97.1,20,92,5
SYN-V-003457,SYN-P-00162,SYN-E-000847,Synthetic Specialty Clinic,Orthopedics,2025-07-20 01:24:00,100,110,79,98.7,17,100,5
SYN-V-003458,SYN-P-00013,SYN-E-000848,Synthetic Community Hospital East,Emergency,2025-07-21 08:06:00,80,150,89,97.4,15,92,
SYN-V-003459,SYN-P-00013,SYN-E-000848,Synthetic Community Hospital East,Emergency,2025-07-21 08:49:00,72,156,91,98.7,14,92,0
SYN-V-003460,SYN-P-00013,SYN-E-000848,Synthetic Community Hospital East,Emergency,2025-07-21 09:28:00,66,132,65,99.5,22,98,8
SYN-V-003461,SYN-P-00013,SYN-E-000848,Synthetic Community Hospital East,Emergency,2025-07-21 09:46:00,57,127,61,99.5,19,95,0
SYN-V-003462,SYN-P-00013,SYN-E-000848,Synthetic Community Hospital East,Emergency,2025-07-21 11:29:00,85,154,67,99.1,22,92,5
SYN-V-003463,SYN-P-00013,SYN-E-000848,Synthetic Community Hospital East,Emergency,2025-07-21 11:41:00,72,120,69,99.1,13,94,8
SYN-V-003464,SYN-P-00135,SYN-E-000849,Synthetic Community Hospital East,Internal Medicine,2025-07-25 07:29:00,67,100,64,98.9,22,92,4
SYN-V-003465,SYN-P-00035,SYN-E-000850,Synthetic Community Hospital East,Primary Care,2025-07-25 14:29:00,106,123,70,97.5,17,93,3
SYN-V-003466,SYN-P-00037,SYN-E-000851,Synthetic Specialty Clinic,Primary Care,2025-07-26 03:29:00,66,100,70,99.1,19,97,1
SYN-V-003467,SYN-P-00061,SYN-E-000852,Synthetic Regional Medical Center,Neurology,2025-07-27 15:34:00,59,151,95,99.4,19,97,2
SYN-V-003468,SYN-P-00061,SYN-E-000852,Synthetic Regional Medical Center,Neurology,2025-07-28 14:15:00,78,310,75,99.2,15,100,7
SYN-V-003469,SYN-P-00061,SYN-E-000852,Synthetic Regional Medical Center,Neurology,2025-07-28 23:45:00,93,127,95,97.8,16,97,4
SYN-V-003470,SYN-P-00061,SYN-E-000852,Synthetic Regional Medical Center,Neurology,2025-07-29 03:39:00,55,158,86,98.8,21,100,5
SYN-V-003471,SYN-P-00061,SYN-E-000852,Synthetic Regional Medical Center,Neurology,2025-07-29 22:11:00,90,139,93,97.3,14,97,6
SYN-V-003472,SYN-P-00061,SYN-E-000852,Synthetic Regional Medical Center,Neurology,2025-07-30 13:00:00,0,112,86,98.9,14,100,6
SYN-V-003473,SYN-P-00061,SYN-E-000852,Synthetic Regional Medical Center,Neurology,2025-07-30 13:42:00,60,157,61,98.1,13,97,6
SYN-V-003474,SYN-P-00089,SYN-E-000853,Synthetic Community Hospital West,Nephrology,2025-07-28 00:52:00,107,151,92,99.7,21,95,3
SYN-V-003475,SYN-P-00089,SYN-E-000853,Synthetic Community Hospital West,Nephrology,2025-07-28 07:03:00,106,150,72,98.9,18,99,2
SYN-V-003476,SYN-P-00089,SYN-E-000853,Synthetic Community Hospital West,Nephrology,2025-07-28 14:18:00,84,131,93,99.1,18,92,4
SYN-V-003477,SYN-P-00089,SYN-E-000853,Synthetic Community Hospital West,Nephrology,2025-07-28 15:13:00,95,155,63,99.6,21,97,8
SYN-V-003478,SYN-P-00089,SYN-E-000853,Synthetic Community Hospital West,Nephrology,2025-07-28 23:24:00,68,100,94,98.8,16,93,5
SYN-V-003479,SYN-P-00089,SYN-E-000853,Synthetic Community Hospital West,Nephrology,2025-07-28 23:34:00,78,123,90,97.1,20,96,0
SYN-V-003480,SYN-P-00177,SYN-E-000854,Synthetic Regional Medical Center,Emergency,2025-07-29 06:26:00,105,158,87,99.4,14,99,1
SYN-V-003481,SYN-P-00177,SYN-E-000854,Synthetic Regional Medical Center,Emergency,2025-07-29 08:11:00,68,152,95,98.1,22,98,6
SYN-V-003482,SYN-P-00177,SYN-E-000854,Synthetic Regional Medical Center,Emergency,2025-07-29 08:12:00,82,141,69,97.3,16,98,2
SYN-V-003483,SYN-P-00177,SYN-E-000854,Synthetic Regional Medical Center,Emergency,2025-07-29 09:04:00,65,148,72,99.1,13,100,
SYN-V-003484,SYN-P-00177,SYN-E-000854,Synthetic Regional Medical Center,Emergency,2025-07-29 09:28:00,109,106,83,97.4,13,98,2
SYN-V-003485,SYN-P-00076,SYN-E-000855,Synthetic Regional Medical Center,Orthopedics,2025-07-29 12:21:00,98,154,80,98.5,13,95,4
SYN-V-003486,SYN-P-00154,SYN-E-000856,Synthetic Community Hospital East,Emergency,2025-07-30 21:18:00,92,151,95,99.4,17,99,1
SYN-V-003487,SYN-P-00154,SYN-E-000856,Synthetic Community Hospital East,Emergency,2025-07-30 22:15:00,63,130,62,97.9,18,97,0
SYN-V-003488,SYN-P-00154,SYN-E-000856,Synthetic Community Hospital East,Emergency,2025-07-30 23:19:00,106,119,78,97.3,22,100,6
SYN-V-003489,SYN-P-00154,SYN-E-000856,Synthetic Community Hospital East,Emergency,2025-07-30 23:24:00,97,102,77,98.2,21,92,
SYN-V-003490,SYN-P-00132,SYN-E-000857,Synthetic Community Hospital East,Orthopedics,2025-07-31 00:32:00,66,129,85,97.2,17,96,8
SYN-V-003491,SYN-P-00132,SYN-E-000857,Synthetic Community Hospital East,Orthopedics,2025-07-31 02:36:00,85,125,92,97.8,14,97,
SYN-V-003492,SYN-P-00132,SYN-E-000857,Synthetic Community Hospital East,Orthopedics,2025-07-31 06:51:00,65,109,94,98.5,16,92,5
SYN-V-003493,SYN-P-00132,SYN-E-000857,Synthetic Community Hospital East,Orthopedics,2025-07-31 10:06:00,100,111,60,99.5,20,99,8
SYN-V-003494,SYN-P-00132,SYN-E-000857,Synthetic Community Hospital East,Orthopedics,2025-07-31 11:05:00,77,160,72,99.4,22,97,4
SYN-V-003495,SYN-P-00132,SYN-E-000857,Synthetic Community Hospital East,Orthopedics,2025-07-31 11:41:00,61,121,81,97.3,22,95,7
SYN-V-003496,SYN-P-00132,SYN-E-000857,Synthetic Community Hospital East,Orthopedics,2025-07-31 11:58:00,94,113,91,98.8,22,98,0
SYN-V-003497,SYN-P-00132,SYN-E-000857,Synthetic Community Hospital East,Orthopedics,2025-08-01 15:58:00,57,154,87,99.0,17,95,3
SYN-V-003498,SYN-P-00132,SYN-E-000857,Synthetic Community Hospital East,Orthopedics,2025-08-01 18:07:00,95,101,89,97.9,19,95,
SYN-V-003499,SYN-P-00132,SYN-E-000857,Synthetic Community Hospital East,Orthopedics,2025-08-01 22:15:00,56,125,94,99.5,19,98,7
SYN-V-003500,SYN-P-00132,SYN-E-000857,Synthetic Community Hospital East,Orthopedics,2025-08-02 04:46:00,91,138,75,98.5,12,93,8
SYN-V-003501,SYN-P-00132,SYN-E-000857,Synthetic Community Hospital East,Orthopedics,2025-08-03 13:46:00,66,126,73,98.3,22,98,8
SYN-V-003502,SYN-P-00132,SYN-E-000857,Synthetic Community Hospital East,Orthopedics,2025-08-03 18:20:00,79,112,79,99.5,16,94,8
SYN-V-003503,SYN-P-00132,SYN-E-000857,Synthetic Community Hospital East,Orthopedics,2025-08-04 04:39:00,83,158,88,97.4,16,100,1
SYN-V-003504,SYN-P-00132,SYN-E-000857,Synthetic Community Hospital East,Orthopedics,2025-08-04 04:50:00,76,144,93,98.0,13,98,7
SYN-V-003505,SYN-P-00132,SYN-E-000857,Synthetic Community Hospital East,Orthopedics,2025-08-04 12:02:00,71,111,80,98.9,15,98,8
SYN-V-003506,SYN-P-00132,SYN-E-000857,Synthetic Community Hospital East,Orthopedics,2025-08-04 18:33:00,104,100,88,98.6,19,99,7
SYN-V-003507,SYN-P-00132,SYN-E-000857,Synthetic Community Hospital East,Orthopedics,2025-08-06 07:51:00,77,114,86,97.1,19,96,0
SYN-V-003508,SYN-P-00132,SYN-E-000857,Synthetic Community Hospital East,Orthopedics,2025-08-06 12:24:00,70,160,65,98.9,15,98,3
SYN-V-003509,SYN-P-00132,SYN-E-000857,Synthetic Community Hospital East,Orthopedics,2025-08-06 17:15:00,86,119,72,99.5,21,96,2
SYN-V-003510,SYN-P-00132,SYN-E-000857,Synthetic Community Hospital East,Orthopedics,2025-08-07 05:22:00,58,146,91,98.5,14,96,5
SYN-V-003511,SYN-P-00132,SYN-E-000857,Synthetic Community Hospital East,Orthopedics,2025-08-07 20:16:00,59,145,80,98.3,17,96,1
SYN-V-003512,SYN-P-00132,SYN-E-000857,Synthetic Community Hospital East,Orthopedics,2025-08-08 03:26:00,96,123,63,99.1,20,96,1
SYN-V-003513,SYN-P-00132,SYN-E-000857,Synthetic Community Hospital East,Orthopedics,2025-08-08 06:47:00,63,154,93,98.2,17,100,
SYN-V-003514,SYN-P-00132,SYN-E-000857,Synthetic Community Hospital East,Orthopedics,2025-08-08 07:23:00,110,119,84,99.4,16,97,5
SYN-V-003515,SYN-P-00132,SYN-E-000857,Synthetic Community Hospital East,Orthopedics,2025-08-08 21:34:00,55,104,73,99.6,14,97,5
SYN-V-003516,SYN-P-00132,SYN-E-000857,Synthetic Community Hospital East,Orthopedics,2025-08-09 06:34:00,73,138,81,98.7,14,93,8
SYN-V-003517,SYN-P-00132,SYN-E-000857,Synthetic Community Hospital East,Orthopedics,2025-08-09 10:33:00,60,145,63,97.2,20,95,8
SYN-V-003518,SYN-P-00132,SYN-E-000857,Synthetic Community Hospital East,Orthopedics,2025-08-09 19:32:00,64,145,86,99.5,22,100,8
SYN-V-003519,SYN-P-00132,SYN-E-000857,Synthetic Community Hospital East,Orthopedics,2025-08-10 14:28:00,66,129,71,98.4,22,92,5
SYN-V-003520,SYN-P-00132,SYN-E-000857,Synthetic Community Hospital East,Orthopedics,2025-08-10 19:09:00,65,106,66,97.5,18,93,3
SYN-V-003521,SYN-P-00132,SYN-E-000857,Synthetic Community Hospital East,Orthopedics,2025-08-10 23:43:00,81,155,81,97.4,22,99,4
SYN-V-003522,SYN-P-00132,SYN-E-000857,Synthetic Community Hospital East,Orthopedics,2025-08-11 00:14:00,109,132,85,98.0,12,94,1
SYN-V-003523,SYN-P-00132,SYN-E-000857,Synthetic Community Hospital East,Orthopedics,2025-08-11 04:38:00,67,154,71,98.4,14,96,6
SYN-V-003524,SYN-P-00132,SYN-E-000857,Synthetic Community Hospital East,Orthopedics,2025-08-11 23:43:00,88,127,79,97.5,13,96,1
SYN-V-003525,SYN-P-00182,SYN-E-000858,Synthetic Community Hospital West,Pulmonology,2025-07-31 18:36:00,57,157,66,98.4,19,98,4
SYN-V-003526,SYN-P-00182,SYN-E-000858,Synthetic Community Hospital West,Pulmonology,2025-07-31 18:38:00,92,129,85,97.4,16,99,1
SYN-V-003527,SYN-P-00182,SYN-E-000858,Synthetic Community Hospital West,Pulmonology,2025-07-31 19:56:00,80,136,79,97.1,19,98,8
SYN-V-003528,SYN-P-00014,SYN-E-000859,Synthetic Community Hospital East,Emergency,2025-08-02 16:47:00,100,110,66,99.8,14,93,0
SYN-V-003529,SYN-P-00014,SYN-E-000859,Synthetic Community Hospital East,Emergency,2025-08-02 19:29:00,94,114,67,97.4,16,98,5
SYN-V-003530,SYN-P-00095,SYN-E-000860,Synthetic Community Hospital West,Primary Care,2025-08-03 04:58:00,109,109,68,99.0,17,97,2
SYN-V-003531,SYN-P-00095,SYN-E-000860,Synthetic Community Hospital West,Primary Care,2025-08-03 05:50:00,75,129,84,98.7,21,97,0
SYN-V-003532,SYN-P-00095,SYN-E-000860,Synthetic Community Hospital West,Primary Care,2025-08-03 06:27:00,62,130,79,97.8,13,97,5
SYN-V-003533,SYN-P-00095,SYN-E-000860,Synthetic Community Hospital West,Primary Care,2025-08-03 07:27:00,55,125,72,98.4,21,99,7
SYN-V-003534,SYN-P-00119,SYN-E-000861,Synthetic Regional Medical Center,Orthopedics,2025-08-03 08:48:00,84,102,83,99.1,17,100,4
SYN-V-003535,SYN-P-00040,SYN-E-000862,Synthetic Specialty Clinic,Cardiology,2025-08-04 05:22:00,57,129,73,97.1,21,95,1
SYN-V-003536,SYN-P-00138,SYN-E-000863,Synthetic Community Hospital East,Emergency,2025-08-04 05:39:00,100,124,66,98.4,17,96,3
SYN-V-003537,SYN-P-00138,SYN-E-000863,Synthetic Community Hospital East,Emergency,2025-08-04 07:17:00,65,136,64,99.3,15,94,0
SYN-V-003538,SYN-P-00138,SYN-E-000863,Synthetic Community Hospital East,Emergency,2025-08-04 08:20:00,83,103,90,97.4,16,97,5
SYN-V-003539,SYN-P-00124,SYN-E-000864,Synthetic Community Hospital West,Cardiology,2025-08-04 14:05:00,97,106,75,99.5,15,96,6
SYN-V-003540,SYN-P-00124,SYN-E-000864,Synthetic Community Hospital West,Cardiology,2025-08-04 18:48:00,70,137,95,97.2,12,94,4
SYN-V-003541,SYN-P-00124,SYN-E-000864,Synthetic Community Hospital West,Cardiology,2025-08-04 19:25:00,57,135,74,97.5,13,96,7
SYN-V-003542,SYN-P-00124,SYN-E-000864,Synthetic Community Hospital West,Cardiology,2025-08-04 21:59:00,59,150,76,97.3,14,95,0
SYN-V-003543,SYN-P-00124,SYN-E-000864,Synthetic Community Hospital West,Cardiology,2025-08-05 01:05:00,103,107,87,98.6,17,97,5
SYN-V-003544,SYN-P-00124,SYN-E-000864,Synthetic Community Hospital West,Cardiology,2025-08-05 02:40:00,87,113,88,99.6,15,94,7
SYN-V-003545,SYN-P-00124,SYN-E-000864,Synthetic Community Hospital West,Cardiology,2025-08-05 11:33:00,96,113,71,98.0,15,98,8
SYN-V-003546,SYN-P-00173,SYN-E-000865,Synthetic Community Hospital East,Internal Medicine,2025-08-04 18:36:00,101,141,60,99.7,14,92,5
SYN-V-003547,SYN-P-00173,SYN-E-000865,Synthetic Community Hospital East,Internal Medicine,2025-08-05 06:28:00,101,110,73,98.6,15,92,3
SYN-V-003548,SYN-P-00173,SYN-E-000865,Synthetic Community Hospital East,Internal Medicine,2025-08-05 06:35:00,109,157,90,98.0,18,95,3
SYN-V-003549,SYN-P-00173,SYN-E-000865,Synthetic Community Hospital East,Internal Medicine,2025-08-05 07:04:00,72,110,66,99.8,22,99,8
SYN-V-003550,SYN-P-00173,SYN-E-000865,Synthetic Community Hospital East,Internal Medicine,2025-08-05 13:09:00,85,147,92,98.6,17,93,7
SYN-V-003551,SYN-P-00173,SYN-E-000865,Synthetic Community Hospital East,Internal Medicine,2025-08-06 21:00:00,69,129,89,98.7,21,92,0
SYN-V-003552,SYN-P-00173,SYN-E-000865,Synthetic Community Hospital East,Internal Medicine,2025-08-06 22:28:00,90,127,83,98.5,19,92,0
SYN-V-003553,SYN-P-00173,SYN-E-000865,Synthetic Community Hospital East,Internal Medicine,2025-08-06 22:59:00,66,144,91,99.1,13,99,7
SYN-V-003554,SYN-P-00173,SYN-E-000865,Synthetic Community Hospital East,Internal Medicine,2025-08-07 03:05:00,85,143,63,99.7,22,94,3
SYN-V-003555,SYN-P-00173,SYN-E-000865,Synthetic Community Hospital East,Internal Medicine,2025-08-07 04:39:00,107,104,94,97.7,15,96,5
SYN-V-003556,SYN-P-00173,SYN-E-000865,Synthetic Community Hospital East,Internal Medicine,2025-08-07 18:31:00,96,115,68,98.0,13,96,6
SYN-V-003557,SYN-P-00173,SYN-E-000865,Synthetic Community Hospital East,Internal Medicine,2025-08-08 05:40:00,105,115,79,99.0,13,100,7
SYN-V-003558,SYN-P-00173,SYN-E-000865,Synthetic Community Hospital East,Internal Medicine,2025-08-08 13:20:00,83,138,92,99.0,18,98,5
SYN-V-003559,SYN-P-00173,SYN-E-000865,Synthetic Community Hospital East,Internal Medicine,2025-08-08 14:09:00,103,160,78,97.1,17,99,6
SYN-V-003560,SYN-P-00072,SYN-E-000866,Synthetic Community Hospital West,Internal Medicine,2025-08-04 19:15:00,59,111,68,97.0,17,97,2
SYN-V-003561,SYN-P-00072,SYN-E-000866,Synthetic Community Hospital West,Internal Medicine,2025-08-05 01:27:00,55,118,68,97.4,12,92,6
SYN-V-003562,SYN-P-00072,SYN-E-000866,Synthetic Community Hospital West,Internal Medicine,2025-08-06 09:03:00,79,143,79,97.2,17,93,
SYN-V-003563,SYN-P-00072,SYN-E-000866,Synthetic Community Hospital West,Internal Medicine,2025-08-06 23:37:00,73,158,70,99.0,15,97,0
SYN-V-003564,SYN-P-00072,SYN-E-000866,Synthetic Community Hospital West,Internal Medicine,2025-08-07 14:44:00,84,153,69,98.3,21,98,1
SYN-V-003565,SYN-P-00072,SYN-E-000866,Synthetic Community Hospital West,Internal Medicine,2025-08-07 19:38:00,71,112,94,99.3,14,93,
SYN-V-003566,SYN-P-00072,SYN-E-000866,Synthetic Community Hospital West,Internal Medicine,2025-08-08 00:01:00,84,111,68,99.6,18,97,2
SYN-V-003567,SYN-P-00072,SYN-E-000866,Synthetic Community Hospital West,Internal Medicine,2025-08-08 00:30:00,69,103,92,98.6,14,98,6
SYN-V-003568,SYN-P-00072,SYN-E-000866,Synthetic Community Hospital West,Internal Medicine,2025-08-08 07:21:00,96,151,71,97.6,17,100,2
SYN-V-003569,SYN-P-00072,SYN-E-000866,Synthetic Community Hospital West,Internal Medicine,2025-08-08 10:03:00,95,105,95,99.2,13,97,7
SYN-V-003570,SYN-P-00072,SYN-E-000866,Synthetic Community Hospital West,Internal Medicine,2025-08-08 10:51:00,98,142,66,98.0,19,96,2
SYN-V-003571,SYN-P-00072,SYN-E-000866,Synthetic Community Hospital West,Internal Medicine,2025-08-08 11:23:00,92,123,61,99.4,15,95,5
SYN-V-003572,SYN-P-00072,SYN-E-000866,Synthetic Community Hospital West,Internal Medicine,2025-08-08 16:01:00,60,104,79,97.6,13,94,5
SYN-V-003573,SYN-P-00072,SYN-E-000866,Synthetic Community Hospital West,Internal Medicine,2025-08-08 16:18:00,72,145,63,98.8,20,97,
SYN-V-003574,SYN-P-00072,SYN-E-000866,Synthetic Community Hospital West,Internal Medicine,2025-08-09 01:38:00,101,145,92,99.3,21,100,4
SYN-V-003575,SYN-P-00072,SYN-E-000866,Synthetic Community Hospital West,Internal Medicine,2025-08-09 16:01:00,57,125,69,97.3,21,96,6
SYN-V-003576,SYN-P-00072,SYN-E-000866,Synthetic Community Hospital West,Internal Medicine,2025-08-10 07:10:00,101,147,71,99.5,18,100,4
SYN-V-003577,SYN-P-00072,SYN-E-000866,Synthetic Community Hospital West,Internal Medicine,2025-08-11 14:47:00,59,113,72,99.7,16,100,2
SYN-V-003578,SYN-P-00072,SYN-E-000866,Synthetic Community Hospital West,Internal Medicine,2025-08-11 15:54:00,107,129,72,97.2,19,92,2
SYN-V-003579,SYN-P-00194,SYN-E-000867,Synthetic Community Hospital East,Emergency,2025-08-05 11:47:00,106,132,87,99.2,16,96,2
SYN-V-003580,SYN-P-00194,SYN-E-000867,Synthetic Community Hospital East,Emergency,2025-08-05 12:15:00,80,137,94,98.7,20,98,2
SYN-V-003581,SYN-P-00194,SYN-E-000867,Synthetic Community Hospital East,Emergency,2025-08-05 14:35:00,106,158,77,97.3,16,98,1
SYN-V-003582,SYN-P-00147,SYN-E-000869,Synthetic Regional Medical Center,Cardiology,2025-08-08 20:08:00,66,109,91,97.5,18,97,7
SYN-V-003583,SYN-P-00147,SYN-E-000869,Synthetic Regional Medical Center,Cardiology,2025-08-08 20:44:00,60,130,92,99.1,21,94,7
SYN-V-003584,SYN-P-00143,SYN-E-000870,Synthetic Regional Medical Center,Pulmonology,2025-08-08 11:06:00,62,142,94,99.4,17,96,8
SYN-V-003585,SYN-P-00143,SYN-E-000870,Synthetic Regional Medical Center,Pulmonology,2025-08-08 13:43:00,109,158,60,97.2,17,98,8
SYN-V-003586,SYN-P-00143,SYN-E-000870,Synthetic Regional Medical Center,Pulmonology,2025-08-10 04:44:00,76,124,64,99.0,22,92,
SYN-V-003587,SYN-P-00143,SYN-E-000870,Synthetic Regional Medical Center,Pulmonology,2025-08-10 09:29:00,99,158,80,97.7,17,94,2
SYN-V-003588,SYN-P-00143,SYN-E-000870,Synthetic Regional Medical Center,Pulmonology,2025-08-10 12:11:00,87,129,90,99.1,14,92,3
SYN-V-003589,SYN-P-00143,SYN-E-000870,Synthetic Regional Medical Center,Pulmonology,2025-08-10 22:14:00,64,101,77,97.6,17,97,1
SYN-V-003590,SYN-P-00143,SYN-E-000870,Synthetic Regional Medical Center,Pulmonology,2025-08-11 06:32:00,110,152,67,97.6,14,95,5
SYN-V-003591,SYN-P-00054,SYN-E-000871,Synthetic Regional Medical Center,Nephrology,2025-08-10 06:42:00,101,142,93,97.6,14,96,0
SYN-V-003592,SYN-P-00054,SYN-E-000871,Synthetic Regional Medical Center,Nephrology,2025-08-10 08:14:00,97,144,77,97.1,16,96,8
SYN-V-003593,SYN-P-00054,SYN-E-000871,Synthetic Regional Medical Center,Nephrology,2025-08-10 18:48:00,83,116,89,98.9,12,94,0
SYN-V-003594,SYN-P-00054,SYN-E-000871,Synthetic Regional Medical Center,Nephrology,2025-08-10 22:03:00,102,117,87,99.6,15,99,3
SYN-V-003595,SYN-P-00054,SYN-E-000871,Synthetic Regional Medical Center,Nephrology,2025-08-11 15:39:00,86,126,94,97.5,17,99,1
SYN-V-003596,SYN-P-00054,SYN-E-000871,Synthetic Regional Medical Center,Nephrology,2025-08-11 17:03:00,60,133,94,99.5,15,96,0
SYN-V-003597,SYN-P-00054,SYN-E-000871,Synthetic Regional Medical Center,Nephrology,2025-08-11 20:18:00,105,107,81,98.6,22,93,2
SYN-V-003598,SYN-P-00054,SYN-E-000871,Synthetic Regional Medical Center,Nephrology,2025-08-12 11:29:00,100,133,68,97.8,22,94,0
SYN-V-003599,SYN-P-00187,SYN-E-000872,Synthetic Outpatient Center,Primary Care,2025-08-09 08:06:00,61,109,72,99.5,19,92,8
SYN-V-003600,SYN-P-00187,SYN-E-000872,Synthetic Outpatient Center,Primary Care,2025-08-09 09:31:00,95,111,60,99.1,15,96,0
SYN-V-003601,SYN-P-00187,SYN-E-000872,Synthetic Outpatient Center,Primary Care,2025-08-09 09:32:00,70,129,76,98.7,19,97,2
SYN-V-003602,SYN-P-00187,SYN-E-000872,Synthetic Outpatient Center,Primary Care,2025-08-09 10:07:00,108,147,80,98.6,20,96,7
SYN-V-003603,SYN-P-00013,SYN-E-000873,Synthetic Outpatient Center,Orthopedics,2025-08-09 10:45:00,62,158,68,97.1,20,98,5
SYN-V-003604,SYN-P-00173,SYN-E-000876,Synthetic Community Hospital East,Pulmonology,2025-08-11 21:30:00,104,142,63,99.8,19,99,1
SYN-V-003605,SYN-P-00173,SYN-E-000876,Synthetic Community Hospital East,Pulmonology,2025-08-12 09:13:00,87,128,63,98.2,21,92,5
SYN-V-003606,SYN-P-00173,SYN-E-000876,Synthetic Community Hospital East,Pulmonology,2025-08-12 10:50:00,110,158,86,99.6,16,92,3
SYN-V-003607,SYN-P-00173,SYN-E-000876,Synthetic Community Hospital East,Pulmonology,2025-08-12 22:02:00,94,116,61,99.1,17,98,1
SYN-V-003608,SYN-P-00173,SYN-E-000876,Synthetic Community Hospital East,Pulmonology,2025-08-13 20:03:00,85,104,76,98.3,16,94,1
SYN-V-003609,SYN-P-00173,SYN-E-000876,Synthetic Community Hospital East,Pulmonology,2025-08-14 11:11:00,108,100,95,98.4,14,95,8
SYN-V-003610,SYN-P-00173,SYN-E-000876,Synthetic Community Hospital East,Pulmonology,2025-08-14 11:16:00,65,154,90,99.2,16,93,7
SYN-V-003611,SYN-P-00173,SYN-E-000876,Synthetic Community Hospital East,Pulmonology,2025-08-14 17:50:00,72,143,78,97.2,18,99,4
SYN-V-003612,SYN-P-00173,SYN-E-000876,Synthetic Community Hospital East,Pulmonology,2025-08-14 18:31:00,101,139,74,97.6,21,95,7
SYN-V-003613,SYN-P-00173,SYN-E-000876,Synthetic Community Hospital East,Pulmonology,2025-08-15 01:47:00,98,128,91,99.8,14,92,1
SYN-V-003614,SYN-P-00173,SYN-E-000876,Synthetic Community Hospital East,Pulmonology,2025-08-15 22:37:00,89,155,71,98.2,12,98,8
SYN-V-003615,SYN-P-00173,SYN-E-000876,Synthetic Community Hospital East,Pulmonology,2025-08-16 04:19:00,76,100,72,98.6,19,97,2
SYN-V-003616,SYN-P-00173,SYN-E-000876,Synthetic Community Hospital East,Pulmonology,2025-08-16 16:05:00,73,141,70,97.4,15,99,4
SYN-V-003617,SYN-P-00173,SYN-E-000876,Synthetic Community Hospital East,Pulmonology,2025-08-16 17:13:00,84,138,86,98.2,13,92,7
SYN-V-003618,SYN-P-00173,SYN-E-000876,Synthetic Community Hospital East,Pulmonology,2025-08-16 18:22:00,58,134,84,98.4,17,97,5
SYN-V-003619,SYN-P-00059,SYN-E-000877,Synthetic Regional Medical Center,Emergency,2025-08-12 03:51:00,59,107,76,97.2,12,99,
SYN-V-003620,SYN-P-00059,SYN-E-000877,Synthetic Regional Medical Center,Emergency,2025-08-12 03:54:00,75,141,70,97.6,20,96,0
SYN-V-003621,SYN-P-00059,SYN-E-000877,Synthetic Regional Medical Center,Emergency,2025-08-12 04:57:00,98,150,67,99.7,12,96,2
SYN-V-003622,SYN-P-00059,SYN-E-000877,Synthetic Regional Medical Center,Emergency,2025-08-12 05:42:00,77,124,93,98.7,17,95,7
SYN-V-003623,SYN-P-00175,SYN-E-000878,Synthetic Community Hospital West,Emergency,2025-08-12 13:38:00,110,101,71,99.0,14,93,5
SYN-V-003624,SYN-P-00175,SYN-E-000878,Synthetic Community Hospital West,Emergency,2025-08-12 13:49:00,61,123,65,99.1,20,97,2
SYN-V-003625,SYN-P-00175,SYN-E-000878,Synthetic Community Hospital West,Emergency,2025-08-12 16:43:00,59,156,80,98.3,22,95,1
SYN-V-003626,SYN-P-00175,SYN-E-000878,Synthetic Community Hospital West,Emergency,2025-08-12 17:03:00,100,124,92,97.3,13,97,1
SYN-V-003627,SYN-P-00039,SYN-E-000879,Synthetic Community Hospital East,Emergency,2025-08-14 06:10:00,80,125,60,99.5,13,98,1
SYN-V-003628,SYN-P-00039,SYN-E-000879,Synthetic Community Hospital East,Emergency,2025-08-14 06:28:00,101,111,74,99.3,18,95,5
SYN-V-003629,SYN-P-00039,SYN-E-000879,Synthetic Community Hospital East,Emergency,2025-08-14 06:45:00,59,123,60,97.2,12,99,0
SYN-V-003630,SYN-P-00126,SYN-E-000881,Synthetic Community Hospital East,Emergency,2025-08-16 07:45:00,94,140,85,97.6,13,95,6
SYN-V-003631,SYN-P-00126,SYN-E-000881,Synthetic Community Hospital East,Emergency,2025-08-16 07:51:00,61,120,83,97.9,22,93,1
SYN-V-003632,SYN-P-00126,SYN-E-000881,Synthetic Community Hospital East,Emergency,2025-08-16 08:03:00,83,141,68,98.0,13,98,4
SYN-V-003633,SYN-P-00126,SYN-E-000881,Synthetic Community Hospital East,Emergency,2025-08-16 09:39:00,82,144,68,99.4,15,93,7
SYN-V-003634,SYN-P-00126,SYN-E-000881,Synthetic Community Hospital East,Emergency,2025-08-16 10:14:00,61,105,90,97.3,18,97,6
SYN-V-003635,SYN-P-00069,SYN-E-000882,Synthetic Community Hospital East,Pulmonology,2025-08-17 03:17:00,106,153,64,97.7,15,99,7
SYN-V-003636,SYN-P-00069,SYN-E-000882,Synthetic Community Hospital East,Pulmonology,2025-08-17 06:07:00,71,142,73,97.3,22,95,2
SYN-V-003637,SYN-P-00069,SYN-E-000882,Synthetic Community Hospital East,Pulmonology,2025-08-17 10:34:00,75,152,88,97.6,19,98,3
SYN-V-003638,SYN-P-00069,SYN-E-000882,Synthetic Community Hospital East,Pulmonology,2025-08-17 12:50:00,88,155,73,99.6,18,96,0
SYN-V-003639,SYN-P-00069,SYN-E-000882,Synthetic Community Hospital East,Pulmonology,2025-08-18 04:39:00,55,138,75,97.0,14,100,5
SYN-V-003640,SYN-P-00069,SYN-E-000882,Synthetic Community Hospital East,Pulmonology,2025-08-19 00:06:00,85,118,66,97.7,14,93,2
SYN-V-003641,SYN-P-00069,SYN-E-000882,Synthetic Community Hospital East,Pulmonology,2025-08-19 11:34:00,76,113,93,99.1,19,100,4
SYN-V-003642,SYN-P-00069,SYN-E-000882,Synthetic Community Hospital East,Pulmonology,2025-08-20 05:09:00,103,107,73,98.8,21,96,6
SYN-V-003643,SYN-P-00069,SYN-E-000882,Synthetic Community Hospital East,Pulmonology,2025-08-20 08:48:00,76,107,79,98.3,16,94,0
SYN-V-003644,SYN-P-00069,SYN-E-000882,Synthetic Community Hospital East,Pulmonology,2025-08-20 23:40:00,82,156,76,97.6,13,99,7
SYN-V-003645,SYN-P-00112,SYN-E-000883,Synthetic Community Hospital West,Internal Medicine,2025-08-17 10:42:00,77,106,81,99.4,15,100,1
SYN-V-003646,SYN-P-00112,SYN-E-000883,Synthetic Community Hospital West,Internal Medicine,2025-08-18 06:24:00,110,114,68,97.9,19,95,5
SYN-V-003647,SYN-P-00112,SYN-E-000883,Synthetic Community Hospital West,Internal Medicine,2025-08-19 04:27:00,67,148,64,99.2,17,92,1
SYN-V-003648,SYN-P-00112,SYN-E-000883,Synthetic Community Hospital West,Internal Medicine,2025-08-20 10:15:00,99,139,62,98.2,20,100,6
SYN-V-003649,SYN-P-00112,SYN-E-000883,Synthetic Community Hospital West,Internal Medicine,2025-08-20 19:02:00,55,149,94,99.1,16,99,6
SYN-V-003650,SYN-P-00112,SYN-E-000883,Synthetic Community Hospital West,Internal Medicine,2025-08-21 05:45:00,99,105,93,98.8,14,96,8
SYN-V-003651,SYN-P-00112,SYN-E-000883,Synthetic Community Hospital West,Internal Medicine,2025-08-22 00:15:00,82,142,65,98.5,12,96,6
SYN-V-003652,SYN-P-00112,SYN-E-000883,Synthetic Community Hospital West,Internal Medicine,2025-08-22 04:26:00,81,158,95,97.4,14,96,3
SYN-V-003653,SYN-P-00112,SYN-E-000883,Synthetic Community Hospital West,Internal Medicine,2025-08-22 07:06:00,60,101,79,99.7,18,95,5
SYN-V-003654,SYN-P-00112,SYN-E-000883,Synthetic Community Hospital West,Internal Medicine,2025-08-22 23:38:00,80,124,88,98.9,18,99,8
SYN-V-003655,SYN-P-00112,SYN-E-000883,Synthetic Community Hospital West,Internal Medicine,2025-08-23 02:31:00,76,146,75,99.7,20,94,2
SYN-V-003656,SYN-P-00112,SYN-E-000883,Synthetic Community Hospital West,Internal Medicine,2025-08-23 05:08:00,77,125,88,97.1,15,94,5
SYN-V-003657,SYN-P-00112,SYN-E-000883,Synthetic Community Hospital West,Internal Medicine,2025-08-23 10:01:00,85,160,85,98.9,17,94,5
SYN-V-003658,SYN-P-00112,SYN-E-000883,Synthetic Community Hospital West,Internal Medicine,2025-08-23 12:33:00,83,122,95,99.0,15,100,4
SYN-V-003659,SYN-P-00112,SYN-E-000883,Synthetic Community Hospital West,Internal Medicine,2025-08-23 17:36:00,91,141,76,99.3,15,99,0
SYN-V-003660,SYN-P-00112,SYN-E-000883,Synthetic Community Hospital West,Internal Medicine,2025-08-23 17:39:00,96,139,90,98.7,15,93,5
SYN-V-003661,SYN-P-00112,SYN-E-000883,Synthetic Community Hospital West,Internal Medicine,2025-08-23 18:14:00,85,158,74,97.9,20,97,2
SYN-V-003662,SYN-P-00112,SYN-E-000883,Synthetic Community Hospital West,Internal Medicine,2025-08-23 20:42:00,105,135,81,97.1,20,97,8
SYN-V-003663,SYN-P-00112,SYN-E-000883,Synthetic Community Hospital West,Internal Medicine,2025-08-24 03:03:00,74,126,92,97.8,17,94,5
SYN-V-003664,SYN-P-00112,SYN-E-000883,Synthetic Community Hospital West,Internal Medicine,2025-08-24 11:18:00,64,155,71,97.6,14,94,8
SYN-V-003665,SYN-P-00099,SYN-E-000884,Synthetic Community Hospital West,Cardiology,2025-08-18 06:52:00,101,111,90,98.5,20,97,1
SYN-V-003666,SYN-P-00099,SYN-E-000884,Synthetic Community Hospital West,Cardiology,2025-08-19 15:33:00,81,149,61,97.9,21,96,5
SYN-V-003667,SYN-P-00099,SYN-E-000884,Synthetic Community Hospital West,Cardiology,2025-08-19 17:00:00,63,158,68,97.1,20,95,3
SYN-V-003668,SYN-P-00099,SYN-E-000884,Synthetic Community Hospital West,Cardiology,2025-08-20 05:19:00,101,156,70,98.7,20,95,5
SYN-V-003669,SYN-P-00099,SYN-E-000884,Synthetic Community Hospital West,Cardiology,2025-08-20 05:46:00,75,145,90,97.2,14,97,8
SYN-V-003670,SYN-P-00099,SYN-E-000884,Synthetic Community Hospital West,Cardiology,2025-08-20 18:24:00,108,105,89,97.2,21,99,8
SYN-V-003671,SYN-P-00099,SYN-E-000884,Synthetic Community Hospital West,Cardiology,2025-08-20 23:25:00,69,101,93,98.2,14,97,5
SYN-V-003672,SYN-P-00099,SYN-E-000884,Synthetic Community Hospital West,Cardiology,2025-08-21 01:50:00,76,128,84,97.2,22,99,0
SYN-V-003673,SYN-P-00052,SYN-E-000885,Synthetic Specialty Clinic,Primary Care,2025-08-18 20:33:00,61,115,85,99.6,21,93,2
SYN-V-003674,SYN-P-00052,SYN-E-000885,Synthetic Specialty Clinic,Primary Care,2025-08-18 21:05:00,104,141,74,99.1,19,94,8
SYN-V-003675,SYN-P-00052,SYN-E-000885,Synthetic Specialty Clinic,Primary Care,2025-08-18 23:14:00,83,107,88,99.6,17,92,5
SYN-V-003676,SYN-P-00171,SYN-E-000886,Synthetic Community Hospital East,Pulmonology,2025-08-19 12:42:00,91,157,68,97.7,12,95,7
SYN-V-003677,SYN-P-00171,SYN-E-000886,Synthetic Community Hospital East,Pulmonology,2025-08-19 13:37:00,100,138,93,97.3,12,99,8
SYN-V-003678,SYN-P-00171,SYN-E-000886,Synthetic Community Hospital East,Pulmonology,2025-08-19 18:49:00,72,149,70,98.5,18,100,3
SYN-V-003679,SYN-P-00171,SYN-E-000886,Synthetic Community Hospital East,Pulmonology,2025-08-20 06:30:00,96,144,92,97.8,17,94,0
SYN-V-003680,SYN-P-00171,SYN-E-000886,Synthetic Community Hospital East,Pulmonology,2025-08-20 07:57:00,70,150,68,97.7,19,94,7
SYN-V-003681,SYN-P-00171,SYN-E-000886,Synthetic Community Hospital East,Pulmonology,2025-08-20 08:30:00,97,153,77,97.7,18,99,5
SYN-V-003682,SYN-P-00171,SYN-E-000886,Synthetic Community Hospital East,Pulmonology,2025-08-20 09:34:00,79,128,82,97.5,22,92,7
SYN-V-003683,SYN-P-00171,SYN-E-000886,Synthetic Community Hospital East,Pulmonology,2025-08-20 10:08:00,67,135,85,99.0,18,95,8
SYN-V-003684,SYN-P-00171,SYN-E-000886,Synthetic Community Hospital East,Pulmonology,2025-08-20 12:36:00,109,130,64,97.7,19,96,3
SYN-V-003685,SYN-P-00171,SYN-E-000886,Synthetic Community Hospital East,Pulmonology,2025-08-20 15:12:00,69,125,69,98.2,21,96,
SYN-V-003686,SYN-P-00171,SYN-E-000886,Synthetic Community Hospital East,Pulmonology,2025-08-20 20:12:00,92,127,86,99.2,18,98,0
SYN-V-003687,SYN-P-00171,SYN-E-000886,Synthetic Community Hospital East,Pulmonology,2025-08-21 03:05:00,55,111,73,99.0,20,100,7
SYN-V-003688,SYN-P-00025,SYN-E-000887,Synthetic Community Hospital West,Emergency,2025-08-19 09:52:00,79,103,80,99.3,20,100,3
SYN-V-003689,SYN-P-00025,SYN-E-000887,Synthetic Community Hospital West,Emergency,2025-08-19 09:54:00,110,127,94,99.2,13,96,6
SYN-V-003690,SYN-P-00025,SYN-E-000887,Synthetic Community Hospital West,Emergency,2025-08-19 12:54:00,67,152,63,98.3,18,93,8
SYN-V-003691,SYN-P-00138,SYN-E-000890,Synthetic Outpatient Center,Orthopedics,2025-08-19 22:41:00,62,120,94,98.6,14,98,7
SYN-V-003692,SYN-P-00088,SYN-E-000891,Synthetic Community Hospital East,Primary Care,2025-08-20 02:28:00,84,122,84,98.9,18,95,1
SYN-V-003693,SYN-P-00090,SYN-E-000892,Synthetic Regional Medical Center,Internal Medicine,2025-08-21 00:14:00,81,147,76,97.4,13,96,5
SYN-V-003694,SYN-P-00090,SYN-E-000892,Synthetic Regional Medical Center,Internal Medicine,2025-08-21 16:38:00,91,110,78,97.3,12,94,2
SYN-V-003695,SYN-P-00090,SYN-E-000892,Synthetic Regional Medical Center,Internal Medicine,2025-08-21 23:59:00,107,117,89,97.2,16,94,2
SYN-V-003696,SYN-P-00101,SYN-E-000893,Synthetic Regional Medical Center,Orthopedics,2025-08-22 04:30:00,70,120,60,97.2,19,100,4
SYN-V-003697,SYN-P-00101,SYN-E-000893,Synthetic Regional Medical Center,Orthopedics,2025-08-22 06:56:00,84,109,79,99.3,17,95,2
SYN-V-003698,SYN-P-00101,SYN-E-000893,Synthetic Regional Medical Center,Orthopedics,2025-08-22 07:53:00,102,137,68,97.7,20,92,5
SYN-V-003699,SYN-P-00101,SYN-E-000893,Synthetic Regional Medical Center,Orthopedics,2025-08-22 18:25:00,92,158,81,97.4,17,95,3
SYN-V-003700,SYN-P-00101,SYN-E-000893,Synthetic Regional Medical Center,Orthopedics,2025-08-22 21:58:00,99,131,92,99.1,15,93,3
SYN-V-003701,SYN-P-00101,SYN-E-000893,Synthetic Regional Medical Center,Orthopedics,2025-08-23 09:25:00,63,126,94,98.8,19,98,8
SYN-V-003702,SYN-P-00101,SYN-E-000893,Synthetic Regional Medical Center,Orthopedics,2025-08-23 12:03:00,101,151,87,97.1,15,94,0
SYN-V-003703,SYN-P-00101,SYN-E-000893,Synthetic Regional Medical Center,Orthopedics,2025-08-24 06:41:00,97,145,83,99.5,13,96,4
SYN-V-003704,SYN-P-00101,SYN-E-000893,Synthetic Regional Medical Center,Orthopedics,2025-08-24 16:18:00,99,117,79,98.9,20,100,3
SYN-V-003705,SYN-P-00101,SYN-E-000893,Synthetic Regional Medical Center,Orthopedics,2025-08-24 17:19:00,88,124,92,97.9,18,100,7
SYN-V-003706,SYN-P-00192,SYN-E-000894,Synthetic Regional Medical Center,Cardiology,2025-08-22 07:18:00,107,149,62,97.1,18,99,3
SYN-V-003707,SYN-P-00192,SYN-E-000894,Synthetic Regional Medical Center,Cardiology,2025-08-22 07:37:00,57,143,75,97.4,21,96,8
SYN-V-003708,SYN-P-00192,SYN-E-000894,Synthetic Regional Medical Center,Cardiology,2025-08-22 07:39:00,96,145,90,99.6,13,100,2
SYN-V-003709,SYN-P-00192,SYN-E-000894,Synthetic Regional Medical Center,Cardiology,2025-08-22 08:10:00,63,134,78,98.0,13,97,0
SYN-V-003710,SYN-P-00192,SYN-E-000894,Synthetic Regional Medical Center,Cardiology,2025-08-22 08:10:00,92,103,64,98.2,18,95,3
SYN-V-003711,SYN-P-00192,SYN-E-000894,Synthetic Regional Medical Center,Cardiology,2025-08-22 08:46:00,70,150,91,97.8,14,94,2
SYN-V-003712,SYN-P-00192,SYN-E-000894,Synthetic Regional Medical Center,Cardiology,2025-08-22 09:02:00,93,120,63,97.9,16,92,5
SYN-V-003713,SYN-P-00192,SYN-E-000894,Synthetic Regional Medical Center,Cardiology,2025-08-22 09:14:00,84,132,95,98.3,18,92,5
SYN-V-003714,SYN-P-00192,SYN-E-000894,Synthetic Regional Medical Center,Cardiology,2025-08-22 09:56:00,86,146,93,97.2,20,96,5
SYN-V-003715,SYN-P-00192,SYN-E-000894,Synthetic Regional Medical Center,Cardiology,2025-08-22 10:54:00,75,115,88,98.8,21,94,8
SYN-V-003716,SYN-P-00192,SYN-E-000894,Synthetic Regional Medical Center,Cardiology,2025-08-22 10:55:00,109,122,60,98.4,12,94,4
SYN-V-003717,SYN-P-00012,SYN-E-000895,Synthetic Outpatient Center,Orthopedics,2025-08-22 12:34:00,94,130,82,97.7,19,100,2
SYN-V-003718,SYN-P-00012,SYN-E-000895,Synthetic Outpatient Center,Orthopedics,2025-08-22 14:51:00,82,142,84,99.2,14,93,6
SYN-V-003719,SYN-P-00005,SYN-E-000896,Synthetic Community Hospital East,Internal Medicine,2025-08-23 03:12:00,103,143,73,98.7,19,96,8
SYN-V-003720,SYN-P-00005,SYN-E-000896,Synthetic Community Hospital East,Internal Medicine,2025-08-23 04:42:00,98,142,64,98.5,16,93,6
SYN-V-003721,SYN-P-00005,SYN-E-000896,Synthetic Community Hospital East,Internal Medicine,2025-08-23 05:42:00,105,151,64,97.8,15,99,3
SYN-V-003722,SYN-P-00005,SYN-E-000896,Synthetic Community Hospital East,Internal Medicine,2025-08-23 17:33:00,90,158,87,97.6,19,93,0
SYN-V-003723,SYN-P-00005,SYN-E-000896,Synthetic Community Hospital East,Internal Medicine,2025-08-23 18:33:00,103,100,86,98.2,20,98,4
SYN-V-003724,SYN-P-00005,SYN-E-000896,Synthetic Community Hospital East,Internal Medicine,2025-08-23 23:03:00,63,103,86,98.2,14,92,6
SYN-V-003725,SYN-P-00005,SYN-E-000896,Synthetic Community Hospital East,Internal Medicine,2025-08-24 10:33:00,74,156,86,97.6,12,100,4
SYN-V-003726,SYN-P-00005,SYN-E-000896,Synthetic Community Hospital East,Internal Medicine,2025-08-24 21:29:00,110,120,61,98.2,22,95,7
SYN-V-003727,SYN-P-00005,SYN-E-000896,Synthetic Community Hospital East,Internal Medicine,2025-08-25 03:43:00,72,115,76,98.3,18,97,0
SYN-V-003728,SYN-P-00005,SYN-E-000896,Synthetic Community Hospital East,Internal Medicine,2025-08-25 04:13:00,72,141,62,99.1,15,95,5
SYN-V-003729,SYN-P-00005,SYN-E-000896,Synthetic Community Hospital East,Internal Medicine,2025-08-25 11:14:00,72,110,69,97.9,17,100,3
SYN-V-003730,SYN-P-00005,SYN-E-000896,Synthetic Community Hospital East,Internal Medicine,2025-08-25 13:51:00,61,122,61,98.4,21,92,8
SYN-V-003731,SYN-P-00103,SYN-E-000897,Synthetic Regional Medical Center,Cardiology,2025-08-23 04:40:00,106,145,73,99.6,12,98,3
SYN-V-003732,SYN-P-00103,SYN-E-000897,Synthetic Regional Medical Center,Cardiology,2025-08-23 07:44:00,97,116,90,98.4,18,94,8
SYN-V-003733,SYN-P-00162,SYN-E-000898,Synthetic Community Hospital East,Orthopedics,2025-08-24 10:02:00,101,101,68,98.8,21,98,0
SYN-V-003734,SYN-P-00162,SYN-E-000898,Synthetic Community Hospital East,Orthopedics,2025-08-24 10:32:00,94,129,64,98.0,18,96,8
SYN-V-003735,SYN-P-00162,SYN-E-000898,Synthetic Community Hospital East,Orthopedics,2025-08-24 12:27:00,95,119,78,97.5,17,95,1
SYN-V-003736,SYN-P-00094,SYN-E-000899,Synthetic Outpatient Center,Primary Care,2025-08-24 10:33:00,62,127,65,97.4,20,93,2
SYN-V-003737,SYN-P-00094,SYN-E-000899,Synthetic Outpatient Center,Primary Care,2025-08-24 11:32:00,74,123,91,99.4,19,97,0
SYN-V-003738,SYN-P-00094,SYN-E-000899,Synthetic Outpatient Center,Primary Care,2025-08-24 13:39:00,91,159,79,99.1,15,98,2
SYN-V-003739,SYN-P-00094,SYN-E-000899,Synthetic Outpatient Center,Primary Care,2025-08-24 13:42:00,110,130,69,97.3,20,97,3
SYN-V-003740,SYN-P-00006,SYN-E-000900,Synthetic Community Hospital West,Emergency,2025-08-25 05:32:00,64,112,72,98.4,14,100,3
SYN-V-003741,SYN-P-00006,SYN-E-000900,Synthetic Community Hospital West,Emergency,2025-08-25 05:52:00,69,124,90,97.6,16,96,5
SYN-V-003742,SYN-P-00006,SYN-E-000900,Synthetic Community Hospital West,Emergency,2025-08-25 06:20:00,100,129,71,98.4,20,95,5
SYN-V-003743,SYN-P-00006,SYN-E-000900,Synthetic Community Hospital West,Emergency,2025-08-25 06:42:00,67,111,79,98.3,19,92,7
SYN-V-003744,SYN-P-00006,SYN-E-000900,Synthetic Community Hospital West,Emergency,2025-08-25 06:51:00,91,137,72,98.0,19,94,7
SYN-V-003745,SYN-P-00006,SYN-E-000900,Synthetic Community Hospital West,Emergency,2025-08-25 07:28:00,80,137,72,99.7,13,98,8
SYN-V-003746,SYN-P-00006,SYN-E-000900,Synthetic Community Hospital West,Emergency,2025-08-25 08:44:00,57,129,94,98.5,19,93,6
SYN-V-003747,SYN-P-00107,SYN-E-000901,Synthetic Regional Medical Center,Internal Medicine,2025-08-26 05:16:00,78,148,64,98.4,22,93,8
SYN-V-003748,SYN-P-00107,SYN-E-000901,Synthetic Regional Medical Center,Internal Medicine,2025-08-26 07:41:00,98,115,93,99.7,16,97,6
SYN-V-003749,SYN-P-00107,SYN-E-000901,Synthetic Regional Medical Center,Internal Medicine,2025-08-27 11:57:00,75,102,85,99.2,15,97,3
SYN-V-003750,SYN-P-00107,SYN-E-000901,Synthetic Regional Medical Center,Internal Medicine,2025-08-27 13:52:00,85,142,61,98.9,17,92,4
SYN-V-003751,SYN-P-00107,SYN-E-000901,Synthetic Regional Medical Center,Internal Medicine,2025-08-27 20:58:00,93,138,77,98.1,20,92,1
SYN-V-003752,SYN-P-00107,SYN-E-000901,Synthetic Regional Medical Center,Internal Medicine,2025-08-27 22:02:00,81,121,69,99.0,16,97,0
SYN-V-003753,SYN-P-00107,SYN-E-000901,Synthetic Regional Medical Center,Internal Medicine,2025-08-29 13:17:00,104,132,65,99.0,21,100,2
SYN-V-003754,SYN-P-00107,SYN-E-000901,Synthetic Regional Medical Center,Internal Medicine,2025-08-29 16:56:00,67,128,76,98.1,22,100,4
SYN-V-003755,SYN-P-00107,SYN-E-000901,Synthetic Regional Medical Center,Internal Medicine,2025-08-30 07:54:00,71,147,67,97.1,19,96,2
SYN-V-003756,SYN-P-00107,SYN-E-000901,Synthetic Regional Medical Center,Internal Medicine,2025-08-30 15:56:00,81,150,91,99.8,16,93,3
SYN-V-003757,SYN-P-00107,SYN-E-000901,Synthetic Regional Medical Center,Internal Medicine,2025-08-31 06:42:00,64,102,60,99.3,22,92,0
SYN-V-003758,SYN-P-00107,SYN-E-000901,Synthetic Regional Medical Center,Internal Medicine,2025-08-31 18:13:00,77,108,84,98.4,16,93,4
SYN-V-003759,SYN-P-00113,SYN-E-000902,Synthetic Community Hospital East,Emergency,2025-08-26 17:08:00,93,110,78,99.0,15,96,4
SYN-V-003760,SYN-P-00113,SYN-E-000902,Synthetic Community Hospital East,Emergency,2025-08-26 19:13:00,81,125,62,98.7,12,93,2
SYN-V-003761,SYN-P-00113,SYN-E-000902,Synthetic Community Hospital East,Emergency,2025-08-26 19:13:00,80,152,65,97.6,21,98,7
SYN-V-003762,SYN-P-00113,SYN-E-000902,Synthetic Community Hospital East,Emergency,2025-08-26 19:18:00,110,158,76,97.2,12,94,5
SYN-V-003763,SYN-P-00113,SYN-E-000902,Synthetic Community Hospital East,Emergency,2025-08-26 20:46:00,90,108,67,99.6,18,100,0
SYN-V-003764,SYN-P-00175,SYN-E-000903,Synthetic Community Hospital West,Emergency,2025-08-27 02:38:00,84,108,92,97.9,22,96,1
SYN-V-003765,SYN-P-00175,SYN-E-000903,Synthetic Community Hospital West,Emergency,2025-08-27 02:55:00,65,141,71,99.6,21,99,7
SYN-V-003766,SYN-P-00175,SYN-E-000903,Synthetic Community Hospital West,Emergency,2025-08-27 03:23:00,59,131,61,97.4,16,100,5
SYN-V-003767,SYN-P-00129,SYN-E-000905,Synthetic Regional Medical Center,Pulmonology,2025-08-28 11:31:00,89,124,94,99.2,18,100,4
SYN-V-003768,SYN-P-00129,SYN-E-000905,Synthetic Regional Medical Center,Pulmonology,2025-08-28 21:01:00,80,104,84,97.2,22,99,8
SYN-V-003769,SYN-P-00129,SYN-E-000905,Synthetic Regional Medical Center,Pulmonology,2025-08-29 00:23:00,84,151,80,99.0,15,99,
SYN-V-003770,SYN-P-00129,SYN-E-000905,Synthetic Regional Medical Center,Pulmonology,2025-08-29 04:30:00,102,122,92,98.2,18,97,0
SYN-V-003771,SYN-P-00129,SYN-E-000905,Synthetic Regional Medical Center,Pulmonology,2025-08-29 20:37:00,82,148,80,97.1,19,93,7
SYN-V-003772,SYN-P-00129,SYN-E-000905,Synthetic Regional Medical Center,Pulmonology,2025-08-30 01:13:00,77,141,95,99.5,16,92,4
SYN-V-003773,SYN-P-00129,SYN-E-000905,Synthetic Regional Medical Center,Pulmonology,2025-08-30 15:51:00,72,139,85,97.2,19,92,5
SYN-V-003774,SYN-P-00129,SYN-E-000905,Synthetic Regional Medical Center,Pulmonology,2025-08-30 23:14:00,57,133,94,99.4,21,94,4
SYN-V-003775,SYN-P-00131,SYN-E-000906,Synthetic Regional Medical Center,Internal Medicine,2025-08-28 00:18:00,99,123,95,97.8,19,98,8
SYN-V-003776,SYN-P-00131,SYN-E-000906,Synthetic Regional Medical Center,Internal Medicine,2025-08-28 00:28:00,102,149,79,98.6,17,94,4
SYN-V-003777,SYN-P-00131,SYN-E-000906,Synthetic Regional Medical Center,Internal Medicine,2025-08-28 10:34:00,103,154,66,97.2,14,94,3
SYN-V-003778,SYN-P-00131,SYN-E-000906,Synthetic Regional Medical Center,Internal Medicine,2025-08-28 13:06:00,90,117,84,98.9,14,97,8
SYN-V-003779,SYN-P-00131,SYN-E-000906,Synthetic Regional Medical Center,Internal Medicine,2025-08-28 18:22:00,74,144,93,98.8,20,99,4
SYN-V-003780,SYN-P-00177,SYN-E-000907,Synthetic Outpatient Center,Pulmonology,2025-08-28 06:01:00,101,155,84,98.3,22,100,7
SYN-V-003781,SYN-P-00132,SYN-E-000908,Synthetic Community Hospital East,Pulmonology,2025-08-28 12:13:00,75,106,91,99.6,17,94,5
SYN-V-003782,SYN-P-00132,SYN-E-000908,Synthetic Community Hospital East,Pulmonology,2025-08-28 14:26:00,92,130,77,98.9,15,97,0
SYN-V-003783,SYN-P-00132,SYN-E-000908,Synthetic Community Hospital East,Pulmonology,2025-08-29 11:44:00,76,138,75,97.9,17,99,5
SYN-V-003784,SYN-P-00132,SYN-E-000908,Synthetic Community Hospital East,Pulmonology,2025-08-30 09:29:00,64,129,64,99.0,13,95,6
SYN-V-003785,SYN-P-00132,SYN-E-000908,Synthetic Community Hospital East,Pulmonology,2025-08-31 02:49:00,58,131,65,98.9,19,94,2
SYN-V-003786,SYN-P-00132,SYN-E-000908,Synthetic Community Hospital East,Pulmonology,2025-08-31 08:22:00,69,106,76,99.0,20,92,8
SYN-V-003787,SYN-P-00132,SYN-E-000908,Synthetic Community Hospital East,Pulmonology,2025-08-31 16:26:00,59,101,82,97.3,22,96,4
SYN-V-003788,SYN-P-00132,SYN-E-000908,Synthetic Community Hospital East,Pulmonology,2025-09-02 06:26:00,64,157,91,97.3,14,92,6
SYN-V-003789,SYN-P-00132,SYN-E-000908,Synthetic Community Hospital East,Pulmonology,2025-09-02 07:12:00,96,143,67,98.8,12,93,4
SYN-V-003790,SYN-P-00132,SYN-E-000908,Synthetic Community Hospital East,Pulmonology,2025-09-02 19:10:00,59,127,67,98.6,22,95,5
SYN-V-003791,SYN-P-00143,SYN-E-000909,Synthetic Regional Medical Center,Internal Medicine,2025-09-02 00:25:00,106,142,85,97.6,14,100,3
SYN-V-003792,SYN-P-00143,SYN-E-000909,Synthetic Regional Medical Center,Internal Medicine,2025-09-02 02:41:00,96,120,71,99.0,20,95,2
SYN-V-003793,SYN-P-00143,SYN-E-000909,Synthetic Regional Medical Center,Internal Medicine,2025-09-02 16:00:00,68,148,70,98.1,16,100,1
SYN-V-003794,SYN-P-00143,SYN-E-000909,Synthetic Regional Medical Center,Internal Medicine,2025-09-03 06:03:00,69,158,82,97.8,18,97,4
SYN-V-003795,SYN-P-00143,SYN-E-000909,Synthetic Regional Medical Center,Internal Medicine,2025-09-03 15:13:00,64,122,65,98.5,13,96,4
SYN-V-003796,SYN-P-00143,SYN-E-000909,Synthetic Regional Medical Center,Internal Medicine,2025-09-03 16:23:00,90,146,74,97.4,22,97,4
SYN-V-003797,SYN-P-00143,SYN-E-000909,Synthetic Regional Medical Center,Internal Medicine,2025-09-04 00:32:00,89,110,86,97.2,15,96,6
SYN-V-003798,SYN-P-00143,SYN-E-000909,Synthetic Regional Medical Center,Internal Medicine,2025-09-04 01:27:00,77,131,90,99.7,15,97,3
SYN-V-003799,SYN-P-00143,SYN-E-000909,Synthetic Regional Medical Center,Internal Medicine,2025-09-04 12:06:00,110,100,81,97.6,13,98,0
SYN-V-003800,SYN-P-00143,SYN-E-000909,Synthetic Regional Medical Center,Internal Medicine,2025-09-04 13:30:00,79,136,91,97.6,15,92,2
SYN-V-003801,SYN-P-00143,SYN-E-000909,Synthetic Regional Medical Center,Internal Medicine,2025-09-04 15:52:00,98,151,89,99.2,14,99,5
SYN-V-003802,SYN-P-00143,SYN-E-000909,Synthetic Regional Medical Center,Internal Medicine,2025-09-04 18:33:00,105,117,93,98.3,12,97,1
SYN-V-003803,SYN-P-00143,SYN-E-000909,Synthetic Regional Medical Center,Internal Medicine,2025-09-04 18:40:00,93,110,76,98.3,15,93,3
SYN-V-003804,SYN-P-00143,SYN-E-000909,Synthetic Regional Medical Center,Internal Medicine,2025-09-04 19:37:00,62,110,92,98.3,13,92,8
SYN-V-003805,SYN-P-00143,SYN-E-000909,Synthetic Regional Medical Center,Internal Medicine,2025-09-05 01:21:00,84,113,63,99.7,12,96,5
SYN-V-003806,SYN-P-00143,SYN-E-000909,Synthetic Regional Medical Center,Internal Medicine,2025-09-05 06:05:00,62,148,90,99.0,12,100,0
SYN-V-003807,SYN-P-00143,SYN-E-000909,Synthetic Regional Medical Center,Internal Medicine,2025-09-05 13:27:00,97,156,89,98.8,13,99,0
SYN-V-003808,SYN-P-00143,SYN-E-000909,Synthetic Regional Medical Center,Internal Medicine,2025-09-06 05:36:00,95,149,91,98.4,17,99,7
SYN-V-003809,SYN-P-00143,SYN-E-000909,Synthetic Regional Medical Center,Internal Medicine,2025-09-06 08:20:00,95,159,65,98.3,16,92,
SYN-V-003810,SYN-P-00143,SYN-E-000909,Synthetic Regional Medical Center,Internal Medicine,2025-09-06 11:10:00,100,156,88,98.4,16,96,3
SYN-V-003811,SYN-P-00143,SYN-E-000909,Synthetic Regional Medical Center,Internal Medicine,2025-09-06 11:25:00,78,159,73,99.7,14,95,8
SYN-V-003812,SYN-P-00143,SYN-E-000909,Synthetic Regional Medical Center,Internal Medicine,2025-09-06 13:57:00,67,117,92,99.7,17,99,1
SYN-V-003813,SYN-P-00143,SYN-E-000909,Synthetic Regional Medical Center,Internal Medicine,2025-09-07 01:26:00,90,109,93,97.4,21,96,3
SYN-V-003814,SYN-P-00143,SYN-E-000909,Synthetic Regional Medical Center,Internal Medicine,2025-09-07 01:27:00,85,137,89,98.9,18,92,0
SYN-V-003815,SYN-P-00143,SYN-E-000909,Synthetic Regional Medical Center,Internal Medicine,2025-09-07 02:16:00,80,100,89,98.3,18,94,7
SYN-V-003816,SYN-P-00143,SYN-E-000909,Synthetic Regional Medical Center,Internal Medicine,2025-09-07 07:49:00,85,102,69,98.2,14,98,0
SYN-V-003817,SYN-P-00143,SYN-E-000909,Synthetic Regional Medical Center,Internal Medicine,2025-09-07 13:27:00,79,107,84,98.0,22,97,8
SYN-V-003818,SYN-P-00143,SYN-E-000909,Synthetic Regional Medical Center,Internal Medicine,2025-09-07 19:42:00,101,105,67,99.3,13,96,1
SYN-V-003819,SYN-P-00143,SYN-E-000909,Synthetic Regional Medical Center,Internal Medicine,2025-09-08 09:47:00,94,158,83,99.7,15,95,3
SYN-V-003820,SYN-P-00143,SYN-E-000909,Synthetic Regional Medical Center,Internal Medicine,2025-09-08 17:15:00,70,111,89,99.5,20,97,6
SYN-V-003821,SYN-P-00152,SYN-E-000910,Synthetic Specialty Clinic,Primary Care,2025-09-02 11:04:00,63,136,84,99.6,14,94,0
SYN-V-003822,SYN-P-00152,SYN-E-000910,Synthetic Specialty Clinic,Primary Care,2025-09-02 11:10:00,73,151,79,98.5,22,96,8
SYN-V-003823,SYN-P-00148,SYN-E-000911,Synthetic Specialty Clinic,Pulmonology,2025-09-03 13:19:00,69,109,67,97.7,19,100,2
SYN-V-003824,SYN-P-00148,SYN-E-000911,Synthetic Specialty Clinic,Pulmonology,2025-09-03 14:40:00,86,143,87,97.7,15,95,6
SYN-V-003825,SYN-P-00148,SYN-E-000911,Synthetic Specialty Clinic,Pulmonology,2025-09-03 15:33:00,103,149,84,99.3,18,93,2
SYN-V-003826,SYN-P-00129,SYN-E-000914,Synthetic Regional Medical Center,Cardiology,2025-09-10 06:59:00,93,105,87,97.9,20,100,8
SYN-V-003827,SYN-P-00129,SYN-E-000914,Synthetic Regional Medical Center,Cardiology,2025-09-10 12:20:00,100,121,95,98.6,20,95,8
SYN-V-003828,SYN-P-00129,SYN-E-000914,Synthetic Regional Medical Center,Cardiology,2025-09-10 13:35:00,62,120,60,99.1,21,99,4
SYN-V-003829,SYN-P-00129,SYN-E-000914,Synthetic Regional Medical Center,Cardiology,2025-09-10 16:37:00,101,138,95,97.1,19,100,1
SYN-V-003830,SYN-P-00129,SYN-E-000914,Synthetic Regional Medical Center,Cardiology,2025-09-10 20:27:00,91,117,86,97.0,15,96,7
SYN-V-003831,SYN-P-00129,SYN-E-000914,Synthetic Regional Medical Center,Cardiology,2025-09-11 03:21:00,85,154,76,99.3,21,98,1
SYN-V-003832,SYN-P-00129,SYN-E-000914,Synthetic Regional Medical Center,Cardiology,2025-09-11 08:54:00,110,160,89,98.9,20,96,3
SYN-V-003833,SYN-P-00191,SYN-E-000915,Synthetic Outpatient Center,Pulmonology,2025-09-09 12:26:00,62,105,72,98.8,17,97,0
SYN-V-003834,SYN-P-00191,SYN-E-000915,Synthetic Outpatient Center,Pulmonology,2025-09-09 13:47:00,109,110,78,98.8,19,100,0
SYN-V-003835,SYN-P-00191,SYN-E-000915,Synthetic Outpatient Center,Pulmonology,2025-09-09 13:54:00,60,142,87,97.9,16,100,7
SYN-V-003836,SYN-P-00104,SYN-E-000916,Synthetic Outpatient Center,Primary Care,2025-09-11 08:35:00,81,158,73,99.6,13,94,4
SYN-V-003837,SYN-P-00104,SYN-E-000916,Synthetic Outpatient Center,Primary Care,2025-09-11 10:22:00,71,144,95,99.8,15,94,2
SYN-V-003838,SYN-P-00104,SYN-E-000916,Synthetic Outpatient Center,Primary Care,2025-09-11 11:57:00,80,111,79,97.5,21,96,
SYN-V-003839,SYN-P-00190,SYN-E-000917,Synthetic Community Hospital East,Cardiology,2025-09-13 05:58:00,61,159,94,97.1,22,98,7
SYN-V-003840,SYN-P-00190,SYN-E-000917,Synthetic Community Hospital East,Cardiology,2025-09-13 11:09:00,100,107,80,97.8,14,98,0
SYN-V-003841,SYN-P-00190,SYN-E-000917,Synthetic Community Hospital East,Cardiology,2025-09-13 12:53:00,106,137,72,98.1,17,96,5
SYN-V-003842,SYN-P-00190,SYN-E-000917,Synthetic Community Hospital East,Cardiology,2025-09-13 14:18:00,70,110,60,98.4,12,96,5
SYN-V-003843,SYN-P-00190,SYN-E-000917,Synthetic Community Hospital East,Cardiology,2025-09-13 17:41:00,84,112,75,99.6,14,92,3
SYN-V-003844,SYN-P-00190,SYN-E-000917,Synthetic Community Hospital East,Cardiology,2025-09-14 04:10:00,59,134,67,98.2,20,94,2
SYN-V-003845,SYN-P-00190,SYN-E-000917,Synthetic Community Hospital East,Cardiology,2025-09-14 04:47:00,89,160,81,99.3,18,100,8
SYN-V-003846,SYN-P-00190,SYN-E-000917,Synthetic Community Hospital East,Cardiology,2025-09-14 09:13:00,85,152,68,97.2,12,98,
SYN-V-003847,SYN-P-00190,SYN-E-000917,Synthetic Community Hospital East,Cardiology,2025-09-14 10:53:00,96,107,69,99.7,19,96,7
SYN-V-003848,SYN-P-00190,SYN-E-000917,Synthetic Community Hospital East,Cardiology,2025-09-15 01:40:00,86,154,89,97.8,20,94,4
SYN-V-003849,SYN-P-00190,SYN-E-000917,Synthetic Community Hospital East,Cardiology,2025-09-15 14:11:00,91,122,68,99.6,17,99,2
SYN-V-003850,SYN-P-00190,SYN-E-000917,Synthetic Community Hospital East,Cardiology,2025-09-15 20:04:00,65,122,88,97.2,21,100,4
SYN-V-003851,SYN-P-00190,SYN-E-000917,Synthetic Community Hospital East,Cardiology,2025-09-16 00:19:00,81,149,64,97.7,21,95,5
SYN-V-003852,SYN-P-00190,SYN-E-000917,Synthetic Community Hospital East,Cardiology,2025-09-16 15:36:00,79,114,91,99.4,14,99,3
SYN-V-003853,SYN-P-00190,SYN-E-000917,Synthetic Community Hospital East,Cardiology,2025-09-16 15:56:00,64,139,67,98.0,12,100,8
SYN-V-003854,SYN-P-00190,SYN-E-000917,Synthetic Community Hospital East,Cardiology,2025-09-16 22:09:00,78,134,77,98.9,19,93,6
SYN-V-003855,SYN-P-00190,SYN-E-000917,Synthetic Community Hospital East,Cardiology,2025-09-17 05:17:00,95,131,73,97.6,19,96,6
SYN-V-003856,SYN-P-00190,SYN-E-000917,Synthetic Community Hospital East,Cardiology,2025-09-17 06:26:00,92,149,75,97.9,13,96,6
SYN-V-003857,SYN-P-00190,SYN-E-000917,Synthetic Community Hospital East,Cardiology,2025-09-17 20:18:00,79,152,75,98.9,12,98,8
SYN-V-003858,SYN-P-00190,SYN-E-000917,Synthetic Community Hospital East,Cardiology,2025-09-18 02:50:00,70,119,77,98.5,21,97,8
SYN-V-003859,SYN-P-00103,SYN-E-000918,Synthetic Outpatient Center,Pulmonology,2025-09-14 05:17:00,68,144,77,97.1,14,93,2
SYN-V-003860,SYN-P-00037,SYN-E-000920,Synthetic Regional Medical Center,Internal Medicine,2025-09-18 17:57:00,68,142,67,97.6,14,93,4
SYN-V-003861,SYN-P-00037,SYN-E-000920,Synthetic Regional Medical Center,Internal Medicine,2025-09-19 07:39:00,86,142,63,97.8,15,93,5
SYN-V-003862,SYN-P-00037,SYN-E-000920,Synthetic Regional Medical Center,Internal Medicine,2025-09-19 16:35:00,57,138,63,99.4,13,96,3
SYN-V-003863,SYN-P-00037,SYN-E-000920,Synthetic Regional Medical Center,Internal Medicine,2025-09-19 19:55:00,83,126,90,97.7,15,100,8
SYN-V-003864,SYN-P-00037,SYN-E-000920,Synthetic Regional Medical Center,Internal Medicine,2025-09-19 20:58:00,90,102,86,98.2,15,97,7
SYN-V-003865,SYN-P-00037,SYN-E-000920,Synthetic Regional Medical Center,Internal Medicine,2025-09-20 14:55:00,75,157,91,98.6,15,92,0
SYN-V-003866,SYN-P-00037,SYN-E-000920,Synthetic Regional Medical Center,Internal Medicine,2025-09-20 19:41:00,84,101,70,99.0,17,92,2
SYN-V-003867,SYN-P-00037,SYN-E-000920,Synthetic Regional Medical Center,Internal Medicine,2025-09-21 00:07:00,81,115,79,98.7,14,99,3
SYN-V-003868,SYN-P-00037,SYN-E-000920,Synthetic Regional Medical Center,Internal Medicine,2025-09-21 06:56:00,81,118,94,97.7,15,92,6
SYN-V-003869,SYN-P-00037,SYN-E-000920,Synthetic Regional Medical Center,Internal Medicine,2025-09-21 07:28:00,105,110,89,99.6,12,94,6
SYN-V-003870,SYN-P-00037,SYN-E-000920,Synthetic Regional Medical Center,Internal Medicine,2025-09-21 19:19:00,74,104,87,99.5,17,95,3
SYN-V-003871,SYN-P-00061,SYN-E-000921,Synthetic Regional Medical Center,Emergency,2025-09-18 19:30:00,70,100,88,99.6,13,98,6
SYN-V-003872,SYN-P-00061,SYN-E-000921,Synthetic Regional Medical Center,Emergency,2025-09-18 21:32:00,87,160,94,99.4,22,92,7
SYN-V-003873,SYN-P-00061,SYN-E-000921,Synthetic Regional Medical Center,Emergency,2025-09-18 21:33:00,64,103,78,97.7,12,97,5
SYN-V-003874,SYN-P-00085,SYN-E-000922,Synthetic Community Hospital East,Cardiology,2025-09-19 14:04:00,76,129,94,99.8,14,92,4
SYN-V-003875,SYN-P-00085,SYN-E-000922,Synthetic Community Hospital East,Cardiology,2025-09-19 20:20:00,84,115,79,97.5,21,93,4
SYN-V-003876,SYN-P-00157,SYN-E-000923,Synthetic Community Hospital West,Pulmonology,2025-09-20 17:06:00,95,126,91,98.1,19,92,6
SYN-V-003877,SYN-P-00157,SYN-E-000923,Synthetic Community Hospital West,Pulmonology,2025-09-21 00:37:00,71,137,60,97.1,15,95,6
SYN-V-003878,SYN-P-00157,SYN-E-000923,Synthetic Community Hospital West,Pulmonology,2025-09-21 22:00:00,101,132,94,97.7,19,92,6
SYN-V-003879,SYN-P-00157,SYN-E-000923,Synthetic Community Hospital West,Pulmonology,2025-09-23 11:42:00,59,128,73,98.1,22,94,3
SYN-V-003880,SYN-P-00157,SYN-E-000923,Synthetic Community Hospital West,Pulmonology,2025-09-23 12:31:00,63,121,68,99.7,21,98,4
SYN-V-003881,SYN-P-00157,SYN-E-000923,Synthetic Community Hospital West,Pulmonology,2025-09-23 19:58:00,56,152,73,98.6,17,94,7
SYN-V-003882,SYN-P-00157,SYN-E-000923,Synthetic Community Hospital West,Pulmonology,2025-09-24 12:58:00,68,119,92,98.8,19,94,4
SYN-V-003883,SYN-P-00157,SYN-E-000923,Synthetic Community Hospital West,Pulmonology,2025-09-25 07:29:00,70,118,95,98.3,13,94,8
SYN-V-003884,SYN-P-00157,SYN-E-000923,Synthetic Community Hospital West,Pulmonology,2025-09-25 21:32:00,87,132,90,98.2,12,96,7
SYN-V-003885,SYN-P-00157,SYN-E-000923,Synthetic Community Hospital West,Pulmonology,2025-09-26 00:38:00,80,111,87,98.9,14,94,0
SYN-V-003886,SYN-P-00157,SYN-E-000923,Synthetic Community Hospital West,Pulmonology,2025-09-26 01:33:00,58,100,79,97.3,18,97,8
SYN-V-003887,SYN-P-00157,SYN-E-000923,Synthetic Community Hospital West,Pulmonology,2025-09-26 03:55:00,78,145,85,97.8,22,100,1
SYN-V-003888,SYN-P-00157,SYN-E-000923,Synthetic Community Hospital West,Pulmonology,2025-09-26 08:02:00,64,101,85,97.0,16,95,8
SYN-V-003889,SYN-P-00157,SYN-E-000923,Synthetic Community Hospital West,Pulmonology,2025-09-26 08:27:00,104,144,94,97.8,20,100,4
SYN-V-003890,SYN-P-00171,SYN-E-000925,Synthetic Community Hospital East,Internal Medicine,2025-09-22 13:44:00,57,142,67,98.8,18,97,2
SYN-V-003891,SYN-P-00171,SYN-E-000925,Synthetic Community Hospital East,Internal Medicine,2025-09-22 14:40:00,61,155,73,97.2,13,99,8
SYN-V-003892,SYN-P-00171,SYN-E-000925,Synthetic Community Hospital East,Internal Medicine,2025-09-22 15:23:00,60,123,85,99.0,17,92,0
SYN-V-003893,SYN-P-00171,SYN-E-000925,Synthetic Community Hospital East,Internal Medicine,2025-09-22 15:42:00,58,113,66,98.6,14,97,4
SYN-V-003894,SYN-P-00171,SYN-E-000925,Synthetic Community Hospital East,Internal Medicine,2025-09-22 16:08:00,58,100,79,98.1,19,95,8
SYN-V-003895,SYN-P-00036,SYN-E-000926,Synthetic Community Hospital East,Internal Medicine,2025-09-22 20:49:00,108,118,82,98.4,12,92,6
SYN-V-003896,SYN-P-00036,SYN-E-000926,Synthetic Community Hospital East,Internal Medicine,2025-09-22 21:20:00,101,133,70,99.7,22,93,0
SYN-V-003897,SYN-P-00036,SYN-E-000926,Synthetic Community Hospital East,Internal Medicine,2025-09-22 22:33:00,106,103,70,98.5,20,95,7
SYN-V-003898,SYN-P-00077,SYN-E-000927,Synthetic Community Hospital West,Emergency,2025-09-24 11:49:00,62,156,62,97.1,19,94,1
SYN-V-003899,SYN-P-00077,SYN-E-000927,Synthetic Community Hospital West,Emergency,2025-09-24 12:07:00,106,136,95,99.6,19,93,7
SYN-V-003900,SYN-P-00077,SYN-E-000927,Synthetic Community Hospital West,Emergency,2025-09-24 12:43:00,67,121,68,98.0,19,97,2
SYN-V-003901,SYN-P-00077,SYN-E-000927,Synthetic Community Hospital West,Emergency,2025-09-24 14:08:00,83,112,67,97.1,20,94,
SYN-V-003902,SYN-P-00077,SYN-E-000927,Synthetic Community Hospital West,Emergency,2025-09-24 15:09:00,76,155,67,99.6,12,97,4
SYN-V-003903,SYN-P-00109,SYN-E-000928,Synthetic Specialty Clinic,Orthopedics,2025-09-24 15:17:00,102,136,77,99.3,20,99,8
SYN-V-003904,SYN-P-00109,SYN-E-000928,Synthetic Specialty Clinic,Orthopedics,2025-09-24 16:55:00,69,112,86,98.1,20,100,2
SYN-V-003905,SYN-P-00028,SYN-E-000930,Synthetic Community Hospital West,Cardiology,2025-09-26 14:41:00,103,145,72,98.4,18,99,7
SYN-V-003906,SYN-P-00028,SYN-E-000930,Synthetic Community Hospital West,Cardiology,2025-09-26 21:40:00,83,116,61,97.6,22,96,2
SYN-V-003907,SYN-P-00028,SYN-E-000930,Synthetic Community Hospital West,Cardiology,2025-09-27 13:15:00,66,122,87,97.1,22,94,2
SYN-V-003908,SYN-P-00028,SYN-E-000930,Synthetic Community Hospital West,Cardiology,2025-09-27 20:10:00,79,112,64,97.1,15,100,
SYN-V-003909,SYN-P-00028,SYN-E-000930,Synthetic Community Hospital West,Cardiology,2025-09-28 01:23:00,110,129,76,97.4,22,92,6
SYN-V-003910,SYN-P-00028,SYN-E-000930,Synthetic Community Hospital West,Cardiology,2025-09-28 03:17:00,102,134,93,97.7,20,96,2
SYN-V-003911,SYN-P-00028,SYN-E-000930,Synthetic Community Hospital West,Cardiology,2025-09-28 04:15:00,83,160,60,97.7,16,100,6
SYN-V-003912,SYN-P-00028,SYN-E-000930,Synthetic Community Hospital West,Cardiology,2025-09-28 11:16:00,73,135,71,97.7,18,92,7
SYN-V-003913,SYN-P-00002,SYN-E-000931,Synthetic Community Hospital West,Emergency,2025-09-28 20:24:00,103,135,81,97.5,20,97,3
SYN-V-003914,SYN-P-00002,SYN-E-000931,Synthetic Community Hospital West,Emergency,2025-09-28 20:32:00,110,132,85,99.5,21,96,5
SYN-V-003915,SYN-P-00002,SYN-E-000931,Synthetic Community Hospital West,Emergency,2025-09-28 21:38:00,95,114,67,98.1,16,93,
SYN-V-003916,SYN-P-00002,SYN-E-000931,Synthetic Community Hospital West,Emergency,2025-09-28 21:42:00,89,143,61,99.4,17,98,4
SYN-V-003917,SYN-P-00002,SYN-E-000931,Synthetic Community Hospital West,Emergency,2025-09-28 23:01:00,57,148,91,98.4,14,93,5
SYN-V-003918,SYN-P-00002,SYN-E-000931,Synthetic Community Hospital West,Emergency,2025-09-28 23:21:00,86,141,61,99.6,21,99,8
SYN-V-003919,SYN-P-00180,SYN-E-000932,Synthetic Regional Medical Center,Orthopedics,2025-09-29 15:58:00,55,145,71,98.7,13,95,1
SYN-V-003920,SYN-P-00180,SYN-E-000932,Synthetic Regional Medical Center,Orthopedics,2025-09-29 16:05:00,63,130,66,97.9,21,99,2
SYN-V-003921,SYN-P-00180,SYN-E-000932,Synthetic Regional Medical Center,Orthopedics,2025-09-29 16:31:00,105,105,93,98.0,15,95,2
SYN-V-003922,SYN-P-00180,SYN-E-000932,Synthetic Regional Medical Center,Orthopedics,2025-09-29 17:31:00,104,122,71,98.9,22,99,8
SYN-V-003923,SYN-P-00144,SYN-E-000933,Synthetic Community Hospital West,Pulmonology,2025-09-30 03:10:00,73,110,64,98.9,12,96,3
SYN-V-003924,SYN-P-00144,SYN-E-000933,Synthetic Community Hospital West,Pulmonology,2025-09-30 19:31:00,68,143,69,98.7,21,99,2
SYN-V-003925,SYN-P-00144,SYN-E-000933,Synthetic Community Hospital West,Pulmonology,2025-09-30 20:07:00,74,151,71,98.8,21,92,7
SYN-V-003926,SYN-P-00144,SYN-E-000933,Synthetic Community Hospital West,Pulmonology,2025-10-01 00:08:00,84,108,66,98.4,15,96,6
SYN-V-003927,SYN-P-00174,SYN-E-000934,Synthetic Outpatient Center,Cardiology,2025-09-30 11:26:00,66,129,90,98.0,19,97,7
SYN-V-003928,SYN-P-00186,SYN-E-000935,Synthetic Regional Medical Center,Emergency,2025-10-01 08:18:00,67,115,70,97.2,22,99,3
SYN-V-003929,SYN-P-00186,SYN-E-000935,Synthetic Regional Medical Center,Emergency,2025-10-01 09:17:00,107,157,87,99.4,19,96,1
SYN-V-003930,SYN-P-00135,SYN-E-000936,Synthetic Specialty Clinic,Cardiology,2025-10-01 13:03:00,79,128,65,99.2,12,96,6
SYN-V-003931,SYN-P-00107,SYN-E-000938,Synthetic Regional Medical Center,Emergency,2025-10-02 14:20:00,98,120,63,99.6,16,99,1
SYN-V-003932,SYN-P-00107,SYN-E-000938,Synthetic Regional Medical Center,Emergency,2025-10-02 15:25:00,66,110,67,98.1,14,96,5
SYN-V-003933,SYN-P-00107,SYN-E-000938,Synthetic Regional Medical Center,Emergency,2025-10-02 15:42:00,92,150,60,97.2,15,99,8
SYN-V-003934,SYN-P-00136,SYN-E-000941,Synthetic Regional Medical Center,Emergency,2025-10-03 06:02:00,84,102,80,97.3,19,96,
SYN-V-003935,SYN-P-00108,SYN-E-000942,Synthetic Community Hospital East,Internal Medicine,2025-10-04 04:14:00,92,157,94,97.9,13,95,6
SYN-V-003936,SYN-P-00108,SYN-E-000942,Synthetic Community Hospital East,Internal Medicine,2025-10-04 09:11:00,73,102,68,99.3,12,97,6
SYN-V-003937,SYN-P-00108,SYN-E-000942,Synthetic Community Hospital East,Internal Medicine,2025-10-04 09:15:00,96,138,68,97.0,17,98,8
SYN-V-003938,SYN-P-00108,SYN-E-000942,Synthetic Community Hospital East,Internal Medicine,2025-10-04 15:16:00,84,160,87,99.1,15,99,5
SYN-V-003939,SYN-P-00108,SYN-E-000942,Synthetic Community Hospital East,Internal Medicine,2025-10-04 22:09:00,98,102,83,97.5,12,94,5
SYN-V-003940,SYN-P-00108,SYN-E-000942,Synthetic Community Hospital East,Internal Medicine,2025-10-04 23:28:00,57,112,81,97.1,17,95,4
SYN-V-003941,SYN-P-00041,SYN-E-000943,Synthetic Outpatient Center,Primary Care,2025-10-06 12:33:00,81,133,86,97.1,17,98,4
SYN-V-003942,SYN-P-00041,SYN-E-000943,Synthetic Outpatient Center,Primary Care,2025-10-06 14:41:00,104,130,82,99.7,16,99,4
SYN-V-003943,SYN-P-00072,SYN-E-000944,Synthetic Community Hospital West,Primary Care,2025-10-07 09:55:00,89,159,67,98.1,15,94,0
SYN-V-003944,SYN-P-00049,SYN-E-000945,Synthetic Specialty Clinic,Primary Care,2025-10-07 11:25:00,60,116,79,97.9,13,98,1
SYN-V-003945,SYN-P-00151,SYN-E-000946,Synthetic Specialty Clinic,Primary Care,2025-10-08 19:19:00,81,145,92,98.2,20,96,3
SYN-V-003946,SYN-P-00144,SYN-E-000947,Synthetic Community Hospital West,Orthopedics,2025-10-12 05:59:00,110,145,93,99.5,20,97,1
SYN-V-003947,SYN-P-00144,SYN-E-000947,Synthetic Community Hospital West,Orthopedics,2025-10-12 13:26:00,94,136,73,97.0,19,97,4
SYN-V-003948,SYN-P-00144,SYN-E-000947,Synthetic Community Hospital West,Orthopedics,2025-10-12 23:56:00,71,158,78,99.7,22,95,4
SYN-V-003949,SYN-P-00144,SYN-E-000947,Synthetic Community Hospital West,Orthopedics,2025-10-13 04:43:00,61,154,94,99.3,20,99,3
SYN-V-003950,SYN-P-00144,SYN-E-000947,Synthetic Community Hospital West,Orthopedics,2025-10-13 10:51:00,55,100,67,97.8,17,94,6
SYN-V-003951,SYN-P-00144,SYN-E-000947,Synthetic Community Hospital West,Orthopedics,2025-10-13 11:10:00,91,137,92,97.7,20,94,4
SYN-V-003952,SYN-P-00144,SYN-E-000947,Synthetic Community Hospital West,Orthopedics,2025-10-13 20:32:00,57,101,92,98.3,15,98,4
SYN-V-003953,SYN-P-00144,SYN-E-000947,Synthetic Community Hospital West,Orthopedics,2025-10-14 11:59:00,89,146,62,98.3,19,95,6
SYN-V-003954,SYN-P-00144,SYN-E-000947,Synthetic Community Hospital West,Orthopedics,2025-10-15 05:16:00,75,142,61,97.4,14,100,0
SYN-V-003955,SYN-P-00144,SYN-E-000947,Synthetic Community Hospital West,Orthopedics,2025-10-16 04:59:00,82,103,86,99.2,19,100,3
SYN-V-003956,SYN-P-00039,SYN-E-000948,Synthetic Outpatient Center,Pulmonology,2025-10-11 22:34:00,81,101,64,99.2,17,100,5
SYN-V-003957,SYN-P-00121,SYN-E-000949,Synthetic Community Hospital East,Pulmonology,2025-10-13 13:23:00,61,143,89,98.5,17,100,4
SYN-V-003958,SYN-P-00121,SYN-E-000949,Synthetic Community Hospital East,Pulmonology,2025-10-13 17:44:00,104,122,70,99.5,18,98,3
SYN-V-003959,SYN-P-00121,SYN-E-000949,Synthetic Community Hospital East,Pulmonology,2025-10-13 17:47:00,62,107,86,99.8,21,100,5
SYN-V-003960,SYN-P-00121,SYN-E-000949,Synthetic Community Hospital East,Pulmonology,2025-10-13 19:15:00,104,115,61,98.2,13,96,5
SYN-V-003961,SYN-P-00121,SYN-E-000949,Synthetic Community Hospital East,Pulmonology,2025-10-13 19:28:00,92,101,70,98.4,22,97,4
SYN-V-003962,SYN-P-00121,SYN-E-000949,Synthetic Community Hospital East,Pulmonology,2025-10-14 05:58:00,92,134,64,98.2,15,92,8
SYN-V-003963,SYN-P-00121,SYN-E-000949,Synthetic Community Hospital East,Pulmonology,2025-10-14 08:20:00,77,128,76,97.3,16,98,4
SYN-V-003964,SYN-P-00121,SYN-E-000949,Synthetic Community Hospital East,Pulmonology,2025-10-16 02:21:00,82,129,65,98.6,15,94,8
SYN-V-003965,SYN-P-00121,SYN-E-000949,Synthetic Community Hospital East,Pulmonology,2025-10-16 08:42:00,69,129,89,98.5,21,95,4
SYN-V-003966,SYN-P-00121,SYN-E-000949,Synthetic Community Hospital East,Pulmonology,2025-10-16 13:56:00,60,102,83,97.4,22,95,8
SYN-V-003967,SYN-P-00200,SYN-E-000950,Synthetic Specialty Clinic,Orthopedics,2025-10-18 09:45:00,109,100,84,99.3,16,98,4
SYN-V-003968,SYN-P-00200,SYN-E-000950,Synthetic Specialty Clinic,Orthopedics,2025-10-18 09:55:00,90,111,200,98.9,12,98,2
SYN-V-003969,SYN-P-00147,SYN-E-000951,Synthetic Regional Medical Center,Neurology,2025-10-18 18:47:00,64,135,84,99.2,14,92,8
SYN-V-003970,SYN-P-00147,SYN-E-000951,Synthetic Regional Medical Center,Neurology,2025-10-18 21:22:00,95,140,91,97.1,14,98,7
SYN-V-003971,SYN-P-00147,SYN-E-000951,Synthetic Regional Medical Center,Neurology,2025-10-19 00:10:00,91,143,60,98.6,12,98,1
SYN-V-003972,SYN-P-00147,SYN-E-000951,Synthetic Regional Medical Center,Neurology,2025-10-19 02:55:00,55,147,72,97.3,12,92,7
SYN-V-003973,SYN-P-00147,SYN-E-000951,Synthetic Regional Medical Center,Neurology,2025-10-19 09:33:00,56,152,70,98.1,18,96,6
SYN-V-003974,SYN-P-00147,SYN-E-000951,Synthetic Regional Medical Center,Neurology,2025-10-19 21:34:00,103,116,69,98.3,19,100,2
SYN-V-003975,SYN-P-00147,SYN-E-000951,Synthetic Regional Medical Center,Neurology,2025-10-19 22:43:00,88,110,77,97.5,13,94,2
SYN-V-003976,SYN-P-00147,SYN-E-000951,Synthetic Regional Medical Center,Neurology,2025-10-20 04:15:00,105,130,94,99.4,16,97,3
SYN-V-003977,SYN-P-00165,SYN-E-000952,Synthetic Regional Medical Center,Internal Medicine,2025-10-20 15:34:00,106,152,80,97.5,19,99,1
SYN-V-003978,SYN-P-00165,SYN-E-000952,Synthetic Regional Medical Center,Internal Medicine,2025-10-21 10:25:00,83,158,72,98.0,14,100,7
SYN-V-003979,SYN-P-00165,SYN-E-000952,Synthetic Regional Medical Center,Internal Medicine,2025-10-21 10:47:00,88,113,77,98.8,18,95,6
SYN-V-003980,SYN-P-00165,SYN-E-000952,Synthetic Regional Medical Center,Internal Medicine,2025-10-21 17:28:00,108,103,82,98.9,15,99,5
SYN-V-003981,SYN-P-00165,SYN-E-000952,Synthetic Regional Medical Center,Internal Medicine,2025-10-21 19:30:00,76,119,82,97.5,22,94,3
SYN-V-003982,SYN-P-00165,SYN-E-000952,Synthetic Regional Medical Center,Internal Medicine,2025-10-21 23:06:00,105,139,83,97.9,16,94,5
SYN-V-003983,SYN-P-00165,SYN-E-000952,Synthetic Regional Medical Center,Internal Medicine,2025-10-23 07:06:00,86,143,76,99.6,18,98,7
SYN-V-003984,SYN-P-00094,SYN-E-000953,Synthetic Regional Medical Center,Nephrology,2025-10-20 21:38:00,97,146,70,99.3,13,93,1
SYN-V-003985,SYN-P-00094,SYN-E-000953,Synthetic Regional Medical Center,Nephrology,2025-10-20 23:17:00,58,102,93,99.3,19,95,3
SYN-V-003986,SYN-P-00094,SYN-E-000953,Synthetic Regional Medical Center,Nephrology,2025-10-20 23:30:00,76,113,92,97.9,19,100,4
SYN-V-003987,SYN-P-00094,SYN-E-000953,Synthetic Regional Medical Center,Nephrology,2025-10-21 11:22:00,61,142,84,99.6,15,92,5
SYN-V-003988,SYN-P-00094,SYN-E-000953,Synthetic Regional Medical Center,Nephrology,2025-10-21 20:28:00,97,121,62,97.4,18,97,2
SYN-V-003989,SYN-P-00094,SYN-E-000953,Synthetic Regional Medical Center,Nephrology,2025-10-22 08:04:00,68,103,60,98.4,16,95,8
SYN-V-003990,SYN-P-00094,SYN-E-000953,Synthetic Regional Medical Center,Nephrology,2025-10-23 01:38:00,82,108,94,98.0,17,92,5
SYN-V-003991,SYN-P-00094,SYN-E-000953,Synthetic Regional Medical Center,Nephrology,2025-10-23 07:41:00,83,153,79,97.1,15,99,7
SYN-V-003992,SYN-P-00094,SYN-E-000953,Synthetic Regional Medical Center,Nephrology,2025-10-23 09:29:00,65,108,60,98.1,16,95,3
SYN-V-003993,SYN-P-00144,SYN-E-000955,Synthetic Community Hospital West,Pulmonology,2025-10-22 03:53:00,73,105,87,98.0,13,99,5
SYN-V-003994,SYN-P-00144,SYN-E-000955,Synthetic Community Hospital West,Pulmonology,2025-10-22 11:19:00,55,148,74,98.2,16,97,6
SYN-V-003995,SYN-P-00144,SYN-E-000955,Synthetic Community Hospital West,Pulmonology,2025-10-22 16:14:00,72,122,66,98.7,16,97,1
SYN-V-003996,SYN-P-00144,SYN-E-000955,Synthetic Community Hospital West,Pulmonology,2025-10-22 20:51:00,78,148,63,99.4,18,92,6
SYN-V-003997,SYN-P-00144,SYN-E-000955,Synthetic Community Hospital West,Pulmonology,2025-10-22 22:56:00,68,109,77,97.8,16,96,7
SYN-V-003998,SYN-P-00144,SYN-E-000955,Synthetic Community Hospital West,Pulmonology,2025-10-23 00:06:00,102,139,77,97.4,17,96,7
SYN-V-003999,SYN-P-00144,SYN-E-000955,Synthetic Community Hospital West,Pulmonology,2025-10-23 07:44:00,81,109,73,98.5,18,93,7
SYN-V-004000,SYN-P-00144,SYN-E-000955,Synthetic Community Hospital West,Pulmonology,2025-10-24 02:05:00,57,156,61,98.0,15,99,2
SYN-V-004001,SYN-P-00162,SYN-E-000956,Synthetic Community Hospital East,Nephrology,2025-10-22 05:47:00,89,128,90,97.6,20,99,7
SYN-V-004002,SYN-P-00162,SYN-E-000956,Synthetic Community Hospital East,Nephrology,2025-10-22 08:56:00,84,143,76,98.4,13,95,5
SYN-V-004003,SYN-P-00162,SYN-E-000956,Synthetic Community Hospital East,Nephrology,2025-10-22 09:59:00,63,110,86,99.7,20,100,7
SYN-V-004004,SYN-P-00162,SYN-E-000956,Synthetic Community Hospital East,Nephrology,2025-10-22 21:55:00,63,142,93,98.0,13,99,
SYN-V-004005,SYN-P-00162,SYN-E-000956,Synthetic Community Hospital East,Nephrology,2025-10-23 13:21:00,109,103,76,97.6,15,100,4
SYN-V-004006,SYN-P-00162,SYN-E-000956,Synthetic Community Hospital East,Nephrology,2025-10-24 05:26:00,76,126,78,98.5,16,96,5
SYN-V-004007,SYN-P-00162,SYN-E-000956,Synthetic Community Hospital East,Nephrology,2025-10-24 16:49:00,72,155,82,99.5,15,100,5
SYN-V-004008,SYN-P-00162,SYN-E-000956,Synthetic Community Hospital East,Nephrology,2025-10-24 21:04:00,70,122,92,97.0,20,92,4
SYN-V-004009,SYN-P-00162,SYN-E-000956,Synthetic Community Hospital East,Nephrology,2025-10-25 08:55:00,107,122,78,97.2,19,95,0
SYN-V-004010,SYN-P-00162,SYN-E-000956,Synthetic Community Hospital East,Nephrology,2025-10-25 10:01:00,72,113,90,99.4,18,98,5
SYN-V-004011,SYN-P-00162,SYN-E-000956,Synthetic Community Hospital East,Nephrology,2025-10-25 12:42:00,68,121,76,98.3,13,93,5
SYN-V-004012,SYN-P-00162,SYN-E-000956,Synthetic Community Hospital East,Nephrology,2025-10-26 08:22:00,63,152,87,99.7,18,94,1
SYN-V-004013,SYN-P-00162,SYN-E-000956,Synthetic Community Hospital East,Nephrology,2025-10-27 00:25:00,85,117,78,98.9,13,100,7
SYN-V-004014,SYN-P-00162,SYN-E-000956,Synthetic Community Hospital East,Nephrology,2025-10-27 16:25:00,88,160,83,97.3,19,94,8
SYN-V-004015,SYN-P-00162,SYN-E-000956,Synthetic Community Hospital East,Nephrology,2025-10-27 23:37:00,65,103,81,98.1,19,96,1
SYN-V-004016,SYN-P-00017,SYN-E-000957,Synthetic Specialty Clinic,Pulmonology,2025-10-23 06:04:00,79,134,63,97.3,12,99,2
SYN-V-004017,SYN-P-00017,SYN-E-000957,Synthetic Specialty Clinic,Pulmonology,2025-10-23 09:15:00,106,130,83,99.3,13,98,2
SYN-V-004018,SYN-P-00001,SYN-E-000958,Synthetic Community Hospital East,Emergency,2025-10-26 02:32:00,60,111,67,99.2,12,98,3
SYN-V-004019,SYN-P-00001,SYN-E-000958,Synthetic Community Hospital East,Emergency,2025-10-26 03:30:00,57,159,79,98.1,18,92,3
SYN-V-004020,SYN-P-00001,SYN-E-000958,Synthetic Community Hospital East,Emergency,2025-10-26 03:33:00,96,120,83,99.6,17,99,4
SYN-V-004021,SYN-P-00001,SYN-E-000958,Synthetic Community Hospital East,Emergency,2025-10-26 04:27:00,102,138,76,97.1,21,99,6
SYN-V-004022,SYN-P-00001,SYN-E-000958,Synthetic Community Hospital East,Emergency,2025-10-26 06:12:00,62,128,63,97.4,13,94,1
SYN-V-004023,SYN-P-00102,SYN-E-000959,Synthetic Outpatient Center,Primary Care,2025-10-26 08:15:00,73,140,63,97.3,12,98,5
SYN-V-004024,SYN-P-00146,SYN-E-000960,Synthetic Outpatient Center,Pulmonology,2025-10-27 01:42:00,91,150,64,98.8,12,93,3
SYN-V-004025,SYN-P-00146,SYN-E-000960,Synthetic Outpatient Center,Pulmonology,2025-10-27 01:46:00,105,136,89,97.8,13,93,4
SYN-V-004026,SYN-P-00146,SYN-E-000960,Synthetic Outpatient Center,Pulmonology,2025-10-27 02:10:00,62,100,85,99.7,12,99,
SYN-V-004027,SYN-P-00146,SYN-E-000960,Synthetic Outpatient Center,Pulmonology,2025-10-27 03:43:00,86,132,89,97.1,20,97,4
SYN-V-004028,SYN-P-00057,SYN-E-000961,Synthetic Regional Medical Center,Emergency,2025-10-28 07:34:00,70,127,71,97.3,21,96,6
SYN-V-004029,SYN-P-00103,SYN-E-000962,Synthetic Regional Medical Center,Emergency,2025-10-28 18:03:00,80,132,62,99.7,13,97,5
SYN-V-004030,SYN-P-00103,SYN-E-000962,Synthetic Regional Medical Center,Emergency,2025-10-28 18:14:00,84,109,93,97.5,14,92,1
SYN-V-004031,SYN-P-00103,SYN-E-000962,Synthetic Regional Medical Center,Emergency,2025-10-28 18:22:00,59,149,88,99.0,19,97,0
SYN-V-004032,SYN-P-00103,SYN-E-000962,Synthetic Regional Medical Center,Emergency,2025-10-28 19:10:00,95,136,81,99.3,12,98,0
SYN-V-004033,SYN-P-00103,SYN-E-000962,Synthetic Regional Medical Center,Emergency,2025-10-28 19:58:00,100,105,92,97.4,17,93,2
SYN-V-004034,SYN-P-00103,SYN-E-000962,Synthetic Regional Medical Center,Emergency,2025-10-28 20:36:00,87,142,71,97.5,15,95,4
SYN-V-004035,SYN-P-00054,SYN-E-000963,Synthetic Specialty Clinic,Orthopedics,2025-10-29 09:43:00,60,132,93,99.6,19,93,3
SYN-V-004036,SYN-P-00054,SYN-E-000963,Synthetic Specialty Clinic,Orthopedics,2025-10-29 11:35:00,67,116,73,97.3,22,98,1
SYN-V-004037,SYN-P-00054,SYN-E-000963,Synthetic Specialty Clinic,Orthopedics,2025-10-29 12:53:00,95,129,94,97.7,18,94,2
SYN-V-004038,SYN-P-00165,SYN-E-000964,Synthetic Regional Medical Center,Cardiology,2025-10-31 04:32:00,69,143,65,99.5,22,99,
SYN-V-004039,SYN-P-00165,SYN-E-000964,Synthetic Regional Medical Center,Cardiology,2025-10-31 05:17:00,55,119,95,97.7,12,98,6
SYN-V-004040,SYN-P-00165,SYN-E-000964,Synthetic Regional Medical Center,Cardiology,2025-11-01 03:26:00,78,126,60,98.9,12,95,7
SYN-V-004041,SYN-P-00165,SYN-E-000964,Synthetic Regional Medical Center,Cardiology,2025-11-01 16:08:00,99,131,87,98.1,15,96,3
SYN-V-004042,SYN-P-00165,SYN-E-000964,Synthetic Regional Medical Center,Cardiology,2025-11-01 17:33:00,92,100,69,98.0,16,100,8
SYN-V-004043,SYN-P-00165,SYN-E-000964,Synthetic Regional Medical Center,Cardiology,2025-11-01 20:25:00,78,101,65,99.1,15,95,2
SYN-V-004044,SYN-P-00165,SYN-E-000964,Synthetic Regional Medical Center,Cardiology,2025-11-02 12:00:00,60,129,84,97.6,16,100,8
SYN-V-004045,SYN-P-00101,SYN-E-000965,Synthetic Community Hospital West,Emergency,2025-10-29 22:54:00,91,115,74,99.3,14,97,0
SYN-V-004046,SYN-P-00101,SYN-E-000965,Synthetic Community Hospital West,Emergency,2025-10-30 00:18:00,79,104,91,98.6,16,100,5
SYN-V-004047,SYN-P-00060,SYN-E-000966,Synthetic Community Hospital East,Emergency,2025-11-01 16:08:00,69,145,90,99.1,20,98,8
SYN-V-004048,SYN-P-00060,SYN-E-000966,Synthetic Community Hospital East,Emergency,2025-11-01 16:47:00,107,134,72,98.3,21,100,8
SYN-V-004049,SYN-P-00060,SYN-E-000966,Synthetic Community Hospital East,Emergency,2025-11-01 17:09:00,104,128,91,98.3,18,92,1
SYN-V-004050,SYN-P-00060,SYN-E-000966,Synthetic Community Hospital East,Emergency,2025-11-01 17:36:00,79,151,81,99.4,14,94,8
SYN-V-004051,SYN-P-00060,SYN-E-000966,Synthetic Community Hospital East,Emergency,2025-11-01 17:49:00,93,154,90,98.6,13,93,7
SYN-V-004052,SYN-P-00040,SYN-E-000967,Synthetic Regional Medical Center,Emergency,2025-11-01 21:29:00,79,151,93,99.3,16,94,0
SYN-V-004053,SYN-P-00040,SYN-E-000967,Synthetic Regional Medical Center,Emergency,2025-11-01 21:52:00,62,126,91,97.3,18,92,6
SYN-V-004054,SYN-P-00040,SYN-E-000967,Synthetic Regional Medical Center,Emergency,2025-11-01 22:13:00,73,156,71,97.9,12,94,6
SYN-V-004055,SYN-P-00040,SYN-E-000967,Synthetic Regional Medical Center,Emergency,2025-11-01 23:17:00,81,154,86,97.6,19,97,8
SYN-V-004056,SYN-P-00040,SYN-E-000967,Synthetic Regional Medical Center,Emergency,2025-11-02 00:00:00,77,122,95,97.7,18,93,5
SYN-V-004057,SYN-P-00040,SYN-E-000967,Synthetic Regional Medical Center,Emergency,2025-11-02 00:01:00,71,100,62,99.4,12,95,1
SYN-V-004058,SYN-P-00040,SYN-E-000967,Synthetic Regional Medical Center,Emergency,2025-11-02 00:31:00,109,112,78,98.1,21,97,2
SYN-V-004059,SYN-P-00187,SYN-E-000968,Synthetic Community Hospital West,Internal Medicine,2025-11-02 15:27:00,93,105,77,99.2,15,96,5
SYN-V-004060,SYN-P-00187,SYN-E-000968,Synthetic Community Hospital West,Internal Medicine,2025-11-02 15:39:00,63,113,92,99.8,16,96,5
SYN-V-004061,SYN-P-00187,SYN-E-000968,Synthetic Community Hospital West,Internal Medicine,2025-11-02 16:05:00,109,120,95,99.4,20,98,2
SYN-V-004062,SYN-P-00187,SYN-E-000968,Synthetic Community Hospital West,Internal Medicine,2025-11-02 18:46:00,89,118,67,98.0,18,97,0
SYN-V-004063,SYN-P-00186,SYN-E-000969,Synthetic Regional Medical Center,Emergency,2025-11-03 17:35:00,57,133,69,97.9,13,98,
SYN-V-004064,SYN-P-00186,SYN-E-000969,Synthetic Regional Medical Center,Emergency,2025-11-03 20:07:00,68,142,65,98.9,18,92,2
SYN-V-004065,SYN-P-00186,SYN-E-000969,Synthetic Regional Medical Center,Emergency,2025-11-03 20:46:00,95,133,86,97.9,22,99,5
SYN-V-004066,SYN-P-00027,SYN-E-000970,Synthetic Community Hospital East,Endocrinology,2025-11-03 20:33:00,76,123,77,97.0,17,99,7
SYN-V-004067,SYN-P-00027,SYN-E-000970,Synthetic Community Hospital East,Endocrinology,2025-11-03 20:40:00,94,126,94,98.7,18,98,6
SYN-V-004068,SYN-P-00085,SYN-E-000971,Synthetic Community Hospital East,Primary Care,2025-11-06 20:06:00,110,130,85,97.1,18,98,5
SYN-V-004069,SYN-P-00055,SYN-E-000972,Synthetic Specialty Clinic,Pulmonology,2025-11-07 00:22:00,76,127,64,98.0,15,100,4
SYN-V-004070,SYN-P-00055,SYN-E-000972,Synthetic Specialty Clinic,Pulmonology,2025-11-07 00:36:00,87,140,73,98.2,18,100,4
SYN-V-004071,SYN-P-00154,SYN-E-000974,Synthetic Outpatient Center,Primary Care,2025-11-07 15:30:00,58,106,74,99.4,16,99,2
SYN-V-004072,SYN-P-00028,SYN-E-000975,Synthetic Community Hospital West,Internal Medicine,2025-11-08 08:51:00,64,156,75,97.8,19,92,4
SYN-V-004073,SYN-P-00028,SYN-E-000975,Synthetic Community Hospital West,Internal Medicine,2025-11-08 10:24:00,88,146,63,97.3,21,97,7
SYN-V-004074,SYN-P-00028,SYN-E-000975,Synthetic Community Hospital West,Internal Medicine,2025-11-08 16:31:00,72,135,94,97.3,14,100,1
SYN-V-004075,SYN-P-00028,SYN-E-000975,Synthetic Community Hospital West,Internal Medicine,2025-11-09 04:38:00,81,139,74,99.5,21,92,2
SYN-V-004076,SYN-P-00028,SYN-E-000975,Synthetic Community Hospital West,Internal Medicine,2025-11-09 17:55:00,85,121,86,97.3,21,98,3
SYN-V-004077,SYN-P-00028,SYN-E-000975,Synthetic Community Hospital West,Internal Medicine,2025-11-10 00:25:00,89,128,87,99.4,21,95,2
SYN-V-004078,SYN-P-00028,SYN-E-000975,Synthetic Community Hospital West,Internal Medicine,2025-11-11 00:20:00,64,138,73,97.9,13,93,8
SYN-V-004079,SYN-P-00028,SYN-E-000975,Synthetic Community Hospital West,Internal Medicine,2025-11-11 01:30:00,72,139,86,97.9,12,96,8
SYN-V-004080,SYN-P-00028,SYN-E-000975,Synthetic Community Hospital West,Internal Medicine,2025-11-11 02:57:00,79,150,65,98.5,22,99,8
SYN-V-004081,SYN-P-00028,SYN-E-000975,Synthetic Community Hospital West,Internal Medicine,2025-11-11 06:45:00,107,106,83,99.3,16,98,7
SYN-V-004082,SYN-P-00028,SYN-E-000975,Synthetic Community Hospital West,Internal Medicine,2025-11-11 18:50:00,100,103,60,97.5,21,100,7
SYN-V-004083,SYN-P-00028,SYN-E-000975,Synthetic Community Hospital West,Internal Medicine,2025-11-11 21:10:00,74,140,61,99.0,16,92,
SYN-V-004084,SYN-P-00122,SYN-E-000977,Synthetic Specialty Clinic,Primary Care,2025-11-13 01:48:00,56,124,86,97.3,19,98,2
SYN-V-004085,SYN-P-00032,SYN-E-000978,Synthetic Regional Medical Center,Emergency,2025-11-13 04:35:00,66,139,95,98.1,22,96,0
SYN-V-004086,SYN-P-00032,SYN-E-000978,Synthetic Regional Medical Center,Emergency,2025-11-13 04:39:00,101,126,87,97.9,12,97,2
SYN-V-004087,SYN-P-00032,SYN-E-000978,Synthetic Regional Medical Center,Emergency,2025-11-13 05:49:00,65,144,67,98.8,20,93,6
SYN-V-004088,SYN-P-00032,SYN-E-000978,Synthetic Regional Medical Center,Emergency,2025-11-13 07:43:00,61,160,84,98.1,12,98,5
SYN-V-004089,SYN-P-00014,SYN-E-000979,Synthetic Outpatient Center,Primary Care,2025-11-14 09:19:00,55,139,87,99.5,20,95,2
SYN-V-004090,SYN-P-00014,SYN-E-000979,Synthetic Outpatient Center,Primary Care,2025-11-14 09:57:00,79,143,95,97.5,17,98,5
SYN-V-004091,SYN-P-00090,SYN-E-000980,Synthetic Regional Medical Center,Pulmonology,2025-11-15 01:14:00,82,154,71,97.9,14,100,0
SYN-V-004092,SYN-P-00090,SYN-E-000980,Synthetic Regional Medical Center,Pulmonology,2025-11-15 07:19:00,57,151,73,97.1,16,96,3
SYN-V-004093,SYN-P-00090,SYN-E-000980,Synthetic Regional Medical Center,Pulmonology,2025-11-15 13:58:00,85,147,85,97.3,14,99,5
SYN-V-004094,SYN-P-00090,SYN-E-000980,Synthetic Regional Medical Center,Pulmonology,2025-11-15 15:06:00,64,112,90,98.9,14,99,3
SYN-V-004095,SYN-P-00090,SYN-E-000980,Synthetic Regional Medical Center,Pulmonology,2025-11-16 13:22:00,55,130,65,99.8,17,97,7
SYN-V-004096,SYN-P-00090,SYN-E-000980,Synthetic Regional Medical Center,Pulmonology,2025-11-17 03:06:00,81,112,76,99.7,13,93,0
SYN-V-004097,SYN-P-00191,SYN-E-000981,Synthetic Outpatient Center,Pulmonology,2025-11-15 03:52:00,83,115,93,98.1,21,97,2
SYN-V-004098,SYN-P-00087,SYN-E-000982,Synthetic Outpatient Center,Primary Care,2025-11-15 18:45:00,84,141,73,97.5,16,95,1
SYN-V-004099,SYN-P-00087,SYN-E-000982,Synthetic Outpatient Center,Primary Care,2025-11-15 19:39:00,106,110,84,97.3,12,96,6
SYN-V-004100,SYN-P-00060,SYN-E-000983,Synthetic Community Hospital East,Internal Medicine,2025-11-17 05:02:00,102,120,94,98.1,21,93,1
SYN-V-004101,SYN-P-00060,SYN-E-000983,Synthetic Community Hospital East,Internal Medicine,2025-11-17 19:37:00,63,106,88,97.8,22,94,2
SYN-V-004102,SYN-P-00060,SYN-E-000983,Synthetic Community Hospital East,Internal Medicine,2025-11-18 00:05:00,70,154,62,99.3,20,95,0
SYN-V-004103,SYN-P-00060,SYN-E-000983,Synthetic Community Hospital East,Internal Medicine,2025-11-18 04:56:00,74,104,84,98.2,22,98,4
SYN-V-004104,SYN-P-00060,SYN-E-000983,Synthetic Community Hospital East,Internal Medicine,2025-11-18 16:11:00,62,138,69,97.7,19,99,1
SYN-V-004105,SYN-P-00060,SYN-E-000983,Synthetic Community Hospital East,Internal Medicine,2025-11-18 19:06:00,95,149,62,98.3,18,92,2
SYN-V-004106,SYN-P-00060,SYN-E-000983,Synthetic Community Hospital East,Internal Medicine,2025-11-18 23:48:00,61,125,64,97.0,20,96,3
SYN-V-004107,SYN-P-00060,SYN-E-000983,Synthetic Community Hospital East,Internal Medicine,2025-11-19 21:20:00,56,103,64,98.0,14,99,3
SYN-V-004108,SYN-P-00060,SYN-E-000983,Synthetic Community Hospital East,Internal Medicine,2025-11-20 08:37:00,104,133,92,99.7,15,97,1
SYN-V-004109,SYN-P-00060,SYN-E-000983,Synthetic Community Hospital East,Internal Medicine,2025-11-20 19:36:00,100,117,89,99.5,21,98,8
SYN-V-004110,SYN-P-00060,SYN-E-000983,Synthetic Community Hospital East,Internal Medicine,2025-11-20 23:37:00,91,116,85,98.8,19,94,7
SYN-V-004111,SYN-P-00060,SYN-E-000983,Synthetic Community Hospital East,Internal Medicine,2025-11-21 01:36:00,71,158,63,99.0,12,94,0
SYN-V-004112,SYN-P-00060,SYN-E-000983,Synthetic Community Hospital East,Internal Medicine,2025-11-21 13:10:00,100,143,70,99.7,15,97,8
SYN-V-004113,SYN-P-00060,SYN-E-000983,Synthetic Community Hospital East,Internal Medicine,2025-11-21 15:57:00,75,114,79,99.1,21,98,5
SYN-V-004114,SYN-P-00060,SYN-E-000983,Synthetic Community Hospital East,Internal Medicine,2025-11-21 16:35:00,100,147,83,97.6,19,96,2
SYN-V-004115,SYN-P-00060,SYN-E-000983,Synthetic Community Hospital East,Internal Medicine,2025-11-22 16:52:00,71,139,87,99.6,15,97,3
SYN-V-004116,SYN-P-00060,SYN-E-000983,Synthetic Community Hospital East,Internal Medicine,2025-11-22 20:43:00,70,106,95,98.1,21,96,7
SYN-V-004117,SYN-P-00060,SYN-E-000983,Synthetic Community Hospital East,Internal Medicine,2025-11-23 15:14:00,107,159,69,98.5,19,99,1
SYN-V-004118,SYN-P-00060,SYN-E-000983,Synthetic Community Hospital East,Internal Medicine,2025-11-23 15:46:00,107,145,63,98.6,16,100,1
SYN-V-004119,SYN-P-00060,SYN-E-000983,Synthetic Community Hospital East,Internal Medicine,2025-11-24 00:05:00,85,131,92,97.5,22,98,8
SYN-V-004120,SYN-P-00060,SYN-E-000983,Synthetic Community Hospital East,Internal Medicine,2025-11-24 04:34:00,67,126,92,99.4,13,99,0
SYN-V-004121,SYN-P-00060,SYN-E-000983,Synthetic Community Hospital East,Internal Medicine,2025-11-24 11:49:00,101,127,64,99.0,14,99,6
SYN-V-004122,SYN-P-00060,SYN-E-000983,Synthetic Community Hospital East,Internal Medicine,2025-11-24 22:57:00,90,127,69,97.2,12,96,2
SYN-V-004123,SYN-P-00060,SYN-E-000983,Synthetic Community Hospital East,Internal Medicine,2025-11-25 09:41:00,89,119,92,98.9,15,93,0
SYN-V-004124,SYN-P-00019,SYN-E-000984,Synthetic Community Hospital West,Emergency,2025-11-19 02:31:00,63,147,62,98.4,15,93,6
SYN-V-004125,SYN-P-00019,SYN-E-000984,Synthetic Community Hospital West,Emergency,2025-11-19 02:41:00,60,129,66,97.9,13,93,8
SYN-V-004126,SYN-P-00019,SYN-E-000984,Synthetic Community Hospital West,Emergency,2025-11-19 02:52:00,104,153,69,98.3,12,100,3
SYN-V-004127,SYN-P-00019,SYN-E-000984,Synthetic Community Hospital West,Emergency,2025-11-19 02:56:00,56,101,66,97.2,14,95,8
SYN-V-004128,SYN-P-00019,SYN-E-000984,Synthetic Community Hospital West,Emergency,2025-11-19 03:38:00,68,109,66,97.8,16,98,1
SYN-V-004129,SYN-P-00019,SYN-E-000984,Synthetic Community Hospital West,Emergency,2025-11-19 03:52:00,64,101,70,98.2,21,100,3
SYN-V-004130,SYN-P-00019,SYN-E-000984,Synthetic Community Hospital West,Emergency,2025-11-19 04:16:00,96,137,72,98.0,14,96,3
SYN-V-004131,SYN-P-00019,SYN-E-000984,Synthetic Community Hospital West,Emergency,2025-11-19 04:39:00,95,121,85,97.9,22,95,5
SYN-V-004132,SYN-P-00019,SYN-E-000984,Synthetic Community Hospital West,Emergency,2025-11-19 05:26:00,66,102,78,98.6,13,100,2
SYN-V-004133,SYN-P-00019,SYN-E-000984,Synthetic Community Hospital West,Emergency,2025-11-19 05:28:00,102,153,68,99.1,17,99,4
SYN-V-004134,SYN-P-00009,SYN-E-000985,Synthetic Community Hospital West,Primary Care,2025-11-19 12:04:00,100,124,80,99.5,15,98,1
SYN-V-004135,SYN-P-00009,SYN-E-000985,Synthetic Community Hospital West,Primary Care,2025-11-19 13:37:00,75,140,85,98.9,12,98,5
SYN-V-004136,SYN-P-00009,SYN-E-000985,Synthetic Community Hospital West,Primary Care,2025-11-19 14:04:00,65,135,94,98.5,19,99,5
SYN-V-004137,SYN-P-00182,SYN-E-000986,Synthetic Community Hospital West,Emergency,2025-11-20 19:26:00,80,145,80,97.1,15,94,6
SYN-V-004138,SYN-P-00162,SYN-E-000987,Synthetic Community Hospital East,Cardiology,2025-11-21 15:33:00,80,151,67,97.1,22,93,5
SYN-V-004139,SYN-P-00162,SYN-E-000987,Synthetic Community Hospital East,Cardiology,2025-11-21 18:58:00,61,157,63,98.0,19,97,2
SYN-V-004140,SYN-P-00162,SYN-E-000987,Synthetic Community Hospital East,Cardiology,2025-11-22 01:08:00,110,101,83,97.5,12,100,6
SYN-V-004141,SYN-P-00162,SYN-E-000987,Synthetic Community Hospital East,Cardiology,2025-11-22 08:31:00,67,126,89,99.1,19,93,1
SYN-V-004142,SYN-P-00162,SYN-E-000987,Synthetic Community Hospital East,Cardiology,2025-11-23 03:17:00,71,108,74,99.0,15,94,5
SYN-V-004143,SYN-P-00162,SYN-E-000987,Synthetic Community Hospital East,Cardiology,2025-11-23 05:19:00,89,103,90,97.6,15,93,4
SYN-V-004144,SYN-P-00162,SYN-E-000987,Synthetic Community Hospital East,Cardiology,2025-11-23 10:22:00,81,105,62,99.0,15,97,0
SYN-V-004145,SYN-P-00135,SYN-E-000988,Synthetic Community Hospital West,Emergency,2025-11-22 12:13:00,74,105,72,98.0,14,95,1
SYN-V-004146,SYN-P-00194,SYN-E-000990,Synthetic Specialty Clinic,Primary Care,2025-11-25 18:25:00,67,114,72,97.9,13,94,0
SYN-V-004147,SYN-P-00194,SYN-E-000990,Synthetic Specialty Clinic,Primary Care,2025-11-25 18:49:00,73,141,81,98.7,22,100,2
SYN-V-004148,SYN-P-00128,SYN-E-000991,Synthetic Regional Medical Center,Emergency,2025-11-26 04:29:00,105,160,93,97.4,12,95,7
SYN-V-004149,SYN-P-00128,SYN-E-000991,Synthetic Regional Medical Center,Emergency,2025-11-26 05:17:00,66,126,63,98.8,22,97,7
SYN-V-004150,SYN-P-00128,SYN-E-000991,Synthetic Regional Medical Center,Emergency,2025-11-26 06:18:00,110,109,73,97.6,19,98,3
SYN-V-004151,SYN-P-00043,SYN-E-000992,Synthetic Specialty Clinic,Primary Care,2025-11-26 12:52:00,84,109,82,99.4,22,95,5
SYN-V-004152,SYN-P-00106,SYN-E-000993,Synthetic Regional Medical Center,Cardiology,2025-11-27 23:09:00,106,121,84,98.4,20,94,
SYN-V-004153,SYN-P-00106,SYN-E-000993,Synthetic Regional Medical Center,Cardiology,2025-11-27 23:32:00,56,148,91,97.7,12,98,6
SYN-V-004154,SYN-P-00106,SYN-E-000993,Synthetic Regional Medical Center,Cardiology,2025-11-28 04:38:00,102,131,91,97.1,22,92,8
SYN-V-004155,SYN-P-00106,SYN-E-000993,Synthetic Regional Medical Center,Cardiology,2025-11-28 07:54:00,97,104,94,98.5,15,94,5
SYN-V-004156,SYN-P-00106,SYN-E-000993,Synthetic Regional Medical Center,Cardiology,2025-11-28 08:14:00,58,111,62,97.6,20,97,5
SYN-V-004157,SYN-P-00106,SYN-E-000993,Synthetic Regional Medical Center,Cardiology,2025-11-28 10:22:00,85,107,82,97.5,12,97,1
SYN-V-004158,SYN-P-00106,SYN-E-000993,Synthetic Regional Medical Center,Cardiology,2025-11-28 12:50:00,103,143,68,98.9,16,92,0
SYN-V-004159,SYN-P-00106,SYN-E-000993,Synthetic Regional Medical Center,Cardiology,2025-11-28 14:00:00,70,121,95,98.2,15,96,1
SYN-V-004160,SYN-P-00106,SYN-E-000993,Synthetic Regional Medical Center,Cardiology,2025-11-28 14:10:00,60,152,63,99.2,19,93,8
SYN-V-004161,SYN-P-00089,SYN-E-000994,Synthetic Outpatient Center,Primary Care,2025-11-28 09:29:00,68,100,90,99.4,16,98,7
SYN-V-004162,SYN-P-00089,SYN-E-000994,Synthetic Outpatient Center,Primary Care,2025-11-28 10:07:00,103,129,76,97.8,19,96,5
SYN-V-004163,SYN-P-00089,SYN-E-000994,Synthetic Outpatient Center,Primary Care,2025-11-28 11:01:00,63,126,65,97.7,19,99,4
SYN-V-004164,SYN-P-00109,SYN-E-000995,Synthetic Specialty Clinic,Primary Care,2025-12-01 07:44:00,77,136,90,97.6,20,96,
SYN-V-004165,SYN-P-00109,SYN-E-000995,Synthetic Specialty Clinic,Primary Care,2025-12-01 07:45:00,93,117,72,97.0,16,94,8
SYN-V-004166,SYN-P-00131,SYN-E-000997,Synthetic Outpatient Center,Endocrinology,2025-12-02 08:19:00,106,154,83,97.5,17,96,2
SYN-V-004167,SYN-P-00131,SYN-E-000997,Synthetic Outpatient Center,Endocrinology,2025-12-02 08:34:00,66,128,74,99.2,18,92,0
SYN-V-004168,SYN-P-00131,SYN-E-000997,Synthetic Outpatient Center,Endocrinology,2025-12-02 08:54:00,64,132,69,99.2,15,92,5
SYN-V-004169,SYN-P-00192,SYN-E-000998,Synthetic Outpatient Center,Pulmonology,2025-12-03 03:19:00,104,136,78,98.5,14,93,0
SYN-V-004170,SYN-P-00192,SYN-E-000998,Synthetic Outpatient Center,Pulmonology,2025-12-03 03:19:00,90,147,76,99.8,21,100,2
SYN-V-004171,SYN-P-00192,SYN-E-000998,Synthetic Outpatient Center,Pulmonology,2025-12-03 04:58:00,106,116,85,97.0,12,94,0
SYN-V-004172,SYN-P-00017,SYN-E-001000,Synthetic Community Hospital East,Orthopedics,2025-12-04 08:25:00,72,124,62,98.7,22,93,
SYN-V-004173,SYN-P-00017,SYN-E-001000,Synthetic Community Hospital East,Orthopedics,2025-12-04 22:02:00,99,115,60,97.6,15,97,1
SYN-V-004174,SYN-P-00017,SYN-E-001000,Synthetic Community Hospital East,Orthopedics,2025-12-05 09:00:00,102,110,61,97.7,18,93,4
SYN-V-004175,SYN-P-00017,SYN-E-001000,Synthetic Community Hospital East,Orthopedics,2025-12-05 23:56:00,84,136,82,98.2,13,96,6
SYN-V-004176,SYN-P-00017,SYN-E-001000,Synthetic Community Hospital East,Orthopedics,2025-12-06 07:55:00,80,107,70,97.6,13,98,5
SYN-V-004177,SYN-P-00017,SYN-E-001000,Synthetic Community Hospital East,Orthopedics,2025-12-07 01:02:00,97,103,78,99.0,21,97,0
SYN-V-004178,SYN-P-00017,SYN-E-001000,Synthetic Community Hospital East,Orthopedics,2025-12-07 06:10:00,97,144,81,98.6,21,94,0
SYN-V-004179,SYN-P-00017,SYN-E-001000,Synthetic Community Hospital East,Orthopedics,2025-12-07 13:21:00,78,135,69,97.1,16,93,3
SYN-V-004180,SYN-P-00017,SYN-E-001000,Synthetic Community Hospital East,Orthopedics,2025-12-07 17:56:00,79,139,72,99.2,17,92,7
SYN-V-004181,SYN-P-00017,SYN-E-001000,Synthetic Community Hospital East,Orthopedics,2025-12-08 01:05:00,81,138,80,97.6,22,93,0
SYN-V-004182,SYN-P-00017,SYN-E-001000,Synthetic Community Hospital East,Orthopedics,2025-12-08 23:03:00,68,142,81,98.7,17,97,6
SYN-V-004183,SYN-P-00017,SYN-E-001000,Synthetic Community Hospital East,Orthopedics,2025-12-09 11:28:00,78,132,79,98.1,18,92,0
SYN-V-004184,SYN-P-00017,SYN-E-001000,Synthetic Community Hospital East,Orthopedics,2025-12-09 15:30:00,100,108,88,97.3,14,95,1
SYN-V-004185,SYN-P-00188,SYN-E-001001,Synthetic Outpatient Center,Orthopedics,2025-12-04 21:48:00,103,110,88,97.9,16,92,
SYN-V-004186,SYN-P-00165,SYN-E-001002,Synthetic Regional Medical Center,Nephrology,2025-12-05 08:45:00,95,100,74,98.8,13,94,0
SYN-V-004187,SYN-P-00165,SYN-E-001002,Synthetic Regional Medical Center,Nephrology,2025-12-05 12:47:00,84,106,82,97.9,21,92,7
SYN-V-004188,SYN-P-00165,SYN-E-001002,Synthetic Regional Medical Center,Nephrology,2025-12-05 13:50:00,98,147,61,98.6,14,97,1
SYN-V-004189,SYN-P-00165,SYN-E-001002,Synthetic Regional Medical Center,Nephrology,2025-12-05 14:43:00,56,128,74,98.9,20,97,3
SYN-V-004190,SYN-P-00165,SYN-E-001002,Synthetic Regional Medical Center,Nephrology,2025-12-05 15:47:00,89,157,72,99.1,15,94,5
SYN-V-004191,SYN-P-00165,SYN-E-001002,Synthetic Regional Medical Center,Nephrology,2025-12-05 20:39:00,96,122,68,98.6,13,97,1
SYN-V-004192,SYN-P-00165,SYN-E-001002,Synthetic Regional Medical Center,Nephrology,2025-12-05 22:45:00,91,139,90,98.9,20,99,6
SYN-V-004193,SYN-P-00165,SYN-E-001002,Synthetic Regional Medical Center,Nephrology,2025-12-06 03:06:00,84,157,94,99.6,12,92,0
SYN-V-004194,SYN-P-00165,SYN-E-001002,Synthetic Regional Medical Center,Nephrology,2025-12-06 05:48:00,96,119,90,97.3,13,93,4
SYN-V-004195,SYN-P-00165,SYN-E-001002,Synthetic Regional Medical Center,Nephrology,2025-12-06 07:12:00,108,101,62,97.6,21,98,5
SYN-V-004196,SYN-P-00165,SYN-E-001002,Synthetic Regional Medical Center,Nephrology,2025-12-06 09:04:00,60,102,78,98.2,20,100,1
SYN-V-004197,SYN-P-00165,SYN-E-001002,Synthetic Regional Medical Center,Nephrology,2025-12-06 21:50:00,93,159,71,97.7,17,95,4
SYN-V-004198,SYN-P-00165,SYN-E-001002,Synthetic Regional Medical Center,Nephrology,2025-12-06 22:03:00,103,103,61,98.2,12,100,6
SYN-V-004199,SYN-P-00165,SYN-E-001002,Synthetic Regional Medical Center,Nephrology,2025-12-06 22:33:00,68,130,82,97.4,19,100,5
SYN-V-004200,SYN-P-00165,SYN-E-001002,Synthetic Regional Medical Center,Nephrology,2025-12-07 02:52:00,101,110,78,97.6,14,100,8
SYN-V-004201,SYN-P-00165,SYN-E-001002,Synthetic Regional Medical Center,Nephrology,2025-12-07 10:29:00,87,101,61,99.7,22,96,3
SYN-V-004202,SYN-P-00165,SYN-E-001002,Synthetic Regional Medical Center,Nephrology,2025-12-08 06:39:00,59,130,60,98.2,20,98,2
SYN-V-004203,SYN-P-00165,SYN-E-001002,Synthetic Regional Medical Center,Nephrology,2025-12-09 00:51:00,58,108,72,99.5,19,92,6
SYN-V-004204,SYN-P-00165,SYN-E-001002,Synthetic Regional Medical Center,Nephrology,2025-12-09 09:03:00,59,156,80,98.1,14,99,7
SYN-V-004205,SYN-P-00163,SYN-E-001004,Synthetic Regional Medical Center,Cardiology,2025-12-09 05:19:00,83,110,83,99.2,14,100,2
SYN-V-004206,SYN-P-00163,SYN-E-001004,Synthetic Regional Medical Center,Cardiology,2025-12-09 06:47:00,55,109,71,98.8,18,95,4
SYN-V-004207,SYN-P-00163,SYN-E-001004,Synthetic Regional Medical Center,Cardiology,2025-12-09 07:02:00,65,135,69,99.5,21,98,3
SYN-V-004208,SYN-P-00163,SYN-E-001004,Synthetic Regional Medical Center,Cardiology,2025-12-09 07:13:00,93,128,69,98.8,21,94,5
SYN-V-004209,SYN-P-00163,SYN-E-001004,Synthetic Regional Medical Center,Cardiology,2025-12-09 08:19:00,59,123,80,98.9,22,100,8
SYN-V-004210,SYN-P-00093,SYN-E-001005,Synthetic Regional Medical Center,Nephrology,2025-12-12 17:46:00,87,120,60,97.7,12,92,5
SYN-V-004211,SYN-P-00093,SYN-E-001005,Synthetic Regional Medical Center,Nephrology,2025-12-13 05:16:00,109,160,89,99.2,17,99,7
SYN-V-004212,SYN-P-00093,SYN-E-001005,Synthetic Regional Medical Center,Nephrology,2025-12-13 17:42:00,66,115,94,99.0,16,97,1
SYN-V-004213,SYN-P-00093,SYN-E-001005,Synthetic Regional Medical Center,Nephrology,2025-12-14 01:50:00,55,119,90,98.5,13,97,5
SYN-V-004214,SYN-P-00093,SYN-E-001005,Synthetic Regional Medical Center,Nephrology,2025-12-14 10:12:00,82,118,69,99.7,15,93,8
SYN-V-004215,SYN-P-00093,SYN-E-001005,Synthetic Regional Medical Center,Nephrology,2025-12-14 12:57:00,98,148,67,99.3,12,99,0
SYN-V-004216,SYN-P-00093,SYN-E-001005,Synthetic Regional Medical Center,Nephrology,2025-12-14 18:19:00,88,101,90,98.5,12,99,6
SYN-V-004217,SYN-P-00093,SYN-E-001005,Synthetic Regional Medical Center,Nephrology,2025-12-15 02:48:00,78,119,82,98.7,16,92,7
SYN-V-004218,SYN-P-00093,SYN-E-001005,Synthetic Regional Medical Center,Nephrology,2025-12-15 04:59:00,104,102,71,98.1,14,92,8
SYN-V-004219,SYN-P-00093,SYN-E-001005,Synthetic Regional Medical Center,Nephrology,2025-12-15 08:12:00,87,110,84,99.6,12,99,8
SYN-V-004220,SYN-P-00093,SYN-E-001005,Synthetic Regional Medical Center,Nephrology,2025-12-15 09:01:00,66,125,81,98.2,21,98,4
SYN-V-004221,SYN-P-00093,SYN-E-001005,Synthetic Regional Medical Center,Nephrology,2025-12-15 14:54:00,100,148,74,97.3,15,95,4
SYN-V-004222,SYN-P-00093,SYN-E-001005,Synthetic Regional Medical Center,Nephrology,2025-12-15 19:45:00,75,102,77,99.4,18,96,2
SYN-V-004223,SYN-P-00093,SYN-E-001005,Synthetic Regional Medical Center,Nephrology,2025-12-16 01:32:00,92,108,82,99.6,14,98,
SYN-V-004224,SYN-P-00093,SYN-E-001005,Synthetic Regional Medical Center,Nephrology,2025-12-16 04:12:00,78,108,66,97.5,20,96,1
SYN-V-004225,SYN-P-00093,SYN-E-001005,Synthetic Regional Medical Center,Nephrology,2025-12-16 09:13:00,95,156,81,97.4,15,95,5
SYN-V-004226,SYN-P-00093,SYN-E-001005,Synthetic Regional Medical Center,Nephrology,2025-12-16 16:36:00,103,130,82,99.6,13,95,2
SYN-V-004227,SYN-P-00093,SYN-E-001005,Synthetic Regional Medical Center,Nephrology,2025-12-16 16:58:00,61,139,95,98.4,15,92,0
SYN-V-004228,SYN-P-00093,SYN-E-001005,Synthetic Regional Medical Center,Nephrology,2025-12-17 11:08:00,66,105,65,97.6,14,100,4
SYN-V-004229,SYN-P-00093,SYN-E-001005,Synthetic Regional Medical Center,Nephrology,2025-12-17 11:27:00,91,105,93,99.8,19,96,1
SYN-V-004230,SYN-P-00093,SYN-E-001005,Synthetic Regional Medical Center,Nephrology,2025-12-17 13:52:00,61,108,82,99.5,12,92,8
SYN-V-004231,SYN-P-00093,SYN-E-001005,Synthetic Regional Medical Center,Nephrology,2025-12-17 18:24:00,99,126,93,98.7,14,92,4
SYN-V-004232,SYN-P-00093,SYN-E-001005,Synthetic Regional Medical Center,Nephrology,2025-12-18 01:34:00,62,110,77,99.0,16,95,4
SYN-V-004233,SYN-P-00093,SYN-E-001005,Synthetic Regional Medical Center,Nephrology,2025-12-18 12:33:00,80,152,95,97.0,21,92,4
SYN-V-004234,SYN-P-00093,SYN-E-001005,Synthetic Regional Medical Center,Nephrology,2025-12-18 15:14:00,59,143,82,97.6,12,99,7
SYN-V-004235,SYN-P-00093,SYN-E-001005,Synthetic Regional Medical Center,Nephrology,2025-12-18 20:34:00,55,155,77,98.8,19,95,8
SYN-V-004236,SYN-P-00093,SYN-E-001005,Synthetic Regional Medical Center,Nephrology,2025-12-18 22:37:00,65,124,88,98.7,12,100,0
SYN-V-004237,SYN-P-00152,SYN-E-001006,Synthetic Community Hospital West,Cardiology,2025-12-13 22:57:00,74,117,68,98.8,19,98,6
SYN-V-004238,SYN-P-00152,SYN-E-001006,Synthetic Community Hospital West,Cardiology,2025-12-14 01:06:00,56,146,60,97.6,13,95,5
SYN-V-004239,SYN-P-00152,SYN-E-001006,Synthetic Community Hospital West,Cardiology,2025-12-14 02:54:00,78,141,74,98.5,19,92,8
SYN-V-004240,SYN-P-00152,SYN-E-001006,Synthetic Community Hospital West,Cardiology,2025-12-14 04:05:00,109,149,85,99.3,12,98,2
SYN-V-004241,SYN-P-00152,SYN-E-001006,Synthetic Community Hospital West,Cardiology,2025-12-14 06:56:00,77,100,90,98.0,13,99,2
SYN-V-004242,SYN-P-00152,SYN-E-001006,Synthetic Community Hospital West,Cardiology,2025-12-14 18:27:00,97,138,70,97.3,19,94,3
SYN-V-004243,SYN-P-00054,SYN-E-001007,Synthetic Regional Medical Center,Primary Care,2025-12-13 05:48:00,108,125,91,98.0,21,98,8
SYN-V-004244,SYN-P-00177,SYN-E-001008,Synthetic Regional Medical Center,Pulmonology,2025-12-15 07:23:00,104,159,65,97.9,17,94,8
SYN-V-004245,SYN-P-00177,SYN-E-001008,Synthetic Regional Medical Center,Pulmonology,2025-12-15 08:58:00,92,137,92,99.7,20,100,4
SYN-V-004246,SYN-P-00177,SYN-E-001008,Synthetic Regional Medical Center,Pulmonology,2025-12-15 13:32:00,87,146,90,98.6,19,98,8
SYN-V-004247,SYN-P-00177,SYN-E-001008,Synthetic Regional Medical Center,Pulmonology,2025-12-15 16:12:00,83,146,60,98.3,19,92,3
SYN-V-004248,SYN-P-00177,SYN-E-001008,Synthetic Regional Medical Center,Pulmonology,2025-12-16 06:34:00,66,139,93,99.0,13,99,2
SYN-V-004249,SYN-P-00177,SYN-E-001008,Synthetic Regional Medical Center,Pulmonology,2025-12-16 17:30:00,75,114,80,97.8,15,99,0
SYN-V-004250,SYN-P-00177,SYN-E-001008,Synthetic Regional Medical Center,Pulmonology,2025-12-16 23:56:00,84,146,89,99.4,12,92,4
SYN-V-004251,SYN-P-00177,SYN-E-001008,Synthetic Regional Medical Center,Pulmonology,2025-12-17 01:04:00,86,122,91,98.2,12,96,8
SYN-V-004252,SYN-P-00177,SYN-E-001008,Synthetic Regional Medical Center,Pulmonology,2025-12-17 10:11:00,110,147,91,99.3,21,97,5
SYN-V-004253,SYN-P-00177,SYN-E-001008,Synthetic Regional Medical Center,Pulmonology,2025-12-17 20:39:00,61,129,65,98.6,19,99,3
SYN-V-004254,SYN-P-00177,SYN-E-001008,Synthetic Regional Medical Center,Pulmonology,2025-12-17 21:32:00,56,108,65,97.1,21,92,0
SYN-V-004255,SYN-P-00177,SYN-E-001008,Synthetic Regional Medical Center,Pulmonology,2025-12-18 01:57:00,81,157,86,97.8,14,97,2
SYN-V-004256,SYN-P-00177,SYN-E-001008,Synthetic Regional Medical Center,Pulmonology,2025-12-18 11:10:00,72,151,72,98.9,13,94,
SYN-V-004257,SYN-P-00177,SYN-E-001008,Synthetic Regional Medical Center,Pulmonology,2025-12-18 16:32:00,82,150,79,97.6,18,96,4
SYN-V-004258,SYN-P-00177,SYN-E-001008,Synthetic Regional Medical Center,Pulmonology,2025-12-18 17:39:00,67,143,90,97.3,14,92,2
SYN-V-004259,SYN-P-00177,SYN-E-001008,Synthetic Regional Medical Center,Pulmonology,2025-12-18 18:56:00,67,101,81,97.4,20,99,7
SYN-V-004260,SYN-P-00177,SYN-E-001008,Synthetic Regional Medical Center,Pulmonology,2025-12-18 20:16:00,96,152,93,98.5,19,92,8
SYN-V-004261,SYN-P-00177,SYN-E-001008,Synthetic Regional Medical Center,Pulmonology,2025-12-18 21:01:00,63,111,60,97.1,17,97,6
SYN-V-004262,SYN-P-00177,SYN-E-001008,Synthetic Regional Medical Center,Pulmonology,2025-12-19 04:05:00,75,146,77,98.3,15,93,2
SYN-V-004263,SYN-P-00177,SYN-E-001008,Synthetic Regional Medical Center,Pulmonology,2025-12-19 04:40:00,64,115,80,99.5,15,97,1
SYN-V-004264,SYN-P-00177,SYN-E-001008,Synthetic Regional Medical Center,Pulmonology,2025-12-19 06:28:00,69,127,77,98.5,16,93,6
SYN-V-004265,SYN-P-00107,SYN-E-001010,Synthetic Outpatient Center,Primary Care,2025-12-18 23:20:00,110,156,69,98.7,21,98,7
SYN-V-004266,SYN-P-00190,SYN-E-001012,Synthetic Outpatient Center,Orthopedics,2025-12-19 10:34:00,82,156,79,97.2,22,92,8
SYN-V-004267,SYN-P-00056,SYN-E-001013,Synthetic Specialty Clinic,Pulmonology,2025-12-20 09:59:00,61,139,72,97.9,18,99,3
SYN-V-004268,SYN-P-00191,SYN-E-001014,Synthetic Specialty Clinic,Pulmonology,2025-12-21 10:40:00,110,100,75,97.5,22,93,7
SYN-V-004269,SYN-P-00191,SYN-E-001014,Synthetic Specialty Clinic,Pulmonology,2025-12-21 11:04:00,107,132,93,97.8,13,100,8
SYN-V-004270,SYN-P-00191,SYN-E-001014,Synthetic Specialty Clinic,Pulmonology,2025-12-21 12:02:00,82,150,84,97.4,12,93,5
SYN-V-004271,SYN-P-00191,SYN-E-001014,Synthetic Specialty Clinic,Pulmonology,2025-12-21 12:43:00,110,109,68,99.8,15,92,2
SYN-V-004272,SYN-P-00187,SYN-E-001016,Synthetic Regional Medical Center,Orthopedics,2025-12-23 22:06:00,73,153,94,98.7,22,99,0
SYN-V-004273,SYN-P-00187,SYN-E-001016,Synthetic Regional Medical Center,Orthopedics,2025-12-24 06:18:00,62,110,68,98.3,12,92,8
SYN-V-004274,SYN-P-00187,SYN-E-001016,Synthetic Regional Medical Center,Orthopedics,2025-12-25 01:33:00,66,144,71,97.1,22,94,0
SYN-V-004275,SYN-P-00187,SYN-E-001016,Synthetic Regional Medical Center,Orthopedics,2025-12-25 13:46:00,97,107,93,99.3,13,98,4
SYN-V-004276,SYN-P-00187,SYN-E-001016,Synthetic Regional Medical Center,Orthopedics,2025-12-25 14:14:00,64,120,78,97.0,19,99,7
SYN-V-004277,SYN-P-00187,SYN-E-001016,Synthetic Regional Medical Center,Orthopedics,2025-12-25 17:52:00,68,138,62,99.7,18,93,2
SYN-V-004278,SYN-P-00187,SYN-E-001016,Synthetic Regional Medical Center,Orthopedics,2025-12-25 23:15:00,97,154,76,98.0,22,97,5
SYN-V-004279,SYN-P-00187,SYN-E-001016,Synthetic Regional Medical Center,Orthopedics,2025-12-26 05:03:00,78,107,60,97.8,16,92,0
SYN-V-004280,SYN-P-00187,SYN-E-001016,Synthetic Regional Medical Center,Orthopedics,2025-12-26 12:33:00,97,126,64,99.2,18,92,5
SYN-V-004281,SYN-P-00187,SYN-E-001016,Synthetic Regional Medical Center,Orthopedics,2025-12-26 14:04:00,73,149,95,97.6,15,92,2
SYN-V-004282,SYN-P-00187,SYN-E-001016,Synthetic Regional Medical Center,Orthopedics,2025-12-26 23:43:00,69,136,65,97.3,13,98,1
SYN-V-004283,SYN-P-00187,SYN-E-001016,Synthetic Regional Medical Center,Orthopedics,2025-12-27 02:08:00,61,146,64,98.2,15,95,3
SYN-V-004284,SYN-P-00200,SYN-E-001017,Synthetic Community Hospital West,Emergency,2025-12-23 20:09:00,107,105,95,97.7,12,98,5
SYN-V-004285,SYN-P-00200,SYN-E-001017,Synthetic Community Hospital West,Emergency,2025-12-23 21:13:00,87,136,60,99.7,17,92,3
SYN-V-004286,SYN-P-00186,SYN-E-001019,Synthetic Specialty Clinic,Orthopedics,2025-12-25 03:54:00,92,122,67,98.2,14,100,8
SYN-V-004287,SYN-P-00186,SYN-E-001019,Synthetic Specialty Clinic,Orthopedics,2025-12-25 04:00:00,55,115,82,98.8,15,92,6
SYN-V-004288,SYN-P-00186,SYN-E-001019,Synthetic Specialty Clinic,Orthopedics,2025-12-25 05:33:00,109,135,77,99.0,16,98,5
SYN-V-004289,SYN-P-00059,SYN-E-001020,Synthetic Specialty Clinic,Pulmonology,2025-12-25 07:56:00,56,119,75,97.3,21,100,2
SYN-V-004290,SYN-P-00059,SYN-E-001020,Synthetic Specialty Clinic,Pulmonology,2025-12-25 08:13:00,76,105,64,97.9,14,100,4
SYN-V-004291,SYN-P-00059,SYN-E-001020,Synthetic Specialty Clinic,Pulmonology,2025-12-25 09:21:00,100,154,89,99.5,20,92,
SYN-V-004292,SYN-P-00059,SYN-E-001020,Synthetic Specialty Clinic,Pulmonology,2025-12-25 10:08:00,84,132,91,98.8,14,99,5
SYN-V-004293,SYN-P-00146,SYN-E-001023,Synthetic Outpatient Center,Primary Care,2025-12-26 20:34:00,87,119,74,98.4,19,95,7
SYN-V-004294,SYN-P-00146,SYN-E-001023,Synthetic Outpatient Center,Primary Care,2025-12-26 20:40:00,109,116,80,99.8,22,96,7
SYN-V-004295,SYN-P-00146,SYN-E-001023,Synthetic Outpatient Center,Primary Care,2025-12-26 22:33:00,97,101,76,98.7,18,99,6
SYN-V-004296,SYN-P-00054,SYN-E-001024,Synthetic Outpatient Center,Endocrinology,2025-12-28 20:01:00,64,111,73,99.1,15,93,6
SYN-V-004297,SYN-P-00087,SYN-E-001025,Synthetic Regional Medical Center,Emergency,2025-12-29 13:31:00,72,102,86,97.4,17,99,1
SYN-V-004298,SYN-P-00087,SYN-E-001025,Synthetic Regional Medical Center,Emergency,2025-12-29 14:39:00,91,107,91,99.5,14,95,1
SYN-V-004299,SYN-P-00087,SYN-E-001025,Synthetic Regional Medical Center,Emergency,2025-12-29 14:41:00,69,122,91,98.9,18,99,8
